company,contactRole,email,industry,city,state,country,originalWebsite,siteVerdict,source,status,personalisedColdEmail,mockupEmail,personalizedObservation,salesNote,tags,leadScore,Pain point 1,Pain point 2,Pain point 3,Essential point 1,Essential point 2,Essential point 3,Upsell point 1,Upsell point 2,painPointTags,estimatedValue,lowestEstimate,highestEstimate,dateAdded
Banker Wire,Director of Marketing,sales@bankerwire.com,Woven wire mesh manufacturing,Mukwonago,WI,USA,https://www.bankerwire.com,"Genuinely good photography and real spec data, but every mesh pattern is its own page. No way to filter by open area, wire diameter or alloy, and no way to put two patterns next to each other.",cold-outreach,researched,"Subject: Several hundred meshes, one list of pages

Hi [First Name],

I've been going through bankerwire.com the way a specifier would: architectural mesh for a lobby feature wall, needs a defensible open area, a wire diameter that survives value engineering, and a sample in someone's hand this week.

The photography is genuinely better than anyone else's in this category — the mesh looks like the material rather than like a render, and the spec data is actually there.

But there's a structural problem underneath it that isn't anyone's fault. You weave several hundred valid patterns across a handful of alloys and finishes, and a website can only ever show those as a list of pages. Someone picking mesh isn't reading, they're narrowing: open area first, then wire diameter, then whether it can be woven in the alloy the corrosion spec demands. You can't narrow a list of pages, so they scroll until they get bored and call whoever they used last time.

I built one screen to show what a proper mesh selector would look like sitting inside your existing site. Nothing redesigned, your brand untouched — just the tool. Two minutes to look at, and I'm not going to chase you about it.

Want me to send it over?

[Sender Name]
Bothmade","Subject: Here it is

Here it is.

Filters down the left — open area, wire diameter, alloy, weave — and the results narrow as you move them. You can put two meshes side by side at the same scale, which is the bit that can't happen today. Spec, physicals and the sample request all sit on the same card.

It's a static design rather than a working build, so nothing clicks. I'd rather show you the idea honestly than fake a demo.

Two questions I'd genuinely like your view on, whether or not this goes anywhere: is open area the first thing your specifiers actually narrow on, or is it alloy? And is there a filter in there you'd cut?

[Sender Name]","You make several hundred valid mesh patterns and the website can only show them as a list of pages — an architect choosing mesh is filtering by open area and wire diameter, not reading.","Lead with the filter, not the redesign. Their photography is genuinely excellent and saying so first is what earns the rest of the email.",architectural-metal;catalogue-depth;field-run-002,86,"Patterns are pages, not results: several hundred meshes shown as a browsable list, so the specifier scrolls instead of narrowing.",No side-by-side: choosing between two meshes means two browser tabs and a guess about scale.,"Spec sheet, physicals and sample request live on three different screens, so the one action you want costs three.","Filterable pattern selector: open area, wire diameter, alloy, weave — results update live instead of loading a new page. | $9,500","Compare tray: two or three meshes side by side at the same scale, which is the moment the decision actually gets made. | $4,200","One card per mesh: spec, physicals, CAD and the sample request in the same place, so nothing sends them back to the menu. | $3,400","Sample request that knows what they were looking at: the pattern, alloy and finish arrive with the request, not in a free-text box. | $2,600","Project-based sample kits for the specifiers who order five meshes a quarter — repeat orders without a phone call. | $3,800",no-website;poor-seo;manual-processes,24000,"$16,000","$34,000",06082026
Ohio Gratings,Director of Business Development,sales@ohiogratings.com,Metal bar grating manufacturing,Sandusky,OH,USA,https://www.ohiogratings.com,Load tables are PDFs. The engineer arrives knowing a span and a load and has to download three documents to find out which grating carries it.,cold-outreach,researched,"Subject: Your load tables are a PDF

Hi [First Name],

I went through ohiogratings.com the way a structural engineer would on a Tuesday afternoon: a mezzanine walkway, a known span, a known live load, and a need to know which grating carries it before the drawing goes out.

The product range is clearly deep and the fabrication capability is obvious from the site. That part comes across.

But there's a structural problem underneath it that isn't anyone's fault. Every engineer arrives with exactly the same question — what carries this span at this load — and the answer lives in a PDF load table they have to download, open and read across a grid. Bearing bar spacing, depth, material and surface are four separate decisions, and the site has no way to hold three of them still while they vary the fourth. So the fastest path to an answer is emailing your inside sales team, and they email your inside sales team about the same thing four hundred times a year.

I built one screen to show what that question looks like when the site answers it: span and load in, the gratings that carry it out. Inside your existing site, nothing redesigned. Two minutes to look at, and I won't chase you about it.

Want me to send it over?

[Sender Name]
Bothmade","Subject: Here it is

Here it is.

Span and load at the top, the gratings that carry it underneath, sorted by weight. Change the span and the list re-sorts. Each result shows deflection at that load and links straight to a quantity request that already knows what you picked — which is the bit that can't happen today.

It's a static design rather than a working build, so nothing clicks. I'd rather show the idea honestly than fake a demo.

Two questions I'd genuinely like your answer to, whether or not this goes anywhere: is deflection the number your engineers check second, or is it weight? And how often does an engineer arrive knowing the load but not the span?

[Sender Name]","An engineer arrives at your site knowing a span and a load, and has to open three PDF load tables to find out which grating carries it — that is a calculator, not a download.",Their engineers are the buyers here. Sell the calculator — the design is downstream of it.,industrial-manufacturing;spec-data;field-run-002,84,Load tables are PDFs: the one question every visitor arrives with is answered by a document they have to download and read sideways.,"Bearing bar spacing, depth, material and surface are four independent choices with no way to hold three still and vary the fourth.","No way to get from ""this one carries the load"" to a quantity request without leaving the page.","Load calculator: span in, load in, the gratings that carry it out — the PDF becomes an answer instead of homework. | $8,800","Product selector on bar spacing, depth, material and surface, filtering live rather than paging. | $6,400","Quote request that carries the configuration with it, so nobody retypes a spec into an email. | $3,200","Downloadable submittal package generated from the selection — the thing the contractor asks for two weeks later. | $4,400","Saved projects so a repeat engineer picks up where they left off. | $2,900",outdated-design;manual-processes;poor-seo,21000,"$14,000","$31,000",06082026
Ludowici Roof Tile,Director of Marketing,info@ludowici.com,Architectural clay roof tile,New Lexington,OH,USA,https://www.ludowici.com,"Beautiful project photography. Profiles and glazes are indexed separately, so the one thing an architect wants — this profile in that glaze — is the one thing the site cannot show.",cold-outreach,researched,"Subject: Profile in glaze — the one view you don't have

Hi [First Name],

I've been going through ludowici.com the way an architect on a restoration would: a clay tile profile that matches a 1920s roof, in a glaze that matches what's left of the original, with enough documentation to survive a review board.

The project photography is exceptional and the archive behind it is a genuine competitive moat. Nobody else in the category has a hundred years of proof.

But there's a structural problem underneath it that isn't anyone's fault. Profiles live in one index and glazes live in another, so the single question every architect actually has — what does this profile look like in that glaze — is the one thing the website cannot show them. They shortlist from memory, order samples of the wrong combination, and lose three weeks. Multiply that by sixty glazes and it stops being a website problem and starts being a specification problem.

I built one screen to show what that view looks like: choose the profile, change the glaze, see it. Sitting inside your existing site, your brand untouched — just the tool. Two minutes, and I won't chase you about it.

Want me to send it over?

[Sender Name]
Bothmade","Subject: Here it is

Here it is.

Profile on the left, glazes along the bottom. Pick a profile, move through the glazes and the roof updates — that's the view you can't give anyone today. Filters narrow the glazes by colour family and sheen, and the sample request carries both choices with it so nobody types ""the red one"" into a form.

It's a static design rather than a working build, so nothing clicks. I'd rather show you the idea honestly than fake a demo.

Two questions, whether or not this goes anywhere: do architects come to you with the profile fixed and the glaze open, or the other way round? And would you want the historical archive filtering the same way?

[Sender Name]","Your profiles and your glazes are indexed separately, so the single question every architect has — what does this profile look like in that glaze — is the one thing the site cannot answer.","Heritage is their moat — do not pitch modernisation. Pitch showing the combination, which their competitors cannot do either.",building-products;visual-selection;field-run-002,88,"Profiles and glazes are two separate lists: the combination is what gets specified, and the combination is what the site never shows.","Sixty-plus glazes shown as chips on a page, with no way to narrow by colour family, sheen or era.",A hundred-year-old archive of restoration work sits in project photos rather than being searchable by tile.,"Profile × glaze viewer: pick a profile, change the glaze, see it — the decision made on a screen instead of on a sample board six weeks later. | $9,800","Glaze filtering by colour family, sheen and historical period, so the shortlist happens in a minute. | $4,600","Sample and spec request from the combination itself, carrying both choices with it. | $3,200","Searchable restoration archive: which tile is on which landmark, which is the story only you can tell. | $5,500","Architect account with saved palettes for firms that specify you repeatedly. | $3,400",outdated-design;manual-processes,27000,"$18,000","$38,000",06082026
Endicott Clay Products,Director of Sales,endicott@endicott.com,Face brick and thin brick manufacturing,Fairbury,NE,USA,https://endicott.com,"Colour range is the product and the site shows it as a grid of swatches with no filtering by texture, size or blend — brick selection is visual narrowing and the site offers none.",cold-outreach,researched,"Subject: A 2-inch swatch and a building

Hi [First Name],

I went through endicott.com the way an architect picking face brick does: a mid-rise elevation, a colour that has to work against grey glass, and a client who will approve it from a screen before anyone orders a sample.

The range itself is the strength — the depth of colour and texture you carry is obvious, and the project photography backs it up.

But there's a structural problem underneath it that isn't anyone's fault. Brick selection is visual narrowing: tone first, then texture, then size, then blend. Your colours are laid out as one long grid with nothing to narrow them by, so the architect scrolls past ninety options to find the six they'd consider. And every one of those decisions gets made from a 2-inch swatch, when what they're actually specifying is a wall — different scale, different mortar, different answer.

I built one screen to show what that looks like when the site does the narrowing and then shows the brick at wall scale, in the bond they're drawing. Inside your existing site, nothing redesigned. Two minutes, and I won't chase you about it.

Want me to send it over?

[Sender Name]
Bothmade","Subject: Here it is

Here it is.

Filters down the left — tone, texture, size, blend — and the grid narrows as you use them. Click a brick and it lays up at wall scale in the bond you choose, with the mortar colour switchable, which is the bit that can't happen today. Sample request and nearest distributor sit on the same card.

It's a static design rather than a working build, so nothing clicks. I'd rather show the idea honestly than fake a demo.

Two questions I'd like your view on either way: is mortar colour something your architects want to play with here, or does that happen later with the mason? And would you cut the blend filter?

[Sender Name]","Brick selection is visual narrowing — colour, then texture, then size — and your colour range is shown as one long grid of swatches with nothing to narrow it by.",The wall-scale view is the wedge. Every masonry manufacturer shows swatches; nobody shows the wall.,masonry;visual-selection;field-run-002,83,"One long grid of colours with no filter by texture, size or blend, so the specifier scrolls past ninety options to find six.",No way to see a colour laid up in a bond pattern at wall scale — a 2-inch swatch and a building are not the same decision.,Sample requests and distributor lookups sit in different corners of the site from the colour that prompted them.,"Colour selector filtering by tone, texture, size and blend, updating live. | $7,600","Wall-scale preview: the selected brick laid up in the bond the architect is actually drawing. | $6,800","Sample request tied to the selection, plus the nearest distributor shown with it. | $3,600","Blend builder: three colours, one ratio, one image the architect can put in a presentation. | $5,200","Project gallery filtered by the brick used rather than by building type. | $3,100",outdated-design;not-mobile-friendly;manual-processes,23000,"$15,000","$33,000",06082026
Móz Designs,VP of Sales,info@mozdesigns.com,Architectural metal panels and surfaces,Oakland,CA,USA,https://www.mozdesigns.com,"Strong visual brand. Patterns, colours and finishes multiply into thousands of valid combinations that the site presents as curated collections — beautiful, but not selectable.",cold-outreach,researched,"Subject: Thousands of combinations, twelve collections

Hi [First Name],

I've been through mozdesigns.com the way an interior designer would with a hospitality lobby to clad: a metal that reads warm, in a pattern that survives being seen from six feet, in a finish that a facilities team can wipe down.

The visual identity is doing real work — the site looks like the material, which most metal manufacturers never manage.

But there's a structural problem underneath it that isn't anyone's fault. Patterns times colours times finishes is several thousand valid combinations, and a website can only ever present those as curated collections. So a designer sees twelve beautiful stories and never sees the range. The combination they actually want gets described in an email, rendered by your team, and comes back two days later — by which point the mood board has moved on.

I built one screen to show what a proper combination selector would look like sitting inside your existing site. Nothing redesigned, your brand untouched — just the tool. Two minutes to look at, and I'm not going to chase you about it.

Want me to send it over?

[Sender Name]
Bothmade","Subject: Here it is

Here it is.

Pattern, colour and finish across the top, the panel updating underneath as you change any of them. Combinations you can't actually produce grey out rather than being offered, which is the bit that can't happen today. Spec sheet and sample request come off whatever's on screen.

It's a static design rather than a working build, so nothing clicks. I'd rather show you the idea honestly than fake a demo.

Two questions I'd genuinely like your view on, whether or not this goes anywhere: does a designer start from pattern or from colour? And would you want the collections kept as a starting point on top of this, or does the selector replace them?

[Sender Name]","Patterns times colours times finishes is several thousand valid combinations, and the site presents them as curated collections — which is beautiful to browse and impossible to select from.",Design-led buyer. The configurator has to look like their brand or it dies on arrival — say that in the first call.,architectural-metal;configurator;field-run-002,87,"Thousands of valid combinations presented as a dozen curated collections, so the designer sees the styling and not the range.","No configurator: the combination a designer wants is described in an email and rendered by your team, days later.","Finish, substrate and application constraints live in the sales conversation rather than on the page.","Combination configurator: pattern, colour and finish chosen on screen, rendered instantly at panel scale. | $11,500","Constraint logic so impossible combinations never get specified in the first place. | $5,400","Spec sheet and sample request generated from whatever they configured. | $3,800","Shareable configuration links for the designer presenting to their client. | $3,600","Designer accounts with saved combinations across projects. | $3,200",manual-processes;disconnected-tools,30000,"$20,000","$42,000",06082026
Rimex Metals USA,National Sales Manager,sales@rimexmetals.com,Patterned and coloured stainless steel,Woodbridge,NJ,USA,https://www.rimexmetals.com,Patterns and colours are catalogued as separate PDFs. An architect wanting a specific pattern in a specific colour has to imagine it or ask.,cold-outreach,researched,"Subject: Two PDFs that never meet

Hi [First Name],

I went through rimexmetals.com the way an architect specifying an elevator interior would: a textured stainless that hides fingerprints, in a colour that matches a lobby palette, at a sheet size that fits the cab without a seam down the middle.

The material itself is doing something most stainless can't, and the project work shows it.

But there's a structural problem underneath it that isn't anyone's fault. The patterns are in one catalogue and the colours are in another, and a PDF can't show you the intersection. So the combination that actually gets specified — this texture, that colour, at that sheet size — exists nowhere on the site. The architect either imagines it and gets it wrong, or emails your team and waits. And the sheet-size limit that makes the whole thing buildable or not only comes up on the phone, after the drawing is done.

I built one screen to show what those two catalogues look like as one selector, with the constraints attached. Inside your existing site, nothing redesigned. Two minutes, and I won't chase you about it.

Want me to send it over?

[Sender Name]
Bothmade","Subject: Here it is

Here it is.

Pattern down the left, colour along the top, the sheet shown at scale in the middle. Pick an application — elevator, facade, column cover — and the sheet size and thickness limits come with it, so what's on screen is something you can actually produce. That's the bit that can't happen today.

It's a static design rather than a working build, so nothing clicks. I'd rather show the idea honestly than fake a demo.

Two questions I'd like your answer to either way: is application the right first filter, or do architects arrive with the pattern already chosen? And is there a constraint I've left off that kills more jobs than sheet size?

[Sender Name]","Your patterns and your colours are two separate PDFs, so an architect wanting a specific pattern in a specific colour has to imagine the combination or email someone for it.","Direct Rigidized competitor — same structural problem, and worth saying we understand this category rather than websites generally.",architectural-metal;catalogue-depth;field-run-002,85,"Pattern catalogue and colour catalogue are separate PDF downloads, so the combination never appears anywhere.","No filtering by application — elevator interiors, facades and column covers all take different sheet limits and nothing says so.",Sheet size and thickness constraints only surface once someone is on the phone with your team.,"Pattern × colour viewer with the sheet shown at scale, not as two catalogue thumbnails. | $9,200","Application filter carrying the sheet-size and thickness limits with it, so specs come in buildable. | $5,600","Sample and spec request generated from the combination on screen. | $3,400","Elevator interior configurator — your highest-repeat application, made self-serve. | $6,200","Fabricator-facing page with tolerances and handling, so the sheet arrives on site undamaged. | $2,800",outdated-design;manual-processes;poor-seo,25000,"$17,000","$36,000",06082026
Julius Blum & Co.,Director of Sales,sales@juliusblum.com,Architectural metal components,Carlstadt,NJ,USA,https://www.juliusblum.com,"The catalogue is legendary and it is a PDF. Thousands of components, indexed by page number, searchable only by someone who already knows what they are looking for.",cold-outreach,researched,"Subject: The catalogue everyone knows by page number

Hi [First Name],

I went through juliusblum.com the way a fabricator would with a handrail detail to resolve: a specific profile, in bronze, at a dimension that matches an existing installation from the 1970s.

The catalogue is genuinely an asset. Half this trade learned handrail components out of your book, and that is not something a competitor can build.

But there's a structural problem underneath it that isn't anyone's fault. Thousands of components, indexed by page number, in a PDF — which works perfectly for the people who already know it by heart, and not at all for anyone else. The fabricators who grew up with the printed catalogue are retiring. The ones replacing them search: by dimension, by profile, by material. Nothing on the site answers a search like that, so they either call your inside sales team or they specify whatever their supplier stocks.

I built one screen to show what the catalogue looks like when it's searchable — same components, same numbering, findable by dimension. Inside your existing site, nothing redesigned. Two minutes, and I won't chase you about it.

Want me to send it over?

[Sender Name]
Bothmade","Subject: Here it is

Here it is.

Search at the top, filters down the left — profile, material, dimension, application — and the components narrow as you go. Every result keeps its catalogue number, and the old page numbers still find the right part, so nobody who knows the book has to relearn it. Each component gets its own page with the drawing on it, which is also the bit that makes them findable on Google for the first time.

It's a static design rather than a working build, so nothing clicks. I'd rather show you the idea honestly than fake a demo.

Two questions, whether or not this goes anywhere: is dimension the search your inside sales team fields most, or is it material? And would you want the printed catalogue kept as a download alongside this?

[Sender Name]","Your catalogue is legendary in the trade and it is a PDF — thousands of components indexed by page number, which only works for the people who already know it by heart.","The retirement argument lands with this buyer. Their catalogue is an asset — the pitch is making it searchable, not replacing it.",industrial-manufacturing;catalogue-depth;field-run-002,89,Thousands of components live in a PDF catalogue indexed by page number — findable only by someone who already knows it.,"No search by dimension, material or profile, so the fabricator who does not have the book calls instead.","A whole generation of fabricators who grew up with the printed catalogue is retiring, and the ones replacing them search.","Searchable component catalogue: dimension, material, profile and application, results live. | $12,000","Every component as its own page with drawings, dimensions and finishes — findable by search engines for the first time. | $7,400","Quote request carrying part numbers and quantities out of the search results. | $3,600","CAD and BIM downloads per component, which is how specifiers lock you into a drawing. | $5,800","Cross-reference from the printed catalogue page numbers, so the people who know the book still land in the right place. | $2,900",outdated-design;poor-seo;manual-processes,32000,"$22,000","$46,000",06082026
Krieger Specialty Products,Director of Business Development,sales@kriegerproducts.com,"Acoustic, blast and RF-shielded doors",Los Angeles,CA,USA,https://www.kriegerproducts.com,The whole product is a performance matrix — STC rating against size against material against hardware — and the site presents it as a set of product families with the ratings buried in PDFs.,cold-outreach,researched,"Subject: They arrive knowing the STC

Hi [First Name],

I went through kriegerproducts.com the way a spec writer would on a studio project: STC 55 minimum, a 4-foot leaf, and a test report that will survive an acoustician reading it properly.

The engineering credibility is obvious — the range of ratings you actually hold test data for is not something most door manufacturers can claim.

But there's a structural problem underneath it that isn't anyone's fault. Every specifier arrives already knowing the number they need — an STC, a blast pressure, a shielding level — and your site is organised by product family, so they have to work backwards from your naming to find out which door meets their number. The test reports that would settle it are the hardest documents on the site to reach. When a door has to satisfy two ratings at once, the only path left is a phone call to your team, and that call happens hundreds of times a year about information you already have written down.

I built one screen to show what it looks like when the site starts from their number instead of your product families. Inside your existing site, nothing redesigned. Two minutes, and I won't chase you about it.

Want me to send it over?

[Sender Name]
Bothmade","Subject: Here it is

Here it is.

The number goes in at the top — STC, blast pressure, shielding — and the doors that meet it come back underneath, each with its test report attached rather than filed somewhere else. Ask for two ratings at once and the list narrows to the doors that hold both, which is the bit that can't happen today.

It's a static design rather than a working build, so nothing clicks. I'd rather show the idea honestly than fake a demo.

Two questions I'd genuinely like your view on either way: how often does a specifier need two ratings on one opening? And is leaf size a filter or something that gets resolved later with your team?

[Sender Name]",Your entire product is a performance matrix — STC rating against size against blast pressure — and the site presents it as product families with the ratings buried in PDFs.,Rating-first is the whole pitch. Nobody in specialty doors leads with the number the specifier already has in their hand.,specialty-doors;spec-data;field-run-002,86,Specifiers arrive with a required rating and have to work backwards through product families to find what meets it.,"STC, blast and RF ratings sit in separate PDFs, so a door that has to satisfy two of them at once is a phone call.",Test reports — the documents that actually win the spec — are the hardest thing on the site to find.,"Rating-first selector: enter the STC, blast pressure or shielding required, get the doors that meet it. | $10,400","Every test report attached to the door it belongs to, downloadable without asking. | $4,800","Submittal pack generated per door, which is what the contractor needs and currently emails for. | $5,200","Sizing and hardware configurator so the spec arrives buildable. | $6,400","Spec-writer accounts with saved projects and three-part spec text. | $3,600",outdated-design;manual-processes;poor-seo,28000,"$19,000","$40,000",06082026
Wooster Products,Director of Sales and Marketing,info@wooster-products.com,Anti-slip stair treads and safety flooring,Wooster,OH,USA,https://www.wooster-products.com,"Product families, abrasive grades, sizes and finishes cross-multiply into a large catalogue shown as a page-per-family, with nothing that maps a building type to the right product.",cold-outreach,researched,"Subject: Nobody arrives knowing the product family

Hi [First Name],

I went through wooster-products.com as a facilities manager would: a school stairwell that fails a slip test, a hundred treads needed, and a purchase order that has to go out this week.

The product itself has a reputation that predates the website by decades — anti-slip stair treads are a category you helped define, and that shows in the range.

But there's a structural problem underneath it that isn't anyone's fault. The site is organised by product family, and nobody arrives knowing your product family names. They arrive knowing a building type, a traffic level and a substrate. Between grades, sizes and finishes there are hundreds of valid SKUs, and a website can only show those as a list of pages — so the person with a purchase order to raise ends up calling to be told which one they want. Then they still have to find out where to buy it, on a different page entirely.

I built one screen to show what it looks like when the site starts from the building instead of the product family. Inside your existing site, nothing redesigned. Two minutes, and I won't chase you about it.

Want me to send it over?

[Sender Name]
Bothmade","Subject: Here it is

Here it is.

Building type, traffic level and substrate at the top; the treads that suit them underneath, narrowed by grade and size as you go. The distributor who stocks it shows on the same card as the product, which is the bit that can't happen today — right now those are two different journeys and the second one loses people.

It's a static design rather than a working build, so nothing clicks. I'd rather show you the idea honestly than fake a demo.

Two questions, whether or not this goes anywhere: is substrate the filter that actually decides it, or is it traffic? And do facilities teams reorder by SKU, or by describing what they've got?

[Sender Name]","A facilities manager arrives knowing the building type and the traffic, not your product family names — and the site is organised entirely by product family names.","Two buyers on one site — architects specifying and facilities teams reordering. The selector serves the first, where-to-buy serves the second.",industrial-manufacturing;catalogue-depth;field-run-002,80,Site is organised by product family; buyers arrive knowing a building type and a traffic level instead.,"Abrasive grade, size and finish cross-multiply into hundreds of SKUs with no way to narrow them.","Nothing connects the specification to where you actually buy it, so the trail goes cold at the distributor step.","Application-first selector: building type, traffic and substrate in, the right tread out. | $7,800","SKU finder across grade, size and finish, updating live. | $5,200","Where-to-buy tied to the selected product rather than a separate distributor page. | $3,400","Specification text and CAD details per product for the architects. | $4,200","Replacement-parts flow for facilities teams reordering a tread they already have. | $3,000",outdated-design;not-mobile-friendly;manual-processes,19500,"$13,000","$29,000",06082026
Ferguson Perforating,Director of Sales,sales@fergusonperf.com,Perforated metal fabrication,Providence,RI,USA,https://www.fergusonperf.com,"Hole patterns are the entire product and they are shown as a downloadable chart. No filtering by open area, hole size, gauge or material, and no way to see the pattern at scale.",cold-outreach,researched,"Subject: Your most-used page is a download

Hi [First Name],

I went through fergusonperf.com the way a sheet metal buyer would: perforated stainless for an equipment enclosure, needs roughly 40% open area, 16 gauge, and a pattern you already have tooling for so it doesn't cost a fortune.

The capability is clearly there — the range of patterns and materials you run is broader than most shops twice your size.

But there's a structural problem underneath it that isn't anyone's fault. The pattern chart is the most-used thing on your website and it's a PDF download. That means the single page a buyer wants can't be searched, can't be linked, and can't be narrowed. Someone choosing perforation is filtering — open area first, then hole size, then gauge, then whether you've already got the tooling — and a chart cannot filter. So they download it, squint at it, and call to ask the four questions the site could have answered.

I built one screen to show what that chart looks like as a filterable finder, with the patterns shown at scale in the material. Inside your existing site, nothing redesigned. Two minutes, and I won't chase you about it.

Want me to send it over?

[Sender Name]
Bothmade","Subject: Here it is

Here it is.

Open area, hole size, centre spacing, gauge and material down the left; the patterns narrow live as you move them. Each one is shown at scale in the material rather than as a line drawing, and patterns you already have tooling for are flagged — which is the bit that can't happen today and the bit a buyer actually cares about.

It's a static design rather than a working build, so nothing clicks. I'd rather show the idea honestly than fake a demo.

Two questions I'd like your answer to either way: is flagging existing tooling something you'd want public, or is that a conversation you'd rather have on the phone? And is open area the first filter, or gauge?

[Sender Name]","Hole patterns are your entire product and they are a downloadable chart — a buyer choosing perforation is filtering by open area and gauge, which a chart cannot do.","The tooling-library angle is unusually strong here: buying an existing pattern is cheaper, and nobody makes that easy to see.",industrial-manufacturing;catalogue-depth;field-run-002,82,"The pattern chart is a download, so the most-used page on the site is a file nobody can link to or search.","No filtering by open area, hole size, gauge or material — the four things every buyer narrows on.","Patterns are shown as line drawings, not at scale in the actual material, so the visual decision happens off-site.","Pattern finder filtering on open area, hole diameter, centre spacing, gauge and material. | $8,600","Every pattern shown at scale in the material, not as a line drawing. | $5,400","Quote request carrying pattern, material and sheet size out of the finder. | $3,200","Tooling library page — the patterns you already own tooling for, which is a genuine cost argument for the buyer. | $4,600","Architectural gallery indexed by pattern, so a specifier can find the job that used it. | $3,400",outdated-design;poor-seo;manual-processes,20000,"$14,000","$30,000",06082026
Rulon International,VP of Sales,info@rulonco.com,Wood ceiling and wall systems,St. Augustine,FL,USA,https://www.rulonco.com,"Systems, wood species and finishes are three separate catalogues. Acoustic performance — the number that decides the job — lives in PDFs unconnected to the system it belongs to.",cold-outreach,researched,"Subject: The NRC number wins the job, and it's in a PDF

Hi [First Name],

I went through rulonco.com the way an architect finishing a library atrium would: a linear wood ceiling, an acoustician demanding NRC 0.70 or better, and a species that matches millwork already specified.

The work itself is the strongest argument on the site — the installations photograph beautifully and the range of systems is real.

But there's a structural problem underneath it that isn't anyone's fault. Systems, species and finishes are three separate catalogues, and what actually gets specified is always a combination of all three. Worse, the acoustic number that decides whether you're in or out lives in a PDF that isn't attached to the system it describes. So the architect who has been handed an NRC target — the one piece of information they arrive with — has no way to ask your website which of your systems meets it. They ask a rep, or they specify the competitor whose site told them.

I built one screen to show what it looks like when the acoustic number is the filter and the ceiling renders as they narrow. Inside your existing site, your brand untouched. Two minutes, and I won't chase you about it.

Want me to send it over?

[Sender Name]
Bothmade","Subject: Here it is

Here it is.

NRC target at the top, grille spacing and species down the left, and the ceiling above updates as you narrow. Every system carries its own acoustic data on the card rather than in a separate document, which is the bit that can't happen today.

It's a static design rather than a working build, so nothing clicks. I'd rather show you the idea honestly than fake a demo.

Two questions I'd genuinely like your view on, whether or not this goes anywhere: does the architect arrive with the NRC fixed and the look open, or the reverse? And is plenum depth a filter your team gets asked about often enough to put on here?

[Sender Name]","Your acoustic numbers decide the job, and they sit in PDFs that are not attached to the ceiling system they belong to.","Acoustics is the wedge — the visual side is what they think they sell, the NRC number is what actually closes the spec.",interiors;spec-data;field-run-002,85,"System, species and finish are three separate catalogues, and the specified thing is always a combination of all three.","NRC values live in PDFs detached from the system, so the number that wins the job is the hardest thing to find.",No way to see a grille spacing rendered in the species being considered — the visual decision happens off-site.,"System selector filtering on NRC, grille spacing and species, with the ceiling rendered as you narrow. | $10,200","Acoustic data attached to every system rather than filed separately. | $4,400","Spec text, CAD and sample request generated from the configured system. | $4,000","Room-scale preview so a designer can show a client the ceiling rather than a swatch. | $5,600","Architect accounts with saved systems across live projects. | $3,200",outdated-design;manual-processes;poor-seo,26000,"$18,000","$38,000",06082026
9Wood,Director of Marketing,info@9wood.com,Wood ceiling systems,Springfield,OR,USA,https://www.9wood.com,"Ceiling types are well explained and genuinely educational, but the site teaches rather than selects — nothing narrows by span, species, acoustic backer or budget.",cold-outreach,researched,"Subject: You teach the category better than anyone, then stop

Hi [First Name],

I went through 9wood.com the way an architect with a school commons would: a wood ceiling, a 30-foot span, an acoustic requirement, and a budget that will get cut once by the GC no matter what.

Your explanatory content is the best in the category. Genuinely — the way the ceiling types are described has clearly been written by people who install them.

But there's a structural problem underneath it that isn't anyone's fault. Eleven ceiling types, each explained well, and no way to compare them. The architect finishes reading better informed and no closer to a decision, because choosing is narrowing: span first, then acoustic backer, then species, then the thing nobody puts on a website — relative cost. So they call a rep to be walked down a list, and the conversation starts three steps earlier than it needed to.

I built one screen to show what those eleven types look like when they're comparable rather than explained, with budget as a real filter. Inside your existing site, nothing redesigned. Two minutes to look at, and I'm not going to chase you about it.

Want me to send it over?

[Sender Name]
Bothmade","Subject: Here it is

Here it is.

The ceiling types across the top as columns, the things that decide between them down the side — span, backer, species, relative cost — so two types can be read against each other in one look. That's the bit that can't happen today.

The cost row is the one I'd expect you to argue with. I've shown it as relative bands rather than numbers, because I don't think anyone puts real prices on a page like this, but leaving it off entirely is why systems get specified and then cut.

It's a static design rather than a working build, so nothing clicks. I'd rather show the idea honestly than fake a demo.

Two questions either way: would you show cost at all? And is span the first thing that eliminates types, or acoustics?

[Sender Name]","Your site teaches the category better than anyone else in it, and then leaves the architect with no way to narrow eleven ceiling types down to the two that suit their span and budget.","They already invest in educating architects — this is the same instinct, one step further down the funnel. Frame it that way.",interiors;configurator;field-run-002,83,Eleven ceiling types explained well and comparable nowhere — the architect learns the category and still cannot choose.,"Budget is the quietest filter in the category and the site never mentions it, so pricey systems get specified and then cut.","Species, backer and mounting are decided in a rep conversation that could have started three steps further along.","Ceiling type comparison: span, acoustic backer, species and relative cost, side by side. | $8,800","Budget band as a first-class filter, so the shortlist survives value engineering. | $4,200","Configured enquiry that reaches your reps with the type, species and area already decided. | $3,600","Lunch-and-learn booking tied to the type they were looking at. | $2,800","Project archive filtered by ceiling type rather than by building. | $3,400",manual-processes;disconnected-tools,21000,"$14,000","$31,000",06082026
Arktura,VP of Business Development,info@arktura.com,Architectural ceiling and facade systems,Gardena,CA,USA,https://arktura.com,"A parametric product presented as a fixed catalogue. The whole promise is that patterns are variable, and every pattern on the site is a photograph of one instance.",cold-outreach,researched,"Subject: A parametric product, shown as photographs

Hi [First Name],

I went through arktura.com the way a designer with a corporate lobby would: a perforated ceiling that reads as pattern from below, at a density that still hides the plenum, in something a contractor can hang without inventing details.

The work is genuinely striking and the photography does it justice — that part is not the problem.

The problem is structural, and it isn't anyone's fault. Your product is parametric. Density, scale, perforation, panel size — those are variables, and that variability is the entire reason someone picks you over a stock ceiling. But a website can only show a photograph of one instance, so every pattern on the site is a single frozen example of something that isn't fixed. The designer can't see what else it does. They ask your team for a render, your team makes one, and two days later the conversation restarts — for something the site could have shown in ten seconds.

I built one screen to show what your product looks like when the variables are on the screen instead of in an email thread. Inside your existing site, your brand untouched. Two minutes, and I won't chase you about it.

Want me to send it over?

[Sender Name]
Bothmade","Subject: Here it is

Here it is.

The sliders are on the right — density, scale, perforation — and the panel redraws as they move. Configurations you can't actually fabricate are shown greyed rather than hidden, so a designer learns the limits instead of hitting them in shop drawings. That's the bit that can't happen today.

It's a static design rather than a working build, so nothing clicks — the panel states are drawn, not generated. I'd rather show you the idea honestly than fake a demo.

Two questions I'd genuinely like your view on, whether this goes anywhere or not: which variable do designers change first? And is showing the fabrication limits publicly a help or a problem for you?

[Sender Name]",Your product is parametric and your website is a catalogue of photographs — the one thing that makes you different is the thing the site cannot show.,"This one is a genuine fit — parametric product, static site. The configurator is the product demo.",interiors;configurator;field-run-002,90,"A variable product shown as fixed photographs, so the customisation you sell on is invisible until a rep explains it.","No way to see a pattern at a different density, scale or perforation without asking for a render.",Every enquiry starts with your team producing a visual that the site could have produced.,"Pattern configurator: density, scale and perforation moved on screen, panel updating live. | $12,500","Constraint logic so what a designer configures is something you can actually fabricate. | $5,800","Configuration saved to a link and attached to the enquiry it generates. | $4,200","Render pack export for the designer presenting to a client. | $4,800","Fabrication-ready output that shortens the handoff from enquiry to shop drawing. | $6,500",manual-processes;disconnected-tools,34000,"$24,000","$48,000",06082026
Turf Design,Director of Sales,hello@turf.design,Acoustic felt ceiling and wall systems,Chicago,IL,USA,https://turf.design,"Shapes, colours and mounting multiply fast and the site sells the look. Sound absorption data — the reason the product exists — is a secondary page.",cold-outreach,researched,"Subject: They have a noise problem, not a product problem

Hi [First Name],

I went through turf.design the way a designer fixing a restaurant would: hard ceiling, hard floor, guests shouting across tables, and a client who wants the fix to look deliberate rather than apologetic.

The visual language is excellent — the felt is presented as a design decision rather than as acoustic treatment, which is exactly right.

But there's a structural problem underneath it that isn't anyone's fault. Everyone arriving at your site has a room with a noise problem. Nobody arrives wanting felt. The site is organised around shapes and colours, so the visitor has to translate their problem into your product themselves, guess how much of it they need, and hope. The absorption data that would justify the spend to their client is a page most of them never reach. So the enquiry arrives as ""how much are these?"" instead of ""this room, this coverage, this quantity"" — and the two conversations close at very different rates.

I built one screen to show what it looks like when the room comes first and the panels follow. Inside your existing site, nothing redesigned. Two minutes, and I won't chase you about it.

Want me to send it over?

[Sender Name]
Bothmade","Subject: Here it is

Here it is.

The room goes in at the top — dimensions, hard surfaces, what it's used for — and it comes back with a coverage figure and an expected improvement, then the shapes and colours that hit it. The quote request carries the room with it, which is the bit that can't happen today.

It's a static design rather than a working build, so nothing clicks, and the absorption figures on it are placeholders rather than your real test data. I'd rather show the idea honestly than fake a demo.

Two questions, whether or not this goes anywhere: is a coverage percentage the honest way to express this, or would your acoustician object? And do designers know their room dimensions at this stage, or is that asking too early?

[Sender Name]","You sell an acoustic product on how it looks, and the absorption data that justifies it to a client is a page most visitors never reach.","The room-first tool is the whole pitch: their buyer has a noise problem, not a product problem.",interiors;spec-data;field-run-002,84,Colour and shape are foregrounded; the acoustic numbers that justify the spend are a secondary page.,No way to work from a room and a reverberation problem back to a quantity of panels.,Shape × colour × mounting combinations are shown as a gallery rather than something you can narrow.,"Room-first tool: room size and surfaces in, panel coverage and expected absorption out. | $9,400","Shape and colour selector with absorption shown alongside, not on another page. | $5,200","Quantity and quote request generated from the room, not from a blank form. | $3,400","Layout preview for the designer to present, with panels placed on a ceiling plan. | $6,200","Dealer routing so specifications reach the right distributor without a call. | $2,900",manual-processes;disconnected-tools,23000,"$15,000","$33,000",06082026
Wolf-Gordon,VP of Marketing,info@wolfgordon.com,Contract wallcovering and textiles,New York,NY,USA,https://www.wolfgordon.com,"Thousands of patterns and colourways presented as collections. No filtering by performance — Type II, cleanability, healthcare suitability — which is what actually eliminates options.",cold-outreach,researched,"Subject: Performance eliminates most of the range first

Hi [First Name],

I went through wolfgordon.com the way a healthcare designer would: patient room corridors, Type II required, has to survive a bleach wipe-down, and it still has to look like somewhere a person would want to recover.

The range is the strongest thing you have. The depth of pattern and colourway is not something a competitor closes quickly.

But there's a structural problem underneath it that isn't anyone's fault. In healthcare and hospitality, performance eliminates most of the range before pattern is even considered — substrate class, cleanability, sector suitability. Your site is organised by collection, so the designer has to browse patterns first and discover the disqualifying detail later, one product at a time. Thousands of options and no way to remove the ones that were never eligible. Then colourways are nested inside patterns, so someone working from a palette has to open every pattern to find the greens.

I built one screen to show what it looks like when performance filters first and pattern follows. Inside your existing site, your brand untouched. Two minutes, and I won't chase you about it.

Want me to send it over?

[Sender Name]
Bothmade","Subject: Here it is

Here it is.

Performance across the top — substrate class, cleanability, sector — and the range narrows before a single pattern is browsed. Colourways come out of their patterns and become searchable on their own, so a designer working from a palette can start there. Memo samples are ordered from the result rather than from a separate form: that's the bit that can't happen today.

It's a static design rather than a working build, so nothing clicks. I'd rather show you the idea honestly than fake a demo.

Two questions I'd genuinely like your view on either way: is sector the filter designers reach for first, or cleanability? And would pulling colourways out of patterns upset how your collections are meant to be read?

[Sender Name]","Thousands of patterns and colourways, and no way to filter by the performance requirements that eliminate most of them before anyone even looks at the pattern.",Healthcare and hospitality specifiers are the volume buyers — performance filtering is aimed squarely at them.,interiors;catalogue-depth;field-run-002,86,"Performance requirements — Type II, cleanability, healthcare and hospitality suitability — eliminate most of the range and cannot be filtered on.","Colourways are nested inside patterns, so a designer working from a palette has to open patterns one at a time.",Memo sample ordering is a separate journey from the pattern that prompted it.,"Performance-first filtering: substrate class, cleanability and sector, applied before pattern. | $10,800","Search by colourway across the whole range, not pattern by pattern. | $6,400","Memo samples ordered from whatever is on screen, in one step. | $4,200","Designer accounts with saved boards per project. | $4,600","Room-scale preview of a pattern at true repeat. | $5,400",manual-processes;poor-seo,31000,"$20,000","$44,000",06082026
Koroseal Interior Products,Director of Business Development,info@koroseal.com,Wallcovering and wall protection,Fairlawn,OH,USA,https://www.koroseal.com,"Two very different businesses — decorative wallcovering and hard wall protection — sharing one navigation, so each audience wades through the other one.",cold-outreach,researched,"Subject: Two buyers, one navigation

Hi [First Name],

I went through koroseal.com twice on purpose. Once as an interior designer looking for a decorative wallcovering for a hotel corridor. Once as a facilities engineer who needs crash rail and corner guards for a hospital wing that keeps getting damaged by carts.

Both times the site was well made. Both times it was built for the other person.

That's the structural problem, and it isn't anyone's fault: you're running two genuinely different businesses through one navigation. The designer thinks in palette, pattern and collection. The engineer thinks in impact rating, profile and mounting height, and doesn't care what colour it comes in until the last minute. A single homepage can only ever be optimised for one of them, so each audience spends its first two minutes scrolling past the other one's product — which is exactly when most people leave.

I built one screen to show what a split entry looks like, with the protection side filtering the way an engineer actually specifies. Inside your existing site, nothing redesigned. Two minutes, and I won't chase you about it.

Want me to send it over?

[Sender Name]
Bothmade","Subject: Here it is

Here it is.

Two doors at the top, and behind each one a set of filters written in that buyer's vocabulary — palette and pattern on one side, impact rating and mounting height on the other. The rep who covers their territory shows up on the product card rather than on a contact page, which is the bit that can't happen today.

It's a static design rather than a working build, so nothing clicks. I'd rather show the idea honestly than fake a demo.

Two questions I'd like your answer to either way: is the decorative-versus-protection split the real division, or is it healthcare-versus-everything-else? And does putting the rep on the product page cut across how your distribution works?

[Sender Name]","Decorative wallcovering and wall protection are two different buyers with two different vocabularies, and they are sharing one navigation.",The two-audiences problem is unusually clear here and easy to demonstrate on one screen. Good first mockup.,interiors;catalogue-depth;field-run-002,82,A designer and a facilities engineer arrive for opposite reasons and get the same homepage.,Wall protection is specified from impact ratings and profiles; the site presents it like a decorative range.,Nothing routes a specifier to the local rep who will actually service the job.,"Split entry: the decorative journey and the protection journey, each with its own filters. | $8,600","Protection selector on impact rating, profile and mounting height. | $6,200","Rep routing by territory attached to the product, not filed under contact us. | $3,200","Healthcare specification bundles — the documents that repeat on every job. | $4,400","Sample ordering by project rather than by product. | $3,600",outdated-design;manual-processes,24000,"$16,000","$35,000",06082026
Roppe Corporation,Director of Marketing,info@roppe.com,"Rubber flooring, base and accessories",Fostoria,OH,USA,https://www.roppe.com,"Product families with colour ranges beneath them, so the colour-first buyer — which is most of them — has to open every family to find out who carries the shade they want.",cold-outreach,researched,"Subject: Everyone arrives with the colour already decided

Hi [First Name],

I went through roppe.com the way a commercial flooring contractor would mid-job: rubber base to match a tile already installed, in a colour the architect specified from a chip six months ago, needed in three days.

The range is deep and the technical documentation is better than most of the category. That part is solid.

But there's a structural problem underneath it that isn't anyone's fault. Almost everyone arrives with the colour already decided — a chip number, a shade, something to match. Your site is organised by product family, so the colour they're chasing is nested one level down inside every family, and the only way to find out which products carry it is to open all of them. Then the harder version of the same problem: base, tread and tile all have to coordinate on a job, and nothing on the site shows which colours actually run across all three. So it becomes a phone call to your customer service team, hundreds of times a week, about a fact you already hold.

I built one screen to show what the catalogue looks like organised by colour first. Inside your existing site, nothing redesigned. Two minutes, and I won't chase you about it.

Want me to send it over?

[Sender Name]
Bothmade","Subject: Here it is

Here it is.

Colour first — the full palette across the top — and under each shade, every product that carries it: base, tread, tile, accessory. Pick a colour and you can see instantly what coordinates and what doesn't, which is the bit that can't happen today and the reason your customer service team gets so many calls.

It's a static design rather than a working build, so nothing clicks. I'd rather show you the idea honestly than fake a demo.

Two questions either way: do contractors search by your colour names or by the numbers? And is there a fourth product line that has to coordinate that I've missed?

[Sender Name]","Most of your buyers arrive with a colour in mind and your site is organised by product family, so finding which products come in that colour means opening every family in turn.","The coordination view is the differentiator — matching base to tile across product lines is a real, unsolved job.",flooring;visual-selection;field-run-002,81,"Colour lives inside product families, so a colour-first buyer opens every family to find the shade they want.","Base, tread, tile and accessory have to coordinate on a job and nothing shows which colours run across all four.","No way to see a colour at floor scale, which is where every complaint about colour comes from.","Colour-first browsing across the whole catalogue, with the products that carry each shade listed under it. | $8,400","Coordination view: which base, tread and tile share a colour, on one screen. | $5,600","Sample ordering by colour across products in one request. | $3,400","Floor-scale preview so a colour is judged at the size it will be seen at. | $5,200","Contractor reordering by job so repeat work does not start from a search. | $3,800",outdated-design;manual-processes,22000,"$14,000","$32,000",06082026
Dur-A-Flex,Director of Sales,info@dur-a-flex.com,Seamless resinous flooring systems,East Hartford,CT,USA,https://www.dur-a-flex.com,"Systems are listed as products. The buyer arrives with an environment — chemical exposure, thermal shock, wash-down — and nothing on the site maps environment to system.",cold-outreach,researched,"Subject: They search for the chemical, not the system

Hi [First Name],

I went through dur-a-flex.com as a plant engineer would: a food processing floor that gets caustic wash-down twice a day, thermal shock from steam cleaning, and a shutdown window of one weekend to install whatever we choose.

The technical depth is real — the resistance data and the system range make it obvious this is a serious manufacturer, not a distributor with a brochure.

But there's a structural problem underneath it that isn't anyone's fault. Your systems are named in your language and chosen by people describing an environment in theirs. Nobody searches for a system name. They search for caustic, or lactic acid, or thermal shock, or ""food plant flooring"". Your resistance data — which would answer them exactly — lives inside PDF charts that a search engine can't read and a visitor can't query. So the engineer who has a specific chemical problem, and would specify you if they could see the answer, ends up asking three contractors instead.

I built one screen to show what it looks like when the environment is the input and the systems are the output. Inside your existing site, nothing redesigned. Two minutes, and I won't chase you about it.

Want me to send it over?

[Sender Name]
Bothmade","Subject: Here it is

Here it is.

Facility type, exposure and traffic at the top; the systems that survive it underneath, each with the reason it qualified. Underneath that, resistance searchable by substance — type in the chemical, see what holds. That's the bit that can't happen today, and it's the search your buyers are actually running.

It's a static design rather than a working build, so nothing clicks, and the resistance values shown are placeholders rather than your data. I'd rather show the idea honestly than fake a demo.

Two questions I'd like your view on either way: is exposure the first filter, or is downtime? And how many chemicals would need to be in there before it's genuinely useful rather than a demo?

[Sender Name]","Your buyer arrives describing an environment — chemical spills, thermal shock, daily wash-down — and your site is a list of system names.","Chemical-resistance-by-substance is the killer feature — plant engineers search for the chemical, never the system.",flooring;spec-data;field-run-002,85,"Systems named in your language, chosen by people describing an environment in theirs.",Chemical resistance data sits in PDFs rather than as something you can query by substance.,"No path from ""this is my facility"" to a specification a contractor can bid.","Environment-first selector: facility type, exposure and traffic in, the systems that hold up out. | $10,600","Chemical resistance searchable by substance instead of buried in a resistance chart. | $6,800","Specification pack generated per system for bidding. | $4,400","Contractor locator tied to the specified system and territory. | $3,800","Maintenance guidance per system, which is where warranty claims start. | $3,200",outdated-design;manual-processes;poor-seo,27000,"$18,000","$39,000",06082026
Stonhard,Director of Marketing,info@stonhard.com,Installed seamless flooring systems,Maple Shade,NJ,USA,https://www.stonhard.com,"Single-source install is the differentiator and the site sells it as a paragraph. Nothing shows the downtime, the sequence, or what a plant shutdown actually looks like.",cold-outreach,researched,"Subject: The plant manager is scared of downtime, not resin

Hi [First Name],

I went through stonhard.com as a plant manager would: a failing floor in a wet processing area, a two-day window at Thanksgiving to replace it, and a boss who will ask exactly one question — how long is the line down.

Your actual differentiator is unusual and genuinely valuable: you manufacture the system and install it with your own crews. Most of this category subcontracts and hopes.

But there's a structural problem underneath it that isn't anyone's fault. That differentiator is stated on the site as a sentence, and the one thing your buyer is frightened of — downtime — isn't addressed anywhere. They can't find out how long a 5,000 square foot floor takes, what happens in what order, or whether your crew is free the weekend they need. So the question that would sell your model better than any brochure is the question the site refuses to answer, and the plant manager takes three quotes from installers who all sound the same on paper.

I built one screen to show what it looks like when downtime is the first thing the site talks about. Inside your existing site, nothing redesigned. Two minutes, and I won't chase you about it.

Want me to send it over?

[Sender Name]
Bothmade","Subject: Here it is

Here it is.

Area and environment at the top, and what comes back is a sequence — prep, install, cure, back in service — with a realistic window rather than a brochure claim. Underneath, the systems that suit the environment, and case evidence filtered by plant type rather than by industry vertical.

It's a static design rather than a working build, so nothing clicks, and the durations on it are mine rather than yours — I'd rather show the idea honestly than fake a demo, and those numbers are exactly the thing you'd want to correct.

Two questions, whether this goes anywhere or not: is cure time the number that scares people, or the prep? And would you ever publish a window like this, or is it too job-specific to commit to?

[Sender Name]","Single-source installation is your real differentiator and it is described in a paragraph — the thing your buyer is actually frightened of is downtime, and nothing on the site addresses it.",Their competitor sells material; they sell material plus crew. The site currently sells neither clearly.,flooring;service-differentiation;field-run-002,84,The differentiator — you install what you manufacture — is stated rather than shown.,Downtime is the buyer's real fear and no page anywhere addresses how long a floor takes.,Case studies read as marketing rather than as evidence a plant manager can take to their boss.,"Downtime-first project planner: area and environment in, realistic install window out. | $9,800","System selector by facility and exposure rather than by product name. | $7,200","Case evidence restructured around plant type, downtime and outcome. | $4,600","Regional crew availability, which turns a quote into a date. | $4,200","Maintenance and re-coat scheduling for existing accounts. | $3,600",outdated-design;manual-processes,29000,"$19,000","$41,000",06082026
Summitville Tiles,Director of Sales,sales@summitville.com,Quarry tile and commercial ceramic,Summitville,OH,USA,https://www.summitville.com,"Slip resistance is the number that decides commercial kitchen and healthcare jobs, and it is not something the site lets you filter or even easily find.",cold-outreach,researched,"Subject: DCOF is the first thing that eliminates a tile

Hi [First Name],

I went through summitville.com the way a foodservice consultant would: a commercial kitchen floor, a health inspector who cares about slip resistance, and a chef who cares that it can be cleaned in ten minutes at midnight.

Quarry tile is a category you've been in longer than almost anyone, and the durability argument on the site is well made.

But there's a structural problem underneath it that isn't anyone's fault. In commercial kitchens and healthcare, the first filter is slip resistance — a DCOF number the specifier already has in their hand before they open a website. Yours are hard to find and impossible to filter on, so the visitor with a specific requirement has to open tile after tile hoping to hit one that qualifies. Then the trim pieces they need are listed somewhere else again, and finding a distributor who stocks any of it is a third journey. Each of those is a small friction, and together they're the reason a spec goes to whoever made it easy.

I built one screen to show what it looks like when slip rating filters first. Inside your existing site, nothing redesigned. Two minutes, and I won't chase you about it.

Want me to send it over?

[Sender Name]
Bothmade","Subject: Here it is

Here it is.

Slip rating and application at the top — kitchen, wet area, healthcare — and the tiles that qualify underneath. Each one shows the trims available with it rather than in a separate schedule, and the distributor who stocks it sits on the same card. That last part is the bit that can't happen today.

It's a static design rather than a working build, so nothing clicks. I'd rather show the idea honestly than fake a demo.

Two questions I'd like your answer to either way: is DCOF the rating your specifiers use, or are they still asking for the older test? And do trims get chosen at the same moment as the tile, or later?

[Sender Name]","Slip resistance decides commercial kitchen and healthcare jobs, and your DCOF numbers are not something a visitor can filter on — or in most cases find.",Commercial kitchens are the repeat buyer. Lead with DCOF and the rest follows.,tile;spec-data;field-run-002,79,"DCOF and slip ratings are buried, when they are the first thing a commercial kitchen spec eliminates on.","Shapes, sizes and trim pieces are listed apart from the tile bodies they belong to.",Nothing connects a specification to the distributor who can actually supply it.,"Slip-rating-first selector for commercial kitchen, healthcare and wet areas. | $8,200","Trim and shape availability shown on the tile page instead of in a separate schedule. | $5,400","Distributor routing attached to the selected tile. | $3,200","Installation detail library for the trades doing the work. | $3,800","Sample requests grouped by project rather than by tile. | $2,900",outdated-design;poor-seo;manual-processes,19000,"$13,000","$28,000",06082026
Willoughby Industries,Director of Sales,info@willoughby-ind.com,Behavioral health and corrections plumbing fixtures,Indianapolis,IN,USA,https://www.willoughby-ind.com,"Fixtures are listed by model number. The specifier arrives with a security level and a ligature-resistance requirement, and nothing on the site starts from either.",cold-outreach,researched,"Subject: They start from the security level

Hi [First Name],

I went through willoughby-ind.com the way a healthcare architect would on a behavioral health unit: fixtures that meet a ligature-resistance standard, in a patient room, with rough-in dimensions I can drop into a drawing this afternoon.

The product knowledge is obvious. This is clearly a company that understands the environments it builds for, and that is not true of everyone selling into this category.

But there's a structural problem underneath it that isn't anyone's fault. Your fixtures are catalogued by model number, and nobody arrives knowing a model number. They arrive knowing a facility type and a security level, and needing to satisfy a standard. The ligature-resistance detail that is the entire reason this category exists isn't something the site lets them filter on. And the rough-in drawing — the one artefact that gets you into the drawing set, which is where specifications actually get locked — is a separate download from the fixture it belongs to.

I built one screen to show what it looks like when the facility and the security level come first. Inside your existing site, nothing redesigned. Two minutes, and I won't chase you about it.

Want me to send it over?

[Sender Name]
Bothmade","Subject: Here it is

Here it is.

Facility type and security level at the top; the fixtures that qualify underneath, each carrying its compliance detail and its rough-in drawing on the same card. Downloading the drawing takes one click instead of a form, which is the bit that can't happen today — and getting your drawing into their drawing set is how the spec stops moving.

It's a static design rather than a working build, so nothing clicks. I'd rather show you the idea honestly than fake a demo.

Two questions I'd genuinely like your view on either way: is security level the right first filter, or does facility type do more work? And is there a reason drawings sit behind a form that I should know about?

[Sender Name]","Specifiers arrive with a security level and a ligature-resistance requirement, and your fixtures are listed by model number.","Serious, conservative buyer. Compliance and drawings win here — do not lead with anything that sounds like a redesign.",plumbing;spec-data;field-run-002,84,Model-number-first catalogue for a buyer who starts from a security level and a facility type.,Ligature-resistance detail — the whole reason this category exists — is not something you can filter on.,Rough-in dimensions and specs are separate downloads from the fixture they describe.,"Facility-first selector: behavioral health, corrections, detention — with security level as the filter. | $9,600","Ligature-resistance and compliance detail attached to each fixture rather than filed apart. | $5,200","Rough-in drawings and spec sheets on the fixture page, downloadable without an enquiry. | $4,000","Submittal package builder for a whole facility rather than one fixture at a time. | $6,000","Replacement-parts flow for maintenance teams on existing installations. | $3,600",outdated-design;manual-processes;poor-seo,25000,"$17,000","$36,000",06082026
Acorn Engineering Company,VP of Sales,info@acorneng.com,Commercial and institutional plumbing systems,City of Industry,CA,USA,https://www.acorneng.com,"Several distinct divisions share one site, and a visitor cannot tell which division makes the thing they came for — so navigation becomes a guess.",cold-outreach,researched,"Subject: The org chart is the navigation

Hi [First Name],

I went through acorneng.com the way a mechanical engineer would on a school project: wash fountains for a high school restroom, something vandal-resistant, with a spec sheet I can attach to a submittal today.

The manufacturing capability is genuinely broad — the range of environments you build for is wider than most of your competitors put together.

But there's a structural problem underneath it that isn't anyone's fault. The site's top-level navigation is your divisions, and only someone who works there knows which division makes which product. So the first decision the site asks a visitor to make is one they have no way to answer. They guess, land in the wrong division, and either back out or assume you don't make what they're after. The same fixture type shows up in more than one place with nothing comparing them, and the specification documents are filed by division too — organised for the company rather than for the job the engineer is doing.

I built one screen to show what it looks like organised by product and application, with the divisions kept as provenance rather than as the maze. Inside your existing site, nothing redesigned. Two minutes, and I won't chase you about it.

Want me to send it over?

[Sender Name]
Bothmade","Subject: Here it is

Here it is.

Products across the top and application down the left — school, detention, healthcare, industrial — so a visitor never has to know which division makes what. The division still appears on each product, just as a label rather than as the door you had to pick correctly. That's the bit that can't happen today.

It's a static design rather than a working build, so nothing clicks. I'd rather show the idea honestly than fake a demo.

Two questions I'd like your answer to either way: do the divisions matter to your customers at all, or only internally? And is application the right cross-cut, or is it market segment?

[Sender Name]","You run several distinct divisions off one site, and a visitor cannot tell which of them makes the thing they came for — so the first decision the site asks them to make is one only an employee could answer.",The org chart is the navigation — a common and very fixable problem. Show it on one screen and it sells itself.,plumbing;navigation;field-run-002,82,"Divisions are the top-level navigation, and only employees know which division makes what.",Same fixture types appear under multiple divisions with no comparison between them.,Specification documents are organised by division rather than by the job the specifier is doing.,"Product-first navigation with the divisions kept underneath as provenance, not as a maze. | $9,200","Application selector — school, detention, industrial, healthcare — cutting across all divisions. | $6,400","One document library organised by product rather than by internal structure. | $4,400","Rep and territory routing on every product page. | $3,400","Submittal builder spanning divisions for a whole project. | $5,600",outdated-design;disconnected-tools;manual-processes,24000,"$16,000","$35,000",06082026
Most Dependable Fountains,Director of Sales,sales@mostdependable.com,Outdoor drinking fountains and hydration stations,Arlington,TN,USA,https://www.mostdependable.com,"Model, mount, colour and options cross-multiply into a large configurable range, presented as a model list with options described in text.",cold-outreach,researched,"Subject: Nobody in a parks department knows the model number

Hi [First Name],

I went through mostdependable.com the way a parks superintendent would: a trailhead that needs a fountain, ADA compliant, with a bottle filler and a dog bowl because that's what people actually ask for, and it has to survive a freeze.

The product reputation is clear — these are fountains that stay in the ground for decades, and the site does convey that.

But there's a structural problem underneath it that isn't anyone's fault. The site is a list of models, and every model carries a set of options described in text. The buyer has to hold all of that in their head to work out what their configuration even is, let alone what it costs. Meanwhile the things they actually arrived caring about — ADA, bottle filler, pet bowl, freeze protection — are buried inside option tables rather than being the way in. And when they've finally worked it out, what they need for a municipal bid is a quote package, and what the site offers them is a contact form.

I built one screen to show what it looks like when the requirements come first and the configuration builds itself. Inside your existing site, nothing redesigned. Two minutes, and I won't chase you about it.

Want me to send it over?

[Sender Name]
Bothmade","Subject: Here it is

Here it is.

Requirements at the top — ADA, bottle filler, pet bowl, freeze protection — then mount and finish, with the fountain drawing itself as you choose. At the end it produces a quote package with the configuration written out the way a procurement officer needs it, which is the bit that can't happen today.

It's a static design rather than a working build, so nothing clicks. I'd rather show you the idea honestly than fake a demo.

Two questions, whether or not this goes anywhere: does the bid package need a specific format your buyers keep asking for? And is freeze protection a filter or an add-on in the way you sell it?

[Sender Name]","A parks department arrives knowing the site conditions, not the model number — and every one of your models is a set of options they have to assemble in their head.",Municipal procurement is the buyer — the bid package is worth more to them than the visual configurator.,site-furniture;configurator;field-run-002,80,"Models list options as text, so the buyer has to assemble the configuration in their head before they can price it.","ADA, pet fountain, bottle filler and freeze protection are the real decisions and they are buried in option tables.",Municipal buyers need a quote package for a bid and the site gives them a contact form.,"Configurator: model, mount, finish and options chosen on screen with the fountain updating. | $8,800","Requirement-first entry — ADA, bottle filler, pet bowl, freeze protection — filtering the models. | $5,400","Quote package generated for municipal bidding, carrying the configuration. | $4,200","Bid-document pack with specifications formatted for procurement. | $4,600","Parts and repair flow for the fountains already in the ground. | $3,200",outdated-design;not-mobile-friendly;manual-processes,20000,"$13,000","$29,000",06082026
Victor Stanley,Director of Business Development,sales@victorstanley.com,Site furniture and waste receptacles,Dunkirk,MD,USA,https://www.victorstanley.com,"Every product is a matrix of material, mount, colour and accessory, presented as product pages with option tables — and the landscape architect specifying it needs a schedule, not a page.",cold-outreach,researched,"Subject: They're specifying twenty pieces, not one bench

Hi [First Name],

I went through victorstanley.com the way a landscape architect would mid-project: a waterfront park, benches in three lengths, receptacles at every node, bike racks near the entrance, all in one finish, all going into one schedule that a municipality will bid.

The build quality argument comes across, and the fact you make things that survive twenty years in public space is genuinely the point of your product.

But there's a structural problem underneath it that isn't anyone's fault. Nobody specifies one bench. They specify a schedule — twenty pieces across a site, coordinated in material and colour — and the website is built to show one product at a time. Every configuration lives in an option table, so the architect writes the choices into a spreadsheet by hand, then rebuilds the same list next week for the next park. The tool they actually need doesn't exist anywhere in the category, which is exactly why it's worth building.

I built one screen to show what that schedule looks like when the site holds it. Inside your existing site, nothing redesigned. Two minutes, and I won't chase you about it.

Want me to send it over?

[Sender Name]
Bothmade","Subject: Here it is

Here it is.

Configure a piece on the left — material, mount, colour, accessories — and it drops into the schedule on the right. The schedule stays put as you add to it, and it exports with specs and CAD attached. That is the bit that can't happen today, and it's the thing landscape architects currently do by hand in a spreadsheet.

It's a static design rather than a working build, so nothing clicks. I'd rather show you the idea honestly than fake a demo.

Two questions I'd genuinely like your view on either way: does the schedule need quantities and locations, or just pieces? And would your reps want visibility of a schedule before it becomes an enquiry?

[Sender Name]","A landscape architect does not specify one bench, they specify a schedule of twenty pieces across a park — and your site is built to show one product at a time.",The schedule builder is the pitch. Landscape architects live in schedules and every site-furniture manufacturer ignores that.,site-furniture;configurator;field-run-002,87,Products are shown one at a time to a buyer who is assembling a schedule of twenty.,"Material, mount, colour and accessory combinations live in option tables rather than being selectable.","No way to keep a project together across a session, so the schedule gets rebuilt in a spreadsheet.","Project schedule builder: add configured pieces, keep them together, export the schedule. | $11,200","Configuration on the product itself — material, mount, colour, accessories — rather than in a table. | $6,600","Spec and CAD per configured piece, exported with the schedule. | $4,800","Shareable project link for the architect presenting to a municipality. | $3,800","Reorder-from-project for the parks departments already running your furniture. | $4,200",manual-processes;disconnected-tools,30000,"$20,000","$43,000",06082026
Keystone Ridge Designs,Director of Sales,info@keystoneridgedesigns.com,Steel site furniture,Butler,PA,USA,https://www.keystoneridgedesigns.com,"Collections are shown as families with finishes listed underneath. Nothing lets a buyer see a whole collection in one colour, which is how a streetscape is actually chosen.",cold-outreach,researched,"Subject: One finish across ten pieces, not ten finishes on one

Hi [First Name],

I went through keystoneridgedesigns.com the way a city engineer would with a downtown streetscape to furnish: benches, receptacles, planters and bike racks, all matching, all in one powder-coat colour, all needing to arrive before a ribbon-cutting that's already in a press release.

The steel work is good and the collections are clearly designed as families rather than assembled after the fact.

But there's a structural problem underneath it that isn't anyone's fault. The website shows one product in many finishes. The buyer needs the opposite: one finish across many products. They're furnishing a street, not buying a bench, and coordination is the entire job — so they have to open six product pages and imagine them in the same colour. Then the question that actually decides the purchase, lead time, appears nowhere on the site at all, and a municipal schedule with a ribbon-cutting date on it cannot be built on silence.

I built one screen to show what a collection looks like when it's shown as a collection, in one finish, with a lead time on it. Inside your existing site, nothing redesigned. Two minutes, and I won't chase you about it.

Want me to send it over?

[Sender Name]
Bothmade","Subject: Here it is

Here it is.

Pick a finish once, at the top, and the whole collection redraws in it — bench, receptacle, planter, rack, side by side. That's the view a streetscape actually gets chosen from, and it's the bit that can't happen today.

There's a lead-time band on each collection. I've made those up, and they're the first thing you'd want to correct — but leaving them off is why buyers ring you before they've decided anything.

It's a static design rather than a working build, so nothing clicks. I'd rather show the idea honestly than fake a demo.

Two questions either way: would you publish a lead-time range at all? And is powder-coat colour the coordinating decision, or is it the material?

[Sender Name]","A streetscape is chosen as a family in one colour, and your site shows one product in many colours — the opposite view from the one your buyer needs.",Lead time is the unaddressed anxiety in municipal work. Even a range beats silence.,site-furniture;visual-selection;field-run-002,78,The site shows one product in many finishes; the buyer needs one finish across many products.,"Collections are described rather than shown together, so coordination is imagined.",Lead time — the thing that decides municipal jobs — appears nowhere.,"Collection view: every piece in the family, in the chosen finish, on one screen. | $7,800","Finish selector that applies across the whole collection at once. | $4,600","Lead-time indication per collection, so a bid schedule can be trusted. | $3,400","Streetscape layout preview for presenting to a council. | $4,800","Bid-pack export with specs for every piece in the schedule. | $3,900",outdated-design;manual-processes,18500,"$12,000","$27,000",06082026
Wausau Tile,VP of Sales,sales@wausautile.com,"Precast concrete, terrazzo and site furnishings",Wausau,WI,USA,https://www.wausautile.com,"Three genuinely different businesses — precast, terrazzo tile and site furnishings — sharing one site, so each audience has to scroll past the other two.",cold-outreach,researched,"Subject: Three businesses, one homepage

Hi [First Name],

I went through wausautile.com three times, once as each of your customers. As a landscape architect after site furnishings. As a designer picking terrazzo tile for a transit concourse. As a contractor chasing custom precast for a plaza.

All three times the company clearly does the work. All three times the site was built for the other two.

That's the structural problem, and it isn't anyone's fault: three genuinely different businesses are sharing one navigation. The site furnishings buyer thinks in collections and finishes. The terrazzo buyer thinks in colour and aggregate and wants to see it at scale. The precast buyer has a drawing and a schedule and needs to know whether you'll take the job. A single homepage can be optimised for one of those, not three, so each visitor spends their opening minutes scrolling past products they didn't come for — and the custom precast work, which is where the margin is, is the hardest thing on the entire site to enquire about.

I built one screen to show what a proper split entry looks like. Inside your existing site, nothing redesigned. Two minutes, and I won't chase you about it.

Want me to send it over?

[Sender Name]
Bothmade","Subject: Here it is

Here it is.

Three doors at the top, and behind each one the filters that buyer actually uses — collections and finishes for site furnishings, colour and aggregate at scale for terrazzo, and a real project intake for custom precast rather than a contact form. That last one is the bit that can't happen today and it's the one I'd argue matters most.

It's a static design rather than a working build, so nothing clicks. I'd rather show you the idea honestly than fake a demo.

Two questions I'd genuinely like your view on either way: is custom precast a fourth door or part of the precast one? And do the three businesses share enough customers that splitting them would cost you cross-selling?

[Sender Name]","Three different businesses share one website, so every visitor spends their first two minutes scrolling past the two they did not come for.",The custom precast route is where the margin is — the enquiry form is currently the same one used for a bench.,precast;navigation;field-run-002,81,"Precast, terrazzo and site furnishings share a navigation despite having nothing in common for the buyer.",Terrazzo colour and aggregate selection — a visual decision — is presented as a product list.,"Custom precast capability, the highest-value work, is the hardest thing on the site to enquire about.","Separate entry per business with filters written in each buyer's language. | $9,400","Terrazzo colour and aggregate selector with the finish shown at scale. | $6,800","Custom precast enquiry that captures the project properly rather than a contact form. | $4,200","Project gallery filtered by product line rather than by client. | $3,600","Sample ordering per colour across terrazzo and precast. | $3,400",outdated-design;manual-processes;poor-seo,26000,"$17,000","$37,000",06082026
Maglin Site Furniture,Director of Marketing,info@maglin.com,Site furniture design and manufacturing,London,ON,Canada,https://www.maglin.com,"Design-led and photographed well. Customisation is the differentiator and it is described in prose, so the buyer cannot see what ""custom"" would look like for them.",cold-outreach,researched,"Subject: ""Custom"" is a word until someone can see it

Hi [First Name],

I went through maglin.com as a landscape architect would with a campus quad: seating that has to take a specific curve, in a material the university has standardised on, with a look the design review board will approve on the first pass.

The design credibility is real. The photography is better than the category standard and the furniture looks like it was drawn rather than assembled.

But there's a structural problem underneath it that isn't anyone's fault. Customisation is what you actually sell, and on a website customisation is only ever a paragraph. The buyer reads that you'll adapt a piece and has no way to see what adapting it would look like for their project — different length, different material, different arm configuration. So the enquiry arrives as ""can you do something custom?"", the first two calls are spent working out what the project is, and half of those conversations were never real projects at all.

I built one screen to show what your customisation looks like when the buyer can move it themselves before they contact anyone. Inside your existing site, your brand untouched. Two minutes, and I won't chase you about it.

Want me to send it over?

[Sender Name]
Bothmade","Subject: Here it is

Here it is.

Length, material, colour and arm configuration down the side, the piece redrawing as they change. At the end it produces a brief rather than a contact form — what they configured, for what project, at what quantity — so your first call starts where the third one currently does. That's the bit that can't happen today.

It's a static design rather than a working build, so nothing clicks. I'd rather show you the idea honestly than fake a demo.

Two questions, whether or not this goes anywhere: how much customisation would you be comfortable showing before a conversation? And is quantity the question that separates a real project from a browse?

[Sender Name]",Customisation is what you sell and it is described in prose — a buyer cannot see what custom would look like for their project without starting a conversation.,Their enquiries are vague because the site invites vagueness. Fixing the intake is worth more than the visuals.,site-furniture;configurator;field-run-002,83,Custom capability described in words rather than shown as options a buyer can move.,"Standard range and custom work blur together, so buyers do not know which conversation they are starting.","Enquiries arrive vague, and the first two calls are spent establishing what the project even is.","Customisation preview: length, material, colour and arm configuration moved on screen. | $10,400","Clear split between standard range and custom programme, with different enquiry paths. | $5,200","Project brief capture that arrives specific enough to quote from. | $4,400","Presentation export for landscape architects pitching a council. | $4,200","Saved projects across a firm rather than a single user. | $3,800",manual-processes;disconnected-tools,27000,"$18,000","$38,000",06082026
Berridge Manufacturing,Director of Sales,info@berridge.com,Architectural metal roofing and wall panels,San Antonio,TX,USA,https://www.berridge.com,"Panel profiles and colour range are both extensive and both live in separate places, so the combination — this profile in that colour — has to be imagined.",cold-outreach,researched,"Subject: The combination exists nowhere on your site

Hi [First Name],

I went through berridge.com the way an architect on a civic building would: a standing seam roof, a colour the client has already fallen in love with from a chip, and a profile whose rib shadow will define how the building reads from the street.

The colour range and the profile range are both genuinely deep, and the manufacturing story behind them is a real advantage.

But there's a structural problem underneath it that isn't anyone's fault. Profiles live in one catalogue and colours live in another, so the only view that actually matters — this profile in that colour, at roof scale, with the rib shadow doing what it does — exists nowhere. The architect picks from a chip the size of a business card and finds out what it looks like when the building is up. And the details that decide whether the combination is even available — gauge, substrate, warranty — surface late, sometimes after the bid is in.

I built one screen to show what that combination looks like when the site can show it. Inside your existing site, nothing redesigned. Two minutes, and I won't chase you about it.

Want me to send it over?

[Sender Name]
Bothmade","Subject: Here it is

Here it is.

Profile down the left, colours along the top, and the roof in the middle at a scale where the rib shadow actually reads. Availability comes with the combination — gauge, substrate, warranty — so nothing gets specified that you can't supply. That's the bit that can't happen today.

It's a static design rather than a working build, so nothing clicks, and the colours on screen are approximations rather than your real chips. I'd rather show the idea honestly than fake a demo.

Two questions I'd like your answer to either way: is warranty variation by colour something you'd want stated this plainly? And does an architect pick the profile first, or the colour?

[Sender Name]","Profiles are in one place and colours are in another, so the only view that matters — this profile in that colour, on a roof — exists nowhere on the site.","Rib shadow at roof scale is a detail only someone who has looked properly would raise — use it, it proves the research.",metal-roofing;visual-selection;field-run-002,83,Profile and colour are separate catalogues; the specified thing is always the combination.,"No way to see a panel at roof scale, where sheen and rib shadow change the decision entirely.","Gauge, substrate and warranty differ by colour and that only surfaces late, often after a bid.","Profile × colour viewer at roof scale, with rib shadow shown honestly. | $9,800","Availability logic: gauge, substrate and warranty attached to each combination. | $6,200","Sample chips and spec requested from the combination on screen. | $3,600","Contractor locator tied to the selected panel and territory. | $4,000","Project gallery filtered by profile and colour rather than by building type. | $3,400",outdated-design;manual-processes;poor-seo,24000,"$16,000","$35,000",06082026
ATAS International,Director of Marketing,info@atas.com,"Metal roofing, wall panels and solar",Allentown,PA,USA,https://www.atas.com,"A very large product range across roofing, walls, soffit and solar, organised by product family, with no route from a building application to a suitable panel.",cold-outreach,researched,"Subject: Nobody arrives knowing the family name

Hi [First Name],

I went through atas.com the way an architect on a mixed-use building would: standing seam roof, a coordinating wall panel that reads as one material from the street, soffit that matches, and a client asking whether solar can go on the roof without ruining it.

The range is exceptional. Very few manufacturers can answer all four of those from one catalogue, and you can.

But there's a structural problem underneath it that isn't anyone's fault. The site is organised by product family, and nobody arrives knowing your family names. They arrive with a part of a building and a climate. Worse, the thing that makes your range valuable — that the roof, the wall, the soffit and the solar can coordinate — is exactly what a family-by-family catalogue cannot show. Each is presented alone, so the architect specifies your roof and someone else's wall, and the advantage you actually have goes unused.

I built one screen to show what it looks like when the building comes first and the coordination is visible. Inside your existing site, nothing redesigned. Two minutes, and I won't chase you about it.

Want me to send it over?

[Sender Name]
Bothmade","Subject: Here it is

Here it is.

The building's at the top — roof, wall, soffit, solar — and choosing a panel for one shows what coordinates with it on the others. That's the bit that can't happen today, and it's the argument for specifying your whole envelope rather than one part of it.

It's a static design rather than a working build, so nothing clicks. I'd rather show you the idea honestly than fake a demo.

Two questions I'd genuinely like your view on either way: does coordination across roof and wall come up in real specifications, or is that a story we'd be inventing? And is climate a filter your team gets asked about, or is substrate the one that matters?

[Sender Name]","Your range spans roofing, walls, soffit and solar, and every visitor has to already know which family solves their problem before the site can help them.",The whole-building coordination view is the interesting one — nobody in metal panels shows roof and wall together.,metal-roofing;catalogue-depth;field-run-002,84,"Product families are the only way in for a visitor who arrives with an application, not a family name.","Wall, roof, soffit and solar overlap in ways the site never connects for a whole-building decision.",Technical data and installation detail are downloads rather than part of the product.,"Application-first navigation: what part of the building, what climate, what substrate. | $9,600","Whole-building view showing which panels coordinate across roof, wall and soffit. | $6,400","Technical data and details on the product page, not behind a download list. | $4,200","Solar integration explained against the panels it works with, rather than as a separate line. | $5,400","Contractor and rep routing per territory. | $3,400",outdated-design;poor-seo;manual-processes,28000,"$18,000","$40,000",06082026
Bobrick Washroom Equipment,Director of Business Development,info@bobrick.com,Commercial washroom accessories and partitions,North Hollywood,CA,USA,https://www.bobrick.com,"An enormous accessory catalogue organised by product type, when the specifier is furnishing a room to a code — and the room, not the product, is the unit of work.",cold-outreach,researched,"Subject: The unit of work is a room, not a dispenser

Hi [First Name],

I went through bobrick.com the way an architect finishing a drawing set would: a school washroom, eight fixtures, ADA compliant, and an accessory schedule that has to be complete before it goes out on Friday.

The catalogue depth is not in question — you make more of this category than anyone, and the technical documentation shows it.

But there's a structural problem underneath it that isn't anyone's fault. The site is organised by product type, and the specifier's unit of work is a room. They are not buying a soap dispenser; they are furnishing a washroom to a code, and every item they choose is constrained by ADA and by what the room needs. So they open a dozen product categories, copy model numbers into a spreadsheet by hand, and rebuild that same schedule on the next project and the one after. The code requirements that drive the whole exercise aren't a filter anywhere. It's the same work, done manually, thousands of times a year, on top of a catalogue that already contains every answer.

I built one screen to show what it looks like when the room is the unit and the schedule comes out the end. Inside your existing site, nothing redesigned. Two minutes, and I won't chase you about it.

Want me to send it over?

[Sender Name]
Bothmade","Subject: Here it is

Here it is.

Washroom type and fixture count at the top; a schedule builds underneath as you choose, with the ADA-required items flagged rather than left to memory. It exports with model numbers, specs and CAD for the drawing set — which is the bit that can't happen today and the reason architects keep a spreadsheet instead.

It's a static design rather than a working build, so nothing clicks. I'd rather show you the idea honestly than fake a demo.

Two questions I'd genuinely like your view on either way: is fixture count enough to drive the schedule, or does occupancy have to come into it? And would your specification team want to own the compliance logic behind something like this?

[Sender Name]","A specifier is furnishing a washroom to a code, not buying a soap dispenser — and your catalogue is organised around the dispenser.","Big company, long sales cycle, but the room-schedule idea is strong enough to get a meeting on its own.",washroom;catalogue-depth;field-run-002,85,"Thousands of accessories organised by type, for a buyer whose unit of work is a room.",ADA and code requirements decide most of the selection and are not a filter.,A washroom schedule gets rebuilt by hand in a spreadsheet on every single project.,"Room-first builder: washroom type and fixture count in, a compliant accessory schedule out. | $12,400","ADA and code filtering applied across the catalogue, not described per product. | $6,800","Schedule export with specs and CAD for the drawing set. | $5,200","Saved projects across a firm, so a standard washroom becomes a template. | $4,600","Substitution helper for when a specified item is unavailable. | $4,000",manual-processes;disconnected-tools,36000,"$24,000","$52,000",06082026
Dri-Design,Director of Sales,info@dri-design.com,Metal wall panel systems,Holland,MI,USA,https://www.dri-design.com,"A genuinely differentiated system explained in text and photographs. Nothing lets an architect see their own panel size, material and pattern before they commit a drawing to it.",cold-outreach,researched,"Subject: Your differentiator is a paragraph

Hi [First Name],

I went through dri-design.com the way a facade architect would: a rainscreen for a university building, a module that reads well at three storeys, and an attachment that a review board's consultant will accept without a special condition.

The system itself is genuinely differentiated — no sealants, no exposed fasteners, panels that come off individually. That is a real engineering argument.

But there's a structural problem underneath it that isn't anyone's fault. That argument is currently a paragraph and a set of finished-building photographs. An architect can read what the system does; they cannot see it doing it at their module, in their material, with their perforation. And the elevation is where facade decisions actually get made — module size and shadow line at scale, not a photograph of someone else's building. So the design gets developed in a model with a generic panel in it, and by the time your rep is in the room the geometry is already fixed around somebody else's system.

I built one screen to show what your panels look like when an architect can vary them on an elevation. Inside your existing site, nothing redesigned. Two minutes, and I won't chase you about it.

Want me to send it over?

[Sender Name]
Bothmade","Subject: Here it is

Here it is.

Module size, material, finish and perforation down the side; an elevation in the middle that redraws as you change them, at a scale where shadow line actually reads. The attachment detail sits underneath as something a specifier can pull straight into a drawing — which is the bit that can't happen today.

It's a static design rather than a working build, so nothing clicks. I'd rather show you the idea honestly than fake a demo.

Two questions I'd genuinely like your view on either way: is module size the first decision, or material? And would you want a randomised-pattern option in here, or does that create drawings you cannot price?

[Sender Name]","Your system is differentiated by how the panels attach, and the site explains that in prose — an architect cannot see their own module, material and pattern before they commit a drawing to it.",Design-led facade buyer. The elevation view is what gets shared internally — that is the viral bit.,facade;configurator;field-run-002,86,"Panel module, material and finish are the design decision, and none of them can be varied on screen.",The attachment system — the actual differentiator — is a paragraph rather than a demonstration.,"Project photos show finished buildings, not the choices that produced them.","Panel configurator: module size, material, finish and perforation, shown on a facade elevation. | $11,800","Attachment system shown as a detail a specifier can drop into a drawing. | $5,600","Spec text and CAD generated from the configuration. | $4,400","Facade pattern tool for randomised or gradient panel layouts. | $6,800","Project archive filtered by panel and material rather than by building type. | $3,400",manual-processes;disconnected-tools,31000,"$21,000","$44,000",06082026
Hendrick Architectural Products,Director of Sales,info@hendrickarch.com,Perforated metal architectural products,Carbondale,PA,USA,https://www.hendrickarch.com,"Perforation patterns, materials and finishes shown as a gallery. No way to filter by open area or free area, which is the number mechanical screens and sunshades live or die by.",cold-outreach,researched,"Subject: Free area decides the job

Hi [First Name],

I went through hendrickarch.com the way a mechanical engineer would on a parking structure: a screen wall that hides rooftop equipment, needs a defined free area for airflow, and has to look deliberate rather than like a fence.

The fabrication range is clearly serious, and the image-perforation work in particular is something most of your competitors cannot do at all.

But there's a structural problem underneath it that isn't anyone's fault. Screening jobs are specified on free area — a percentage the engineer arrives already holding — and your patterns are presented as a gallery with no way to filter by it. So the one number that decides the job is the one number the site never asks about. Then framing and attachment, which turn a perforated sheet into something a contractor can install, are described somewhere else again, so nobody sees the assembly they're actually buying.

I built one screen to show what it looks like when free area is the first filter and the assembly comes with the pattern. Inside your existing site, nothing redesigned. Two minutes, and I won't chase you about it.

Want me to send it over?

[Sender Name]
Bothmade","Subject: Here it is

Here it is.

Free area, hole size, spacing, material and gauge down the left; the patterns that qualify to the right, each shown at scale rather than as a line drawing. Choosing one brings the framing and attachment with it, so what's on screen is the assembly rather than a sheet. That's the bit that can't happen today.

It's a static design rather than a working build, so nothing clicks. I'd rather show the idea honestly than fake a demo.

Two questions, whether or not this goes anywhere: is free area the term your engineers use, or do they say open area and mean this? And should the image-perforation work sit inside this tool or stay its own thing?

[Sender Name]","Mechanical screens and sunshades are specified on free area, and your patterns cannot be filtered by it — so the number that decides the job is the number the site never asks about.",Image perforation is their most impressive capability and the hardest thing to explain in words. It demos beautifully.,facade;spec-data;field-run-002,83,Free area and open area decide mechanical screening jobs and cannot be filtered on.,Patterns shown as a gallery rather than something you can narrow by hole size and spacing.,Framing and attachment options are described separately from the perforated sheet they hold.,"Pattern finder on open area, hole size, spacing, material and gauge. | $8,600","Application entry for mechanical screening, sunshades and column covers with the relevant constraints. | $5,400","Framing and attachment shown with the pattern, as one assembly. | $4,200","Image perforation preview — the pattern derived from an image, which is your most-shared capability. | $6,600","Project archive indexed by pattern. | $3,200",outdated-design;poor-seo;manual-processes,23000,"$15,000","$33,000",06082026
Cambridge Architectural,Director of Business Development,info@cambridgearchitectural.com,Architectural wire mesh systems,Cambridge,MD,USA,https://www.cambridgearchitectural.com,"Sells systems rather than mesh, which is right — but the site presents systems as case studies, so a specifier cannot get from an application to an attachment method and a mesh.",cold-outreach,researched,"Subject: The system is the product, and it's shown as a case study

Hi [First Name],

I went through cambridgearchitectural.com the way a facade consultant would: mesh infill on a parking structure, a span that needs to be defensible under wind load, and an attachment detail the structural engineer will sign.

You're already doing the thing most of your category gets wrong — selling a system rather than a roll of mesh. The engineering around attachment is where the value actually sits and you clearly know that.

But there's a structural problem underneath it that isn't anyone's fault. Those systems are presented as case studies, and a case study is a story about someone else's building. A specifier can't get from their own application — facade, railing infill, sunshade, security screen — to an attachment method and a mesh that suits it. Span, wind load and mesh weight interact in ways the site never lets them reason about, so the reasoning happens on a call with your engineers, hundreds of times a year, before anyone knows whether it's a real project.

I built one screen to show what it looks like when the application comes first and the attachment comes with it. Inside your existing site, nothing redesigned. Two minutes, and I won't chase you about it.

Want me to send it over?

[Sender Name]
Bothmade","Subject: Here it is

Here it is.

Application at the top — facade, railing infill, sunshade, screen — and underneath, the attachment methods that suit it with span guidance attached, then only the meshes that system can actually carry. That last constraint is the bit that can't happen today, and it's what stops a specification arriving that your engineers have to talk someone out of.

It's a static design rather than a working build, so nothing clicks, and the span figures are placeholders rather than yours. I'd rather show the idea honestly than fake a demo.

Two questions I'd genuinely like your view on either way: is publishing span guidance something you'd do, or does it have to stay an engineered conversation? And is application the right first filter, or is it building type?

[Sender Name]","You sell systems rather than mesh, and the systems are presented as case studies — so a specifier cannot get from their application to an attachment method without a phone call.","They already understand they sell systems — the pitch is making that structure legible, not changing the strategy.",facade;configurator;field-run-002,85,Systems are shown as finished case studies rather than as selectable applications.,Attachment hardware is the real engineering value and appears only in project photography.,"Span, wind load and mesh weight interact and nothing on the site helps a specifier reason about it.","Application-first system selector: facade, railing infill, sunshade, security screen. | $10,200","Attachment method shown as a detail per application, with span guidance. | $6,400","Mesh selection filtered to what the chosen system can actually carry. | $5,400","Wind-load guidance tool for a given span and mesh weight. | $7,200","Case studies re-indexed by system and application rather than by client. | $3,200",manual-processes;disconnected-tools,28000,"$19,000","$40,000",06082026
Overly Door Company,Director of Sales,info@overly.com,"Acoustic, blast and specialty doors",Greensburg,PA,USA,https://www.overly.com,"Acoustic doors, blast doors and hangar doors are three unrelated buyers sharing one site, and each has to work out which half of the company they are dealing with.",cold-outreach,researched,"Subject: Three businesses behind one front door

Hi [First Name],

I went through overly.com three times. Once as a theatre consultant needing an STC 55 door. Once as a federal project manager needing a blast door with test data that will survive review. Once as an airport engineer sizing a hangar door.

Three genuinely different buyers. One website, one vocabulary, one navigation — and each of them has to work out which part of the company they're dealing with before the site becomes useful.

That's the structural problem, and it isn't anyone's fault. The acoustic buyer arrives holding a number, an STC, and has no way to ask which doors meet it — they browse product families and hope. The blast buyer wants test reports and certifications, which live in a general downloads area rather than attached to the doors they certify. And the hangar buyer wants something so different from the other two that sharing a homepage with them helps nobody.

I built one screen to show what a split entry looks like, with the acoustic side filtering on the rating a specifier already has. Inside your existing site, nothing redesigned. Two minutes, and I won't chase you about it.

Want me to send it over?

[Sender Name]
Bothmade","Subject: Here it is

Here it is.

Three doors at the top — acoustic, blast, hangar — and behind the acoustic one, an STC number goes in and the doors that hold it come back, each with its test report on the card rather than in a downloads folder. That's the bit that can't happen today, and it's the moment a spec writer decides who to name.

It's a static design rather than a working build, so nothing clicks. I'd rather show you the idea honestly than fake a demo.

Two questions I'd like your answer to either way: are those the right three doors, or is there a fourth line I've missed? And is there a reason test reports aren't public that I should know about?

[Sender Name]","Acoustic doors, blast doors and hangar doors are three unrelated buyers on one website, and each of them has to work out which part of the company they are talking to.","Different angle from Krieger: this one is about three businesses sharing a front door, not just rating-first search.",specialty-doors;navigation;field-run-002,82,Three unrelated product lines share one navigation and one vocabulary.,STC ratings — the number acoustic buyers arrive holding — cannot be filtered on.,Test data and certifications are the sales argument and they sit in a general downloads area.,"Split entry per product line, each with its own filters and language. | $8,800","Rating-first selector for the acoustic line: STC in, doors out. | $7,200","Test reports and certifications attached to the doors they belong to. | $4,400","Submittal pack per door for the contractor stage. | $5,000","Frame and hardware compatibility shown with the door. | $4,200",outdated-design;manual-processes;poor-seo,25000,"$17,000","$36,000",06082026
Ellison Bronze,Director of Sales,info@ellisonbronze.com,Custom balanced doors,Falconer,NY,USA,https://www.ellisonbronze.com,"Everything is custom, and the site shows finished photographs. There is no way for an architect to see their own size, material and stile configuration, so every enquiry starts from zero.",cold-outreach,researched,"Subject: Every enquiry starts from zero

Hi [First Name],

I went through ellisonbronze.com the way an architect on a civic entrance would: a monumental door that has to feel weighted, in bronze, at an opening size that's already fixed by the facade drawing.

The product is unusual in a way that matters — a balanced door is a genuinely different thing from a pivot, and the ones you've made are in buildings people photograph.

But there's a structural problem underneath it that isn't anyone's fault. Everything you make is custom, and a website can only show photographs of what you made for someone else. So the architect can see beautiful doors and cannot see theirs: their opening size, their material, their stile width, their glass. Every enquiry therefore starts from zero — your team asks the same three questions before a quote can begin — and a proportion of those enquiries were never real projects at all. Meanwhile the mechanism, which is the entire reason to specify a balanced door, is explained in a paragraph most architects skim.

I built one screen to show what a custom door looks like when the architect can configure theirs before they contact anyone. Inside your existing site, nothing redesigned. Two minutes, and I won't chase you about it.

Want me to send it over?

[Sender Name]
Bothmade","Subject: Here it is

Here it is.

Opening size, material, stile width and glass down the side; the door draws itself in the middle. Underneath, the balanced mechanism shown moving rather than described — it's the argument for the whole product and right now it's a paragraph. The enquiry that comes off the end carries the configuration, so your first call starts after the three questions instead of before them.

It's a static design rather than a working build, so nothing clicks. I'd rather show you the idea honestly than fake a demo.

Two questions, whether or not this goes anywhere: how much configuration is safe to show before someone talks to your team? And is restoration of your older doors a line you want more of, or one you'd rather not encourage?

[Sender Name]","Everything you make is custom and the site shows finished photographs — so an architect has no way to see their own door before starting a conversation, and every enquiry starts from zero.","Heritage manufacturer, long lead times. The restoration angle is a second revenue line their site ignores entirely.",specialty-doors;configurator;field-run-002,81,A fully custom product represented only by photographs of other people's buildings.,Balanced-door mechanics — the reason to buy one — are explained in text an architect skims.,"Enquiries arrive without size, material or configuration, so quoting starts with three questions.","Door configurator: size, material, stile width and glass, drawn as you choose. | $10,600","Balanced mechanism explained visually, since it is the entire purchase argument. | $5,800","Enquiry that arrives with a configuration and an opening size attached. | $4,000","Finish library shown on a door rather than as chips. | $4,400","Restoration route for the doors of yours already in buildings. | $3,800",outdated-design;manual-processes,24000,"$16,000","$34,000",06082026
Lorin Industries,Director of Sales,info@lorin.com,Coil anodized aluminum,Muskegon,MI,USA,https://www.lorin.com,"Sells coil to fabricators and OEMs, and the site shows flat colour chips. Nobody buying it is making something flat, so the finish is judged in a form it will never be used in.",cold-outreach,researched,"Subject: Shown flat, used formed

Hi [First Name],

I went through lorin.com the way a fabricator would: anodized coil for a formed facade panel, in a champagne tone, at a gauge that survives a brake without the finish crazing.

The anodizing itself is a real technical advantage and the durability argument is well made — this is not a coating and the site is right to insist on that.

But there's a structural problem underneath it that isn't anyone's fault. Your finishes are shown as flat chips, and nobody who buys anodized coil is making something flat. They form it, bend it, perforate it, and the finish reads completely differently once it has a radius and a shadow on it. So the material is judged in the one state it will never be used in. Alongside that, availability — alloy, gauge, coil width — is a conversation rather than a page, so a fabricator who could qualify themselves in thirty seconds has to email instead.

I built one screen to show what your finishes look like on formed material, with availability attached. Inside your existing site, nothing redesigned. Two minutes, and I won't chase you about it.

Want me to send it over?

[Sender Name]
Bothmade","Subject: Here it is

Here it is.

Finishes down the left, and the panel in the middle shown formed and lit rather than as a chip — a radius, a fold, a shadow — because that's how the material actually gets seen. Alloy, gauge and width availability sit on the same card, so a fabricator can qualify themselves without emailing anyone. That's the bit that can't happen today.

It's a static design rather than a working build, so nothing clicks. I'd rather show you the idea honestly than fake a demo.

Two questions I'd genuinely like your view on either way: is gauge the constraint fabricators hit most, or width? And would you separate the architect path from the OEM path, or does one page still serve both?

[Sender Name]","You sell coil to people who form it, and your finishes are shown as flat chips — nobody buying anodized coil is making something flat.","The ""shown flat, used formed"" observation is the sharp one — it demonstrates we understand their material.",architectural-metal;visual-selection;field-run-002,82,"Finishes shown flat, when every customer forms, bends or perforates the material.","Alloy, gauge and coil width availability is a conversation rather than a page.",Two very different audiences — architects specifying and OEMs buying — get one presentation.,"Finish viewer showing the material formed and lit, not as a flat chip. | $9,400","Availability by alloy, gauge and width so buyers can qualify themselves. | $5,800","Separate paths for specification and for volume purchasing. | $4,600","Sample program for fabricators, ordered by alloy and gauge rather than colour alone. | $3,800","Application archive showing the finish in formed products. | $3,400",outdated-design;manual-processes;poor-seo,23000,"$15,000","$33,000",06082026
Linetec,Director of Marketing,sales@linetec.com,Architectural metal finishing services,Wausau,WI,USA,https://www.linetec.com,"A finishing service with an enormous colour library, presented as PDF colour cards. The library is the product and it is not searchable.",cold-outreach,researched,"Subject: The colour library is the product

Hi [First Name],

I went through linetec.com the way an architect finishing a curtain wall would: a specific anodize tone, matched across two extruders, with an AAMA specification the glazing contractor will accept and a sample in hand before the mockup review.

The finishing capability is not in doubt — the range of finishes you hold is one of the largest in the country, and that is exactly the point.

But there's a structural problem underneath it that isn't anyone's fault. That library is your product, and it lives in PDF colour cards. Thousands of finishes that cannot be searched, cannot be filtered by gloss or specification, and cannot be matched against a reference the architect is holding. A website can show a colour card as an image; it cannot let anyone find anything in it. So the search happens by email with your team, and the architect who wanted to browse for ten minutes at 9pm goes to whoever put their colours on a page.

I built one screen to show what your library looks like when it's searchable. Inside your existing site, nothing redesigned. Two minutes, and I won't chase you about it.

Want me to send it over?

[Sender Name]
Bothmade","Subject: Here it is

Here it is.

Search at the top, filters down the left — finish type, gloss, specification, family — and the library narrows live. There's a match entry too: paste or pick a reference and the closest finishes come back, which is the bit that can't happen today and the request I'd guess your team fields most.

It's a static design rather than a working build, so nothing clicks, and the colours on screen are approximations — no screen is a colour card and I wouldn't pretend otherwise.

Two questions I'd like your answer to either way: is gloss the filter architects reach for, or is it the specification? And is matching-from-a-reference something you'd want automated, or does it need your people every time?

[Sender Name]","Your colour library is the product and it lives in PDF colour cards — thousands of finishes that cannot be searched, filtered or matched.",The library is a genuine asset sitting inside PDFs. Making it searchable is the entire pitch.,finishing;catalogue-depth;field-run-002,86,"A vast colour library distributed as PDF cards, so the core asset is unsearchable.","No way to filter by finish type, gloss, AAMA specification or LEED contribution.",Architects and glazing contractors want different things from the same library and get one presentation.,"Searchable colour library filtering on finish type, gloss level and specification. | $11,600","Colour matching entry: bring a reference, see the closest finishes. | $6,400","Sample ordering from the library rather than from a separate form. | $3,800","Specification text generation per finish for the architect's spec section. | $4,600","Contractor-facing lead time and capacity view. | $4,800",outdated-design;poor-seo;manual-processes,30000,"$20,000","$42,000",06082026
McElroy Metal,Director of Marketing,info@mcelroymetal.com,Metal roofing and building components,Bossier City,LA,USA,https://www.mcelroymetal.com,"Serves contractors, architects and post-frame builders from one catalogue, so every visitor sifts through two audiences worth of product to find their own.",cold-outreach,researched,"Subject: Three audiences, one catalogue

Hi [First Name],

I went through mcelroymetal.com as a roofing contractor would on a Monday morning: a standing seam panel for a re-roof, a colour the customer picked from a chip, and a need to know which of your plants has it in stock this week.

The manufacturing footprint is a real advantage — a plant near the job is worth more than a catalogue.

But there's a structural problem underneath it that isn't anyone's fault. Contractors, architects and post-frame builders all arrive at the same catalogue, and they want three different things in three different vocabularies. The contractor wants stock, coverage and price. The architect wants profile, finish and warranty. The post-frame builder wants something else again. So each of them wades through two audiences worth of product to find their own, and the fact that has the most commercial value — which plant has it, now — is a separate journey on a map page.

I built one screen to show what it looks like when the site asks who you are first and puts availability on the panel. Inside your existing site, nothing redesigned. Two minutes, and I won't chase you about it.

Want me to send it over?

[Sender Name]
Bothmade","Subject: Here it is

Here it is.

Who you are at the top — contractor, architect, builder — and the catalogue below narrows to what that person actually buys. Each panel carries rib height, coverage and the nearest plant that stocks it, so the availability question gets answered on the product rather than on a map. That's the bit that can't happen today.

It's a static design rather than a working build, so nothing clicks. I'd rather show the idea honestly than fake a demo.

Two questions I'd genuinely like your view on either way: is live stock something you could ever show, or is a ""stocked at"" list the realistic version? And are those the right three audiences?

[Sender Name]","Contractors, architects and post-frame builders arrive for completely different products and all three get the same catalogue.",Contractor repeat ordering is the sleeper here — they order the same panels weekly and do it by phone.,metal-roofing;navigation;field-run-002,81,Three audiences with different vocabularies share one product catalogue.,"Panel profiles are shown as drawings without a way to compare rib height, coverage and application.",Nearest-location stock and availability is a separate journey from the product.,"Audience-first entry with the catalogue filtered accordingly. | $8,400","Profile comparison: rib height, coverage, gauge and application side by side. | $6,200","Location and availability attached to the panel rather than on a map page. | $4,000","Colour visualiser on a building type rather than a chip. | $5,600","Contractor account with repeat ordering by project. | $4,800",outdated-design;manual-processes;poor-seo,25000,"$16,000","$36,000",06082026
Marco Specialty Steel,Director of Sales,sales@marcospecialtysteel.com,"Perforated, expanded and specialty metal distribution",Houston,TX,USA,https://www.marcospecialtysteel.com,"A distributor whose advantage is stock, on a website that shows a product catalogue and never mentions what is actually on the floor.",cold-outreach,researched,"Subject: Nobody calls a distributor for the catalogue

Hi [First Name],

I went through marcospecialtysteel.com as a fabricator would with a job on the floor: perforated stainless, 16 gauge, needed in two sheets, needed this week, and whoever can confirm they've got it gets the order.

The range you carry is broad and the fabrication services are a genuine differentiator against a pure catalogue seller.

But there's a structural problem underneath it that isn't anyone's fault. Nobody calls a distributor because of the catalogue — they call because of what's on the floor. Availability is the entire reason your business exists, and it appears nowhere on the website. So a fabricator who could have qualified in thirty seconds has to phone, and your inside sales team spends its day answering ""do you have"" instead of quoting. Meanwhile the quote requests that do come in arrive as free text, so each one starts with a clarifying call before anyone can price it.

I built one screen to show what it looks like when the site leads with what you have rather than what you sell. Inside your existing site, nothing redesigned. Two minutes, and I won't chase you about it.

Want me to send it over?

[Sender Name]
Bothmade","Subject: Here it is

Here it is.

Material, pattern, gauge and sheet size down the left; results to the right, each showing whether it's on the floor, at another branch, or a mill order. That's the bit that can't happen today and it's the only question your callers actually have.

Underneath, a quote request that captures spec, quantity and cut requirements as fields rather than as a paragraph, so nothing needs a clarifying call before it can be priced.

It's a static design rather than a working build, so nothing clicks. I'd rather show you the idea honestly than fake a demo.

Two questions either way: could stock ever be live from your system, or would a weekly figure be the realistic version? And is cut-to-size something you'd want people ordering without a conversation?

[Sender Name]","Your advantage is what is on the floor today, and the website is a product catalogue that never mentions stock.","Distribution, not manufacturing — the pitch is speed and availability, never brand.",distribution;inventory;field-run-002,80,"The whole reason to call a distributor is availability, and availability appears nowhere.","Perforated, expanded, wire cloth and bar grating share one flat catalogue with no filtering.","Quote requests arrive as free text, so every one starts with a clarifying phone call.","Stock-first product finder: material, pattern, gauge and sheet size, with availability shown. | $9,800","Structured quote request that captures spec, quantity and cut requirements. | $4,600","Category filtering across perforated, expanded, wire cloth and grating. | $5,200","Cut-to-size ordering with pricing logic. | $6,400","Account reordering for the fabricators who buy the same sheet monthly. | $4,200",outdated-design;manual-processes;poor-seo,21000,"$14,000","$31,000",06082026
Gordon Incorporated,Director of Sales,info@gordon-inc.com,"Metal ceilings, wall systems and interior products",Bossier City,LA,USA,https://www.gordon-inc.com,"A wide interior product range with real technical depth, presented as a product list where the acoustic and access requirements that drive selection are unfilterable.",cold-outreach,researched,"Subject: Access is the filter nobody offers

Hi [First Name],

I went through gordon-inc.com the way an architect on an airport concourse would: a metal ceiling that meets an acoustic target, in panels big enough to look calm, that maintenance can get above without a scaffold and a bad afternoon.

The product depth is real and the technical documentation behind it is better than the category average.

But there's a structural problem underneath it that isn't anyone's fault. Two things decide a metal ceiling: the acoustic value and how you get above it. Neither is something your site can be asked about. The products are listed, the data exists in a document library, and the architect has to open products one at a time to discover which ones do what they need. Then ceiling, wall and column products — which get specified together for one space — are presented apart, so the coordination that makes a concourse look like one idea has to be assembled by hand.

I built one screen to show what it looks like when the acoustic value and the access type are the filters. Inside your existing site, nothing redesigned. Two minutes, and I won't chase you about it.

Want me to send it over?

[Sender Name]
Bothmade","Subject: Here it is

Here it is.

Acoustic target and access type at the top — downward access, lay-in, concealed — and the systems that satisfy both underneath, each carrying its data on the card. Choose one and the coordinating wall and column products come with it, which is the bit that can't happen today.

It's a static design rather than a working build, so nothing clicks. I'd rather show the idea honestly than fake a demo.

Two questions I'd genuinely like your view on either way: is access the second filter, or does panel size beat it? And do ceiling and wall genuinely get specified together on your projects, or is that a story?

[Sender Name]","Acoustic performance and access requirements drive every ceiling selection you sell into, and neither is something your site can be asked about.",Access requirements — how you get above the ceiling — is the unglamorous filter nobody offers and everybody needs.,interiors;spec-data;field-run-002,80,Acoustic values and access requirements decide the selection and are not filters.,"Ceiling, wall and column products are listed apart although they get specified together.",Technical documents sit in one library rather than on the products they describe.,"Requirement-first ceiling selector: acoustic value, access type, panel size. | $9,200","Coordinated view of ceiling, wall and column products for one space. | $5,800","Technical data on the product rather than in a general library. | $4,000","Detail library for the trades installing it. | $3,600","Submittal pack generated per specified system. | $4,800",outdated-design;manual-processes;poor-seo,23000,"$15,000","$33,000",06082026
Glen-Gery,Director of Marketing,info@glengery.com,Brick and masonry products,Wyomissing,PA,USA,https://www.glengery.com,"A very large brick range made at plants across the country, and no way to see which of it is actually available in the region a project is being built in.",cold-outreach,researched,"Subject: Specified in Boston, made in Iowa

Hi [First Name],

I went through glengery.com the way an architect would on a mid-rise in New England: a face brick in a specific tone, in a size that suits the module, that will actually turn up on a truck without an eight-week surprise.

The range is one of the deepest in the country and the plant network behind it is a genuine advantage over a single-plant competitor.

But there's a structural problem underneath it that isn't anyone's fault. Brick is a national catalogue and a regional purchase. Which of your range is available where the project is being built decides whether a specification is real, and the site doesn't say. So an architect specifies from a beautiful grid of colours, the distributor tells them six weeks later that the brick comes from a plant nine hundred miles away, and the substitution that follows is a competitor's product. Every one of those is a spec you won a year earlier and lost at the last minute.

I built one screen to show what your range looks like when availability is attached to the brick. Inside your existing site, nothing redesigned. Two minutes, and I won't chase you about it.

Want me to send it over?

[Sender Name]
Bothmade","Subject: Here it is

Here it is.

Region at the top, filters down the left — tone, texture, size, classification — and the range narrows to what can actually be delivered there. Each brick shows the plant that makes it and the distributor who carries it, which is the bit that can't happen today and the reason specs get substituted at the last minute.

It's a static design rather than a working build, so nothing clicks. I'd rather show you the idea honestly than fake a demo.

Two questions I'd genuinely like your view on either way: is region the right unit, or does it need to be a distance from the project? And would showing availability this plainly cause problems with your distributors?

[Sender Name]","Your brick is made at plants across the country and specified regionally, and nothing on the site tells an architect which of the range they can actually get where they are building.",Regional availability is the argument. Architects specify bricks they cannot get and blame the manufacturer.,masonry;availability;field-run-002,85,"Regional availability decides whether a brick can be specified, and it is invisible on the site.","The colour range is a grid with no filtering by texture, size or ASTM classification.",Distributors and the specification are two separate journeys with nothing tying them together.,"Availability by region shown on the brick itself, so specifications land buildable. | $9,600","Colour selector filtering on tone, texture, size and classification. | $7,200","Distributor routing attached to the selected brick and territory. | $3,800","Wall-scale preview with mortar colour, where the real decision happens. | $6,200","Sample requests grouped per project across several bricks. | $3,400",outdated-design;manual-processes;poor-seo,29000,"$19,000","$41,000",06082026
The Belden Brick Company,Director of Sales,info@beldenbrick.com,Face brick and paving brick manufacturing,Canton,OH,USA,https://www.beldenbrick.com,The size range is the differentiator — more sizes than almost anyone — and size is not something the site lets you filter or even browse by.,cold-outreach,researched,"Subject: Your best argument isn't a filter

Hi [First Name],

I went through beldenbrick.com the way an architect resolving a facade module would: a brick in a size that makes the coursing work without a cut at every opening, in a colour that survives a client review, in something available this year.

The size range is your real argument. Very few manufacturers carry the number of sizes you do, and on the right project that decides the job outright.

But there's a structural problem underneath it that isn't anyone's fault. Size is not something the website lets anyone browse or filter by. It's mentioned, and then the visitor is handed a grid of colours like everybody else's — so the one advantage you have over every competitor is invisible at exactly the moment it would matter. The architect who has a coursing problem, and would choose you specifically to solve it, has no way to ask.

I built one screen to show what your range looks like when size is the way in. Inside your existing site, nothing redesigned. Two minutes to look at, and I won't chase you about it.

Want me to send it over?

[Sender Name]
Bothmade","Subject: Here it is

Here it is.

Size first — every size you make, across the top — and the colours available in it underneath. Pick one and it lays up at wall scale in the bond you choose, so the coursing can be seen rather than calculated. That's the bit that can't happen today, and it's the argument only you can make.

It's a static design rather than a working build, so nothing clicks. I'd rather show the idea honestly than fake a demo.

Two questions, whether this goes anywhere or not: do architects come to you because of a size problem, or do they discover the sizes once they're already talking to you? And is coursing the right thing to show, or is it the face dimension?

[Sender Name]","Your size range is the thing competitors cannot match, and size is not something a visitor can filter or browse by.","Family-run, long-established, proud of the size range. Compliment it first — it is genuinely their moat.",masonry;visual-selection;field-run-002,82,"Size is the differentiator and it is not a filter, so the advantage is invisible.",Colours are browsed as a grid with texture and blend nested inside individual pages.,Nothing shows a brick laid up at wall scale in the size being considered.,"Size-first browsing, since it is the advantage nobody else has. | $7,400","Colour and texture filtering across the whole range. | $6,000","Wall-scale preview at the chosen size and bond. | $6,400","Blend builder for custom colour mixes. | $5,200","Project archive filtered by brick rather than by building type. | $3,200",outdated-design;manual-processes,24000,"$16,000","$35,000",06082026
Elgin Butler,Director of Sales,info@elginbutler.com,Architectural and glazed structural brick,Austin,TX,USA,https://www.elginbutler.com,"Glazed structural brick is a specialty product specified for schools and transit, and the site presents it as a colour range with the performance case left implicit.",cold-outreach,researched,"Subject: You're selling a colour range, they're buying fifty years

Hi [First Name],

I went through elginbutler.com the way a school district architect would: a corridor that gets hit by a thousand backpacks a day, has to be cleaned with something industrial, and has to still look like a school in 2075.

Glazed structural brick is genuinely the right answer to that question, and the colours you make are better than the category deserves.

But there's a structural problem underneath it that isn't anyone's fault. The site sells a colour range, and the buyer is buying fifty years. The lifecycle argument — against painted block, against tile, against everything a value engineer will suggest instead — is the thing that wins the job, and it is implicit rather than made. A district facilities director who is being asked to justify the cost has nothing to take to a board meeting. And the colours themselves are shown as chips, so nobody can see the corridor they'd actually be building.

I built one screen to show what it looks like when the lifecycle case comes first and the colours are shown at wall scale. Inside your existing site, nothing redesigned. Two minutes, and I won't chase you about it.

Want me to send it over?

[Sender Name]
Bothmade","Subject: Here it is

Here it is.

The lifecycle comparison at the top — glazed brick against painted block and tile, over fifty years, with maintenance in it — then the colours below, shown as a corridor at wall scale rather than as chips. The comparison is the bit that can't happen today and the thing a facilities director needs for a board meeting.

The numbers in that comparison are mine, not yours. They're placeholders and they're exactly what I'd want you to correct — I'd rather show you the idea honestly than fake a demo.

Two questions either way: do you have real maintenance-cost data, or is that an argument made anecdotally? And is the comparison against painted block, or against something else now?

[Sender Name]","Glazed structural brick gets specified because it survives a school corridor for fifty years, and the site sells it as a colour range.",School districts buy on lifecycle cost. Nobody in this category makes that argument with numbers.,masonry;spec-data;field-run-002,79,The durability and lifecycle argument — the actual reason to specify it — is implicit rather than made.,Colours are shown as chips with no way to see a corridor or a wall at scale.,Shapes and trim units are listed apart from the wall they belong in.,"Lifecycle-first case for glazed brick against painted block and tile, with the numbers. | $6,800","Colour selector with wall and corridor previews rather than chips. | $6,400","Shapes and trim shown as part of the assembly. | $4,200","School and transit project archive indexed by colour and shape. | $3,400","Sample and spec bundle per project. | $2,900",outdated-design;poor-seo;manual-processes,19000,"$12,000","$28,000",06082026
Crossville,Director of Marketing,info@crossvilleinc.com,Porcelain tile manufacturing,Crossville,TN,USA,https://www.crossvilleinc.com,"Collections are beautifully presented and the technical attributes that decide commercial specifications — slip rating, thickness, format — are nested inside them rather than filterable across.",cold-outreach,researched,"Subject: Collections are how you organise it, not how they choose it

Hi [First Name],

I went through crossvilleinc.com the way a commercial designer would: a large-format porcelain for a hotel lobby that continues outside onto a terrace, so it needs a slip rating that works wet and a thickness that works over a pedestal system.

The collections are genuinely well made — the photography and the styling are ahead of most of the category, and the domestic manufacturing story is worth telling.

But there's a structural problem underneath it that isn't anyone's fault. Collections are how a manufacturer organises a range; they aren't how a commercial specifier chooses. That decision starts with elimination — slip rating, thickness, format — and only then becomes visual. Your technical attributes are nested inside collections, so there's no way to ask the site which tiles across the whole range are rated for a wet terrace at 20mm. The designer opens collection after collection, or asks a rep, or specifies something they already know.

I built one screen to show what it looks like when those attributes filter across everything. Inside your existing site, nothing redesigned. Two minutes, and I won't chase you about it.

Want me to send it over?

[Sender Name]
Bothmade","Subject: Here it is

Here it is.

Slip rating, thickness, format and finish across the top, filtering every collection at once, with the collections kept as a label on each result rather than as the way in. That cross-collection view is the bit that can't happen today.

It's a static design rather than a working build, so nothing clicks. I'd rather show you the idea honestly than fake a demo.

Two questions I'd genuinely like your view on, whether or not this goes anywhere: does cutting across collections undermine how they're meant to be sold, or does it only help? And is thickness a filter your commercial specifiers use, or is it decided later with the installer?

[Sender Name]","Commercial tile is eliminated on slip rating, thickness and format before anyone looks at the colour, and those live inside your collections rather than across them.","Collections are a marketing structure, not a buying structure. Say that carefully — someone owns those collections.",tile;spec-data;field-run-002,84,"Technical attributes are nested inside collections, so cross-collection filtering is impossible.",Commercial and residential buyers share one presentation despite eliminating on different things.,Sample and spec requests are separate from the tile that prompted them.,"Cross-collection filtering on slip rating, thickness, format and finish. | $10,200","Commercial entry that starts from application rather than from collection. | $6,400","Samples and specs requested from the tile on screen. | $3,800","Floor-scale preview with grout colour. | $5,800","Designer accounts with saved boards per project. | $4,200",manual-processes;poor-seo,28000,"$19,000","$40,000",06082026
Delta Millworks,Director of Sales,info@deltamillworks.com,Charred and finished wood siding,Austin,TX,USA,https://www.deltamillworks.com,"Species, char level, brushing and finish multiply into hundreds of results, presented as named products — so the combination an architect wants has to be described in an email.",cold-outreach,researched,"Subject: Species × char × brushing × finish

Hi [First Name],

I went through deltamillworks.com the way an architect on a modern house would: charred cypress, a char deep enough to read as black in shade, brushed enough that it doesn't come off on a hand, in a finish the client won't have to think about for a decade.

The material is beautiful and the photography does it justice — this is a product that sells itself when someone can see it properly.

But there's a structural problem underneath it that isn't anyone's fault. Species times char level times brushing times finish is several hundred valid results, and a website can only present a handful of named products. So everything else — including whatever the architect actually wants — exists only in a conversation with your team, or on a sample that takes a week to arrive and shows one board rather than an elevation. The decision that would take five minutes on a screen takes two weeks by post.

I built one screen to show what those variables look like when they're on the page. Inside your existing site, your brand untouched. Two minutes, and I won't chase you about it.

Want me to send it over?

[Sender Name]
Bothmade","Subject: Here it is

Here it is.

Species, char level, brushing and finish down the side; the board updates as you move them, and there's an elevation view because a single board and a wall of it are not the same decision. That elevation is the bit that can't happen today, and it's where most of the surprises come from.

It's a static design rather than a working build, so nothing clicks, and the boards are drawn rather than photographed at every combination. I'd rather show you the idea honestly than fake a demo.

Two questions, whether or not this goes anywhere: is char level the variable architects get wrong most? And would showing how a finish weathers over five years help you, or start arguments?

[Sender Name]","Species times char level times brushing times finish is hundreds of results, and the site presents a few named products — the rest exists only in conversation.","Architect-led, design-driven buyer. The weathering view is the one nobody else can show and everybody asks about.",timber;visual-selection;field-run-002,84,Hundreds of valid combinations presented as a handful of named products.,Char level and brushing change the material completely and cannot be varied on screen.,"Samples are the only way to see a combination, and they take a week.","Combination viewer: species, char, brushing and finish, shown at board scale. | $9,800","Elevation preview so the material is judged at building scale, not board scale. | $6,400","Sample requests carrying the exact combination. | $3,400","Weathering preview showing how a finish moves over five years. | $5,600","Architect accounts with saved combinations per project. | $3,400",manual-processes;disconnected-tools,23000,"$15,000","$33,000",06082026
Montana Timber Products,Director of Sales,info@montanatimberproducts.com,Reclaimed and finished wood siding,Kalispell,MT,USA,https://www.montanatimberproducts.com,"Profiles, textures and finishes are shown as separate product pages, and the thing a client actually approves — a wall of it in one finish — is never shown.",cold-outreach,researched,"Subject: A board and a wall are different decisions

Hi [First Name],

I went through montanatimberproducts.com the way a custom home builder would: siding for a mountain house, a texture that reads rustic without reading fake, in a finish that survives a Montana winter and a client who will approve it from a photo.

The material is the strength and the finishing work clearly gets done properly, which in reclaimed siding is not a given.

But there's a structural problem underneath it that isn't anyone's fault. Profile, texture and finish are three pages, and they get chosen together as one decision. Worse, every product is photographed as a board — and nobody approves a board. The homeowner approves a wall. So the builder shows a client a photograph of six inches of timber, the client says yes, and then the elevation goes up and the conversation starts again. That gap is where change orders live.

I built one screen to show what your material looks like at wall scale, with the combination selectable. Inside your existing site, nothing redesigned. Two minutes, and I won't chase you about it.

Want me to send it over?

[Sender Name]
Bothmade","Subject: Here it is

Here it is.

Profile, texture and finish across the top, and a wall underneath rather than a board — because that's what the homeowner is actually approving, and it's the bit that can't happen today. The sample request carries the exact combination, so nobody's ordering ""the grey one"".

It's a static design rather than a working build, so nothing clicks. I'd rather show you the idea honestly than fake a demo.

Two questions I'd like your answer to either way: do your builders show clients the website directly, or do they present their own boards? And is finish the change-order risk, or is it texture?

[Sender Name]","A homeowner approves a wall, not a board, and every product on the site is photographed as a board.","Builders are the repeat buyer, homeowners are the approver. Build for the builder, show for the homeowner.",timber;visual-selection;field-run-002,78,"Profile, texture and finish are separate pages although they get chosen together.","Nothing shows the siding at wall scale, which is the only scale a client approves at.",Dealers and direct buyers arrive at the same page with different questions.,"Profile × texture × finish viewer with a wall-scale preview. | $8,600","Dealer and direct routing so each buyer gets the right next step. | $3,800","Sample request carrying the combination. | $3,200","Elevation mock-up tool for builders presenting to homeowners. | $5,400","Regional dealer availability. | $3,000",outdated-design;manual-processes,18000,"$12,000","$27,000",06082026
Trussbilt,Director of Business Development,sales@trussbilt.com,"Detention doors, frames and security hollow metal",St. Paul,MN,USA,https://www.trussbilt.com,"Security grades and detention standards decide every specification here, and the site is organised by product type with the grades described inside each one.",cold-outreach,researched,"Subject: Everything starts from the grade

Hi [First Name],

I went through trussbilt.com the way a detention contractor would: a housing unit, a security grade set by the corrections consultant, and an assembly of door, frame and hardware that has to be certified as a unit rather than as three good parts.

The manufacturing credibility is obvious — this is clearly a company that has been doing detention work for a long time and knows what the environment does to a product.

But there's a structural problem underneath it that isn't anyone's fault. Every specification in this category starts from a security grade, and the site is organised by product type, so the grade — the one thing everyone arrives with — has to be discovered inside each product page. And the certification that actually matters is on the assembly, not on the door alone, while the site presents doors, frames and windows separately. So the person specifying has to reassemble your catalogue in their head to find out what is certified together.

I built one screen to show what it looks like when the grade filters first and the assembly holds together. Inside your existing site, nothing redesigned. Two minutes, and I won't chase you about it.

Want me to send it over?

[Sender Name]
Bothmade","Subject: Here it is

Here it is.

Security grade at the top, and underneath it the assemblies that hold it — door, frame, hardware, window — as one thing with the certification on the card. That assembly view is the bit that can't happen today, and it's the question your inside team probably answers most.

It's a static design rather than a working build, so nothing clicks. I'd rather show you the idea honestly than fake a demo.

Two questions I'd genuinely like your view on either way: is grade the right first filter, or is it facility type? And are there assemblies you'd rather not publish because they get value-engineered apart?

[Sender Name]","Every specification in detention starts from a security grade, and your site is organised by product type with the grades described one product at a time.","Detention contractors are a small, repeat audience — the assembly view saves them real time and they will notice.",detention;spec-data;field-run-002,81,Security grade is the first filter in every detention specification and it is not a filter.,"Doors, frames and windows get specified as an assembly and are presented separately.",Test data and certifications sit in a general library rather than on the products they certify.,"Grade-first selector across doors, frames and windows. | $9,400","Assembly view: door, frame and hardware that are certified together. | $6,600","Certifications attached to each product rather than filed centrally. | $4,200","Submittal package per opening for the detention contractor. | $5,400","Retrofit route for the facilities already running your product. | $3,600",outdated-design;poor-seo;manual-processes,24000,"$16,000","$34,000",06082026
American Nickeloid,Director of Sales,sales@nickeloid.com,Plated and coated metal coil,Peru,IL,USA,https://www.nickeloid.com,"Sells a finish on a substrate to manufacturers, and the site describes capabilities in prose — so a buyer cannot check whether their alloy, gauge and finish combination is possible without a phone call.",cold-outreach,researched,"Subject: Can you do this, in this gauge, in this finish?

Hi [First Name],

I went through nickeloid.com as a product engineer would: a plated steel coil for a formed component, in a gauge that runs on our press, in a finish that survives a salt spray test and looks acceptable on a shelf.

The plating capability is real and the fact you run coil rather than parts is exactly what a manufacturer like ours needs.

But there's a structural problem underneath it that isn't anyone's fault. Every buyer arrives with the same question — can you do this, in this substrate, at this gauge and width, in this finish — and the site answers it in prose. Prose written well, but written for nobody in particular, so the engineer has to email to find out whether they're even a customer. Meanwhile the finishes are described rather than shown on the substrates they're applied to, so the two things a buyer wants to check, feasibility and appearance, both require a phone call.

I built one screen to show what it looks like when the site answers that question directly. Inside your existing site, nothing redesigned. Two minutes, and I won't chase you about it.

Want me to send it over?

[Sender Name]
Bothmade","Subject: Here it is

Here it is.

Substrate, gauge, width and finish at the top; the answer underneath — yes, no, or yes with a caveat — and the finish shown on that substrate rather than described. That direct answer is the bit that can't happen today, and it's the question your inside sales team fields all day.

It's a static design rather than a working build, so nothing clicks, and the limits shown are placeholders rather than your real capability. I'd rather show the idea honestly than fake a demo.

Two questions I'd like your answer to either way: are the capability limits something you'd publish, or does it vary too much by line? And is width the constraint buyers hit most, or gauge?

[Sender Name]","A buyer wants to know whether their alloy, gauge and finish combination is possible, and your site answers that in prose written for nobody in particular.","Quiet, technical, long-standing manufacturer. The capability checker is the whole pitch — nothing flashy.",metal-finishing;spec-data;field-run-002,78,Capability described in prose rather than as something a buyer can check against their own spec.,Finish options are not shown on the substrates they are applied to.,The site does not distinguish between an OEM buyer and a designer specifying a look.,"Capability checker: substrate, gauge, width and finish in, feasible or not out. | $8,800","Finish library shown on real substrates rather than described. | $5,400","Separate paths for OEM purchasing and design specification. | $4,000","Sample program by substrate and finish combination. | $3,400","Application archive showing where each finish is used. | $3,000",outdated-design;poor-seo;manual-processes,20000,"$13,000","$29,000",06082026
Accurate Perforating,Director of Sales,sales@accurateperforating.com,Perforated metal manufacturing and distribution,Chicago,IL,USA,https://www.accurateperforating.com,"Runs both custom perforating and stock sheet sales through one site, so the fabricator wanting a stock sheet today and the OEM wanting tooling get the same undifferentiated path.",cold-outreach,researched,"Subject: Two different sales, one path

Hi [First Name],

I went through accurateperforating.com twice: once as a small fabricator who needs two sheets of a stock pattern by Thursday, and once as an OEM engineer weighing up whether custom tooling for a 40,000-piece run makes sense.

Those are two entirely different sales. One is transactional and wants stock and a price. The other is consultative and wants to talk about tooling, volume and lead time.

That's the structural problem, and it isn't anyone's fault: both of them currently get the same path through the site. The fabricator can't browse stock patterns and sizes in a way that lets them self-serve, so they call. The OEM can't tell you enough about their project through a general enquiry form, so their first conversation with you is spent gathering facts rather than solving anything. Each audience is being slowed down by the other one's needs.

I built one screen to show what a split path looks like, with the stock side actually browsable. Inside your existing site, nothing redesigned. Two minutes, and I won't chase you about it.

Want me to send it over?

[Sender Name]
Bothmade","Subject: Here it is

Here it is.

Two doors at the top. Behind the stock one, patterns and sheet sizes you can browse and filter with availability shown — that's the bit that can't happen today, and it's what stops the small orders coming in by phone. Behind the custom one, an enquiry that asks about volume, tooling and lead time, so your first call is a conversation rather than an interview.

It's a static design rather than a working build, so nothing clicks. I'd rather show you the idea honestly than fake a demo.

Two questions, whether or not this goes anywhere: is stock a business you want more of, or is it a distraction from the tooling work? And what would you need to know from a custom enquiry to quote without a call?

[Sender Name]","A fabricator who wants a stock sheet today and an OEM who needs custom tooling are two completely different sales, and both get the same path through your site.","Two businesses again — stock is transactional, custom is consultative. One site cannot serve both without splitting.",industrial-manufacturing;navigation;field-run-002,80,Stock sales and custom tooling work share one undifferentiated journey.,Stock patterns and sizes are not browsable in a way that lets a buyer self-serve.,"Custom enquiries arrive without the information needed to quote, so each starts with a call.","Split path: stock sheet purchase and custom perforating enquiry. | $7,600","Stock pattern browser with sizes and availability. | $6,800","Structured custom enquiry capturing pattern, material, volume and tooling needs. | $4,400","Cut-to-size ordering for the stock side. | $5,600","Reorder history for the fabricators who buy monthly. | $3,800",outdated-design;manual-processes;poor-seo,21000,"$13,000","$30,000",06082026
Direct Metals Company,Director of Marketing,sales@directmetals.com,"Perforated, expanded metal and grating distribution",Lithia Springs,GA,USA,https://www.directmetals.com,"A distributor with a broad catalogue and no filtering worth the name. Product families are pages, and the specification a buyer holds cannot be matched against them.",cold-outreach,researched,"Subject: They arrive holding a spec

Hi [First Name],

I went through directmetals.com the way a fabricator would with a drawing on the bench: expanded metal, a specific pattern designation, a specific gauge, and a need to know today whether it's coming from your floor or from a mill in six weeks.

The breadth of what you carry is the argument for using you over a mill, and that comes across.

But there's a structural problem underneath it that isn't anyone's fault. Everyone arriving at a distributor's website is holding a specification — a designation, a gauge, a sheet size — and there is nothing on the site to match it against. The catalogue is a set of family pages, so a buyer has to read their way to an answer instead of searching for one. And the two facts that decide whether they buy from you or from someone else, availability and lead time, aren't on the site at all. So every one of those becomes a phone call, and your inside team spends the day answering questions the website already contains the answers to.

I built one screen to show what it looks like when a held specification can be typed in and matched. Inside your existing site, nothing redesigned. Two minutes, and I won't chase you about it.

Want me to send it over?

[Sender Name]
Bothmade","Subject: Here it is

Here it is.

The specification goes in at the top — designation, material, gauge, sheet size — and what comes back is what matches, with availability and a lead-time band on each one. That match is the bit that can't happen today, and it's what turns a phone call into an order.

It's a static design rather than a working build, so nothing clicks, and the availability shown is illustrative rather than from your system. I'd rather show the idea honestly than fake a demo.

Two questions I'd like your answer to either way: could lead time come from your system, or would a manual band be more honest? And do buyers search by designation, or do they describe what they want?

[Sender Name]",Your buyers arrive with a specification in hand and your catalogue is a set of family pages — there is nothing to match one against the other.,"Same shape as Marco but a bigger catalogue — lead with matching a held specification, not with stock.",distribution;catalogue-depth;field-run-002,79,"Broad catalogue with no filtering, so a buyer holding a spec has to read rather than search.",Availability and lead time — the reason to use a distributor — are absent.,Quote requests are free text and every one needs a clarifying call.,"Spec-matching finder across perforated, expanded and grating. | $9,200","Availability and lead time shown per product. | $5,800","Structured quote request with quantity and cut requirements. | $4,000","Account reordering for repeat fabricators. | $4,400","Cut-to-size pricing on the stock lines. | $5,200",outdated-design;poor-seo;manual-processes,21500,"$14,000","$31,000",06082026
