company,email,phone,industry,city,state,country,originalWebsite,source,status,personalisedColdEmail,mockupEmail,personalizedObservation,salesNote,tags,leadScore,estimatedValue,lowestEstimate,highestEstimate,dateAdded
Asheville Aesthetic Dental Partners,admin@aadentalpartners.com,(828) 670-9894,Cosmetic dentistry,Asheville,NC,USA,https://aadentalpartners.com,cold-outreach,researched,"Subject: the $15k case that didn't call

Hi [First Name],

Went looking for veneers in Asheville the way a patient does. Nine at night, on a phone, three years of putting it off. Found Asheville Aesthetic Dental Partners. Couldn't find a case that looked like mine, couldn't find a price, couldn't book.

That's the biggest case of the month deciding not to call you.

Cases first, filterable, a price range said out loud, and a booking that works at 9pm.

Let me build it for you. A real homepage for Asheville Aesthetic Dental Partners, on me, before we ever talk money. If it's good you'll know in ten seconds. If it isn't, you've lost nothing.

Want me to build it?

[Sender Name]
Bothmade","Subject: here it is

Here it is.

Cases at the top, filterable by treatment. The range stated in real numbers. Booking that doesn't need your front desk awake.

It's a design, not a build — nothing clicks yet. Didn't want to fake a demo.

One thing I'd want your read on: veneers or implants — which pays you better?

[Sender Name]",the cases and the price range are the two things a $15k patient wants and the two hardest things to reach,Address published by the business itself — verified in research.,field-run-010;cosmetic-dentistry;NC;confirmed-email,85,12000,"$6,000","$22,000",06082026
Attune Med Spa,stamford@attunemedspa.com,(203) 973-7829,Med spa,Stamford,CT,USA,https://attunemedspa.com,cold-outreach,researched,"Subject: the booking you lost last night

Hi [First Name],

Looked you up the way a new client does — evening, phone, already decided she wants tox, just picking where. Attune Med Spa won on reviews. Then booking meant calling in the morning.

A booking a night walks that way. Silently. No missed call, no voicemail, nothing to review on Monday.

Booking belongs on the homepage, next to the reviews, working at midnight.

I'd like to build it and show you. One homepage, designed for Attune Med Spa, free. Not a template with your logo on it. The real thing, and it's yours whether we work together or not.

Want it?

[Sender Name]
Bothmade","Subject: built it

Built it. Here.

Booking sits on the homepage next to your reviews. Two taps to Thursday at six. That's the part your site can't do tonight.

It's a design, not a build — nothing clicks yet. Didn't want to fake a demo.

One thing I'd want your answer on: is membership what you'd push hardest here, or first-visit tox?

[Sender Name]",the reviews do the selling and the booking is a phone number that stops answering at five,Address published by the business itself — verified in research.,field-run-010;med-spa;CT;confirmed-email,85,10000,"$5,000","$18,000",06082026
Bend Custom Homes and Remodeling,jim@bendch.com,(541) 668-2810,Custom home building,Bend,OR,USA,https://bendch.com,cold-outreach,researched,"Subject: they couldn't find their house

Hi [First Name],

Went through Bend Custom Homes and Remodeling's portfolio the way a couple with a lot and three million dollars does — hunting for the one house that looks like the one in their head. Couldn't sort by budget, style or scope. Just scrolled.

That's a real project deciding you're not the one, on no evidence either way.

Sort the work the way buyers actually choose, and put the process where the fear is.

Here's my offer. I'll design that page for Bend Custom Homes and Remodeling and send it over. No charge, no meeting to get it, no invoice at the end. Keep it either way — I'd rather you saw the work than read about it.

Worth a look? One word back and I'll start.

[Sender Name]
Bothmade","Subject: here it is

Here it is — Bend Custom Homes and Remodeling, as promised.

Projects sortable the way buyers choose, and the build process laid out month by month, which is the part they're actually frightened of.

Static design, so nothing on it works yet. I'd rather show you the real idea than a fake demo.

One question: would you ever show budget bands publicly, or is that a fight with your sales process?

[Sender Name]","the portfolio is the whole sale and there is no way to sort it by budget, style or scope",Address published by the business itself — verified in research.,field-run-010;custom-home-building;OR;confirmed-email,85,22000,"$12,000","$35,000",06082026
Bliss Kitchen Remodeling Albany,info@blisskitchenremodelingalbanyny.com,(518) 380-2884,Kitchen and bath remodeling,Albany,NY,USA,https://blisskitchenremodelingalbanyny.com,cold-outreach,researched,"Subject: the tire-kicker problem

Hi [First Name],

Looked at Bliss Kitchen Remodeling Albany the way a homeowner with a sixty-thousand-dollar kitchen in mind does. Your finished work is good. There was no way to find a kitchen like mine, and no way to tell you what my job actually is.

That's a $60k kitchen going to the company whose site made it feel easy.

Projects filterable by room, style and budget. A form that asks about the job, so it arrives ready to quote.

I'd like to build it and show you. One homepage, designed for Bliss Kitchen Remodeling Albany, free. Not a template with your logo on it. The real thing, and it's yours whether we work together or not.

Want me to build it?

[Sender Name]
Bothmade","Subject: Bliss Kitchen Remodeling Albany — built it

Built it. Here.

Before-and-afters filterable by room, style and budget band. The inquiry asks about the room, the scope and the timing — so it lands ready to quote instead of ready to interview.

It's a design, not a build — nothing clicks yet. Didn't want to fake a demo.

One question: what do you wish every inquiry told you before you called them back?

[Sender Name]",before-and-afters are what sell this and they sit in a gallery nobody can filter,Address published by the business itself — verified in research.,field-run-010;kitchen-and-bath-remodeling;NY;confirmed-email,85,8500,"$4,000","$15,000",06082026
Blue Wave Pools,info@bluewavepools.com,(225) 324-9615,Pool building,Baton Rouge,LA,USA,https://bluewavepools.net,cold-outreach,researched,"Subject: what does one like mine cost

Hi [First Name],

Your builds look excellent. I went looking for one like mine and scrolled past sixty that weren't. Then couldn't find a starting number.

So they call whoever showed them a pool like theirs, with a number attached.

Gallery filterable by size, style and budget. A starting number said out loud.

So here's what I'll do. I'll build Blue Wave Pools that homepage. Free. Not a slide, not a proposal — the actual page, designed for your business. Yours to keep whether you hire me or not.

Want me to build it?

[Sender Name]
Bothmade","Subject: built it

Here it is — Blue Wave Pools, as promised.

Builds filterable by size, style and budget band, with a starting range stated plainly and a timeline from signing to swimming.

Static design, so nothing on it works yet. I'd rather show you the real idea than a fake demo.

One question: would you publish a starting price, or does that cost you more than it wins?

[Sender Name]","the gallery cannot be sorted, so nobody finds a build that looks like their own yard",Address published by the business itself — verified in research.,field-run-010;pool-building;LA;confirmed-email,85,10000,"$5,000","$18,000",06082026
Brian Keith Pools,info@briankeithpools.com,(225) 241-0469,Pool building,Prairieville,LA,USA,https://briankeithpools.com,cold-outreach,researched,"Subject: sorting your pools

Hi [First Name],

Your builds look excellent. I went looking for one like mine and scrolled past sixty that weren't. Then couldn't find a starting number.

So they call whoever showed them a pool like theirs, with a number attached.

Gallery filterable by size, style and budget. A starting number said out loud.

So here's what I'll do. I'll build Brian Keith Pools that homepage. Free. Not a slide, not a proposal — the actual page, designed for your business. Yours to keep whether you hire me or not.

Want me to build it?

[Sender Name]
Bothmade","Subject: here it is

Here it is — Brian Keith Pools, as promised.

Builds filterable by size, style and budget band, with a starting range stated plainly and a timeline from signing to swimming.

Static design, so nothing on it works yet. I'd rather show you the real idea than a fake demo.

One question: would you publish a starting price, or does that cost you more than it wins?

[Sender Name]","the gallery cannot be sorted, so nobody finds a build that looks like their own yard",Address published by the business itself — verified in research.,field-run-010;pool-building;LA;confirmed-email,85,10000,"$5,000","$18,000",06082026
Cantrell Dental,office@cantrelldental.com,(501) 500-2019,Cosmetic dentistry,Little Rock,AR,USA,https://cantrelldental.com,cold-outreach,researched,"Subject: your veneer cases

Hi [First Name],

Your case work is good. I had to dig for it — two menus deep, on a phone, at the exact moment somebody decides to spend fifteen thousand dollars on their teeth.

That's the biggest case of the month deciding not to call you.

Before-and-afters up front, the range in plain numbers, financing mentioned before they ask.

So here's what I'll do. I'll build Cantrell Dental that homepage. Free. Not a slide, not a proposal — the actual page, designed for your business. Yours to keep whether you hire me or not.

Say yes and it's yours by Friday.

[Sender Name]
Bothmade","Subject: Cantrell Dental — built it

Built it. Here.

A homepage built for the cosmetic patient rather than the check-up patient — cases, price, and one tap to a consult.

Static design, so nothing on it works yet. I'd rather show you the real idea than a fake demo.

One question: does a price range on the site bring you better calls or worse ones?

[Sender Name]",the cases and the price range are the two things a $15k patient wants and the two hardest things to reach,Address published by the business itself — verified in research.,field-run-010;cosmetic-dentistry;AR;confirmed-email,85,12000,"$6,000","$22,000",06082026
Carey Custom Interiors,scott@careyny.com,(518) 331-6991,Kitchen and bath remodeling,Albany,NY,USA,https://careyny.com,cold-outreach,researched,"Subject: the tire-kicker problem

Hi [First Name],

Looked at Carey Custom Interiors the way a homeowner with a sixty-thousand-dollar kitchen in mind does. Your finished work is good. There was no way to find a kitchen like mine, and no way to tell you what my job actually is.

That's a $60k kitchen going to the company whose site made it feel easy.

Projects filterable by room, style and budget. A form that asks about the job, so it arrives ready to quote.

I'd like to build it and show you. One homepage, designed for Carey Custom Interiors, free. Not a template with your logo on it. The real thing, and it's yours whether we work together or not.

Worth a look? One word back and I'll start.

[Sender Name]
Bothmade","Subject: Carey Custom Interiors — built it

Here it is — Carey Custom Interiors, as promised.

Before-and-afters filterable by room, style and budget band. The inquiry asks about the room, the scope and the timing — so it lands ready to quote instead of ready to interview.

It's a design, not a build — nothing clicks yet. Didn't want to fake a demo.

One question: what do you wish every inquiry told you before you called them back?

[Sender Name]",before-and-afters are what sell this and they sit in a gallery nobody can filter,Address published by the business itself — verified in research.,field-run-010;kitchen-and-bath-remodeling;NY;confirmed-email,85,8500,"$4,000","$15,000",06082026
Cascade Custom Homes Bend,cpdbuilder@gmail.com,(541) 390-8258,Custom home building,Bend,OR,USA,https://bendoregoncustomhomebuilder.com,cold-outreach,researched,"Subject: the inquiry that wasted your Tuesday

Hi [First Name],

Your work is the sale. I looked at it the way a buyer does and there was no way to narrow it — no budget band, no style, no scope. Forty thumbnails and good luck.

And the inquiries that do land ask for a name and a message, so your first call is an interview instead of a conversation.

Portfolio filterable by budget band, style and scope. Inquiry that asks about the lot, the number and the timing.

Let me build it for you. A real homepage for Cascade Custom Homes Bend, on me, before we ever talk money. If it's good you'll know in ten seconds. If it isn't, you've lost nothing.

Say yes and it's yours by Friday.

[Sender Name]
Bothmade","Subject: Cascade Custom Homes Bend — built it

Built it. Here.

Portfolio filterable by budget, style and scope — so a couple with a specific project finds theirs in about nine seconds. Inquiry that arrives with the lot, the number and the timing on it.

It's a design, not a build — nothing clicks yet. Didn't want to fake a demo.

One thing I'd want your answer on: what do you wish every inquiry told you before you called them back?

[Sender Name]","the portfolio is the whole sale and there is no way to sort it by budget, style or scope",Address published by the business itself — verified in research.,field-run-010;custom-home-building;OR;confirmed-email,85,22000,"$12,000","$35,000",06082026
DES Home Renovations,info@deshomerenovations.com,(609) 528-4066,Custom home building,Princeton,NJ,USA,https://deshomerenovations.com,cold-outreach,researched,"Subject: filtering your projects

Hi [First Name],

Your work is the sale. I looked at it the way a buyer does and there was no way to narrow it — no budget band, no style, no scope. Forty thumbnails and good luck.

And the inquiries that do land ask for a name and a message, so your first call is an interview instead of a conversation.

Portfolio filterable by budget band, style and scope. Inquiry that asks about the lot, the number and the timing.

I'd like to build it and show you. One homepage, designed for DES Home Renovations, free. Not a template with your logo on it. The real thing, and it's yours whether we work together or not.

Worth a look? One word back and I'll start.

[Sender Name]
Bothmade","Subject: DES Home Renovations — built it

Built it. Here.

Portfolio filterable by budget, style and scope — so a couple with a specific project finds theirs in about nine seconds. Inquiry that arrives with the lot, the number and the timing on it.

It's a design, not a build — nothing clicks yet. Didn't want to fake a demo.

One thing I'd want your answer on: what do you wish every inquiry told you before you called them back?

[Sender Name]","the portfolio is the whole sale and there is no way to sort it by budget, style or scope",Address published by the business itself — verified in research.,field-run-010;custom-home-building;NJ;confirmed-email,85,22000,"$12,000","$35,000",06082026
Embark Dental,patientcare@embarkdentalnc.com,(828) 771-6319,Cosmetic dentistry,Asheville,NC,USA,https://embarkdentalnc.com,cold-outreach,researched,"Subject: the $15k case that didn't call

Hi [First Name],

A smile-makeover patient researches for months, alone, at night, on a phone. I did that to Embark Dental. Got as far as a phone number and a form.

That's the biggest case of the month deciding not to call you.

Cases first, filterable, a price range said out loud, and a booking that works at 9pm.

Let me build it for you. A real homepage for Embark Dental, on me, before we ever talk money. If it's good you'll know in ten seconds. If it isn't, you've lost nothing.

Worth a look? One word back and I'll start.

[Sender Name]
Bothmade","Subject: built it

Here it is — Embark Dental, as promised.

Cases at the top, filterable by treatment. The range stated in real numbers. Booking that doesn't need your front desk awake.

It's a design, not a build — nothing clicks yet. Didn't want to fake a demo.

One thing I'd want your read on: veneers or implants — which pays you better?

[Sender Name]",the cases and the price range are the two things a $15k patient wants and the two hardest things to reach,Address published by the business itself — verified in research.,field-run-010;cosmetic-dentistry;NC;confirmed-email,85,12000,"$6,000","$22,000",06082026
Exotic Designs Landscaping,info@exoticdesignslandscaping.com,(407) 468-9800,Landscape design build,Orlando,FL,USA,https://exoticdesignslandscaping.com,cold-outreach,researched,"Subject: the inquiry that arrives vague

Hi [First Name],

Your gardens are genuinely good. A design-led client chooses from images and yours can't be narrowed, so they never find the one that looks like their lot.

So the client who wanted exactly what you do never works out that you do it.

Projects filterable by style, scale and budget. The design process spelled out so the brief arrives specific.

So here's what I'll do. I'll build Exotic Designs Landscaping that homepage. Free. Not a slide, not a proposal — the actual page, designed for your business. Yours to keep whether you hire me or not.

Say yes and it's yours by Friday.

[Sender Name]
Bothmade","Subject: built it

Here it is.

Projects filterable by style, scale and budget band, with the design process spelled out — so the brief that reaches you already knows what it's asking for.

Static design, so nothing on it works yet. I'd rather show you the real idea than a fake demo.

One question: would publishing a design fee range help you or cost you?

[Sender Name]","design-led buyers choose from images and yours cannot be narrowed by style, scale or budget",Address published by the business itself — verified in research.,field-run-010;landscape-design-build;FL;confirmed-email,85,9000,"$5,000","$16,000",06082026
Flamingo Landscapes,info@flamingolandscapes.com,(407) 777-4877,Landscape design build,Orlando,FL,USA,https://flamingolandscapes.com,cold-outreach,researched,"Subject: design fee, unsaid

Hi [First Name],

Your gardens are genuinely good. A design-led client chooses from images and yours can't be narrowed, so they never find the one that looks like their lot.

So the client who wanted exactly what you do never works out that you do it.

Projects filterable by style, scale and budget. The design process spelled out so the brief arrives specific.

So here's what I'll do. I'll build Flamingo Landscapes that homepage. Free. Not a slide, not a proposal — the actual page, designed for your business. Yours to keep whether you hire me or not.

Want it?

[Sender Name]
Bothmade","Subject: here it is

Here it is — Flamingo Landscapes, as promised.

Projects filterable by style, scale and budget band, with the design process spelled out — so the brief that reaches you already knows what it's asking for.

Static design, so nothing on it works yet. I'd rather show you the real idea than a fake demo.

One question: would publishing a design fee range help you or cost you?

[Sender Name]","design-led buyers choose from images and yours cannot be narrowed by style, scale or budget",Address published by the business itself — verified in research.,field-run-010;landscape-design-build;FL;confirmed-email,85,9000,"$5,000","$16,000",06082026
Frameworks Homes,adrian@homesbyframeworks.com,(970) 568-4900,Custom home building,Fort Collins,CO,USA,https://homesbyframeworks.com,cold-outreach,researched,"Subject: your portfolio, sorted

Hi [First Name],

Went through Frameworks Homes' portfolio the way a couple with a lot and three million dollars does — hunting for the one house that looks like the one in their head. Couldn't sort by budget, style or scope. Just scrolled.

They don't email to ask. They go and look at the builder whose site let them filter.

Sort the work the way buyers actually choose, and put the process where the fear is.

So here's what I'll do. I'll build Frameworks Homes that homepage. Free. Not a slide, not a proposal — the actual page, designed for your business. Yours to keep whether you hire me or not.

Say yes and it's yours by Friday.

[Sender Name]
Bothmade","Subject: Frameworks Homes — built it

Built it. Here.

Projects sortable the way buyers choose, and the build process laid out month by month, which is the part they're actually frightened of.

Static design, so nothing on it works yet. I'd rather show you the real idea than a fake demo.

One question: would you ever show budget bands publicly, or is that a fight with your sales process?

[Sender Name]","the portfolio is the whole sale and there is no way to sort it by budget, style or scope",Address published by the business itself — verified in research.,field-run-010;custom-home-building;CO;confirmed-email,85,22000,"$12,000","$35,000",06082026
Haute Healing Oasis,info@hautehealingoasis.com,(203) 595-5304,Med spa,Stamford,CT,USA,https://hautehealingoasis.com,cold-outreach,researched,"Subject: reviews vs booking button

Hi [First Name],

Looked you up the way a new client does — evening, phone, already decided she wants tox, just picking where. Haute Healing Oasis won on reviews. Then booking meant calling in the morning.

She doesn't call in the morning. She books the spa that let her book at 9pm.

Treatments priced, bookable in two taps, reviews right beside them.

Here's my offer. I'll design that page for Haute Healing Oasis and send it over. No charge, no meeting to get it, no invoice at the end. Keep it either way — I'd rather you saw the work than read about it.

Worth a look? One word back and I'll start.

[Sender Name]
Bothmade","Subject: here it is

Built it. Here.

Treatments priced, bookable in two taps, reviews doing the closing right beside them. Memberships obvious instead of three pages deep.

Static design, so nothing on it works yet. I'd rather show you the real idea than a fake demo.

One question: would you let a new client book without a consult call first?

[Sender Name]",the reviews do the selling and the booking is a phone number that stops answering at five,Address published by the business itself — verified in research.,field-run-010;med-spa;CT;confirmed-email,85,10000,"$5,000","$18,000",06082026
Impeccable Pools,justin@impeccablepools.com,(559) 775-1100,Pool building,Clovis,CA,USA,https://impeccablepools.com,cold-outreach,researched,"Subject: your build gallery

Hi [First Name],

Your builds look excellent. I went looking for one like mine and scrolled past sixty that weren't. Then couldn't find a starting number.

So they call whoever showed them a pool like theirs, with a number attached.

Gallery filterable by size, style and budget. A starting number said out loud.

So here's what I'll do. I'll build Impeccable Pools that homepage. Free. Not a slide, not a proposal — the actual page, designed for your business. Yours to keep whether you hire me or not.

Say yes and it's yours by Friday.

[Sender Name]
Bothmade","Subject: Impeccable Pools — built it

Built it. Here.

Builds filterable by size, style and budget band, with a starting range stated plainly and a timeline from signing to swimming.

Static design, so nothing on it works yet. I'd rather show you the real idea than a fake demo.

One question: would you publish a starting price, or does that cost you more than it wins?

[Sender Name]","the gallery cannot be sorted, so nobody finds a build that looks like their own yard",Address published by the business itself — verified in research.,field-run-010;pool-building;CA;confirmed-email,85,10000,"$5,000","$18,000",06082026
J Allen Homes,info@jallenhomes.com,(970) 568-7455,Custom home building,Fort Collins,CO,USA,https://jallenhomes.com,cold-outreach,researched,"Subject: filtering your projects

Hi [First Name],

Your work is the sale. I looked at it the way a buyer does and there was no way to narrow it — no budget band, no style, no scope. Forty thumbnails and good luck.

And the inquiries that do land ask for a name and a message, so your first call is an interview instead of a conversation.

Portfolio filterable by budget band, style and scope. Inquiry that asks about the lot, the number and the timing.

I'd like to build it and show you. One homepage, designed for J Allen Homes, free. Not a template with your logo on it. The real thing, and it's yours whether we work together or not.

Worth a look? One word back and I'll start.

[Sender Name]
Bothmade","Subject: here it is

Here it is.

Portfolio filterable by budget, style and scope — so a couple with a specific project finds theirs in about nine seconds. Inquiry that arrives with the lot, the number and the timing on it.

It's a design, not a build — nothing clicks yet. Didn't want to fake a demo.

One thing I'd want your answer on: what do you wish every inquiry told you before you called them back?

[Sender Name]","the portfolio is the whole sale and there is no way to sort it by budget, style or scope",Address published by the business itself — verified in research.,field-run-010;custom-home-building;CO;confirmed-email,85,22000,"$12,000","$35,000",06082026
Kitchen and Bath Shop Alexandria,alexandria@bykbs.com,(703) 552-5067,Kitchen and bath remodeling,Alexandria,VA,USA,https://kitchenandbathshop.com,cold-outreach,researched,"Subject: quoting jobs that were never real

Hi [First Name],

Your before-and-afters sell this. They're in a small gallery you can't filter, so the woman with a galley kitchen never finds your galley kitchen.

So you spend Tuesday evening quoting jobs that were never real, and the real one went to whoever answered first.

Projects filterable by room, style and budget. A form that asks about the job, so it arrives ready to quote.

So here's what I'll do. I'll build Kitchen and Bath Shop Alexandria that homepage. Free. Not a slide, not a proposal — the actual page, designed for your business. Yours to keep whether you hire me or not.

Want me to build it?

[Sender Name]
Bothmade","Subject: Kitchen and Bath Shop Alexandria — built it

Here it is.

Before-and-afters filterable by room, style and budget band. The inquiry asks about the room, the scope and the timing — so it lands ready to quote instead of ready to interview.

Static design, so nothing on it works yet. I'd rather show you the real idea than a fake demo.

One question: what do you wish every inquiry told you before you called them back?

[Sender Name]",before-and-afters are what sell this and they sit in a gallery nobody can filter,Address published by the business itself — verified in research.,field-run-010;kitchen-and-bath-remodeling;VA;confirmed-email,85,8500,"$4,000","$15,000",06082026
Lucas Firmin Pools,lucas@lucasfirminpools.com,(225) 806-6118,Pool building,Baton Rouge,LA,USA,https://lucasfirminpools.com,cold-outreach,researched,"Subject: your build gallery

Hi [First Name],

Your builds look excellent. I went looking for one like mine and scrolled past sixty that weren't. Then couldn't find a starting number.

So they call whoever showed them a pool like theirs, with a number attached.

Gallery filterable by size, style and budget. A starting number said out loud.

So here's what I'll do. I'll build Lucas Firmin Pools that homepage. Free. Not a slide, not a proposal — the actual page, designed for your business. Yours to keep whether you hire me or not.

Should I send it over?

[Sender Name]
Bothmade","Subject: Lucas Firmin Pools — built it

Here it is.

Builds filterable by size, style and budget band, with a starting range stated plainly and a timeline from signing to swimming.

Static design, so nothing on it works yet. I'd rather show you the real idea than a fake demo.

One question: would you publish a starting price, or does that cost you more than it wins?

[Sender Name]","the gallery cannot be sorted, so nobody finds a build that looks like their own yard",Address published by the business itself — verified in research.,field-run-010;pool-building;LA;confirmed-email,85,10000,"$5,000","$18,000",06082026
Masters Medspa,stacey@masters-medspa.com,(949) 334-6003,Med spa,Irvine,CA,USA,https://masters-medspa.com,cold-outreach,researched,"Subject: your 9pm bookings

Hi [First Name],

Your reviews do the selling. I read them on my phone at 9pm in Irvine and I was sold. Then I hit a phone number and office hours.

A booking a night walks that way. Silently. No missed call, no voicemail, nothing to review on Monday.

Treatments priced, bookable in two taps, reviews right beside them.

So here's what I'll do. I'll build Masters Medspa that homepage. Free. Not a slide, not a proposal — the actual page, designed for your business. Yours to keep whether you hire me or not.

Want it?

[Sender Name]
Bothmade","Subject: built it

Here it is — Masters Medspa, as promised.

Treatments priced, bookable in two taps, reviews doing the closing right beside them. Memberships obvious instead of three pages deep.

Static design, so nothing on it works yet. I'd rather show you the real idea than a fake demo.

One question: would you let a new client book without a consult call first?

[Sender Name]",the reviews do the selling and the booking is a phone number that stops answering at five,Address published by the business itself — verified in research.,field-run-010;med-spa;CA;confirmed-email,85,10000,"$5,000","$18,000",06082026
My Kitchen and Bath,alexandria@mykitchenandbath.com,(703) 891-0056,Kitchen and bath remodeling,Alexandria,VA,USA,https://mykitchenandbath.com,cold-outreach,researched,"Subject: quoting jobs that were never real

Hi [First Name],

Looked at My Kitchen and Bath the way a homeowner with a sixty-thousand-dollar kitchen in mind does. Your finished work is good. There was no way to find a kitchen like mine, and no way to tell you what my job actually is.

That's a $60k kitchen going to the company whose site made it feel easy.

Projects filterable by room, style and budget. A form that asks about the job, so it arrives ready to quote.

Let me build it for you. A real homepage for My Kitchen and Bath, on me, before we ever talk money. If it's good you'll know in ten seconds. If it isn't, you've lost nothing.

Should I send it over?

[Sender Name]
Bothmade","Subject: here it is

Here it is — My Kitchen and Bath, as promised.

Before-and-afters filterable by room, style and budget band. The inquiry asks about the room, the scope and the timing — so it lands ready to quote instead of ready to interview.

It's a design, not a build — nothing clicks yet. Didn't want to fake a demo.

One question: what do you wish every inquiry told you before you called them back?

[Sender Name]",before-and-afters are what sell this and they sit in a gallery nobody can filter,Address published by the business itself — verified in research.,field-run-010;kitchen-and-bath-remodeling;VA;confirmed-email,85,8500,"$4,000","$15,000",06082026
ON Design and Remodeling,info@onremodeling.com,(800) 992-5997,Kitchen and bath remodeling,San Jose,CA,USA,https://onremodeling.com,cold-outreach,researched,"Subject: your before-and-afters

Hi [First Name],

Looked at ON Design and Remodeling the way a homeowner with a sixty-thousand-dollar kitchen in mind does. Your finished work is good. There was no way to find a kitchen like mine, and no way to tell you what my job actually is.

That's a $60k kitchen going to the company whose site made it feel easy.

Projects filterable by room, style and budget. A form that asks about the job, so it arrives ready to quote.

Let me build it for you. A real homepage for ON Design and Remodeling, on me, before we ever talk money. If it's good you'll know in ten seconds. If it isn't, you've lost nothing.

Want it?

[Sender Name]
Bothmade","Subject: here it is

Here it is.

Before-and-afters filterable by room, style and budget band. The inquiry asks about the room, the scope and the timing — so it lands ready to quote instead of ready to interview.

It's a design, not a build — nothing clicks yet. Didn't want to fake a demo.

One question: what do you wish every inquiry told you before you called them back?

[Sender Name]",before-and-afters are what sell this and they sit in a gallery nobody can filter,Address published by the business itself — verified in research.,field-run-010;kitchen-and-bath-remodeling;CA;confirmed-email,85,8500,"$4,000","$15,000",06082026
Old Town Design Build,info@oldtowndesignbuild.com,(970) 617-8983,Custom home building,Fort Collins,CO,USA,https://oldtowndesignbuild.com,cold-outreach,researched,"Subject: your portfolio, sorted

Hi [First Name],

Went through Old Town Design Build's portfolio the way a couple with a lot and three million dollars does — hunting for the one house that looks like the one in their head. Couldn't sort by budget, style or scope. Just scrolled.

That's a real project deciding you're not the one, on no evidence either way.

Sort the work the way buyers actually choose, and put the process where the fear is.

So here's what I'll do. I'll build Old Town Design Build that homepage. Free. Not a slide, not a proposal — the actual page, designed for your business. Yours to keep whether you hire me or not.

Want me to build it?

[Sender Name]
Bothmade","Subject: Old Town Design Build — built it

Here it is — Old Town Design Build, as promised.

Projects sortable the way buyers choose, and the build process laid out month by month, which is the part they're actually frightened of.

Static design, so nothing on it works yet. I'd rather show you the real idea than a fake demo.

One question: would you ever show budget bands publicly, or is that a fight with your sales process?

[Sender Name]","the portfolio is the whole sale and there is no way to sort it by budget, style or scope",Address published by the business itself — verified in research.,field-run-010;custom-home-building;CO;confirmed-email,85,22000,"$12,000","$35,000",06082026
Pacwest Builders,info@pacwesthomes.com,(541) 389-2089,Custom home building,Bend,OR,USA,https://pacwesthomes.com,cold-outreach,researched,"Subject: your portfolio, sorted

Hi [First Name],

Your work is the sale. I looked at it the way a buyer does and there was no way to narrow it — no budget band, no style, no scope. Forty thumbnails and good luck.

That's a real project deciding you're not the one, on no evidence either way.

Sort the work the way buyers actually choose, and put the process where the fear is.

So here's what I'll do. I'll build Pacwest Builders that homepage. Free. Not a slide, not a proposal — the actual page, designed for your business. Yours to keep whether you hire me or not.

Want it?

[Sender Name]
Bothmade","Subject: built it

Built it. Here.

Projects sortable the way buyers choose, and the build process laid out month by month, which is the part they're actually frightened of.

Static design, so nothing on it works yet. I'd rather show you the real idea than a fake demo.

One question: would you ever show budget bands publicly, or is that a fight with your sales process?

[Sender Name]","the portfolio is the whole sale and there is no way to sort it by budget, style or scope",Address published by the business itself — verified in research.,field-run-010;custom-home-building;OR;confirmed-email,85,22000,"$12,000","$35,000",06082026
R.B. Homes,info@rbhomesonline.com,(609) 924-7111,Custom home building,Hopewell,NJ,USA,https://rbhomesonline.com,cold-outreach,researched,"Subject: your portfolio, sorted

Hi [First Name],

Looked at R.B. Homes as a client would in Hopewell: trying to find the project that matches my lot and my number. Gave up before I found it.

They don't email to ask. They go and look at the builder whose site let them filter.

Sort the work the way buyers actually choose, and put the process where the fear is.

So here's what I'll do. I'll build R.B. Homes that homepage. Free. Not a slide, not a proposal — the actual page, designed for your business. Yours to keep whether you hire me or not.

Want me to build it?

[Sender Name]
Bothmade","Subject: R.B. Homes — built it

Here it is — R.B. Homes, as promised.

Projects sortable the way buyers choose, and the build process laid out month by month, which is the part they're actually frightened of.

Static design, so nothing on it works yet. I'd rather show you the real idea than a fake demo.

One question: would you ever show budget bands publicly, or is that a fight with your sales process?

[Sender Name]","the portfolio is the whole sale and there is no way to sort it by budget, style or scope",Address published by the business itself — verified in research.,field-run-010;custom-home-building;NJ;confirmed-email,85,22000,"$12,000","$35,000",06082026
Real Landscaping,michael@landscapecharlestonsc.com,(843) 437-9947,Landscape design build,Charleston,SC,USA,https://landscapecharlestonsc.com,cold-outreach,researched,"Subject: your gardens, sorted

Hi [First Name],

Went through Real Landscaping's work the way a homeowner commissioning a garden does. It's beautiful. It's also one long scroll — no way to narrow by style, scale or budget, and nothing about what design costs.

And the inquiries that land are vague, so the first call is about scope instead of the garden.

Projects filterable by style, scale and budget. The design process spelled out so the brief arrives specific.

I'd like to build it and show you. One homepage, designed for Real Landscaping, free. Not a template with your logo on it. The real thing, and it's yours whether we work together or not.

Say yes and it's yours by Friday.

[Sender Name]
Bothmade","Subject: built it

Here it is — Real Landscaping, as promised.

Projects filterable by style, scale and budget band, with the design process spelled out — so the brief that reaches you already knows what it's asking for.

It's a design, not a build — nothing clicks yet. Didn't want to fake a demo.

One question: would publishing a design fee range help you or cost you?

[Sender Name]","design-led buyers choose from images and yours cannot be narrowed by style, scale or budget",Address published by the business itself — verified in research.,field-run-010;landscape-design-build;SC;confirmed-email,85,9000,"$5,000","$16,000",06082026
Remark Studio,studio@remarkstudiollc.com,(843) 952-7817,Landscape design build,Charleston,SC,USA,https://remarkstudiollc.com,cold-outreach,researched,"Subject: design fee, unsaid

Hi [First Name],

Went through Remark Studio's work the way a homeowner commissioning a garden does. It's beautiful. It's also one long scroll — no way to narrow by style, scale or budget, and nothing about what design costs.

And the inquiries that land are vague, so the first call is about scope instead of the garden.

Projects filterable by style, scale and budget. The design process spelled out so the brief arrives specific.

I'd like to build it and show you. One homepage, designed for Remark Studio, free. Not a template with your logo on it. The real thing, and it's yours whether we work together or not.

Say yes and it's yours by Friday.

[Sender Name]
Bothmade","Subject: here it is

Here it is — Remark Studio, as promised.

Projects filterable by style, scale and budget band, with the design process spelled out — so the brief that reaches you already knows what it's asking for.

It's a design, not a build — nothing clicks yet. Didn't want to fake a demo.

One question: would publishing a design fee range help you or cost you?

[Sender Name]","design-led buyers choose from images and yours cannot be narrowed by style, scale or budget",Address published by the business itself — verified in research.,field-run-010;landscape-design-build;SC;confirmed-email,85,9000,"$5,000","$16,000",06082026
Reneux Med and Day Spa,info@reneuxmeddayspa.com,(808) 593-7844,Med spa,Honolulu,HI,USA,https://reneuxmeddayspa.com,cold-outreach,researched,"Subject: reviews vs booking button

Hi [First Name],

Your reviews do the selling. I read them on my phone at 9pm in Honolulu and I was sold. Then I hit a phone number and office hours.

She doesn't call in the morning. She books the spa that let her book at 9pm.

Treatments priced, bookable in two taps, reviews right beside them.

Here's my offer. I'll design that page for Reneux Med and Day Spa and send it over. No charge, no meeting to get it, no invoice at the end. Keep it either way — I'd rather you saw the work than read about it.

Want me to build it?

[Sender Name]
Bothmade","Subject: here it is

Here it is — Reneux Med and Day Spa, as promised.

Treatments priced, bookable in two taps, reviews doing the closing right beside them. Memberships obvious instead of three pages deep.

Static design, so nothing on it works yet. I'd rather show you the real idea than a fake demo.

One question: would you let a new client book without a consult call first?

[Sender Name]",the reviews do the selling and the booking is a phone number that stops answering at five,Address published by the business itself — verified in research.,field-run-010;med-spa;HI;confirmed-email,85,10000,"$5,000","$18,000",06082026
Shaped Landscaping,roberttuttle843@gmail.com,(843) 303-0881,Landscape design build,Charleston,SC,USA,https://shapedlandscaping.com,cold-outreach,researched,"Subject: design fee, unsaid

Hi [First Name],

Your gardens are genuinely good. A design-led client chooses from images and yours can't be narrowed, so they never find the one that looks like their lot.

So the client who wanted exactly what you do never works out that you do it.

Projects filterable by style, scale and budget. The design process spelled out so the brief arrives specific.

Here's my offer. I'll design that page for Shaped Landscaping and send it over. No charge, no meeting to get it, no invoice at the end. Keep it either way — I'd rather you saw the work than read about it.

Should I send it over?

[Sender Name]
Bothmade","Subject: Shaped Landscaping — built it

Here it is — Shaped Landscaping, as promised.

Projects filterable by style, scale and budget band, with the design process spelled out — so the brief that reaches you already knows what it's asking for.

Static design, so nothing on it works yet. I'd rather show you the real idea than a fake demo.

One question: would publishing a design fee range help you or cost you?

[Sender Name]","design-led buyers choose from images and yours cannot be narrowed by style, scale or budget",Address published by the business itself — verified in research.,field-run-010;landscape-design-build;SC;confirmed-email,85,9000,"$5,000","$16,000",06082026
Splash Pools KS,ryan@splashks.com,(316) 680-5081,Pool building,Wichita,KS,USA,https://splashks.com,cold-outreach,researched,"Subject: what does one like mine cost

Hi [First Name],

Looked at Splash Pools KS the way a homeowner in Wichita does — trying to find a build that looks like my backyard, at roughly my number. One long scroll, no way to narrow it, no price anywhere.

That's a ninety-thousand-dollar build going to the company that answered the money question first.

Gallery filterable by size, style and budget. A starting number said out loud.

I'd like to build it and show you. One homepage, designed for Splash Pools KS, free. Not a template with your logo on it. The real thing, and it's yours whether we work together or not.

Should I send it over?

[Sender Name]
Bothmade","Subject: here it is

Here it is.

Builds filterable by size, style and budget band, with a starting range stated plainly and a timeline from signing to swimming.

It's a design, not a build — nothing clicks yet. Didn't want to fake a demo.

One question: would you publish a starting price, or does that cost you more than it wins?

[Sender Name]","the gallery cannot be sorted, so nobody finds a build that looks like their own yard",Address published by the business itself — verified in research.,field-run-010;pool-building;KS;confirmed-email,85,10000,"$5,000","$18,000",06082026
Suncare Medspa,suncare2022@gmail.com,(949) 418-8711,Med spa,Irvine,CA,USA,https://ibeautyirvine.com,cold-outreach,researched,"Subject: your 9pm bookings

Hi [First Name],

Your reviews do the selling. I read them on my phone at 9pm in Irvine and I was sold. Then I hit a phone number and office hours.

That's the sale, right there. She books wherever the button is, and you never find out you lost her.

Treatments priced, bookable in two taps, reviews right beside them.

So here's what I'll do. I'll build Suncare Medspa that homepage. Free. Not a slide, not a proposal — the actual page, designed for your business. Yours to keep whether you hire me or not.

Worth a look? One word back and I'll start.

[Sender Name]
Bothmade","Subject: built it

Built it. Here.

Treatments priced, bookable in two taps, reviews doing the closing right beside them. Memberships obvious instead of three pages deep.

Static design, so nothing on it works yet. I'd rather show you the real idea than a fake demo.

One question: would you let a new client book without a consult call first?

[Sender Name]",the reviews do the selling and the booking is a phone number that stops answering at five,Address published by the business itself — verified in research.,field-run-010;med-spa;CA;confirmed-email,85,10000,"$5,000","$18,000",06082026
Supreme Modular,sales@suprememodular.com,(856) 652-2382,Custom home building,Princeton,NJ,USA,https://suprememodular.com,cold-outreach,researched,"Subject: filtering your projects

Hi [First Name],

Looked at Supreme Modular as a client would in Princeton: trying to find the project that matches my lot and my number. Gave up before I found it.

That's a real project deciding you're not the one, on no evidence either way.

Portfolio filterable by budget band, style and scope. Inquiry that asks about the lot, the number and the timing.

I'd like to build it and show you. One homepage, designed for Supreme Modular, free. Not a template with your logo on it. The real thing, and it's yours whether we work together or not.

Want me to build it?

[Sender Name]
Bothmade","Subject: here it is

Here it is — Supreme Modular, as promised.

Portfolio filterable by budget, style and scope — so a couple with a specific project finds theirs in about nine seconds. Inquiry that arrives with the lot, the number and the timing on it.

It's a design, not a build — nothing clicks yet. Didn't want to fake a demo.

One thing I'd want your answer on: what do you wish every inquiry told you before you called them back?

[Sender Name]","the portfolio is the whole sale and there is no way to sort it by budget, style or scope",Address published by the business itself — verified in research.,field-run-010;custom-home-building;NJ;confirmed-email,85,22000,"$12,000","$35,000",06082026
VO Pools,john@vopools.com,(559) 709-9940,Pool building,Fresno,CA,USA,https://vopools.com,cold-outreach,researched,"Subject: sorting your pools

Hi [First Name],

Looked at VO Pools the way a homeowner in Fresno does — trying to find a build that looks like my backyard, at roughly my number. One long scroll, no way to narrow it, no price anywhere.

That's a ninety-thousand-dollar build going to the company that answered the money question first.

Gallery filterable by size, style and budget. A starting number said out loud.

I'd like to build it and show you. One homepage, designed for VO Pools, free. Not a template with your logo on it. The real thing, and it's yours whether we work together or not.

Should I send it over?

[Sender Name]
Bothmade","Subject: here it is

Built it. Here.

Builds filterable by size, style and budget band, with a starting range stated plainly and a timeline from signing to swimming.

It's a design, not a build — nothing clicks yet. Didn't want to fake a demo.

One question: would you publish a starting price, or does that cost you more than it wins?

[Sender Name]","the gallery cannot be sorted, so nobody finds a build that looks like their own yard",Address published by the business itself — verified in research.,field-run-010;pool-building;CA;confirmed-email,85,10000,"$5,000","$18,000",06082026
Virginia Kitchen and Bath,info@virginiakitchenandbath.com,(703) 793-1993,Kitchen and bath remodeling,Alexandria,VA,USA,https://virginiakitchenandbath.com,cold-outreach,researched,"Subject: quoting jobs that were never real

Hi [First Name],

Your before-and-afters sell this. They're in a small gallery you can't filter, so the woman with a galley kitchen never finds your galley kitchen.

So you spend Tuesday evening quoting jobs that were never real, and the real one went to whoever answered first.

Projects filterable by room, style and budget. A form that asks about the job, so it arrives ready to quote.

So here's what I'll do. I'll build Virginia Kitchen and Bath that homepage. Free. Not a slide, not a proposal — the actual page, designed for your business. Yours to keep whether you hire me or not.

Say yes and it's yours by Friday.

[Sender Name]
Bothmade","Subject: here it is

Built it. Here.

Before-and-afters filterable by room, style and budget band. The inquiry asks about the room, the scope and the timing — so it lands ready to quote instead of ready to interview.

Static design, so nothing on it works yet. I'd rather show you the real idea than a fake demo.

One question: what do you wish every inquiry told you before you called them back?

[Sender Name]",before-and-afters are what sell this and they sit in a gallery nobody can filter,Address published by the business itself — verified in research.,field-run-010;kitchen-and-bath-remodeling;VA;confirmed-email,85,8500,"$4,000","$15,000",06082026
Wichita Pools,service@wichitapools.com,(316) 759-9249,Pool building,Andover,KS,USA,https://wichitapools.com,cold-outreach,researched,"Subject: sorting your pools

Hi [First Name],

Looked at Wichita Pools the way a homeowner in Andover does — trying to find a build that looks like my backyard, at roughly my number. One long scroll, no way to narrow it, no price anywhere.

That's a ninety-thousand-dollar build going to the company that answered the money question first.

Gallery filterable by size, style and budget. A starting number said out loud.

I'd like to build it and show you. One homepage, designed for Wichita Pools, free. Not a template with your logo on it. The real thing, and it's yours whether we work together or not.

Worth a look? One word back and I'll start.

[Sender Name]
Bothmade","Subject: built it

Here it is — Wichita Pools, as promised.

Builds filterable by size, style and budget band, with a starting range stated plainly and a timeline from signing to swimming.

It's a design, not a build — nothing clicks yet. Didn't want to fake a demo.

One question: would you publish a starting price, or does that cost you more than it wins?

[Sender Name]","the gallery cannot be sorted, so nobody finds a build that looks like their own yard",Address published by the business itself — verified in research.,field-run-010;pool-building;KS;confirmed-email,85,10000,"$5,000","$18,000",06082026
Greensboro Med Spa,info@greensboromedspa.com,(336) 937-6277,Med spa,Greensboro,NC,USA,https://greensboromedspa.com,cold-outreach,researched,"Subject: reviews vs booking button

Hi [First Name],

Found Greensboro Med Spa at 9pm on my phone, the way your next client will. The reviews sold me in about forty seconds. Then the only way to book was a phone number and a front desk that shut at five.

She doesn't call in the morning. She books the spa that let her book at 9pm.

Treatments priced, bookable in two taps, reviews right beside them.

Here's my offer. I'll design that page for Greensboro Med Spa and send it over. No charge, no meeting to get it, no invoice at the end. Keep it either way — I'd rather you saw the work than read about it.

Want me to build it?

[Sender Name]
Bothmade","Subject: Greensboro Med Spa — built it

Here it is — Greensboro Med Spa, as promised.

Treatments priced, bookable in two taps, reviews doing the closing right beside them. Memberships obvious instead of three pages deep.

Static design, so nothing on it works yet. I'd rather show you the real idea than a fake demo.

One question: would you let a new client book without a consult call first?

[Sender Name]",the reviews do the selling and the booking is a phone number that stops answering at five,Address published by the business itself — verified in research.,field-run-010;med-spa;NC;confirmed-email,85,10000,"$5,000","$18,000",06082026
Infinite Allure Med Spa,info@ncsurgery.com,(336) 443-9300,Med spa,Greensboro,NC,USA,https://ncsurgery.com,cold-outreach,researched,"Subject: the booking you lost last night

Hi [First Name],

Looked you up the way a new client does — evening, phone, already decided she wants tox, just picking where. Infinite Allure Med Spa won on reviews. Then booking meant calling in the morning.

A booking a night walks that way. Silently. No missed call, no voicemail, nothing to review on Monday.

Booking belongs on the homepage, next to the reviews, working at midnight.

Let me build it for you. A real homepage for Infinite Allure Med Spa, on me, before we ever talk money. If it's good you'll know in ten seconds. If it isn't, you've lost nothing.

Worth a look? One word back and I'll start.

[Sender Name]
Bothmade","Subject: Infinite Allure Med Spa — built it

Here it is — Infinite Allure Med Spa, as promised.

Booking sits on the homepage next to your reviews. Two taps to Thursday at six. That's the part your site can't do tonight.

It's a design, not a build — nothing clicks yet. Didn't want to fake a demo.

One thing I'd want your answer on: is membership what you'd push hardest here, or first-visit tox?

[Sender Name]",the reviews do the selling and the booking is a phone number that stops answering at five,Address published by the business itself — verified in research.,field-run-010;med-spa;NC;confirmed-email,85,10000,"$5,000","$18,000",06082026
BodyLite Med Spa,maureen@bodylitedayspa.com,(336) 549-5318,Med spa,Greensboro,NC,USA,https://bodylitedayspa.com,cold-outreach,researched,"Subject: reviews vs booking button

Hi [First Name],

Looked you up the way a new client does — evening, phone, already decided she wants tox, just picking where. BodyLite Med Spa won on reviews. Then booking meant calling in the morning.

That's the sale, right there. She books wherever the button is, and you never find out you lost her.

Treatments priced, bookable in two taps, reviews right beside them.

Here's my offer. I'll design that page for BodyLite Med Spa and send it over. No charge, no meeting to get it, no invoice at the end. Keep it either way — I'd rather you saw the work than read about it.

Want me to build it?

[Sender Name]
Bothmade","Subject: BodyLite Med Spa — built it

Built it. Here.

Treatments priced, bookable in two taps, reviews doing the closing right beside them. Memberships obvious instead of three pages deep.

Static design, so nothing on it works yet. I'd rather show you the real idea than a fake demo.

One question: would you let a new client book without a consult call first?

[Sender Name]",the reviews do the selling and the booking is a phone number that stops answering at five,Address published by the business itself — verified in research.,field-run-010;med-spa;NC;confirmed-email,85,10000,"$5,000","$18,000",06082026
Fagan's Custom Pools,rfagan9815@aol.com,(850) 456-1286,Pool building,Pensacola,FL,USA,https://faganscustompools.com,cold-outreach,researched,"Subject: what does one like mine cost

Hi [First Name],

Looked at Fagan's Custom Pools the way a homeowner in Pensacola does — trying to find a build that looks like my backyard, at roughly my number. One long scroll, no way to narrow it, no price anywhere.

That's a ninety-thousand-dollar build going to the company that answered the money question first.

Gallery filterable by size, style and budget. A starting number said out loud.

I'd like to build it and show you. One homepage, designed for Fagan's Custom Pools, free. Not a template with your logo on it. The real thing, and it's yours whether we work together or not.

Say yes and it's yours by Friday.

[Sender Name]
Bothmade","Subject: built it

Built it. Here.

Builds filterable by size, style and budget band, with a starting range stated plainly and a timeline from signing to swimming.

It's a design, not a build — nothing clicks yet. Didn't want to fake a demo.

One question: would you publish a starting price, or does that cost you more than it wins?

[Sender Name]","the gallery cannot be sorted, so nobody finds a build that looks like their own yard",Address published by the business itself — verified in research.,field-run-010;pool-building;FL;confirmed-email,85,10000,"$5,000","$18,000",06082026
Asheville Dental,info@ashevilledental.com,(828) 277-9907,Cosmetic dentistry,Asheville,NC,USA,https://ashevilledental.com,cold-outreach,researched,"Subject: your veneer cases

Hi [First Name],

A smile-makeover patient researches for months, alone, at night, on a phone. I did that to Asheville Dental. Got as far as a phone number and a form.

They don't call in the morning. They keep scrolling and someone else does the case.

Before-and-afters up front, the range in plain numbers, financing mentioned before they ask.

So here's what I'll do. I'll build Asheville Dental that homepage. Free. Not a slide, not a proposal — the actual page, designed for your business. Yours to keep whether you hire me or not.

Should I send it over?

[Sender Name]
Bothmade","Subject: here it is

Here it is.

A homepage built for the cosmetic patient rather than the check-up patient — cases, price, and one tap to a consult.

Static design, so nothing on it works yet. I'd rather show you the real idea than a fake demo.

One question: does a price range on the site bring you better calls or worse ones?

[Sender Name]",the cases and the price range are the two things a $15k patient wants and the two hardest things to reach,info@ on their own domain — the convention. Worth a quick check before a big send.,field-run-010;cosmetic-dentistry;NC;convention-email,75,12000,"$6,000","$22,000",06082026
Asheville Smiles,info@ashevillesmiles.com,(828) 251-2426,Cosmetic dentistry,Asheville,NC,USA,https://ashevillesmiles.com,cold-outreach,researched,"Subject: one case a month

Hi [First Name],

A smile-makeover patient researches for months, alone, at night, on a phone. I did that to Asheville Smiles. Got as far as a phone number and a form.

They don't call in the morning. They keep scrolling and someone else does the case.

Cases first, filterable, a price range said out loud, and a booking that works at 9pm.

I'd like to build it and show you. One homepage, designed for Asheville Smiles, free. Not a template with your logo on it. The real thing, and it's yours whether we work together or not.

Want it?

[Sender Name]
Bothmade","Subject: here it is

Here it is.

Cases at the top, filterable by treatment. The range stated in real numbers. Booking that doesn't need your front desk awake.

It's a design, not a build — nothing clicks yet. Didn't want to fake a demo.

One thing I'd want your read on: veneers or implants — which pays you better?

[Sender Name]",the cases and the price range are the two things a $15k patient wants and the two hardest things to reach,info@ on their own domain — the convention. Worth a quick check before a big send.,field-run-010;cosmetic-dentistry;NC;convention-email,75,12000,"$6,000","$22,000",06082026
Bareskin MedSpa,info@amibareskin.com,(203) 323-7546,Med spa,Stamford,CT,USA,https://amibareskin.com,cold-outreach,researched,"Subject: the booking you lost last night

Hi [First Name],

Your reviews do the selling. I read them on my phone at 9pm in Stamford and I was sold. Then I hit a phone number and office hours.

That's the sale, right there. She books wherever the button is, and you never find out you lost her.

Booking belongs on the homepage, next to the reviews, working at midnight.

Let me build it for you. A real homepage for Bareskin MedSpa, on me, before we ever talk money. If it's good you'll know in ten seconds. If it isn't, you've lost nothing.

Should I send it over?

[Sender Name]
Bothmade","Subject: Bareskin MedSpa — built it

Here it is.

Booking sits on the homepage next to your reviews. Two taps to Thursday at six. That's the part your site can't do tonight.

It's a design, not a build — nothing clicks yet. Didn't want to fake a demo.

One thing I'd want your answer on: is membership what you'd push hardest here, or first-visit tox?

[Sender Name]",the reviews do the selling and the booking is a phone number that stops answering at five,info@ on their own domain — the convention. Worth a quick check before a big send.,field-run-010;med-spa;CT;convention-email,75,10000,"$5,000","$18,000",06082026
CMS Plumbing,info@cmsplumbers.com,(408) 669-4222,Kitchen and bath remodeling,San Jose,CA,USA,https://cmsplumbers.com,cold-outreach,researched,"Subject: the tire-kicker problem

Hi [First Name],

Your before-and-afters sell this. They're in a small gallery you can't filter, so the woman with a galley kitchen never finds your galley kitchen.

So you spend Tuesday evening quoting jobs that were never real, and the real one went to whoever answered first.

Projects filterable by room, style and budget. A form that asks about the job, so it arrives ready to quote.

So here's what I'll do. I'll build CMS Plumbing that homepage. Free. Not a slide, not a proposal — the actual page, designed for your business. Yours to keep whether you hire me or not.

Want it?

[Sender Name]
Bothmade","Subject: CMS Plumbing — built it

Here it is.

Before-and-afters filterable by room, style and budget band. The inquiry asks about the room, the scope and the timing — so it lands ready to quote instead of ready to interview.

Static design, so nothing on it works yet. I'd rather show you the real idea than a fake demo.

One question: what do you wish every inquiry told you before you called them back?

[Sender Name]",before-and-afters are what sell this and they sit in a gallery nobody can filter,info@ on their own domain — the convention. Worth a quick check before a big send.,field-run-010;kitchen-and-bath-remodeling;CA;convention-email,75,8500,"$4,000","$15,000",06082026
Charleston Landscape,info@charlestonlandscape.com,(843) 296-7592,Landscape design build,Charleston,SC,USA,https://charlestonlandscape.com,cold-outreach,researched,"Subject: design fee, unsaid

Hi [First Name],

Went through Charleston Landscape's work the way a homeowner commissioning a garden does. It's beautiful. It's also one long scroll — no way to narrow by style, scale or budget, and nothing about what design costs.

And the inquiries that land are vague, so the first call is about scope instead of the garden.

Projects filterable by style, scale and budget. The design process spelled out so the brief arrives specific.

Let me build it for you. A real homepage for Charleston Landscape, on me, before we ever talk money. If it's good you'll know in ten seconds. If it isn't, you've lost nothing.

Want it?

[Sender Name]
Bothmade","Subject: Charleston Landscape — built it

Here it is — Charleston Landscape, as promised.

Projects filterable by style, scale and budget band, with the design process spelled out — so the brief that reaches you already knows what it's asking for.

It's a design, not a build — nothing clicks yet. Didn't want to fake a demo.

One question: would publishing a design fee range help you or cost you?

[Sender Name]","design-led buyers choose from images and yours cannot be narrowed by style, scale or budget",info@ on their own domain — the convention. Worth a quick check before a big send.,field-run-010;landscape-design-build;SC;convention-email,75,9000,"$5,000","$16,000",06082026
Charleston Landscaping Design and Development,info@landscapedesigncharleston.com,(843) 819-2362,Landscape design build,Charleston,SC,USA,https://landscapedesigncharleston.com,cold-outreach,researched,"Subject: your gardens, sorted

Hi [First Name],

Your gardens are genuinely good. A design-led client chooses from images and yours can't be narrowed, so they never find the one that looks like their lot.

So the client who wanted exactly what you do never works out that you do it.

Projects filterable by style, scale and budget. The design process spelled out so the brief arrives specific.

Here's my offer. I'll design that page for Charleston Landscaping Design and Development and send it over. No charge, no meeting to get it, no invoice at the end. Keep it either way — I'd rather you saw the work than read about it.

Should I send it over?

[Sender Name]
Bothmade","Subject: built it

Here it is — Charleston Landscaping Design and Development, as promised.

Projects filterable by style, scale and budget band, with the design process spelled out — so the brief that reaches you already knows what it's asking for.

Static design, so nothing on it works yet. I'd rather show you the real idea than a fake demo.

One question: would publishing a design fee range help you or cost you?

[Sender Name]","design-led buyers choose from images and yours cannot be narrowed by style, scale or budget",info@ on their own domain — the convention. Worth a quick check before a big send.,field-run-010;landscape-design-build;SC;convention-email,75,9000,"$5,000","$16,000",06082026
Charleston Plantworks,info@charlestonplantworks.com,(843) 532-0011,Landscape design build,Charleston,SC,USA,https://charlestonplantworks.com,cold-outreach,researched,"Subject: your gardens, sorted

Hi [First Name],

Went through Charleston Plantworks' work the way a homeowner commissioning a garden does. It's beautiful. It's also one long scroll — no way to narrow by style, scale or budget, and nothing about what design costs.

And the inquiries that land are vague, so the first call is about scope instead of the garden.

Projects filterable by style, scale and budget. The design process spelled out so the brief arrives specific.

Let me build it for you. A real homepage for Charleston Plantworks, on me, before we ever talk money. If it's good you'll know in ten seconds. If it isn't, you've lost nothing.

Want it?

[Sender Name]
Bothmade","Subject: built it

Here it is — Charleston Plantworks, as promised.

Projects filterable by style, scale and budget band, with the design process spelled out — so the brief that reaches you already knows what it's asking for.

It's a design, not a build — nothing clicks yet. Didn't want to fake a demo.

One question: would publishing a design fee range help you or cost you?

[Sender Name]","design-led buyers choose from images and yours cannot be narrowed by style, scale or budget",info@ on their own domain — the convention. Worth a quick check before a big send.,field-run-010;landscape-design-build;SC;convention-email,75,9000,"$5,000","$16,000",06082026
Christopher J Toth DMD,info@tothdentistry.com,(828) 277-7868,Cosmetic dentistry,Asheville,NC,USA,https://tothdentistry.com,cold-outreach,researched,"Subject: cases, price, booking

Hi [First Name],

Your case work is good. I had to dig for it — two menus deep, on a phone, at the exact moment somebody decides to spend fifteen thousand dollars on their teeth.

One case a month lost that way costs more than a website. Several times over.

Before-and-afters up front, the range in plain numbers, financing mentioned before they ask.

Here's my offer. I'll design that page for Christopher J Toth DMD and send it over. No charge, no meeting to get it, no invoice at the end. Keep it either way — I'd rather you saw the work than read about it.

Worth a look? One word back and I'll start.

[Sender Name]
Bothmade","Subject: Christopher J Toth DMD — built it

Here it is — Christopher J Toth DMD, as promised.

A homepage built for the cosmetic patient rather than the check-up patient — cases, price, and one tap to a consult.

Static design, so nothing on it works yet. I'd rather show you the real idea than a fake demo.

One question: does a price range on the site bring you better calls or worse ones?

[Sender Name]",the cases and the price range are the two things a $15k patient wants and the two hardest things to reach,info@ on their own domain — the convention. Worth a quick check before a big send.,field-run-010;cosmetic-dentistry;NC;convention-email,75,12000,"$6,000","$22,000",06082026
Coastal Landscape Design,info@coastallandscapedesign.com,(843) 559-3311,Landscape design build,Charleston,SC,USA,https://coastallandscapedesign.com,cold-outreach,researched,"Subject: design fee, unsaid

Hi [First Name],

Went through Coastal Landscape Design's work the way a homeowner commissioning a garden does. It's beautiful. It's also one long scroll — no way to narrow by style, scale or budget, and nothing about what design costs.

And the inquiries that land are vague, so the first call is about scope instead of the garden.

Projects filterable by style, scale and budget. The design process spelled out so the brief arrives specific.

Let me build it for you. A real homepage for Coastal Landscape Design, on me, before we ever talk money. If it's good you'll know in ten seconds. If it isn't, you've lost nothing.

Want it?

[Sender Name]
Bothmade","Subject: Coastal Landscape Design — built it

Built it. Here.

Projects filterable by style, scale and budget band, with the design process spelled out — so the brief that reaches you already knows what it's asking for.

It's a design, not a build — nothing clicks yet. Didn't want to fake a demo.

One question: would publishing a design fee range help you or cost you?

[Sender Name]","design-led buyers choose from images and yours cannot be narrowed by style, scale or budget",info@ on their own domain — the convention. Worth a quick check before a big send.,field-run-010;landscape-design-build;SC;convention-email,75,9000,"$5,000","$16,000",06082026
Complete Care Medical Spa,info@completecaremedicalspa.com,(949) 861-4177,Med spa,Irvine,CA,USA,https://completecaremedicalspa.com,cold-outreach,researched,"Subject: reviews vs booking button

Hi [First Name],

Looked you up the way a new client does — evening, phone, already decided she wants tox, just picking where. Complete Care Medical Spa won on reviews. Then booking meant calling in the morning.

A booking a night walks that way. Silently. No missed call, no voicemail, nothing to review on Monday.

Treatments priced, bookable in two taps, reviews right beside them.

Here's my offer. I'll design that page for Complete Care Medical Spa and send it over. No charge, no meeting to get it, no invoice at the end. Keep it either way — I'd rather you saw the work than read about it.

Worth a look? One word back and I'll start.

[Sender Name]
Bothmade","Subject: here it is

Built it. Here.

Treatments priced, bookable in two taps, reviews doing the closing right beside them. Memberships obvious instead of three pages deep.

Static design, so nothing on it works yet. I'd rather show you the real idea than a fake demo.

One question: would you let a new client book without a consult call first?

[Sender Name]",the reviews do the selling and the booking is a phone number that stops answering at five,info@ on their own domain — the convention. Worth a quick check before a big send.,field-run-010;med-spa;CA;convention-email,75,10000,"$5,000","$18,000",06082026
Crescent Moon Landscaping,info@cmscaping.com,(843) 769-0893,Landscape design build,Charleston,SC,USA,https://cmscaping.com,cold-outreach,researched,"Subject: design fee, unsaid

Hi [First Name],

Went through Crescent Moon Landscaping's work the way a homeowner commissioning a garden does. It's beautiful. It's also one long scroll — no way to narrow by style, scale or budget, and nothing about what design costs.

And the inquiries that land are vague, so the first call is about scope instead of the garden.

Projects filterable by style, scale and budget. The design process spelled out so the brief arrives specific.

I'd like to build it and show you. One homepage, designed for Crescent Moon Landscaping, free. Not a template with your logo on it. The real thing, and it's yours whether we work together or not.

Worth a look? One word back and I'll start.

[Sender Name]
Bothmade","Subject: built it

Here it is.

Projects filterable by style, scale and budget band, with the design process spelled out — so the brief that reaches you already knows what it's asking for.

It's a design, not a build — nothing clicks yet. Didn't want to fake a demo.

One question: would publishing a design fee range help you or cost you?

[Sender Name]","design-led buyers choose from images and yours cannot be narrowed by style, scale or budget",info@ on their own domain — the convention. Worth a quick check before a big send.,field-run-010;landscape-design-build;SC;convention-email,75,9000,"$5,000","$16,000",06082026
Delight Med Spa,info@delightmedspa.com,(347) 217-7596,Med spa,Stamford,CT,USA,https://delightmedspa.com,cold-outreach,researched,"Subject: the booking you lost last night

Hi [First Name],

Found Delight Med Spa at 9pm on my phone, the way your next client will. The reviews sold me in about forty seconds. Then the only way to book was a phone number and a front desk that shut at five.

That's the sale, right there. She books wherever the button is, and you never find out you lost her.

Booking belongs on the homepage, next to the reviews, working at midnight.

Let me build it for you. A real homepage for Delight Med Spa, on me, before we ever talk money. If it's good you'll know in ten seconds. If it isn't, you've lost nothing.

Should I send it over?

[Sender Name]
Bothmade","Subject: built it

Built it. Here.

Booking sits on the homepage next to your reviews. Two taps to Thursday at six. That's the part your site can't do tonight.

It's a design, not a build — nothing clicks yet. Didn't want to fake a demo.

One thing I'd want your answer on: is membership what you'd push hardest here, or first-visit tox?

[Sender Name]",the reviews do the selling and the booking is a phone number that stops answering at five,info@ on their own domain — the convention. Worth a quick check before a big send.,field-run-010;med-spa;CT;convention-email,75,10000,"$5,000","$18,000",06082026
Dental Solutions of Little Rock,info@dentalsolutionslr.com,(501) 224-0144,Cosmetic dentistry,Little Rock,AR,USA,https://dentalsolutionslr.com,cold-outreach,researched,"Subject: the $15k case that didn't call

Hi [First Name],

Your case work is good. I had to dig for it — two menus deep, on a phone, at the exact moment somebody decides to spend fifteen thousand dollars on their teeth.

One case a month lost that way costs more than a website. Several times over.

Cases first, filterable, a price range said out loud, and a booking that works at 9pm.

I'd like to build it and show you. One homepage, designed for Dental Solutions of Little Rock, free. Not a template with your logo on it. The real thing, and it's yours whether we work together or not.

Worth a look? One word back and I'll start.

[Sender Name]
Bothmade","Subject: Dental Solutions of Little Rock — built it

Here it is — Dental Solutions of Little Rock, as promised.

Cases at the top, filterable by treatment. The range stated in real numbers. Booking that doesn't need your front desk awake.

It's a design, not a build — nothing clicks yet. Didn't want to fake a demo.

One thing I'd want your read on: veneers or implants — which pays you better?

[Sender Name]",the cases and the price range are the two things a $15k patient wants and the two hardest things to reach,info@ on their own domain — the convention. Worth a quick check before a big send.,field-run-010;cosmetic-dentistry;AR;convention-email,75,12000,"$6,000","$22,000",06082026
Eiler Family Dentistry,info@eilerfamilydentistry.com,(501) 753-5959,Cosmetic dentistry,North Little Rock,AR,USA,https://eilerfamilydentistry.com,cold-outreach,researched,"Subject: one case a month

Hi [First Name],

Went looking for veneers in North Little Rock the way a patient does. Nine at night, on a phone, three years of putting it off. Found Eiler Family Dentistry. Couldn't find a case that looked like mine, couldn't find a price, couldn't book.

One case a month lost that way costs more than a website. Several times over.

Cases first, filterable, a price range said out loud, and a booking that works at 9pm.

I'd like to build it and show you. One homepage, designed for Eiler Family Dentistry, free. Not a template with your logo on it. The real thing, and it's yours whether we work together or not.

Say yes and it's yours by Friday.

[Sender Name]
Bothmade","Subject: Eiler Family Dentistry — built it

Here it is.

Cases at the top, filterable by treatment. The range stated in real numbers. Booking that doesn't need your front desk awake.

It's a design, not a build — nothing clicks yet. Didn't want to fake a demo.

One thing I'd want your read on: veneers or implants — which pays you better?

[Sender Name]",the cases and the price range are the two things a $15k patient wants and the two hardest things to reach,info@ on their own domain — the convention. Worth a quick check before a big send.,field-run-010;cosmetic-dentistry;AR;convention-email,75,12000,"$6,000","$22,000",06082026
Elegant Kitchens NY,info@elegantkitchensny.com,(518) 464-0660,Kitchen and bath remodeling,Albany,NY,USA,https://elegantkitchensny.com,cold-outreach,researched,"Subject: the tire-kicker problem

Hi [First Name],

Looked at Elegant Kitchens NY the way a homeowner with a sixty-thousand-dollar kitchen in mind does. Your finished work is good. There was no way to find a kitchen like mine, and no way to tell you what my job actually is.

That's a $60k kitchen going to the company whose site made it feel easy.

Projects filterable by room, style and budget. A form that asks about the job, so it arrives ready to quote.

I'd like to build it and show you. One homepage, designed for Elegant Kitchens NY, free. Not a template with your logo on it. The real thing, and it's yours whether we work together or not.

Want me to build it?

[Sender Name]
Bothmade","Subject: Elegant Kitchens NY — built it

Here it is.

Before-and-afters filterable by room, style and budget band. The inquiry asks about the room, the scope and the timing — so it lands ready to quote instead of ready to interview.

It's a design, not a build — nothing clicks yet. Didn't want to fake a demo.

One question: what do you wish every inquiry told you before you called them back?

[Sender Name]",before-and-afters are what sell this and they sit in a gallery nobody can filter,info@ on their own domain — the convention. Worth a quick check before a big send.,field-run-010;kitchen-and-bath-remodeling;NY;convention-email,75,8500,"$4,000","$15,000",06082026
Evergreen Design Group,info@evergreendesigngroup.com,(800) 680-6630,Landscape design build,Orlando,FL,USA,https://evergreendesigngroup.com,cold-outreach,researched,"Subject: the inquiry that arrives vague

Hi [First Name],

Went through Evergreen Design Group's work the way a homeowner commissioning a garden does. It's beautiful. It's also one long scroll — no way to narrow by style, scale or budget, and nothing about what design costs.

And the inquiries that land are vague, so the first call is about scope instead of the garden.

Projects filterable by style, scale and budget. The design process spelled out so the brief arrives specific.

Let me build it for you. A real homepage for Evergreen Design Group, on me, before we ever talk money. If it's good you'll know in ten seconds. If it isn't, you've lost nothing.

Worth a look? One word back and I'll start.

[Sender Name]
Bothmade","Subject: built it

Here it is — Evergreen Design Group, as promised.

Projects filterable by style, scale and budget band, with the design process spelled out — so the brief that reaches you already knows what it's asking for.

It's a design, not a build — nothing clicks yet. Didn't want to fake a demo.

One question: would publishing a design fee range help you or cost you?

[Sender Name]","design-led buyers choose from images and yours cannot be narrowed by style, scale or budget",info@ on their own domain — the convention. Worth a quick check before a big send.,field-run-010;landscape-design-build;FL;convention-email,75,9000,"$5,000","$16,000",06082026
Gillespie Dental Associates,info@drtimgillespie.com,(828) 252-9351,Cosmetic dentistry,Asheville,NC,USA,https://drtimgillespie.com,cold-outreach,researched,"Subject: your veneer cases

Hi [First Name],

Your case work is good. I had to dig for it — two menus deep, on a phone, at the exact moment somebody decides to spend fifteen thousand dollars on their teeth.

They don't call in the morning. They keep scrolling and someone else does the case.

Before-and-afters up front, the range in plain numbers, financing mentioned before they ask.

So here's what I'll do. I'll build Gillespie Dental Associates that homepage. Free. Not a slide, not a proposal — the actual page, designed for your business. Yours to keep whether you hire me or not.

Should I send it over?

[Sender Name]
Bothmade","Subject: built it

Built it. Here.

A homepage built for the cosmetic patient rather than the check-up patient — cases, price, and one tap to a consult.

Static design, so nothing on it works yet. I'd rather show you the real idea than a fake demo.

One question: does a price range on the site bring you better calls or worse ones?

[Sender Name]",the cases and the price range are the two things a $15k patient wants and the two hardest things to reach,info@ on their own domain — the convention. Worth a quick check before a big send.,field-run-010;cosmetic-dentistry;NC;convention-email,75,12000,"$6,000","$22,000",06082026
Greener Industries,info@orlandogreener.com,(407) 732-4753,Landscape design build,Orlando,FL,USA,https://orlandogreener.com,cold-outreach,researched,"Subject: your gardens, sorted

Hi [First Name],

Went through Greener Industries' work the way a homeowner commissioning a garden does. It's beautiful. It's also one long scroll — no way to narrow by style, scale or budget, and nothing about what design costs.

And the inquiries that land are vague, so the first call is about scope instead of the garden.

Projects filterable by style, scale and budget. The design process spelled out so the brief arrives specific.

Let me build it for you. A real homepage for Greener Industries, on me, before we ever talk money. If it's good you'll know in ten seconds. If it isn't, you've lost nothing.

Say yes and it's yours by Friday.

[Sender Name]
Bothmade","Subject: here it is

Built it. Here.

Projects filterable by style, scale and budget band, with the design process spelled out — so the brief that reaches you already knows what it's asking for.

It's a design, not a build — nothing clicks yet. Didn't want to fake a demo.

One question: would publishing a design fee range help you or cost you?

[Sender Name]","design-led buyers choose from images and yours cannot be narrowed by style, scale or budget",info@ on their own domain — the convention. Worth a quick check before a big send.,field-run-010;landscape-design-build;FL;convention-email,75,9000,"$5,000","$16,000",06082026
Heinen Landscape,info@heinenlandscape.com,(913) 432-5011,Landscape design build,Kansas City,MO,USA,https://heinenlandscape.com,cold-outreach,researched,"Subject: the inquiry that arrives vague

Hi [First Name],

Your gardens are genuinely good. A design-led client chooses from images and yours can't be narrowed, so they never find the one that looks like their lot.

So the client who wanted exactly what you do never works out that you do it.

Projects filterable by style, scale and budget. The design process spelled out so the brief arrives specific.

So here's what I'll do. I'll build Heinen Landscape that homepage. Free. Not a slide, not a proposal — the actual page, designed for your business. Yours to keep whether you hire me or not.

Want me to build it?

[Sender Name]
Bothmade","Subject: Heinen Landscape — built it

Here it is — Heinen Landscape, as promised.

Projects filterable by style, scale and budget band, with the design process spelled out — so the brief that reaches you already knows what it's asking for.

Static design, so nothing on it works yet. I'd rather show you the real idea than a fake demo.

One question: would publishing a design fee range help you or cost you?

[Sender Name]","design-led buyers choose from images and yours cannot be narrowed by style, scale or budget",info@ on their own domain — the convention. Worth a quick check before a big send.,field-run-010;landscape-design-build;MO;convention-email,75,9000,"$5,000","$16,000",06082026
HighCraft Builders,info@highcraft.net,(970) 472-8100,Custom home building,Fort Collins,CO,USA,https://highcraft.net,cold-outreach,researched,"Subject: filtering your projects

Hi [First Name],

Looked at HighCraft Builders as a client would in Fort Collins: trying to find the project that matches my lot and my number. Gave up before I found it.

That's a real project deciding you're not the one, on no evidence either way.

Portfolio filterable by budget band, style and scope. Inquiry that asks about the lot, the number and the timing.

I'd like to build it and show you. One homepage, designed for HighCraft Builders, free. Not a template with your logo on it. The real thing, and it's yours whether we work together or not.

Say yes and it's yours by Friday.

[Sender Name]
Bothmade","Subject: here it is

Here it is — HighCraft Builders, as promised.

Portfolio filterable by budget, style and scope — so a couple with a specific project finds theirs in about nine seconds. Inquiry that arrives with the lot, the number and the timing on it.

It's a design, not a build — nothing clicks yet. Didn't want to fake a demo.

One thing I'd want your answer on: what do you wish every inquiry told you before you called them back?

[Sender Name]","the portfolio is the whole sale and there is no way to sort it by budget, style or scope",info@ on their own domain — the convention. Worth a quick check before a big send.,field-run-010;custom-home-building;CO;convention-email,75,22000,"$12,000","$35,000",06082026
Holiday Pools and Spa Construction,info@aholidaypool.com,(559) 291-5571,Pool building,Fresno,CA,USA,https://aholidaypool.com,cold-outreach,researched,"Subject: what does one like mine cost

Hi [First Name],

Your builds look excellent. I went looking for one like mine and scrolled past sixty that weren't. Then couldn't find a starting number.

So they call whoever showed them a pool like theirs, with a number attached.

Gallery filterable by size, style and budget. A starting number said out loud.

So here's what I'll do. I'll build Holiday Pools and Spa Construction that homepage. Free. Not a slide, not a proposal — the actual page, designed for your business. Yours to keep whether you hire me or not.

Say yes and it's yours by Friday.

[Sender Name]
Bothmade","Subject: built it

Here it is.

Builds filterable by size, style and budget band, with a starting range stated plainly and a timeline from signing to swimming.

Static design, so nothing on it works yet. I'd rather show you the real idea than a fake demo.

One question: would you publish a starting price, or does that cost you more than it wins?

[Sender Name]","the gallery cannot be sorted, so nobody finds a build that looks like their own yard",info@ on their own domain — the convention. Worth a quick check before a big send.,field-run-010;pool-building;CA;convention-email,75,10000,"$5,000","$18,000",06082026
Honolulu MedSpa,info@honolulumedspa.com,(808) 528-0888,Med spa,Honolulu,HI,USA,https://honolulumedspa.com,cold-outreach,researched,"Subject: your 9pm bookings

Hi [First Name],

Looked you up the way a new client does — evening, phone, already decided she wants tox, just picking where. Honolulu MedSpa won on reviews. Then booking meant calling in the morning.

A booking a night walks that way. Silently. No missed call, no voicemail, nothing to review on Monday.

Treatments priced, bookable in two taps, reviews right beside them.

So here's what I'll do. I'll build Honolulu MedSpa that homepage. Free. Not a slide, not a proposal — the actual page, designed for your business. Yours to keep whether you hire me or not.

Should I send it over?

[Sender Name]
Bothmade","Subject: Honolulu MedSpa — built it

Here it is.

Treatments priced, bookable in two taps, reviews doing the closing right beside them. Memberships obvious instead of three pages deep.

Static design, so nothing on it works yet. I'd rather show you the real idea than a fake demo.

One question: would you let a new client book without a consult call first?

[Sender Name]",the reviews do the selling and the booking is a phone number that stops answering at five,info@ on their own domain — the convention. Worth a quick check before a big send.,field-run-010;med-spa;HI;convention-email,75,10000,"$5,000","$18,000",06082026
Island Pools,info@islandpoolsinc.com,(559) 786-8911,Pool building,Fresno,CA,USA,https://islandpoolsinc.com,cold-outreach,researched,"Subject: your build gallery

Hi [First Name],

Looked at Island Pools the way a homeowner in Fresno does — trying to find a build that looks like my backyard, at roughly my number. One long scroll, no way to narrow it, no price anywhere.

That's a ninety-thousand-dollar build going to the company that answered the money question first.

Gallery filterable by size, style and budget. A starting number said out loud.

Let me build it for you. A real homepage for Island Pools, on me, before we ever talk money. If it's good you'll know in ten seconds. If it isn't, you've lost nothing.

Worth a look? One word back and I'll start.

[Sender Name]
Bothmade","Subject: Island Pools — built it

Here it is.

Builds filterable by size, style and budget band, with a starting range stated plainly and a timeline from signing to swimming.

It's a design, not a build — nothing clicks yet. Didn't want to fake a demo.

One question: would you publish a starting price, or does that cost you more than it wins?

[Sender Name]","the gallery cannot be sorted, so nobody finds a build that looks like their own yard",info@ on their own domain — the convention. Worth a quick check before a big send.,field-run-010;pool-building;CA;convention-email,75,10000,"$5,000","$18,000",06082026
JLC Outdoors,info@jlcoutdoors.com,(407) 595-5818,Landscape design build,Orlando,FL,USA,https://jlcoutdoors.com,cold-outreach,researched,"Subject: your gardens, sorted

Hi [First Name],

Went through JLC Outdoors' work the way a homeowner commissioning a garden does. It's beautiful. It's also one long scroll — no way to narrow by style, scale or budget, and nothing about what design costs.

And the inquiries that land are vague, so the first call is about scope instead of the garden.

Projects filterable by style, scale and budget. The design process spelled out so the brief arrives specific.

Let me build it for you. A real homepage for JLC Outdoors, on me, before we ever talk money. If it's good you'll know in ten seconds. If it isn't, you've lost nothing.

Want it?

[Sender Name]
Bothmade","Subject: JLC Outdoors — built it

Built it. Here.

Projects filterable by style, scale and budget band, with the design process spelled out — so the brief that reaches you already knows what it's asking for.

It's a design, not a build — nothing clicks yet. Didn't want to fake a demo.

One question: would publishing a design fee range help you or cost you?

[Sender Name]","design-led buyers choose from images and yours cannot be narrowed by style, scale or budget",info@ on their own domain — the convention. Worth a quick check before a big send.,field-run-010;landscape-design-build;FL;convention-email,75,9000,"$5,000","$16,000",06082026
Kansas City Landscape and Design,info@landscapedesignkansascity.com,(816) 941-4700,Landscape design build,Kansas City,MO,USA,https://landscapedesignkansascity.com,cold-outreach,researched,"Subject: your gardens, sorted

Hi [First Name],

Your gardens are genuinely good. A design-led client chooses from images and yours can't be narrowed, so they never find the one that looks like their lot.

So the client who wanted exactly what you do never works out that you do it.

Projects filterable by style, scale and budget. The design process spelled out so the brief arrives specific.

Here's my offer. I'll design that page for Kansas City Landscape and Design and send it over. No charge, no meeting to get it, no invoice at the end. Keep it either way — I'd rather you saw the work than read about it.

Say yes and it's yours by Friday.

[Sender Name]
Bothmade","Subject: Kansas City Landscape and Design — built it

Here it is — Kansas City Landscape and Design, as promised.

Projects filterable by style, scale and budget band, with the design process spelled out — so the brief that reaches you already knows what it's asking for.

Static design, so nothing on it works yet. I'd rather show you the real idea than a fake demo.

One question: would publishing a design fee range help you or cost you?

[Sender Name]","design-led buyers choose from images and yours cannot be narrowed by style, scale or budget",info@ on their own domain — the convention. Worth a quick check before a big send.,field-run-010;landscape-design-build;MO;convention-email,75,9000,"$5,000","$16,000",06082026
Keller's Landscaping,info@kellersflowers.com,(816) 373-6223,Landscape design build,Kansas City,MO,USA,https://kellersflowers.com,cold-outreach,researched,"Subject: the inquiry that arrives vague

Hi [First Name],

Went through Keller's Landscaping's work the way a homeowner commissioning a garden does. It's beautiful. It's also one long scroll — no way to narrow by style, scale or budget, and nothing about what design costs.

And the inquiries that land are vague, so the first call is about scope instead of the garden.

Projects filterable by style, scale and budget. The design process spelled out so the brief arrives specific.

I'd like to build it and show you. One homepage, designed for Keller's Landscaping, free. Not a template with your logo on it. The real thing, and it's yours whether we work together or not.

Worth a look? One word back and I'll start.

[Sender Name]
Bothmade","Subject: Keller's Landscaping — built it

Built it. Here.

Projects filterable by style, scale and budget band, with the design process spelled out — so the brief that reaches you already knows what it's asking for.

It's a design, not a build — nothing clicks yet. Didn't want to fake a demo.

One question: would publishing a design fee range help you or cost you?

[Sender Name]","design-led buyers choose from images and yours cannot be narrowed by style, scale or budget",info@ on their own domain — the convention. Worth a quick check before a big send.,field-run-010;landscape-design-build;MO;convention-email,75,9000,"$5,000","$16,000",06082026
Kevin G Jones DDS,info@jonesfamilydental.com,(501) 225-4555,Cosmetic dentistry,Little Rock,AR,USA,https://jonesfamilydental.com,cold-outreach,researched,"Subject: one case a month

Hi [First Name],

A smile-makeover patient researches for months, alone, at night, on a phone. I did that to Kevin G Jones DDS. Got as far as a phone number and a form.

They don't call in the morning. They keep scrolling and someone else does the case.

Cases first, filterable, a price range said out loud, and a booking that works at 9pm.

I'd like to build it and show you. One homepage, designed for Kevin G Jones DDS, free. Not a template with your logo on it. The real thing, and it's yours whether we work together or not.

Say yes and it's yours by Friday.

[Sender Name]
Bothmade","Subject: built it

Here it is.

Cases at the top, filterable by treatment. The range stated in real numbers. Booking that doesn't need your front desk awake.

It's a design, not a build — nothing clicks yet. Didn't want to fake a demo.

One thing I'd want your read on: veneers or implants — which pays you better?

[Sender Name]",the cases and the price range are the two things a $15k patient wants and the two hardest things to reach,info@ on their own domain — the convention. Worth a quick check before a big send.,field-run-010;cosmetic-dentistry;AR;convention-email,75,12000,"$6,000","$22,000",06082026
Kitchen and Bath World,info@kitchenandbathdesign.com,(518) 464-0660,Kitchen and bath remodeling,Albany,NY,USA,https://kitchenandbathdesign.com,cold-outreach,researched,"Subject: the tire-kicker problem

Hi [First Name],

Looked at Kitchen and Bath World the way a homeowner with a sixty-thousand-dollar kitchen in mind does. Your finished work is good. There was no way to find a kitchen like mine, and no way to tell you what my job actually is.

That's a $60k kitchen going to the company whose site made it feel easy.

Projects filterable by room, style and budget. A form that asks about the job, so it arrives ready to quote.

Let me build it for you. A real homepage for Kitchen and Bath World, on me, before we ever talk money. If it's good you'll know in ten seconds. If it isn't, you've lost nothing.

Worth a look? One word back and I'll start.

[Sender Name]
Bothmade","Subject: Kitchen and Bath World — built it

Built it. Here.

Before-and-afters filterable by room, style and budget band. The inquiry asks about the room, the scope and the timing — so it lands ready to quote instead of ready to interview.

It's a design, not a build — nothing clicks yet. Didn't want to fake a demo.

One question: what do you wish every inquiry told you before you called them back?

[Sender Name]",before-and-afters are what sell this and they sit in a gallery nobody can filter,info@ on their own domain — the convention. Worth a quick check before a big send.,field-run-010;kitchen-and-bath-remodeling;NY;convention-email,75,8500,"$4,000","$15,000",06082026
Lasley Brahaney Architecture and Construction,info@lasleybrahaney.com,(609) 921-2822,Custom home building,Princeton,NJ,USA,https://lasleybrahaney.com,cold-outreach,researched,"Subject: the inquiry that wasted your Tuesday

Hi [First Name],

Went through Lasley Brahaney Architecture and Construction's portfolio the way a couple with a lot and three million dollars does — hunting for the one house that looks like the one in their head. Couldn't sort by budget, style or scope. Just scrolled.

They don't email to ask. They go and look at the builder whose site let them filter.

Portfolio filterable by budget band, style and scope. Inquiry that asks about the lot, the number and the timing.

I'd like to build it and show you. One homepage, designed for Lasley Brahaney Architecture and Construction, free. Not a template with your logo on it. The real thing, and it's yours whether we work together or not.

Worth a look? One word back and I'll start.

[Sender Name]
Bothmade","Subject: built it

Here it is — Lasley Brahaney Architecture and Construction, as promised.

Portfolio filterable by budget, style and scope — so a couple with a specific project finds theirs in about nine seconds. Inquiry that arrives with the lot, the number and the timing on it.

It's a design, not a build — nothing clicks yet. Didn't want to fake a demo.

One thing I'd want your answer on: what do you wish every inquiry told you before you called them back?

[Sender Name]","the portfolio is the whole sale and there is no way to sort it by budget, style or scope",info@ on their own domain — the convention. Worth a quick check before a big send.,field-run-010;custom-home-building;NJ;convention-email,75,22000,"$12,000","$35,000",06082026
Little Rock Smiles,info@littlerocksmiles.com,(501) 565-0949,Cosmetic dentistry,Little Rock,AR,USA,https://littlerocksmiles.com,cold-outreach,researched,"Subject: one case a month

Hi [First Name],

Went looking for veneers in Little Rock the way a patient does. Nine at night, on a phone, three years of putting it off. Found Little Rock Smiles. Couldn't find a case that looked like mine, couldn't find a price, couldn't book.

That's the biggest case of the month deciding not to call you.

Cases first, filterable, a price range said out loud, and a booking that works at 9pm.

I'd like to build it and show you. One homepage, designed for Little Rock Smiles, free. Not a template with your logo on it. The real thing, and it's yours whether we work together or not.

Should I send it over?

[Sender Name]
Bothmade","Subject: built it

Here it is — Little Rock Smiles, as promised.

Cases at the top, filterable by treatment. The range stated in real numbers. Booking that doesn't need your front desk awake.

It's a design, not a build — nothing clicks yet. Didn't want to fake a demo.

One thing I'd want your read on: veneers or implants — which pays you better?

[Sender Name]",the cases and the price range are the two things a $15k patient wants and the two hardest things to reach,info@ on their own domain — the convention. Worth a quick check before a big send.,field-run-010;cosmetic-dentistry;AR;convention-email,75,12000,"$6,000","$22,000",06082026
Magnolia Family Dental,info@magnoliafamilydental.com,(352) 373-7361,Cosmetic dentistry,Gainesville,FL,USA,https://magnoliafamilydental.com,cold-outreach,researched,"Subject: one case a month

Hi [First Name],

Went looking for veneers in Gainesville the way a patient does. Nine at night, on a phone, three years of putting it off. Found Magnolia Family Dental. Couldn't find a case that looked like mine, couldn't find a price, couldn't book.

They don't call in the morning. They keep scrolling and someone else does the case.

Cases first, filterable, a price range said out loud, and a booking that works at 9pm.

I'd like to build it and show you. One homepage, designed for Magnolia Family Dental, free. Not a template with your logo on it. The real thing, and it's yours whether we work together or not.

Say yes and it's yours by Friday.

[Sender Name]
Bothmade","Subject: Magnolia Family Dental — built it

Here it is — Magnolia Family Dental, as promised.

Cases at the top, filterable by treatment. The range stated in real numbers. Booking that doesn't need your front desk awake.

It's a design, not a build — nothing clicks yet. Didn't want to fake a demo.

One thing I'd want your read on: veneers or implants — which pays you better?

[Sender Name]",the cases and the price range are the two things a $15k patient wants and the two hardest things to reach,info@ on their own domain — the convention. Worth a quick check before a big send.,field-run-010;cosmetic-dentistry;FL;convention-email,75,12000,"$6,000","$22,000",06082026
Mountain High Builders,info@mhbi.us,(541) 815-0855,Custom home building,Bend,OR,USA,https://mhbi.us,cold-outreach,researched,"Subject: they couldn't find their house

Hi [First Name],

Went through Mountain High Builders' portfolio the way a couple with a lot and three million dollars does — hunting for the one house that looks like the one in their head. Couldn't sort by budget, style or scope. Just scrolled.

That's a real project deciding you're not the one, on no evidence either way.

Sort the work the way buyers actually choose, and put the process where the fear is.

Here's my offer. I'll design that page for Mountain High Builders and send it over. No charge, no meeting to get it, no invoice at the end. Keep it either way — I'd rather you saw the work than read about it.

Say yes and it's yours by Friday.

[Sender Name]
Bothmade","Subject: here it is

Here it is — Mountain High Builders, as promised.

Projects sortable the way buyers choose, and the build process laid out month by month, which is the part they're actually frightened of.

Static design, so nothing on it works yet. I'd rather show you the real idea than a fake demo.

One question: would you ever show budget bands publicly, or is that a fight with your sales process?

[Sender Name]","the portfolio is the whole sale and there is no way to sort it by budget, style or scope",info@ on their own domain — the convention. Worth a quick check before a big send.,field-run-010;custom-home-building;OR;convention-email,75,22000,"$12,000","$35,000",06082026
NSPJ Architects,info@nspjarch.com,(913) 831-1415,Landscape design build,Prairie Village,KS,USA,https://nspjarch.com,cold-outreach,researched,"Subject: the inquiry that arrives vague

Hi [First Name],

Went through NSPJ Architects' work the way a homeowner commissioning a garden does. It's beautiful. It's also one long scroll — no way to narrow by style, scale or budget, and nothing about what design costs.

And the inquiries that land are vague, so the first call is about scope instead of the garden.

Projects filterable by style, scale and budget. The design process spelled out so the brief arrives specific.

I'd like to build it and show you. One homepage, designed for NSPJ Architects, free. Not a template with your logo on it. The real thing, and it's yours whether we work together or not.

Want me to build it?

[Sender Name]
Bothmade","Subject: here it is

Here it is — NSPJ Architects, as promised.

Projects filterable by style, scale and budget band, with the design process spelled out — so the brief that reaches you already knows what it's asking for.

It's a design, not a build — nothing clicks yet. Didn't want to fake a demo.

One question: would publishing a design fee range help you or cost you?

[Sender Name]","design-led buyers choose from images and yours cannot be narrowed by style, scale or budget",info@ on their own domain — the convention. Worth a quick check before a big send.,field-run-010;landscape-design-build;KS;convention-email,75,9000,"$5,000","$16,000",06082026
New Era Homes,info@newerahomes.com,(541) 330-5463,Custom home building,Bend,OR,USA,https://newerahomes.com,cold-outreach,researched,"Subject: filtering your projects

Hi [First Name],

Looked at New Era Homes as a client would in Bend: trying to find the project that matches my lot and my number. Gave up before I found it.

That's a real project deciding you're not the one, on no evidence either way.

Portfolio filterable by budget band, style and scope. Inquiry that asks about the lot, the number and the timing.

I'd like to build it and show you. One homepage, designed for New Era Homes, free. Not a template with your logo on it. The real thing, and it's yours whether we work together or not.

Say yes and it's yours by Friday.

[Sender Name]
Bothmade","Subject: here it is

Here it is.

Portfolio filterable by budget, style and scope — so a couple with a specific project finds theirs in about nine seconds. Inquiry that arrives with the lot, the number and the timing on it.

It's a design, not a build — nothing clicks yet. Didn't want to fake a demo.

One thing I'd want your answer on: what do you wish every inquiry told you before you called them back?

[Sender Name]","the portfolio is the whole sale and there is no way to sort it by budget, style or scope",info@ on their own domain — the convention. Worth a quick check before a big send.,field-run-010;custom-home-building;OR;convention-email,75,22000,"$12,000","$35,000",06082026
NuBella Med Spa,info@nubellamedspa.com,(949) 614-0052,Med spa,Irvine,CA,USA,https://nubellamedspa.com,cold-outreach,researched,"Subject: your 9pm bookings

Hi [First Name],

Found NuBella Med Spa at 9pm on my phone, the way your next client will. The reviews sold me in about forty seconds. Then the only way to book was a phone number and a front desk that shut at five.

A booking a night walks that way. Silently. No missed call, no voicemail, nothing to review on Monday.

Treatments priced, bookable in two taps, reviews right beside them.

So here's what I'll do. I'll build NuBella Med Spa that homepage. Free. Not a slide, not a proposal — the actual page, designed for your business. Yours to keep whether you hire me or not.

Say yes and it's yours by Friday.

[Sender Name]
Bothmade","Subject: here it is

Here it is.

Treatments priced, bookable in two taps, reviews doing the closing right beside them. Memberships obvious instead of three pages deep.

Static design, so nothing on it works yet. I'd rather show you the real idea than a fake demo.

One question: would you let a new client book without a consult call first?

[Sender Name]",the reviews do the selling and the booking is a phone number that stops answering at five,info@ on their own domain — the convention. Worth a quick check before a big send.,field-run-010;med-spa;CA;convention-email,75,10000,"$5,000","$18,000",06082026
Panorama Remodeling,info@panoramaremodeling.com,(703) 722-8081,Kitchen and bath remodeling,Alexandria,VA,USA,https://panoramaremodeling.com,cold-outreach,researched,"Subject: quoting jobs that were never real

Hi [First Name],

Your before-and-afters sell this. They're in a small gallery you can't filter, so the woman with a galley kitchen never finds your galley kitchen.

So you spend Tuesday evening quoting jobs that were never real, and the real one went to whoever answered first.

Projects filterable by room, style and budget. A form that asks about the job, so it arrives ready to quote.

So here's what I'll do. I'll build Panorama Remodeling that homepage. Free. Not a slide, not a proposal — the actual page, designed for your business. Yours to keep whether you hire me or not.

Want me to build it?

[Sender Name]
Bothmade","Subject: Panorama Remodeling — built it

Here it is.

Before-and-afters filterable by room, style and budget band. The inquiry asks about the room, the scope and the timing — so it lands ready to quote instead of ready to interview.

Static design, so nothing on it works yet. I'd rather show you the real idea than a fake demo.

One question: what do you wish every inquiry told you before you called them back?

[Sender Name]",before-and-afters are what sell this and they sit in a gallery nobody can filter,info@ on their own domain — the convention. Worth a quick check before a big send.,field-run-010;kitchen-and-bath-remodeling;VA;convention-email,75,8500,"$4,000","$15,000",06082026
Park Avenue Dental Gainesville,info@parkavenuedentalgnv.com,(352) 331-7573,Cosmetic dentistry,Gainesville,FL,USA,https://parkavenuedentalgnv.com,cold-outreach,researched,"Subject: your veneer cases

Hi [First Name],

Your case work is good. I had to dig for it — two menus deep, on a phone, at the exact moment somebody decides to spend fifteen thousand dollars on their teeth.

They don't call in the morning. They keep scrolling and someone else does the case.

Before-and-afters up front, the range in plain numbers, financing mentioned before they ask.

So here's what I'll do. I'll build Park Avenue Dental Gainesville that homepage. Free. Not a slide, not a proposal — the actual page, designed for your business. Yours to keep whether you hire me or not.

Want it?

[Sender Name]
Bothmade","Subject: Park Avenue Dental Gainesville — built it

Here it is.

A homepage built for the cosmetic patient rather than the check-up patient — cases, price, and one tap to a consult.

Static design, so nothing on it works yet. I'd rather show you the real idea than a fake demo.

One question: does a price range on the site bring you better calls or worse ones?

[Sender Name]",the cases and the price range are the two things a $15k patient wants and the two hardest things to reach,info@ on their own domain — the convention. Worth a quick check before a big send.,field-run-010;cosmetic-dentistry;FL;convention-email,75,12000,"$6,000","$22,000",06082026
Payne Family Construction,info@paynefamilyconstruction.com,(732) 799-9794,Custom home building,Princeton,NJ,USA,https://paynefamilyconstruction.com,cold-outreach,researched,"Subject: they couldn't find their house

Hi [First Name],

Went through Payne Family Construction's portfolio the way a couple with a lot and three million dollars does — hunting for the one house that looks like the one in their head. Couldn't sort by budget, style or scope. Just scrolled.

And the inquiries that do land ask for a name and a message, so your first call is an interview instead of a conversation.

Sort the work the way buyers actually choose, and put the process where the fear is.

Here's my offer. I'll design that page for Payne Family Construction and send it over. No charge, no meeting to get it, no invoice at the end. Keep it either way — I'd rather you saw the work than read about it.

Say yes and it's yours by Friday.

[Sender Name]
Bothmade","Subject: built it

Here it is — Payne Family Construction, as promised.

Projects sortable the way buyers choose, and the build process laid out month by month, which is the part they're actually frightened of.

Static design, so nothing on it works yet. I'd rather show you the real idea than a fake demo.

One question: would you ever show budget bands publicly, or is that a fight with your sales process?

[Sender Name]","the portfolio is the whole sale and there is no way to sort it by budget, style or scope",info@ on their own domain — the convention. Worth a quick check before a big send.,field-run-010;custom-home-building;NJ;convention-email,75,22000,"$12,000","$35,000",06082026
Personal Touch Pools KS,info@personaltouchpoolsks.com,(316) 518-6304,Pool building,Wichita,KS,USA,https://personaltouchpoolsks.com,cold-outreach,researched,"Subject: sorting your pools

Hi [First Name],

Looked at Personal Touch Pools KS the way a homeowner in Wichita does — trying to find a build that looks like my backyard, at roughly my number. One long scroll, no way to narrow it, no price anywhere.

That's a ninety-thousand-dollar build going to the company that answered the money question first.

Gallery filterable by size, style and budget. A starting number said out loud.

Let me build it for you. A real homepage for Personal Touch Pools KS, on me, before we ever talk money. If it's good you'll know in ten seconds. If it isn't, you've lost nothing.

Worth a look? One word back and I'll start.

[Sender Name]
Bothmade","Subject: Personal Touch Pools KS — built it

Here it is.

Builds filterable by size, style and budget band, with a starting range stated plainly and a timeline from signing to swimming.

It's a design, not a build — nothing clicks yet. Didn't want to fake a demo.

One question: would you publish a starting price, or does that cost you more than it wins?

[Sender Name]","the gallery cannot be sorted, so nobody finds a build that looks like their own yard",info@ on their own domain — the convention. Worth a quick check before a big send.,field-run-010;pool-building;KS;convention-email,75,10000,"$5,000","$18,000",06082026
Platinum Pools and Spa,info@platinumpoolandspa.com,(316) 733-2233,Pool building,Wichita,KS,USA,https://platinumpoolandspa.com,cold-outreach,researched,"Subject: your build gallery

Hi [First Name],

Looked at Platinum Pools and Spa the way a homeowner in Wichita does — trying to find a build that looks like my backyard, at roughly my number. One long scroll, no way to narrow it, no price anywhere.

That's a ninety-thousand-dollar build going to the company that answered the money question first.

Gallery filterable by size, style and budget. A starting number said out loud.

I'd like to build it and show you. One homepage, designed for Platinum Pools and Spa, free. Not a template with your logo on it. The real thing, and it's yours whether we work together or not.

Worth a look? One word back and I'll start.

[Sender Name]
Bothmade","Subject: Platinum Pools and Spa — built it

Built it. Here.

Builds filterable by size, style and budget band, with a starting range stated plainly and a timeline from signing to swimming.

It's a design, not a build — nothing clicks yet. Didn't want to fake a demo.

One question: would you publish a starting price, or does that cost you more than it wins?

[Sender Name]","the gallery cannot be sorted, so nobody finds a build that looks like their own yard",info@ on their own domain — the convention. Worth a quick check before a big send.,field-run-010;pool-building;KS;convention-email,75,10000,"$5,000","$18,000",06082026
Primework Construction,info@primeworkconstructionca.com,(669) 345-7070,Kitchen and bath remodeling,San Jose,CA,USA,https://primeworkconstructionca.com,cold-outreach,researched,"Subject: the tire-kicker problem

Hi [First Name],

Your before-and-afters sell this. They're in a small gallery you can't filter, so the woman with a galley kitchen never finds your galley kitchen.

So you spend Tuesday evening quoting jobs that were never real, and the real one went to whoever answered first.

Projects filterable by room, style and budget. A form that asks about the job, so it arrives ready to quote.

So here's what I'll do. I'll build Primework Construction that homepage. Free. Not a slide, not a proposal — the actual page, designed for your business. Yours to keep whether you hire me or not.

Worth a look? One word back and I'll start.

[Sender Name]
Bothmade","Subject: here it is

Built it. Here.

Before-and-afters filterable by room, style and budget band. The inquiry asks about the room, the scope and the timing — so it lands ready to quote instead of ready to interview.

Static design, so nothing on it works yet. I'd rather show you the real idea than a fake demo.

One question: what do you wish every inquiry told you before you called them back?

[Sender Name]",before-and-afters are what sell this and they sit in a gallery nobody can filter,info@ on their own domain — the convention. Worth a quick check before a big send.,field-run-010;kitchen-and-bath-remodeling;CA;convention-email,75,8500,"$4,000","$15,000",06082026
Razzano Homes,info@buildittolast.com,(518) 915-1800,Kitchen and bath remodeling,Albany,NY,USA,https://buildittolast.com,cold-outreach,researched,"Subject: quoting jobs that were never real

Hi [First Name],

Your before-and-afters sell this. They're in a small gallery you can't filter, so the woman with a galley kitchen never finds your galley kitchen.

So you spend Tuesday evening quoting jobs that were never real, and the real one went to whoever answered first.

Projects filterable by room, style and budget. A form that asks about the job, so it arrives ready to quote.

Here's my offer. I'll design that page for Razzano Homes and send it over. No charge, no meeting to get it, no invoice at the end. Keep it either way — I'd rather you saw the work than read about it.

Say yes and it's yours by Friday.

[Sender Name]
Bothmade","Subject: Razzano Homes — built it

Built it. Here.

Before-and-afters filterable by room, style and budget band. The inquiry asks about the room, the scope and the timing — so it lands ready to quote instead of ready to interview.

Static design, so nothing on it works yet. I'd rather show you the real idea than a fake demo.

One question: what do you wish every inquiry told you before you called them back?

[Sender Name]",before-and-afters are what sell this and they sit in a gallery nobody can filter,info@ on their own domain — the convention. Worth a quick check before a big send.,field-run-010;kitchen-and-bath-remodeling;NY;convention-email,75,8500,"$4,000","$15,000",06082026
Relief Pool Builders,info@reliefpools.com,(225) 307-8121,Pool building,Baton Rouge,LA,USA,https://reliefpools.com,cold-outreach,researched,"Subject: your build gallery

Hi [First Name],

Looked at Relief Pool Builders the way a homeowner in Baton Rouge does — trying to find a build that looks like my backyard, at roughly my number. One long scroll, no way to narrow it, no price anywhere.

That's a ninety-thousand-dollar build going to the company that answered the money question first.

Gallery filterable by size, style and budget. A starting number said out loud.

I'd like to build it and show you. One homepage, designed for Relief Pool Builders, free. Not a template with your logo on it. The real thing, and it's yours whether we work together or not.

Say yes and it's yours by Friday.

[Sender Name]
Bothmade","Subject: here it is

Here it is.

Builds filterable by size, style and budget band, with a starting range stated plainly and a timeline from signing to swimming.

It's a design, not a build — nothing clicks yet. Didn't want to fake a demo.

One question: would you publish a starting price, or does that cost you more than it wins?

[Sender Name]","the gallery cannot be sorted, so nobody finds a build that looks like their own yard",info@ on their own domain — the convention. Worth a quick check before a big send.,field-run-010;pool-building;LA;convention-email,75,10000,"$5,000","$18,000",06082026
Select Kitchen and Bath,info@selectkitchenandbath.com,(703) 866-4224,Kitchen and bath remodeling,Alexandria,VA,USA,https://selectkitchenandbath.com,cold-outreach,researched,"Subject: the tire-kicker problem

Hi [First Name],

Looked at Select Kitchen and Bath the way a homeowner with a sixty-thousand-dollar kitchen in mind does. Your finished work is good. There was no way to find a kitchen like mine, and no way to tell you what my job actually is.

That's a $60k kitchen going to the company whose site made it feel easy.

Projects filterable by room, style and budget. A form that asks about the job, so it arrives ready to quote.

Let me build it for you. A real homepage for Select Kitchen and Bath, on me, before we ever talk money. If it's good you'll know in ten seconds. If it isn't, you've lost nothing.

Want it?

[Sender Name]
Bothmade","Subject: Select Kitchen and Bath — built it

Here it is — Select Kitchen and Bath, as promised.

Before-and-afters filterable by room, style and budget band. The inquiry asks about the room, the scope and the timing — so it lands ready to quote instead of ready to interview.

It's a design, not a build — nothing clicks yet. Didn't want to fake a demo.

One question: what do you wish every inquiry told you before you called them back?

[Sender Name]",before-and-afters are what sell this and they sit in a gallery nobody can filter,info@ on their own domain — the convention. Worth a quick check before a big send.,field-run-010;kitchen-and-bath-remodeling;VA;convention-email,75,8500,"$4,000","$15,000",06082026
Smart Smile Dentistry,info@smartsmiledentistry.com,(352) 376-5120,Cosmetic dentistry,Gainesville,FL,USA,https://smartsmiledentistry.com,cold-outreach,researched,"Subject: cases, price, booking

Hi [First Name],

Went looking for veneers in Gainesville the way a patient does. Nine at night, on a phone, three years of putting it off. Found Smart Smile Dentistry. Couldn't find a case that looked like mine, couldn't find a price, couldn't book.

One case a month lost that way costs more than a website. Several times over.

Before-and-afters up front, the range in plain numbers, financing mentioned before they ask.

Here's my offer. I'll design that page for Smart Smile Dentistry and send it over. No charge, no meeting to get it, no invoice at the end. Keep it either way — I'd rather you saw the work than read about it.

Want it?

[Sender Name]
Bothmade","Subject: here it is

Here it is.

A homepage built for the cosmetic patient rather than the check-up patient — cases, price, and one tap to a consult.

Static design, so nothing on it works yet. I'd rather show you the real idea than a fake demo.

One question: does a price range on the site bring you better calls or worse ones?

[Sender Name]",the cases and the price range are the two things a $15k patient wants and the two hardest things to reach,info@ on their own domain — the convention. Worth a quick check before a big send.,field-run-010;cosmetic-dentistry;FL;convention-email,75,12000,"$6,000","$22,000",06082026
Smile Arkansas,info@smilearkansas.com,(501) 821-4200,Cosmetic dentistry,Little Rock,AR,USA,https://smilearkansas.com,cold-outreach,researched,"Subject: one case a month

Hi [First Name],

Went looking for veneers in Little Rock the way a patient does. Nine at night, on a phone, three years of putting it off. Found Smile Arkansas. Couldn't find a case that looked like mine, couldn't find a price, couldn't book.

That's the biggest case of the month deciding not to call you.

Cases first, filterable, a price range said out loud, and a booking that works at 9pm.

I'd like to build it and show you. One homepage, designed for Smile Arkansas, free. Not a template with your logo on it. The real thing, and it's yours whether we work together or not.

Want it?

[Sender Name]
Bothmade","Subject: Smile Arkansas — built it

Here it is.

Cases at the top, filterable by treatment. The range stated in real numbers. Booking that doesn't need your front desk awake.

It's a design, not a build — nothing clicks yet. Didn't want to fake a demo.

One thing I'd want your read on: veneers or implants — which pays you better?

[Sender Name]",the cases and the price range are the two things a $15k patient wants and the two hardest things to reach,info@ on their own domain — the convention. Worth a quick check before a big send.,field-run-010;cosmetic-dentistry;AR;convention-email,75,12000,"$6,000","$22,000",06082026
Taylor Dentistry,info@taylordentistry.com,(352) 376-3400,Cosmetic dentistry,Gainesville,FL,USA,https://taylordentistry.com,cold-outreach,researched,"Subject: cases, price, booking

Hi [First Name],

Went looking for veneers in Gainesville the way a patient does. Nine at night, on a phone, three years of putting it off. Found Taylor Dentistry. Couldn't find a case that looked like mine, couldn't find a price, couldn't book.

One case a month lost that way costs more than a website. Several times over.

Before-and-afters up front, the range in plain numbers, financing mentioned before they ask.

Here's my offer. I'll design that page for Taylor Dentistry and send it over. No charge, no meeting to get it, no invoice at the end. Keep it either way — I'd rather you saw the work than read about it.

Say yes and it's yours by Friday.

[Sender Name]
Bothmade","Subject: built it

Built it. Here.

A homepage built for the cosmetic patient rather than the check-up patient — cases, price, and one tap to a consult.

Static design, so nothing on it works yet. I'd rather show you the real idea than a fake demo.

One question: does a price range on the site bring you better calls or worse ones?

[Sender Name]",the cases and the price range are the two things a $15k patient wants and the two hardest things to reach,info@ on their own domain — the convention. Worth a quick check before a big send.,field-run-010;cosmetic-dentistry;FL;convention-email,75,12000,"$6,000","$22,000",06082026
Tomlinson Construction,info@tomlinsonconstruction.com,(408) 316-4997,Kitchen and bath remodeling,San Jose,CA,USA,https://tomlinsonconstruction.com,cold-outreach,researched,"Subject: the tire-kicker problem

Hi [First Name],

Looked at Tomlinson Construction the way a homeowner with a sixty-thousand-dollar kitchen in mind does. Your finished work is good. There was no way to find a kitchen like mine, and no way to tell you what my job actually is.

That's a $60k kitchen going to the company whose site made it feel easy.

Projects filterable by room, style and budget. A form that asks about the job, so it arrives ready to quote.

Let me build it for you. A real homepage for Tomlinson Construction, on me, before we ever talk money. If it's good you'll know in ten seconds. If it isn't, you've lost nothing.

Say yes and it's yours by Friday.

[Sender Name]
Bothmade","Subject: here it is

Here it is.

Before-and-afters filterable by room, style and budget band. The inquiry asks about the room, the scope and the timing — so it lands ready to quote instead of ready to interview.

It's a design, not a build — nothing clicks yet. Didn't want to fake a demo.

One question: what do you wish every inquiry told you before you called them back?

[Sender Name]",before-and-afters are what sell this and they sit in a gallery nobody can filter,info@ on their own domain — the convention. Worth a quick check before a big send.,field-run-010;kitchen-and-bath-remodeling;CA;convention-email,75,8500,"$4,000","$15,000",06082026
Transformation Dentistry,info@transformationdentistry.com,(352) 331-4080,Cosmetic dentistry,Gainesville,FL,USA,https://transformationdentistry.com,cold-outreach,researched,"Subject: your veneer cases

Hi [First Name],

Your case work is good. I had to dig for it — two menus deep, on a phone, at the exact moment somebody decides to spend fifteen thousand dollars on their teeth.

One case a month lost that way costs more than a website. Several times over.

Before-and-afters up front, the range in plain numbers, financing mentioned before they ask.

So here's what I'll do. I'll build Transformation Dentistry that homepage. Free. Not a slide, not a proposal — the actual page, designed for your business. Yours to keep whether you hire me or not.

Say yes and it's yours by Friday.

[Sender Name]
Bothmade","Subject: here it is

Here it is.

A homepage built for the cosmetic patient rather than the check-up patient — cases, price, and one tap to a consult.

Static design, so nothing on it works yet. I'd rather show you the real idea than a fake demo.

One question: does a price range on the site bring you better calls or worse ones?

[Sender Name]",the cases and the price range are the two things a $15k patient wants and the two hardest things to reach,info@ on their own domain — the convention. Worth a quick check before a big send.,field-run-010;cosmetic-dentistry;FL;convention-email,75,12000,"$6,000","$22,000",06082026
WELBuilt Homes,info@welbuilthomes.com,(541) 639-9466,Custom home building,Bend,OR,USA,https://welbuilthomes.com,cold-outreach,researched,"Subject: the inquiry that wasted your Tuesday

Hi [First Name],

Looked at WELBuilt Homes as a client would in Bend: trying to find the project that matches my lot and my number. Gave up before I found it.

That's a real project deciding you're not the one, on no evidence either way.

Portfolio filterable by budget band, style and scope. Inquiry that asks about the lot, the number and the timing.

Let me build it for you. A real homepage for WELBuilt Homes, on me, before we ever talk money. If it's good you'll know in ten seconds. If it isn't, you've lost nothing.

Say yes and it's yours by Friday.

[Sender Name]
Bothmade","Subject: here it is

Built it. Here.

Portfolio filterable by budget, style and scope — so a couple with a specific project finds theirs in about nine seconds. Inquiry that arrives with the lot, the number and the timing on it.

It's a design, not a build — nothing clicks yet. Didn't want to fake a demo.

One thing I'd want your answer on: what do you wish every inquiry told you before you called them back?

[Sender Name]","the portfolio is the whole sale and there is no way to sort it by budget, style or scope",info@ on their own domain — the convention. Worth a quick check before a big send.,field-run-010;custom-home-building;OR;convention-email,75,22000,"$12,000","$35,000",06082026
Winsome Construction,info@winsomeconstruction.com,(541) 797-7927,Custom home building,Bend,OR,USA,https://winsomeconstruction.com,cold-outreach,researched,"Subject: they couldn't find their house

Hi [First Name],

Went through Winsome Construction's portfolio the way a couple with a lot and three million dollars does — hunting for the one house that looks like the one in their head. Couldn't sort by budget, style or scope. Just scrolled.

They don't email to ask. They go and look at the builder whose site let them filter.

Sort the work the way buyers actually choose, and put the process where the fear is.

Here's my offer. I'll design that page for Winsome Construction and send it over. No charge, no meeting to get it, no invoice at the end. Keep it either way — I'd rather you saw the work than read about it.

Say yes and it's yours by Friday.

[Sender Name]
Bothmade","Subject: built it

Here it is — Winsome Construction, as promised.

Projects sortable the way buyers choose, and the build process laid out month by month, which is the part they're actually frightened of.

Static design, so nothing on it works yet. I'd rather show you the real idea than a fake demo.

One question: would you ever show budget bands publicly, or is that a fight with your sales process?

[Sender Name]","the portfolio is the whole sale and there is no way to sort it by budget, style or scope",info@ on their own domain — the convention. Worth a quick check before a big send.,field-run-010;custom-home-building;OR;convention-email,75,22000,"$12,000","$35,000",06082026
Coley Cosmetic and Hand Surgery,info@coleycosmetic.com,(336) 617-8645,Med spa,Greensboro,NC,USA,https://coleycosmetic.com,cold-outreach,researched,"Subject: your 9pm bookings

Hi [First Name],

Looked you up the way a new client does — evening, phone, already decided she wants tox, just picking where. Coley Cosmetic and Hand Surgery won on reviews. Then booking meant calling in the morning.

That's the sale, right there. She books wherever the button is, and you never find out you lost her.

Treatments priced, bookable in two taps, reviews right beside them.

So here's what I'll do. I'll build Coley Cosmetic and Hand Surgery that homepage. Free. Not a slide, not a proposal — the actual page, designed for your business. Yours to keep whether you hire me or not.

Want me to build it?

[Sender Name]
Bothmade","Subject: here it is

Here it is — Coley Cosmetic and Hand Surgery, as promised.

Treatments priced, bookable in two taps, reviews doing the closing right beside them. Memberships obvious instead of three pages deep.

Static design, so nothing on it works yet. I'd rather show you the real idea than a fake demo.

One question: would you let a new client book without a consult call first?

[Sender Name]",the reviews do the selling and the booking is a phone number that stops answering at five,info@ on their own domain — the convention. Worth a quick check before a big send.,field-run-010;med-spa;NC;convention-email,75,10000,"$5,000","$18,000",06082026
Carolina Age Management Institute,info@carolinaagemanagement.com,(336) 738-0099,Med spa,Greensboro,NC,USA,https://carolinaagemanagement.com,cold-outreach,researched,"Subject: reviews vs booking button

Hi [First Name],

Your reviews do the selling. I read them on my phone at 9pm in Greensboro and I was sold. Then I hit a phone number and office hours.

That's the sale, right there. She books wherever the button is, and you never find out you lost her.

Treatments priced, bookable in two taps, reviews right beside them.

Here's my offer. I'll design that page for Carolina Age Management Institute and send it over. No charge, no meeting to get it, no invoice at the end. Keep it either way — I'd rather you saw the work than read about it.

Want me to build it?

[Sender Name]
Bothmade","Subject: built it

Built it. Here.

Treatments priced, bookable in two taps, reviews doing the closing right beside them. Memberships obvious instead of three pages deep.

Static design, so nothing on it works yet. I'd rather show you the real idea than a fake demo.

One question: would you let a new client book without a consult call first?

[Sender Name]",the reviews do the selling and the booking is a phone number that stops answering at five,info@ on their own domain — the convention. Worth a quick check before a big send.,field-run-010;med-spa;NC;convention-email,75,10000,"$5,000","$18,000",06082026
Papillion Construction,info@papillionconstruction.com,(850) 426-7269,Pool building,Pensacola,FL,USA,https://papillionconstruction.com,cold-outreach,researched,"Subject: sorting your pools

Hi [First Name],

Looked at Papillion Construction the way a homeowner in Pensacola does — trying to find a build that looks like my backyard, at roughly my number. One long scroll, no way to narrow it, no price anywhere.

That's a ninety-thousand-dollar build going to the company that answered the money question first.

Gallery filterable by size, style and budget. A starting number said out loud.

I'd like to build it and show you. One homepage, designed for Papillion Construction, free. Not a template with your logo on it. The real thing, and it's yours whether we work together or not.

Want it?

[Sender Name]
Bothmade","Subject: here it is

Built it. Here.

Builds filterable by size, style and budget band, with a starting range stated plainly and a timeline from signing to swimming.

It's a design, not a build — nothing clicks yet. Didn't want to fake a demo.

One question: would you publish a starting price, or does that cost you more than it wins?

[Sender Name]","the gallery cannot be sorted, so nobody finds a build that looks like their own yard",info@ on their own domain — the convention. Worth a quick check before a big send.,field-run-010;pool-building;FL;convention-email,75,10000,"$5,000","$18,000",06082026
Parker Pools,info@parkerpools.us,(850) 478-0777,Pool building,Pensacola,FL,USA,https://parkerpools.us,cold-outreach,researched,"Subject: what does one like mine cost

Hi [First Name],

Your builds look excellent. I went looking for one like mine and scrolled past sixty that weren't. Then couldn't find a starting number.

So they call whoever showed them a pool like theirs, with a number attached.

Gallery filterable by size, style and budget. A starting number said out loud.

Here's my offer. I'll design that page for Parker Pools and send it over. No charge, no meeting to get it, no invoice at the end. Keep it either way — I'd rather you saw the work than read about it.

Should I send it over?

[Sender Name]
Bothmade","Subject: Parker Pools — built it

Here it is.

Builds filterable by size, style and budget band, with a starting range stated plainly and a timeline from signing to swimming.

Static design, so nothing on it works yet. I'd rather show you the real idea than a fake demo.

One question: would you publish a starting price, or does that cost you more than it wins?

[Sender Name]","the gallery cannot be sorted, so nobody finds a build that looks like their own yard",info@ on their own domain — the convention. Worth a quick check before a big send.,field-run-010;pool-building;FL;convention-email,75,10000,"$5,000","$18,000",06082026
Payne Pool Professionals,info@paynepoolprofessionals.com,(850) 972-8472,Pool building,Pensacola,FL,USA,https://paynepoolprofessionals.com,cold-outreach,researched,"Subject: sorting your pools

Hi [First Name],

Looked at Payne Pool Professionals the way a homeowner in Pensacola does — trying to find a build that looks like my backyard, at roughly my number. One long scroll, no way to narrow it, no price anywhere.

That's a ninety-thousand-dollar build going to the company that answered the money question first.

Gallery filterable by size, style and budget. A starting number said out loud.

I'd like to build it and show you. One homepage, designed for Payne Pool Professionals, free. Not a template with your logo on it. The real thing, and it's yours whether we work together or not.

Want me to build it?

[Sender Name]
Bothmade","Subject: built it

Built it. Here.

Builds filterable by size, style and budget band, with a starting range stated plainly and a timeline from signing to swimming.

It's a design, not a build — nothing clicks yet. Didn't want to fake a demo.

One question: would you publish a starting price, or does that cost you more than it wins?

[Sender Name]","the gallery cannot be sorted, so nobody finds a build that looks like their own yard",info@ on their own domain — the convention. Worth a quick check before a big send.,field-run-010;pool-building;FL;convention-email,75,10000,"$5,000","$18,000",06082026
Vaughn's Pools,info@vaughnspools.com,(850) 476-5517,Pool building,Pensacola,FL,USA,https://vaughnspools.com,cold-outreach,researched,"Subject: what does one like mine cost

Hi [First Name],

Your builds look excellent. I went looking for one like mine and scrolled past sixty that weren't. Then couldn't find a starting number.

So they call whoever showed them a pool like theirs, with a number attached.

Gallery filterable by size, style and budget. A starting number said out loud.

So here's what I'll do. I'll build Vaughn's Pools that homepage. Free. Not a slide, not a proposal — the actual page, designed for your business. Yours to keep whether you hire me or not.

Want it?

[Sender Name]
Bothmade","Subject: Vaughn's Pools — built it

Built it. Here.

Builds filterable by size, style and budget band, with a starting range stated plainly and a timeline from signing to swimming.

Static design, so nothing on it works yet. I'd rather show you the real idea than a fake demo.

One question: would you publish a starting price, or does that cost you more than it wins?

[Sender Name]","the gallery cannot be sorted, so nobody finds a build that looks like their own yard",info@ on their own domain — the convention. Worth a quick check before a big send.,field-run-010;pool-building;FL;convention-email,75,10000,"$5,000","$18,000",06082026
Dayton Kitchen and Bathroom Remodeling,info@daytonohremodeling.com,(937) 949-4250,Kitchen and bath remodeling,Dayton,OH,USA,https://daytonohremodeling.com,cold-outreach,researched,"Subject: your before-and-afters

Hi [First Name],

Looked at Dayton Kitchen and Bathroom Remodeling the way a homeowner with a sixty-thousand-dollar kitchen in mind does. Your finished work is good. There was no way to find a kitchen like mine, and no way to tell you what my job actually is.

That's a $60k kitchen going to the company whose site made it feel easy.

Projects filterable by room, style and budget. A form that asks about the job, so it arrives ready to quote.

I'd like to build it and show you. One homepage, designed for Dayton Kitchen and Bathroom Remodeling, free. Not a template with your logo on it. The real thing, and it's yours whether we work together or not.

Should I send it over?

[Sender Name]
Bothmade","Subject: Dayton Kitchen and Bathroom Remodeling — built it

Here it is.

Before-and-afters filterable by room, style and budget band. The inquiry asks about the room, the scope and the timing — so it lands ready to quote instead of ready to interview.

It's a design, not a build — nothing clicks yet. Didn't want to fake a demo.

One question: what do you wish every inquiry told you before you called them back?

[Sender Name]",before-and-afters are what sell this and they sit in a gallery nobody can filter,info@ on their own domain — the convention. Worth a quick check before a big send.,field-run-010;kitchen-and-bath-remodeling;OH;convention-email,75,8500,"$4,000","$15,000",06082026
Bathroom Remodel Dayton,info@bathroomremodeldayton.net,(937) 489-4894,Kitchen and bath remodeling,Dayton,OH,USA,https://bathroomremodeldayton.net,cold-outreach,researched,"Subject: your before-and-afters

Hi [First Name],

Your before-and-afters sell this. They're in a small gallery you can't filter, so the woman with a galley kitchen never finds your galley kitchen.

So you spend Tuesday evening quoting jobs that were never real, and the real one went to whoever answered first.

Projects filterable by room, style and budget. A form that asks about the job, so it arrives ready to quote.

So here's what I'll do. I'll build Bathroom Remodel Dayton that homepage. Free. Not a slide, not a proposal — the actual page, designed for your business. Yours to keep whether you hire me or not.

Should I send it over?

[Sender Name]
Bothmade","Subject: Bathroom Remodel Dayton — built it

Built it. Here.

Before-and-afters filterable by room, style and budget band. The inquiry asks about the room, the scope and the timing — so it lands ready to quote instead of ready to interview.

Static design, so nothing on it works yet. I'd rather show you the real idea than a fake demo.

One question: what do you wish every inquiry told you before you called them back?

[Sender Name]",before-and-afters are what sell this and they sit in a gallery nobody can filter,info@ on their own domain — the convention. Worth a quick check before a big send.,field-run-010;kitchen-and-bath-remodeling;OH;convention-email,75,8500,"$4,000","$15,000",06082026
Premier Custom Homes,info@nwohomebuilders.com,(419) 794-5958,Custom home building,Toledo,OH,USA,https://nwohomebuilders.com,cold-outreach,researched,"Subject: they couldn't find their house

Hi [First Name],

Your work is the sale. I looked at it the way a buyer does and there was no way to narrow it — no budget band, no style, no scope. Forty thumbnails and good luck.

And the inquiries that do land ask for a name and a message, so your first call is an interview instead of a conversation.

Sort the work the way buyers actually choose, and put the process where the fear is.

Here's my offer. I'll design that page for Premier Custom Homes and send it over. No charge, no meeting to get it, no invoice at the end. Keep it either way — I'd rather you saw the work than read about it.

Say yes and it's yours by Friday.

[Sender Name]
Bothmade","Subject: here it is

Here it is — Premier Custom Homes, as promised.

Projects sortable the way buyers choose, and the build process laid out month by month, which is the part they're actually frightened of.

Static design, so nothing on it works yet. I'd rather show you the real idea than a fake demo.

One question: would you ever show budget bands publicly, or is that a fight with your sales process?

[Sender Name]","the portfolio is the whole sale and there is no way to sort it by budget, style or scope",info@ on their own domain — the convention. Worth a quick check before a big send.,field-run-010;custom-home-building;OH;convention-email,75,22000,"$12,000","$35,000",06082026
Woodland Custom Home Builders,info@woodlandcustomhomes.com,(419) 720-4411,Custom home building,Toledo,OH,USA,https://woodlandcustomhomes.com,cold-outreach,researched,"Subject: filtering your projects

Hi [First Name],

Looked at Woodland Custom Home Builders as a client would in Toledo: trying to find the project that matches my lot and my number. Gave up before I found it.

They don't email to ask. They go and look at the builder whose site let them filter.

Portfolio filterable by budget band, style and scope. Inquiry that asks about the lot, the number and the timing.

I'd like to build it and show you. One homepage, designed for Woodland Custom Home Builders, free. Not a template with your logo on it. The real thing, and it's yours whether we work together or not.

Say yes and it's yours by Friday.

[Sender Name]
Bothmade","Subject: built it

Built it. Here.

Portfolio filterable by budget, style and scope — so a couple with a specific project finds theirs in about nine seconds. Inquiry that arrives with the lot, the number and the timing on it.

It's a design, not a build — nothing clicks yet. Didn't want to fake a demo.

One thing I'd want your answer on: what do you wish every inquiry told you before you called them back?

[Sender Name]","the portfolio is the whole sale and there is no way to sort it by budget, style or scope",info@ on their own domain — the convention. Worth a quick check before a big send.,field-run-010;custom-home-building;OH;convention-email,75,22000,"$12,000","$35,000",06082026
