company,email,industry,city,state,country,originalWebsite,source,status,personalisedColdEmail,mockupEmail,personalizedObservation,salesNote,tags,leadScore,estimatedValue,lowestEstimate,highestEstimate,dateAdded
123 Remodeling AZ,sales@123remodeling.com,Kitchen and bath remodeling,Phoenix,AZ,USA,https://az.123remodeling.com,cold-outreach,researched,"Subject: the tire-kicker problem

Hi [First Name],

Your before-and-afters sell this. They're in a small gallery you can't filter, so the woman with a galley kitchen never finds your galley kitchen.

So you spend Tuesday evening quoting jobs that were never real, and the real one went to whoever answered first.

Projects filterable by room, style and budget. A form that asks about the job, so it arrives ready to quote.

Here's my offer. I'll design that page for 123 Remodeling AZ and send it over. No charge, no meeting to get it, no invoice at the end. Keep it either way — I'd rather you saw the work than read about it.

Want it?

[Sender Name]
Bothmade","Subject: 123 Remodeling AZ — built it

Here it is — 123 Remodeling AZ, as promised.

Before-and-afters filterable by room, style and budget band. The inquiry asks about the room, the scope and the timing — so it lands ready to quote instead of ready to interview.

Static design, so nothing on it works yet. I'd rather show you the real idea than a fake demo.

One question: what do you wish every inquiry told you before you called them back?

[Sender Name]",before-and-afters are what sell this and they sit in a gallery nobody can filter,Address published by the business itself — verified in research.,field-run-004;kitchen-and-bath-remodeling;AZ;confirmed-email,85,8500,"$4,000","$15,000",06082026
AZ Remodel Pros,azremodelpros@gmail.com,Kitchen and bath remodeling,Phoenix,AZ,USA,https://azremodelpros.com,cold-outreach,researched,"Subject: quoting jobs that were never real

Hi [First Name],

Your before-and-afters sell this. They're in a small gallery you can't filter, so the woman with a galley kitchen never finds your galley kitchen.

So you spend Tuesday evening quoting jobs that were never real, and the real one went to whoever answered first.

Projects filterable by room, style and budget. A form that asks about the job, so it arrives ready to quote.

So here's what I'll do. I'll build AZ Remodel Pros that homepage. Free. Not a slide, not a proposal — the actual page, designed for your business. Yours to keep whether you hire me or not.

Say yes and it's yours by Friday.

[Sender Name]
Bothmade","Subject: built it

Here it is.

Before-and-afters filterable by room, style and budget band. The inquiry asks about the room, the scope and the timing — so it lands ready to quote instead of ready to interview.

Static design, so nothing on it works yet. I'd rather show you the real idea than a fake demo.

One question: what do you wish every inquiry told you before you called them back?

[Sender Name]",before-and-afters are what sell this and they sit in a gallery nobody can filter,Address published by the business itself — verified in research.,field-run-004;kitchen-and-bath-remodeling;AZ;confirmed-email,85,8500,"$4,000","$15,000",06082026
All State Homes,sales@allstatehomes.com,Custom home building,Tampa,FL,USA,https://allstatehomes.com,cold-outreach,researched,"Subject: filtering your projects

Hi [First Name],

Your work is the sale. I looked at it the way a buyer does and there was no way to narrow it — no budget band, no style, no scope. Forty thumbnails and good luck.

And the inquiries that do land ask for a name and a message, so your first call is an interview instead of a conversation.

Portfolio filterable by budget band, style and scope. Inquiry that asks about the lot, the number and the timing.

I'd like to build it and show you. One homepage, designed for All State Homes, free. Not a template with your logo on it. The real thing, and it's yours whether we work together or not.

Should I send it over?

[Sender Name]
Bothmade","Subject: here it is

Here it is — All State Homes, as promised.

Portfolio filterable by budget, style and scope — so a couple with a specific project finds theirs in about nine seconds. Inquiry that arrives with the lot, the number and the timing on it.

It's a design, not a build — nothing clicks yet. Didn't want to fake a demo.

One thing I'd want your answer on: what do you wish every inquiry told you before you called them back?

[Sender Name]","the portfolio is the whole sale and there is no way to sort it by budget, style or scope",Address published by the business itself — verified in research.,field-run-004;custom-home-building;FL;confirmed-email,85,22000,"$12,000","$35,000",06082026
Arnett Custom Homes,office@arnettconstructionsc.com,Custom home building,Charleston,SC,USA,https://arnettcustomhomes.com,cold-outreach,researched,"Subject: your portfolio, sorted

Hi [First Name],

Went through Arnett Custom Homes' portfolio the way a couple with a lot and three million dollars does — hunting for the one house that looks like the one in their head. Couldn't sort by budget, style or scope. Just scrolled.

They don't email to ask. They go and look at the builder whose site let them filter.

Sort the work the way buyers actually choose, and put the process where the fear is.

So here's what I'll do. I'll build Arnett Custom Homes that homepage. Free. Not a slide, not a proposal — the actual page, designed for your business. Yours to keep whether you hire me or not.

Want it?

[Sender Name]
Bothmade","Subject: Arnett Custom Homes — built it

Built it. Here.

Projects sortable the way buyers choose, and the build process laid out month by month, which is the part they're actually frightened of.

Static design, so nothing on it works yet. I'd rather show you the real idea than a fake demo.

One question: would you ever show budget bands publicly, or is that a fight with your sales process?

[Sender Name]","the portfolio is the whole sale and there is no way to sort it by budget, style or scope",Address published by the business itself — verified in research.,field-run-004;custom-home-building;SC;confirmed-email,85,22000,"$12,000","$35,000",06082026
Arterra Landscape Design Build,info@arterralandscaping.com,Landscape design build,Denver,CO,USA,https://arterralandscaping.com,cold-outreach,researched,"Subject: design fee, unsaid

Hi [First Name],

Your gardens are genuinely good. A design-led client chooses from images and yours can't be narrowed, so they never find the one that looks like their lot.

So the client who wanted exactly what you do never works out that you do it.

Projects filterable by style, scale and budget. The design process spelled out so the brief arrives specific.

Here's my offer. I'll design that page for Arterra Landscape Design Build and send it over. No charge, no meeting to get it, no invoice at the end. Keep it either way — I'd rather you saw the work than read about it.

Want it?

[Sender Name]
Bothmade","Subject: Arterra Landscape Design Build — built it

Here it is — Arterra Landscape Design Build, as promised.

Projects filterable by style, scale and budget band, with the design process spelled out — so the brief that reaches you already knows what it's asking for.

Static design, so nothing on it works yet. I'd rather show you the real idea than a fake demo.

One question: would publishing a design fee range help you or cost you?

[Sender Name]","design-led buyers choose from images and yours cannot be narrowed by style, scale or budget",Address published by the business itself — verified in research.,field-run-004;landscape-design-build;CO;confirmed-email,85,9000,"$5,000","$16,000",06082026
Austin Pools,admin@austinpools.com,Pool building,Austin,TX,USA,https://austinpools.com,cold-outreach,researched,"Subject: sorting your pools

Hi [First Name],

Looked at Austin Pools the way a homeowner in Austin does — trying to find a build that looks like my backyard, at roughly my number. One long scroll, no way to narrow it, no price anywhere.

That's a ninety-thousand-dollar build going to the company that answered the money question first.

Gallery filterable by size, style and budget. A starting number said out loud.

Let me build it for you. A real homepage for Austin Pools, on me, before we ever talk money. If it's good you'll know in ten seconds. If it isn't, you've lost nothing.

Want me to build it?

[Sender Name]
Bothmade","Subject: here it is

Here it is.

Builds filterable by size, style and budget band, with a starting range stated plainly and a timeline from signing to swimming.

It's a design, not a build — nothing clicks yet. Didn't want to fake a demo.

One question: would you publish a starting price, or does that cost you more than it wins?

[Sender Name]","the gallery cannot be sorted, so nobody finds a build that looks like their own yard",Address published by the business itself — verified in research.,field-run-004;pool-building;TX;confirmed-email,85,10000,"$5,000","$18,000",06082026
B&J Custom Homes,info@bjcustomhomes.com,Custom home building,Cedar Hill,TX,USA,https://bjcustomhomes.com,cold-outreach,researched,"Subject: filtering your projects

Hi [First Name],

Your work is the sale. I looked at it the way a buyer does and there was no way to narrow it — no budget band, no style, no scope. Forty thumbnails and good luck.

And the inquiries that do land ask for a name and a message, so your first call is an interview instead of a conversation.

Portfolio filterable by budget band, style and scope. Inquiry that asks about the lot, the number and the timing.

I'd like to build it and show you. One homepage, designed for B&J Custom Homes, free. Not a template with your logo on it. The real thing, and it's yours whether we work together or not.

Want me to build it?

[Sender Name]
Bothmade","Subject: here it is

Here it is — B&J Custom Homes, as promised.

Portfolio filterable by budget, style and scope — so a couple with a specific project finds theirs in about nine seconds. Inquiry that arrives with the lot, the number and the timing on it.

It's a design, not a build — nothing clicks yet. Didn't want to fake a demo.

One thing I'd want your answer on: what do you wish every inquiry told you before you called them back?

[Sender Name]","the portfolio is the whole sale and there is no way to sort it by budget, style or scope",Address published by the business itself — verified in research.,field-run-004;custom-home-building;TX;confirmed-email,85,22000,"$12,000","$35,000",06082026
Ballroom Baths & Home Design,info@ballroombathschicago.com,Kitchen and bath remodeling,Chicago,IL,USA,https://ballroombathschicago.com,cold-outreach,researched,"Subject: quoting jobs that were never real

Hi [First Name],

Looked at Ballroom Baths & Home Design the way a homeowner with a sixty-thousand-dollar kitchen in mind does. Your finished work is good. There was no way to find a kitchen like mine, and no way to tell you what my job actually is.

That's a $60k kitchen going to the company whose site made it feel easy.

Projects filterable by room, style and budget. A form that asks about the job, so it arrives ready to quote.

I'd like to build it and show you. One homepage, designed for Ballroom Baths & Home Design, free. Not a template with your logo on it. The real thing, and it's yours whether we work together or not.

Should I send it over?

[Sender Name]
Bothmade","Subject: built it

Built it. Here.

Before-and-afters filterable by room, style and budget band. The inquiry asks about the room, the scope and the timing — so it lands ready to quote instead of ready to interview.

It's a design, not a build — nothing clicks yet. Didn't want to fake a demo.

One question: what do you wish every inquiry told you before you called them back?

[Sender Name]",before-and-afters are what sell this and they sit in a gallery nobody can filter,Address published by the business itself — verified in research.,field-run-004;kitchen-and-bath-remodeling;IL;confirmed-email,85,8500,"$4,000","$15,000",06082026
Becker Custom Builders,info@beckercustombuilders.com,Custom home building,Naples,FL,USA,https://beckercustombuilders.com,cold-outreach,researched,"Subject: they couldn't find their house

Hi [First Name],

Went through Becker Custom Builders' portfolio the way a couple with a lot and three million dollars does — hunting for the one house that looks like the one in their head. Couldn't sort by budget, style or scope. Just scrolled.

That's a real project deciding you're not the one, on no evidence either way.

Sort the work the way buyers actually choose, and put the process where the fear is.

Here's my offer. I'll design that page for Becker Custom Builders and send it over. No charge, no meeting to get it, no invoice at the end. Keep it either way — I'd rather you saw the work than read about it.

Say yes and it's yours by Friday.

[Sender Name]
Bothmade","Subject: Becker Custom Builders — built it

Here it is — Becker Custom Builders, as promised.

Projects sortable the way buyers choose, and the build process laid out month by month, which is the part they're actually frightened of.

Static design, so nothing on it works yet. I'd rather show you the real idea than a fake demo.

One question: would you ever show budget bands publicly, or is that a fight with your sales process?

[Sender Name]","the portfolio is the whole sale and there is no way to sort it by budget, style or scope",Address published by the business itself — verified in research.,field-run-004;custom-home-building;FL;confirmed-email,85,22000,"$12,000","$35,000",06082026
Bellwether Landscape Architects,info@bellwetherla.com,Landscape design build,Atlanta,GA,USA,https://bellwetherla.com,cold-outreach,researched,"Subject: your gardens, sorted

Hi [First Name],

Your gardens are genuinely good. A design-led client chooses from images and yours can't be narrowed, so they never find the one that looks like their lot.

So the client who wanted exactly what you do never works out that you do it.

Projects filterable by style, scale and budget. The design process spelled out so the brief arrives specific.

Here's my offer. I'll design that page for Bellwether Landscape Architects and send it over. No charge, no meeting to get it, no invoice at the end. Keep it either way — I'd rather you saw the work than read about it.

Want it?

[Sender Name]
Bothmade","Subject: here it is

Here it is — Bellwether Landscape Architects, as promised.

Projects filterable by style, scale and budget band, with the design process spelled out — so the brief that reaches you already knows what it's asking for.

Static design, so nothing on it works yet. I'd rather show you the real idea than a fake demo.

One question: would publishing a design fee range help you or cost you?

[Sender Name]","design-led buyers choose from images and yours cannot be narrowed by style, scale or budget",Address published by the business itself — verified in research.,field-run-004;landscape-design-build;GA;confirmed-email,85,9000,"$5,000","$16,000",06082026
Cogdill Builders of Florida,cogdill.builders@gmail.com,Custom home building,Tampa,FL,USA,https://cogdillbuildersflorida.com,cold-outreach,researched,"Subject: filtering your projects

Hi [First Name],

Went through Cogdill Builders of Florida's portfolio the way a couple with a lot and three million dollars does — hunting for the one house that looks like the one in their head. Couldn't sort by budget, style or scope. Just scrolled.

And the inquiries that do land ask for a name and a message, so your first call is an interview instead of a conversation.

Portfolio filterable by budget band, style and scope. Inquiry that asks about the lot, the number and the timing.

I'd like to build it and show you. One homepage, designed for Cogdill Builders of Florida, free. Not a template with your logo on it. The real thing, and it's yours whether we work together or not.

Want me to build it?

[Sender Name]
Bothmade","Subject: built it

Here it is.

Portfolio filterable by budget, style and scope — so a couple with a specific project finds theirs in about nine seconds. Inquiry that arrives with the lot, the number and the timing on it.

It's a design, not a build — nothing clicks yet. Didn't want to fake a demo.

One thing I'd want your answer on: what do you wish every inquiry told you before you called them back?

[Sender Name]","the portfolio is the whole sale and there is no way to sort it by budget, style or scope",Address published by the business itself — verified in research.,field-run-004;custom-home-building;FL;confirmed-email,85,22000,"$12,000","$35,000",06082026
Colorado Landscape Denver,info@coloradolandscapedenver.com,Landscape design build,Aurora,CO,USA,https://coloradolandscapedenver.com,cold-outreach,researched,"Subject: your gardens, sorted

Hi [First Name],

Your gardens are genuinely good. A design-led client chooses from images and yours can't be narrowed, so they never find the one that looks like their lot.

So the client who wanted exactly what you do never works out that you do it.

Projects filterable by style, scale and budget. The design process spelled out so the brief arrives specific.

Here's my offer. I'll design that page for Colorado Landscape Denver and send it over. No charge, no meeting to get it, no invoice at the end. Keep it either way — I'd rather you saw the work than read about it.

Say yes and it's yours by Friday.

[Sender Name]
Bothmade","Subject: Colorado Landscape Denver — built it

Here it is — Colorado Landscape Denver, as promised.

Projects filterable by style, scale and budget band, with the design process spelled out — so the brief that reaches you already knows what it's asking for.

Static design, so nothing on it works yet. I'd rather show you the real idea than a fake demo.

One question: would publishing a design fee range help you or cost you?

[Sender Name]","design-led buyers choose from images and yours cannot be narrowed by style, scale or budget",Address published by the business itself — verified in research.,field-run-004;landscape-design-build;CO;confirmed-email,85,9000,"$5,000","$16,000",06082026
Covenant Homes,info@mycovenanthomes.com,Custom home building,Tampa,FL,USA,https://mycovenanthomes.com,cold-outreach,researched,"Subject: filtering your projects

Hi [First Name],

Went through Covenant Homes' portfolio the way a couple with a lot and three million dollars does — hunting for the one house that looks like the one in their head. Couldn't sort by budget, style or scope. Just scrolled.

They don't email to ask. They go and look at the builder whose site let them filter.

Portfolio filterable by budget band, style and scope. Inquiry that asks about the lot, the number and the timing.

I'd like to build it and show you. One homepage, designed for Covenant Homes, free. Not a template with your logo on it. The real thing, and it's yours whether we work together or not.

Want it?

[Sender Name]
Bothmade","Subject: built it

Here it is — Covenant Homes, as promised.

Portfolio filterable by budget, style and scope — so a couple with a specific project finds theirs in about nine seconds. Inquiry that arrives with the lot, the number and the timing on it.

It's a design, not a build — nothing clicks yet. Didn't want to fake a demo.

One thing I'd want your answer on: what do you wish every inquiry told you before you called them back?

[Sender Name]","the portfolio is the whole sale and there is no way to sort it by budget, style or scope",Address published by the business itself — verified in research.,field-run-004;custom-home-building;FL;confirmed-email,85,22000,"$12,000","$35,000",06082026
Eden Med Spa,edenspanaples@gmail.com,Med spa,Naples,FL,USA,https://edenspa.club,cold-outreach,researched,"Subject: the booking you lost last night

Hi [First Name],

Looked you up the way a new client does — evening, phone, already decided she wants tox, just picking where. Eden Med Spa won on reviews. Then booking meant calling in the morning.

A booking a night walks that way. Silently. No missed call, no voicemail, nothing to review on Monday.

Booking belongs on the homepage, next to the reviews, working at midnight.

Let me build it for you. A real homepage for Eden Med Spa, on me, before we ever talk money. If it's good you'll know in ten seconds. If it isn't, you've lost nothing.

Worth a look? One word back and I'll start.

[Sender Name]
Bothmade","Subject: built it

Here it is — Eden Med Spa, as promised.

Booking sits on the homepage next to your reviews. Two taps to Thursday at six. That's the part your site can't do tonight.

It's a design, not a build — nothing clicks yet. Didn't want to fake a demo.

One thing I'd want your answer on: is membership what you'd push hardest here, or first-visit tox?

[Sender Name]",the reviews do the selling and the booking is a phone number that stops answering at five,Address published by the business itself — verified in research.,field-run-004;med-spa;FL;confirmed-email,85,10000,"$5,000","$18,000",06082026
Elysian MedSpa & Wellness,info@elysianmedspalv.com,Med spa,Las Vegas,NV,USA,https://elysianmedspalv.com,cold-outreach,researched,"Subject: reviews vs booking button

Hi [First Name],

Your reviews do the selling. I read them on my phone at 9pm in Las Vegas and I was sold. Then I hit a phone number and office hours.

A booking a night walks that way. Silently. No missed call, no voicemail, nothing to review on Monday.

Treatments priced, bookable in two taps, reviews right beside them.

Here's my offer. I'll design that page for Elysian MedSpa & Wellness and send it over. No charge, no meeting to get it, no invoice at the end. Keep it either way — I'd rather you saw the work than read about it.

Want it?

[Sender Name]
Bothmade","Subject: built it

Built it. Here.

Treatments priced, bookable in two taps, reviews doing the closing right beside them. Memberships obvious instead of three pages deep.

Static design, so nothing on it works yet. I'd rather show you the real idea than a fake demo.

One question: would you let a new client book without a consult call first?

[Sender Name]",the reviews do the selling and the booking is a phone number that stops answering at five,Address published by the business itself — verified in research.,field-run-004;med-spa;NV;confirmed-email,85,10000,"$5,000","$18,000",06082026
Empire Built,info@empirebuiltinc.com,Custom home building,San Diego,CA,USA,https://empirebuiltinc.com,cold-outreach,researched,"Subject: they couldn't find their house

Hi [First Name],

Looked at Empire Built as a client would in San Diego: trying to find the project that matches my lot and my number. Gave up before I found it.

They don't email to ask. They go and look at the builder whose site let them filter.

Sort the work the way buyers actually choose, and put the process where the fear is.

Here's my offer. I'll design that page for Empire Built and send it over. No charge, no meeting to get it, no invoice at the end. Keep it either way — I'd rather you saw the work than read about it.

Say yes and it's yours by Friday.

[Sender Name]
Bothmade","Subject: Empire Built — built it

Here it is.

Projects sortable the way buyers choose, and the build process laid out month by month, which is the part they're actually frightened of.

Static design, so nothing on it works yet. I'd rather show you the real idea than a fake demo.

One question: would you ever show budget bands publicly, or is that a fight with your sales process?

[Sender Name]","the portfolio is the whole sale and there is no way to sort it by budget, style or scope",Address published by the business itself — verified in research.,field-run-004;custom-home-building;CA;confirmed-email,85,22000,"$12,000","$35,000",06082026
GBIV Designs,info@gbivdesigns.com,Pool building,Bee Cave,TX,USA,https://gbivdesigns.com,cold-outreach,researched,"Subject: sorting your pools

Hi [First Name],

Your builds look excellent. I went looking for one like mine and scrolled past sixty that weren't. Then couldn't find a starting number.

So they call whoever showed them a pool like theirs, with a number attached.

Gallery filterable by size, style and budget. A starting number said out loud.

Here's my offer. I'll design that page for GBIV Designs and send it over. No charge, no meeting to get it, no invoice at the end. Keep it either way — I'd rather you saw the work than read about it.

Worth a look? One word back and I'll start.

[Sender Name]
Bothmade","Subject: here it is

Here it is.

Builds filterable by size, style and budget band, with a starting range stated plainly and a timeline from signing to swimming.

Static design, so nothing on it works yet. I'd rather show you the real idea than a fake demo.

One question: would you publish a starting price, or does that cost you more than it wins?

[Sender Name]","the gallery cannot be sorted, so nobody finds a build that looks like their own yard",Address published by the business itself — verified in research.,field-run-004;pool-building;TX;confirmed-email,85,10000,"$5,000","$18,000",06082026
Genuine Home Builders,info@genuinehomebuilders.net,Custom home building,Naples,FL,USA,https://genuinehomebuilders.net,cold-outreach,researched,"Subject: the inquiry that wasted your Tuesday

Hi [First Name],

Went through Genuine Home Builders' portfolio the way a couple with a lot and three million dollars does — hunting for the one house that looks like the one in their head. Couldn't sort by budget, style or scope. Just scrolled.

And the inquiries that do land ask for a name and a message, so your first call is an interview instead of a conversation.

Portfolio filterable by budget band, style and scope. Inquiry that asks about the lot, the number and the timing.

Let me build it for you. A real homepage for Genuine Home Builders, on me, before we ever talk money. If it's good you'll know in ten seconds. If it isn't, you've lost nothing.

Worth a look? One word back and I'll start.

[Sender Name]
Bothmade","Subject: here it is

Built it. Here.

Portfolio filterable by budget, style and scope — so a couple with a specific project finds theirs in about nine seconds. Inquiry that arrives with the lot, the number and the timing on it.

It's a design, not a build — nothing clicks yet. Didn't want to fake a demo.

One thing I'd want your answer on: what do you wish every inquiry told you before you called them back?

[Sender Name]","the portfolio is the whole sale and there is no way to sort it by budget, style or scope",Address published by the business itself — verified in research.,field-run-004;custom-home-building;FL;confirmed-email,85,22000,"$12,000","$35,000",06082026
Gulfshore Homes,info@gulfshorehomes.com,Custom home building,Bonita Springs,FL,USA,https://gulfshorehomes.com,cold-outreach,researched,"Subject: your portfolio, sorted

Hi [First Name],

Looked at Gulfshore Homes as a client would in Bonita Springs: trying to find the project that matches my lot and my number. Gave up before I found it.

They don't email to ask. They go and look at the builder whose site let them filter.

Sort the work the way buyers actually choose, and put the process where the fear is.

So here's what I'll do. I'll build Gulfshore Homes that homepage. Free. Not a slide, not a proposal — the actual page, designed for your business. Yours to keep whether you hire me or not.

Want me to build it?

[Sender Name]
Bothmade","Subject: Gulfshore Homes — built it

Built it. Here.

Projects sortable the way buyers choose, and the build process laid out month by month, which is the part they're actually frightened of.

Static design, so nothing on it works yet. I'd rather show you the real idea than a fake demo.

One question: would you ever show budget bands publicly, or is that a fight with your sales process?

[Sender Name]","the portfolio is the whole sale and there is no way to sort it by budget, style or scope",Address published by the business itself — verified in research.,field-run-004;custom-home-building;FL;confirmed-email,85,22000,"$12,000","$35,000",06082026
Innovative Pools and Spas,innovativepools@sbcglobal.com,Pool building,Austin,TX,USA,https://innovativepoolsandspas.com,cold-outreach,researched,"Subject: sorting your pools

Hi [First Name],

Your builds look excellent. I went looking for one like mine and scrolled past sixty that weren't. Then couldn't find a starting number.

So they call whoever showed them a pool like theirs, with a number attached.

Gallery filterable by size, style and budget. A starting number said out loud.

Here's my offer. I'll design that page for Innovative Pools and Spas and send it over. No charge, no meeting to get it, no invoice at the end. Keep it either way — I'd rather you saw the work than read about it.

Say yes and it's yours by Friday.

[Sender Name]
Bothmade","Subject: built it

Here it is — Innovative Pools and Spas, as promised.

Builds filterable by size, style and budget band, with a starting range stated plainly and a timeline from signing to swimming.

Static design, so nothing on it works yet. I'd rather show you the real idea than a fake demo.

One question: would you publish a starting price, or does that cost you more than it wins?

[Sender Name]","the gallery cannot be sorted, so nobody finds a build that looks like their own yard",Address published by the business itself — verified in research.,field-run-004;pool-building;TX;confirmed-email,85,10000,"$5,000","$18,000",06082026
Jeff Kull Construction Development,jeff@jkcdinc.com,Custom home building,San Diego,CA,USA,https://jeffkullconstruction.com,cold-outreach,researched,"Subject: filtering your projects

Hi [First Name],

Your work is the sale. I looked at it the way a buyer does and there was no way to narrow it — no budget band, no style, no scope. Forty thumbnails and good luck.

And the inquiries that do land ask for a name and a message, so your first call is an interview instead of a conversation.

Portfolio filterable by budget band, style and scope. Inquiry that asks about the lot, the number and the timing.

I'd like to build it and show you. One homepage, designed for Jeff Kull Construction Development, free. Not a template with your logo on it. The real thing, and it's yours whether we work together or not.

Should I send it over?

[Sender Name]
Bothmade","Subject: built it

Here it is — Jeff Kull Construction Development, as promised.

Portfolio filterable by budget, style and scope — so a couple with a specific project finds theirs in about nine seconds. Inquiry that arrives with the lot, the number and the timing on it.

It's a design, not a build — nothing clicks yet. Didn't want to fake a demo.

One thing I'd want your answer on: what do you wish every inquiry told you before you called them back?

[Sender Name]","the portfolio is the whole sale and there is no way to sort it by budget, style or scope",Address published by the business itself — verified in research.,field-run-004;custom-home-building;CA;confirmed-email,85,22000,"$12,000","$35,000",06082026
Love Your Body Medical Spa,lybms@aol.com,Med spa,Las Vegas,NV,USA,https://lybms.com,cold-outreach,researched,"Subject: reviews vs booking button

Hi [First Name],

Looked you up the way a new client does — evening, phone, already decided she wants tox, just picking where. Love Your Body Medical Spa won on reviews. Then booking meant calling in the morning.

That's the sale, right there. She books wherever the button is, and you never find out you lost her.

Treatments priced, bookable in two taps, reviews right beside them.

Here's my offer. I'll design that page for Love Your Body Medical Spa and send it over. No charge, no meeting to get it, no invoice at the end. Keep it either way — I'd rather you saw the work than read about it.

Want it?

[Sender Name]
Bothmade","Subject: here it is

Here it is.

Treatments priced, bookable in two taps, reviews doing the closing right beside them. Memberships obvious instead of three pages deep.

Static design, so nothing on it works yet. I'd rather show you the real idea than a fake demo.

One question: would you let a new client book without a consult call first?

[Sender Name]",the reviews do the selling and the booking is a phone number that stops answering at five,Address published by the business itself — verified in research.,field-run-004;med-spa;NV;confirmed-email,85,10000,"$5,000","$18,000",06082026
MD Health Spa,info@ymdhealthspa.com,Med spa,Naples,FL,USA,https://ymdhealthspa.com,cold-outreach,researched,"Subject: reviews vs booking button

Hi [First Name],

Found MD Health Spa at 9pm on my phone, the way your next client will. The reviews sold me in about forty seconds. Then the only way to book was a phone number and a front desk that shut at five.

She doesn't call in the morning. She books the spa that let her book at 9pm.

Treatments priced, bookable in two taps, reviews right beside them.

Here's my offer. I'll design that page for MD Health Spa and send it over. No charge, no meeting to get it, no invoice at the end. Keep it either way — I'd rather you saw the work than read about it.

Say yes and it's yours by Friday.

[Sender Name]
Bothmade","Subject: MD Health Spa — built it

Built it. Here.

Treatments priced, bookable in two taps, reviews doing the closing right beside them. Memberships obvious instead of three pages deep.

Static design, so nothing on it works yet. I'd rather show you the real idea than a fake demo.

One question: would you let a new client book without a consult call first?

[Sender Name]",the reviews do the selling and the booking is a phone number that stops answering at five,Address published by the business itself — verified in research.,field-run-004;med-spa;FL;confirmed-email,85,10000,"$5,000","$18,000",06082026
San Diego Remodeling Pros,mike@sdrpros.com,Kitchen and bath remodeling,San Diego,CA,USA,https://sdrpros.com,cold-outreach,researched,"Subject: the tire-kicker problem

Hi [First Name],

Your before-and-afters sell this. They're in a small gallery you can't filter, so the woman with a galley kitchen never finds your galley kitchen.

So you spend Tuesday evening quoting jobs that were never real, and the real one went to whoever answered first.

Projects filterable by room, style and budget. A form that asks about the job, so it arrives ready to quote.

So here's what I'll do. I'll build San Diego Remodeling Pros that homepage. Free. Not a slide, not a proposal — the actual page, designed for your business. Yours to keep whether you hire me or not.

Should I send it over?

[Sender Name]
Bothmade","Subject: San Diego Remodeling Pros — built it

Here it is.

Before-and-afters filterable by room, style and budget band. The inquiry asks about the room, the scope and the timing — so it lands ready to quote instead of ready to interview.

Static design, so nothing on it works yet. I'd rather show you the real idea than a fake demo.

One question: what do you wish every inquiry told you before you called them back?

[Sender Name]",before-and-afters are what sell this and they sit in a gallery nobody can filter,Address published by the business itself — verified in research.,field-run-004;kitchen-and-bath-remodeling;CA;confirmed-email,85,8500,"$4,000","$15,000",06082026
Shaddock Custom,todd@shaddockcustom.com,Custom home building,Dallas,TX,USA,https://shaddockcustom.com,cold-outreach,researched,"Subject: filtering your projects

Hi [First Name],

Went through Shaddock Custom's portfolio the way a couple with a lot and three million dollars does — hunting for the one house that looks like the one in their head. Couldn't sort by budget, style or scope. Just scrolled.

And the inquiries that do land ask for a name and a message, so your first call is an interview instead of a conversation.

Portfolio filterable by budget band, style and scope. Inquiry that asks about the lot, the number and the timing.

I'd like to build it and show you. One homepage, designed for Shaddock Custom, free. Not a template with your logo on it. The real thing, and it's yours whether we work together or not.

Say yes and it's yours by Friday.

[Sender Name]
Bothmade","Subject: Shaddock Custom — built it

Here it is.

Portfolio filterable by budget, style and scope — so a couple with a specific project finds theirs in about nine seconds. Inquiry that arrives with the lot, the number and the timing on it.

It's a design, not a build — nothing clicks yet. Didn't want to fake a demo.

One thing I'd want your answer on: what do you wish every inquiry told you before you called them back?

[Sender Name]","the portfolio is the whole sale and there is no way to sort it by budget, style or scope",Address published by the business itself — verified in research.,field-run-004;custom-home-building;TX;confirmed-email,85,22000,"$12,000","$35,000",06082026
Smith Custom Homes,info@schfla.com,Custom home building,Tampa,FL,USA,https://smithcustomhomesfl.com,cold-outreach,researched,"Subject: the inquiry that wasted your Tuesday

Hi [First Name],

Went through Smith Custom Homes' portfolio the way a couple with a lot and three million dollars does — hunting for the one house that looks like the one in their head. Couldn't sort by budget, style or scope. Just scrolled.

That's a real project deciding you're not the one, on no evidence either way.

Portfolio filterable by budget band, style and scope. Inquiry that asks about the lot, the number and the timing.

Let me build it for you. A real homepage for Smith Custom Homes, on me, before we ever talk money. If it's good you'll know in ten seconds. If it isn't, you've lost nothing.

Say yes and it's yours by Friday.

[Sender Name]
Bothmade","Subject: Smith Custom Homes — built it

Built it. Here.

Portfolio filterable by budget, style and scope — so a couple with a specific project finds theirs in about nine seconds. Inquiry that arrives with the lot, the number and the timing on it.

It's a design, not a build — nothing clicks yet. Didn't want to fake a demo.

One thing I'd want your answer on: what do you wish every inquiry told you before you called them back?

[Sender Name]","the portfolio is the whole sale and there is no way to sort it by budget, style or scope",Address published by the business itself — verified in research.,field-run-004;custom-home-building;FL;confirmed-email,85,22000,"$12,000","$35,000",06082026
The Med Spa Las Vegas,themedspalasvegas@gmail.com,Med spa,Las Vegas,NV,USA,https://themedspalv.com,cold-outreach,researched,"Subject: the booking you lost last night

Hi [First Name],

Your reviews do the selling. I read them on my phone at 9pm in Las Vegas and I was sold. Then I hit a phone number and office hours.

She doesn't call in the morning. She books the spa that let her book at 9pm.

Booking belongs on the homepage, next to the reviews, working at midnight.

I'd like to build it and show you. One homepage, designed for The Med Spa Las Vegas, free. Not a template with your logo on it. The real thing, and it's yours whether we work together or not.

Want it?

[Sender Name]
Bothmade","Subject: The Med Spa Las Vegas — built it

Here it is.

Booking sits on the homepage next to your reviews. Two taps to Thursday at six. That's the part your site can't do tonight.

It's a design, not a build — nothing clicks yet. Didn't want to fake a demo.

One thing I'd want your answer on: is membership what you'd push hardest here, or first-visit tox?

[Sender Name]",the reviews do the selling and the booking is a phone number that stops answering at five,Address published by the business itself — verified in research.,field-run-004;med-spa;NV;confirmed-email,85,10000,"$5,000","$18,000",06082026
Urban Family Dental,hello@urbanfamilydental.com,Cosmetic dentistry,Charlotte,NC,USA,https://urbanfamilydental.com,cold-outreach,researched,"Subject: cases, price, booking

Hi [First Name],

Went looking for veneers in Charlotte the way a patient does. Nine at night, on a phone, three years of putting it off. Found Urban Family Dental. Couldn't find a case that looked like mine, couldn't find a price, couldn't book.

That's the biggest case of the month deciding not to call you.

Before-and-afters up front, the range in plain numbers, financing mentioned before they ask.

Here's my offer. I'll design that page for Urban Family Dental and send it over. No charge, no meeting to get it, no invoice at the end. Keep it either way — I'd rather you saw the work than read about it.

Worth a look? One word back and I'll start.

[Sender Name]
Bothmade","Subject: built it

Here it is — Urban Family Dental, as promised.

A homepage built for the cosmetic patient rather than the check-up patient — cases, price, and one tap to a consult.

Static design, so nothing on it works yet. I'd rather show you the real idea than a fake demo.

One question: does a price range on the site bring you better calls or worse ones?

[Sender Name]",the cases and the price range are the two things a $15k patient wants and the two hardest things to reach,Address published by the business itself — verified in research.,field-run-004;cosmetic-dentistry;NC;confirmed-email,85,12000,"$6,000","$22,000",06082026
Valcon General Contractors,info@valcongeneral.com,Kitchen and bath remodeling,Phoenix,AZ,USA,https://valcongeneral.com,cold-outreach,researched,"Subject: the tire-kicker problem

Hi [First Name],

Your before-and-afters sell this. They're in a small gallery you can't filter, so the woman with a galley kitchen never finds your galley kitchen.

So you spend Tuesday evening quoting jobs that were never real, and the real one went to whoever answered first.

Projects filterable by room, style and budget. A form that asks about the job, so it arrives ready to quote.

So here's what I'll do. I'll build Valcon General Contractors that homepage. Free. Not a slide, not a proposal — the actual page, designed for your business. Yours to keep whether you hire me or not.

Should I send it over?

[Sender Name]
Bothmade","Subject: Valcon General Contractors — built it

Here it is.

Before-and-afters filterable by room, style and budget band. The inquiry asks about the room, the scope and the timing — so it lands ready to quote instead of ready to interview.

Static design, so nothing on it works yet. I'd rather show you the real idea than a fake demo.

One question: what do you wish every inquiry told you before you called them back?

[Sender Name]",before-and-afters are what sell this and they sit in a gallery nobody can filter,Address published by the business itself — verified in research.,field-run-004;kitchen-and-bath-remodeling;AZ;confirmed-email,85,8500,"$4,000","$15,000",06082026
Wardell Builders,info@wardellbuilders.com,Custom home building,Solana Beach,CA,USA,https://wardellbuilders.com,cold-outreach,researched,"Subject: they couldn't find their house

Hi [First Name],

Looked at Wardell Builders as a client would in Solana Beach: trying to find the project that matches my lot and my number. Gave up before I found it.

And the inquiries that do land ask for a name and a message, so your first call is an interview instead of a conversation.

Sort the work the way buyers actually choose, and put the process where the fear is.

Here's my offer. I'll design that page for Wardell Builders and send it over. No charge, no meeting to get it, no invoice at the end. Keep it either way — I'd rather you saw the work than read about it.

Say yes and it's yours by Friday.

[Sender Name]
Bothmade","Subject: here it is

Here it is.

Projects sortable the way buyers choose, and the build process laid out month by month, which is the part they're actually frightened of.

Static design, so nothing on it works yet. I'd rather show you the real idea than a fake demo.

One question: would you ever show budget bands publicly, or is that a fight with your sales process?

[Sender Name]","the portfolio is the whole sale and there is no way to sort it by budget, style or scope",Address published by the business itself — verified in research.,field-run-004;custom-home-building;CA;confirmed-email,85,22000,"$12,000","$35,000",06082026
Wilson Bros Landscape,wilsonbroslandscape@gmail.com,Landscape design build,Atlanta,GA,USA,https://wilsonbroslandscape.com,cold-outreach,researched,"Subject: design fee, unsaid

Hi [First Name],

Your gardens are genuinely good. A design-led client chooses from images and yours can't be narrowed, so they never find the one that looks like their lot.

So the client who wanted exactly what you do never works out that you do it.

Projects filterable by style, scale and budget. The design process spelled out so the brief arrives specific.

So here's what I'll do. I'll build Wilson Bros Landscape that homepage. Free. Not a slide, not a proposal — the actual page, designed for your business. Yours to keep whether you hire me or not.

Want it?

[Sender Name]
Bothmade","Subject: here it is

Here it is.

Projects filterable by style, scale and budget band, with the design process spelled out — so the brief that reaches you already knows what it's asking for.

Static design, so nothing on it works yet. I'd rather show you the real idea than a fake demo.

One question: would publishing a design fee range help you or cost you?

[Sender Name]","design-led buyers choose from images and yours cannot be narrowed by style, scale or budget",Address published by the business itself — verified in research.,field-run-004;landscape-design-build;GA;confirmed-email,85,9000,"$5,000","$16,000",06082026
312 Kitchen & Bath,info@312kitchenbath.com,Kitchen and bath remodeling,Chicago,IL,USA,https://312kitchenbath.com,cold-outreach,researched,"Subject: quoting jobs that were never real

Hi [First Name],

Looked at 312 Kitchen & Bath the way a homeowner with a sixty-thousand-dollar kitchen in mind does. Your finished work is good. There was no way to find a kitchen like mine, and no way to tell you what my job actually is.

That's a $60k kitchen going to the company whose site made it feel easy.

Projects filterable by room, style and budget. A form that asks about the job, so it arrives ready to quote.

I'd like to build it and show you. One homepage, designed for 312 Kitchen & Bath, free. Not a template with your logo on it. The real thing, and it's yours whether we work together or not.

Say yes and it's yours by Friday.

[Sender Name]
Bothmade","Subject: 312 Kitchen & Bath — built it

Built it. Here.

Before-and-afters filterable by room, style and budget band. The inquiry asks about the room, the scope and the timing — so it lands ready to quote instead of ready to interview.

It's a design, not a build — nothing clicks yet. Didn't want to fake a demo.

One question: what do you wish every inquiry told you before you called them back?

[Sender Name]",before-and-afters are what sell this and they sit in a gallery nobody can filter,info@ on their own domain — the convention. Worth a quick check before a big send.,field-run-004;kitchen-and-bath-remodeling;IL;convention-email,75,8500,"$4,000","$15,000",06082026
Advanced Aesthetics Las Vegas,info@advancedaestheticslv.com,Med spa,Las Vegas,NV,USA,https://advancedaestheticslv.com,cold-outreach,researched,"Subject: she booked somewhere else

Hi [First Name],

Found Advanced Aesthetics Las Vegas at 9pm on my phone, the way your next client will. The reviews sold me in about forty seconds. Then the only way to book was a phone number and a front desk that shut at five.

A booking a night walks that way. Silently. No missed call, no voicemail, nothing to review on Monday.

Booking belongs on the homepage, next to the reviews, working at midnight.

I'd like to build it and show you. One homepage, designed for Advanced Aesthetics Las Vegas, free. Not a template with your logo on it. The real thing, and it's yours whether we work together or not.

Say yes and it's yours by Friday.

[Sender Name]
Bothmade","Subject: built it

Built it. Here.

Booking sits on the homepage next to your reviews. Two taps to Thursday at six. That's the part your site can't do tonight.

It's a design, not a build — nothing clicks yet. Didn't want to fake a demo.

One thing I'd want your answer on: is membership what you'd push hardest here, or first-visit tox?

[Sender Name]",the reviews do the selling and the booking is a phone number that stops answering at five,info@ on their own domain — the convention. Worth a quick check before a big send.,field-run-004;med-spa;NV;convention-email,75,10000,"$5,000","$18,000",06082026
Allure Baths and Kitchens,info@allurebathsandkitchens.com,Kitchen and bath remodeling,Phoenix,AZ,USA,https://allurebathsandkitchens.com,cold-outreach,researched,"Subject: the tire-kicker problem

Hi [First Name],

Your before-and-afters sell this. They're in a small gallery you can't filter, so the woman with a galley kitchen never finds your galley kitchen.

So you spend Tuesday evening quoting jobs that were never real, and the real one went to whoever answered first.

Projects filterable by room, style and budget. A form that asks about the job, so it arrives ready to quote.

Here's my offer. I'll design that page for Allure Baths and Kitchens and send it over. No charge, no meeting to get it, no invoice at the end. Keep it either way — I'd rather you saw the work than read about it.

Want it?

[Sender Name]
Bothmade","Subject: Allure Baths and Kitchens — built it

Built it. Here.

Before-and-afters filterable by room, style and budget band. The inquiry asks about the room, the scope and the timing — so it lands ready to quote instead of ready to interview.

Static design, so nothing on it works yet. I'd rather show you the real idea than a fake demo.

One question: what do you wish every inquiry told you before you called them back?

[Sender Name]",before-and-afters are what sell this and they sit in a gallery nobody can filter,info@ on their own domain — the convention. Worth a quick check before a big send.,field-run-004;kitchen-and-bath-remodeling;AZ;convention-email,75,8500,"$4,000","$15,000",06082026
Alvarez Homes,info@alvarezhomes.com,Custom home building,Tampa,FL,USA,https://alvarezhomes.com,cold-outreach,researched,"Subject: your portfolio, sorted

Hi [First Name],

Your work is the sale. I looked at it the way a buyer does and there was no way to narrow it — no budget band, no style, no scope. Forty thumbnails and good luck.

That's a real project deciding you're not the one, on no evidence either way.

Sort the work the way buyers actually choose, and put the process where the fear is.

So here's what I'll do. I'll build Alvarez Homes that homepage. Free. Not a slide, not a proposal — the actual page, designed for your business. Yours to keep whether you hire me or not.

Say yes and it's yours by Friday.

[Sender Name]
Bothmade","Subject: Alvarez Homes — built it

Built it. Here.

Projects sortable the way buyers choose, and the build process laid out month by month, which is the part they're actually frightened of.

Static design, so nothing on it works yet. I'd rather show you the real idea than a fake demo.

One question: would you ever show budget bands publicly, or is that a fight with your sales process?

[Sender Name]","the portfolio is the whole sale and there is no way to sort it by budget, style or scope",info@ on their own domain — the convention. Worth a quick check before a big send.,field-run-004;custom-home-building;FL;convention-email,75,22000,"$12,000","$35,000",06082026
Artisan Build Construct,info@artisanbuildconstruct.com,Kitchen and bath remodeling,Nashville,TN,USA,https://artisanbuildconstruct.com,cold-outreach,researched,"Subject: quoting jobs that were never real

Hi [First Name],

Looked at Artisan Build Construct the way a homeowner with a sixty-thousand-dollar kitchen in mind does. Your finished work is good. There was no way to find a kitchen like mine, and no way to tell you what my job actually is.

That's a $60k kitchen going to the company whose site made it feel easy.

Projects filterable by room, style and budget. A form that asks about the job, so it arrives ready to quote.

Let me build it for you. A real homepage for Artisan Build Construct, on me, before we ever talk money. If it's good you'll know in ten seconds. If it isn't, you've lost nothing.

Say yes and it's yours by Friday.

[Sender Name]
Bothmade","Subject: here it is

Here it is.

Before-and-afters filterable by room, style and budget band. The inquiry asks about the room, the scope and the timing — so it lands ready to quote instead of ready to interview.

It's a design, not a build — nothing clicks yet. Didn't want to fake a demo.

One question: what do you wish every inquiry told you before you called them back?

[Sender Name]",before-and-afters are what sell this and they sit in a gallery nobody can filter,info@ on their own domain — the convention. Worth a quick check before a big send.,field-run-004;kitchen-and-bath-remodeling;TN;convention-email,75,8500,"$4,000","$15,000",06082026
Austin Pool Designs,info@austinpooldesigns.com,Pool building,Austin,TX,USA,https://austinpooldesigns.com,cold-outreach,researched,"Subject: sorting your pools

Hi [First Name],

Looked at Austin Pool Designs the way a homeowner in Austin does — trying to find a build that looks like my backyard, at roughly my number. One long scroll, no way to narrow it, no price anywhere.

That's a ninety-thousand-dollar build going to the company that answered the money question first.

Gallery filterable by size, style and budget. A starting number said out loud.

I'd like to build it and show you. One homepage, designed for Austin Pool Designs, free. Not a template with your logo on it. The real thing, and it's yours whether we work together or not.

Should I send it over?

[Sender Name]
Bothmade","Subject: built it

Here it is.

Builds filterable by size, style and budget band, with a starting range stated plainly and a timeline from signing to swimming.

It's a design, not a build — nothing clicks yet. Didn't want to fake a demo.

One question: would you publish a starting price, or does that cost you more than it wins?

[Sender Name]","the gallery cannot be sorted, so nobody finds a build that looks like their own yard",info@ on their own domain — the convention. Worth a quick check before a big send.,field-run-004;pool-building;TX;convention-email,75,10000,"$5,000","$18,000",06082026
Ballantyne Dentistry,info@ballantynedentistry.com,Cosmetic dentistry,Charlotte,NC,USA,https://ballantynedentistry.com,cold-outreach,researched,"Subject: cases, price, booking

Hi [First Name],

Went looking for veneers in Charlotte the way a patient does. Nine at night, on a phone, three years of putting it off. Found Ballantyne Dentistry. Couldn't find a case that looked like mine, couldn't find a price, couldn't book.

They don't call in the morning. They keep scrolling and someone else does the case.

Before-and-afters up front, the range in plain numbers, financing mentioned before they ask.

Here's my offer. I'll design that page for Ballantyne Dentistry and send it over. No charge, no meeting to get it, no invoice at the end. Keep it either way — I'd rather you saw the work than read about it.

Want me to build it?

[Sender Name]
Bothmade","Subject: here it is

Here it is.

A homepage built for the cosmetic patient rather than the check-up patient — cases, price, and one tap to a consult.

Static design, so nothing on it works yet. I'd rather show you the real idea than a fake demo.

One question: does a price range on the site bring you better calls or worse ones?

[Sender Name]",the cases and the price range are the two things a $15k patient wants and the two hardest things to reach,info@ on their own domain — the convention. Worth a quick check before a big send.,field-run-004;cosmetic-dentistry;NC;convention-email,75,12000,"$6,000","$22,000",06082026
Boca Dental,info@bocadental.com,Cosmetic dentistry,Boca Raton,FL,USA,https://bocadental.com,cold-outreach,researched,"Subject: your veneer cases

Hi [First Name],

Your case work is good. I had to dig for it — two menus deep, on a phone, at the exact moment somebody decides to spend fifteen thousand dollars on their teeth.

One case a month lost that way costs more than a website. Several times over.

Before-and-afters up front, the range in plain numbers, financing mentioned before they ask.

So here's what I'll do. I'll build Boca Dental that homepage. Free. Not a slide, not a proposal — the actual page, designed for your business. Yours to keep whether you hire me or not.

Worth a look? One word back and I'll start.

[Sender Name]
Bothmade","Subject: Boca Dental — built it

Built it. Here.

A homepage built for the cosmetic patient rather than the check-up patient — cases, price, and one tap to a consult.

Static design, so nothing on it works yet. I'd rather show you the real idea than a fake demo.

One question: does a price range on the site bring you better calls or worse ones?

[Sender Name]",the cases and the price range are the two things a $15k patient wants and the two hardest things to reach,info@ on their own domain — the convention. Worth a quick check before a big send.,field-run-004;cosmetic-dentistry;FL;convention-email,75,12000,"$6,000","$22,000",06082026
Boca Raton Cosmetic Dentist,info@bocaratoncosmeticdentist.com,Cosmetic dentistry,Boca Raton,FL,USA,https://bocaratoncosmeticdentist.com,cold-outreach,researched,"Subject: cases, price, booking

Hi [First Name],

Your case work is good. I had to dig for it — two menus deep, on a phone, at the exact moment somebody decides to spend fifteen thousand dollars on their teeth.

They don't call in the morning. They keep scrolling and someone else does the case.

Before-and-afters up front, the range in plain numbers, financing mentioned before they ask.

Here's my offer. I'll design that page for Boca Raton Cosmetic Dentist and send it over. No charge, no meeting to get it, no invoice at the end. Keep it either way — I'd rather you saw the work than read about it.

Say yes and it's yours by Friday.

[Sender Name]
Bothmade","Subject: built it

Here it is — Boca Raton Cosmetic Dentist, as promised.

A homepage built for the cosmetic patient rather than the check-up patient — cases, price, and one tap to a consult.

Static design, so nothing on it works yet. I'd rather show you the real idea than a fake demo.

One question: does a price range on the site bring you better calls or worse ones?

[Sender Name]",the cases and the price range are the two things a $15k patient wants and the two hardest things to reach,info@ on their own domain — the convention. Worth a quick check before a big send.,field-run-004;cosmetic-dentistry;FL;convention-email,75,12000,"$6,000","$22,000",06082026
Bulldog Kitchen & Bath Remodel,info@bulldogkitchenandbath.com,Kitchen and bath remodeling,Phoenix,AZ,USA,https://bulldogkitchenandbath.com,cold-outreach,researched,"Subject: the tire-kicker problem

Hi [First Name],

Looked at Bulldog Kitchen & Bath Remodel the way a homeowner with a sixty-thousand-dollar kitchen in mind does. Your finished work is good. There was no way to find a kitchen like mine, and no way to tell you what my job actually is.

That's a $60k kitchen going to the company whose site made it feel easy.

Projects filterable by room, style and budget. A form that asks about the job, so it arrives ready to quote.

Let me build it for you. A real homepage for Bulldog Kitchen & Bath Remodel, on me, before we ever talk money. If it's good you'll know in ten seconds. If it isn't, you've lost nothing.

Worth a look? One word back and I'll start.

[Sender Name]
Bothmade","Subject: built it

Built it. Here.

Before-and-afters filterable by room, style and budget band. The inquiry asks about the room, the scope and the timing — so it lands ready to quote instead of ready to interview.

It's a design, not a build — nothing clicks yet. Didn't want to fake a demo.

One question: what do you wish every inquiry told you before you called them back?

[Sender Name]",before-and-afters are what sell this and they sit in a gallery nobody can filter,info@ on their own domain — the convention. Worth a quick check before a big send.,field-run-004;kitchen-and-bath-remodeling;AZ;convention-email,75,8500,"$4,000","$15,000",06082026
CBG Custom Homes,info@cbgcustomhomes.com,Kitchen and bath remodeling,Nashville,TN,USA,https://cbgcustomhomes.com,cold-outreach,researched,"Subject: quoting jobs that were never real

Hi [First Name],

Looked at CBG Custom Homes the way a homeowner with a sixty-thousand-dollar kitchen in mind does. Your finished work is good. There was no way to find a kitchen like mine, and no way to tell you what my job actually is.

That's a $60k kitchen going to the company whose site made it feel easy.

Projects filterable by room, style and budget. A form that asks about the job, so it arrives ready to quote.

Let me build it for you. A real homepage for CBG Custom Homes, on me, before we ever talk money. If it's good you'll know in ten seconds. If it isn't, you've lost nothing.

Should I send it over?

[Sender Name]
Bothmade","Subject: CBG Custom Homes — built it

Here it is.

Before-and-afters filterable by room, style and budget band. The inquiry asks about the room, the scope and the timing — so it lands ready to quote instead of ready to interview.

It's a design, not a build — nothing clicks yet. Didn't want to fake a demo.

One question: what do you wish every inquiry told you before you called them back?

[Sender Name]",before-and-afters are what sell this and they sit in a gallery nobody can filter,info@ on their own domain — the convention. Worth a quick check before a big send.,field-run-004;kitchen-and-bath-remodeling;TN;convention-email,75,8500,"$4,000","$15,000",06082026
Charlotte Dentistry,info@charlottedentistry.com,Cosmetic dentistry,Charlotte,NC,USA,https://charlottedentistry.com,cold-outreach,researched,"Subject: your veneer cases

Hi [First Name],

A smile-makeover patient researches for months, alone, at night, on a phone. I did that to Charlotte Dentistry. Got as far as a phone number and a form.

They don't call in the morning. They keep scrolling and someone else does the case.

Before-and-afters up front, the range in plain numbers, financing mentioned before they ask.

So here's what I'll do. I'll build Charlotte Dentistry that homepage. Free. Not a slide, not a proposal — the actual page, designed for your business. Yours to keep whether you hire me or not.

Want me to build it?

[Sender Name]
Bothmade","Subject: here it is

Built it. Here.

A homepage built for the cosmetic patient rather than the check-up patient — cases, price, and one tap to a consult.

Static design, so nothing on it works yet. I'd rather show you the real idea than a fake demo.

One question: does a price range on the site bring you better calls or worse ones?

[Sender Name]",the cases and the price range are the two things a $15k patient wants and the two hardest things to reach,info@ on their own domain — the convention. Worth a quick check before a big send.,field-run-004;cosmetic-dentistry;NC;convention-email,75,12000,"$6,000","$22,000",06082026
Charlotte Family Dentistry,info@cltfamilydentistry.com,Cosmetic dentistry,Charlotte,NC,USA,https://cltfamilydentistry.com,cold-outreach,researched,"Subject: cases, price, booking

Hi [First Name],

A smile-makeover patient researches for months, alone, at night, on a phone. I did that to Charlotte Family Dentistry. Got as far as a phone number and a form.

They don't call in the morning. They keep scrolling and someone else does the case.

Before-and-afters up front, the range in plain numbers, financing mentioned before they ask.

Here's my offer. I'll design that page for Charlotte Family Dentistry and send it over. No charge, no meeting to get it, no invoice at the end. Keep it either way — I'd rather you saw the work than read about it.

Say yes and it's yours by Friday.

[Sender Name]
Bothmade","Subject: here it is

Here it is.

A homepage built for the cosmetic patient rather than the check-up patient — cases, price, and one tap to a consult.

Static design, so nothing on it works yet. I'd rather show you the real idea than a fake demo.

One question: does a price range on the site bring you better calls or worse ones?

[Sender Name]",the cases and the price range are the two things a $15k patient wants and the two hardest things to reach,info@ on their own domain — the convention. Worth a quick check before a big send.,field-run-004;cosmetic-dentistry;NC;convention-email,75,12000,"$6,000","$22,000",06082026
Chic la Vie Med Spa,info@chiclavie.com,Med spa,Las Vegas,NV,USA,https://chiclavie.com,cold-outreach,researched,"Subject: reviews vs booking button

Hi [First Name],

Looked you up the way a new client does — evening, phone, already decided she wants tox, just picking where. Chic la Vie Med Spa won on reviews. Then booking meant calling in the morning.

She doesn't call in the morning. She books the spa that let her book at 9pm.

Treatments priced, bookable in two taps, reviews right beside them.

Here's my offer. I'll design that page for Chic la Vie Med Spa and send it over. No charge, no meeting to get it, no invoice at the end. Keep it either way — I'd rather you saw the work than read about it.

Worth a look? One word back and I'll start.

[Sender Name]
Bothmade","Subject: Chic la Vie Med Spa — built it

Here it is.

Treatments priced, bookable in two taps, reviews doing the closing right beside them. Memberships obvious instead of three pages deep.

Static design, so nothing on it works yet. I'd rather show you the real idea than a fake demo.

One question: would you let a new client book without a consult call first?

[Sender Name]",the reviews do the selling and the booking is a phone number that stops answering at five,info@ on their own domain — the convention. Worth a quick check before a big send.,field-run-004;med-spa;NV;convention-email,75,10000,"$5,000","$18,000",06082026
Colorado Native Landscapes,info@coloradonativelandscapes.com,Landscape design build,Arvada,CO,USA,https://coloradonativelandscapes.com,cold-outreach,researched,"Subject: your gardens, sorted

Hi [First Name],

Went through Colorado Native Landscapes' work the way a homeowner commissioning a garden does. It's beautiful. It's also one long scroll — no way to narrow by style, scale or budget, and nothing about what design costs.

And the inquiries that land are vague, so the first call is about scope instead of the garden.

Projects filterable by style, scale and budget. The design process spelled out so the brief arrives specific.

Let me build it for you. A real homepage for Colorado Native Landscapes, on me, before we ever talk money. If it's good you'll know in ten seconds. If it isn't, you've lost nothing.

Should I send it over?

[Sender Name]
Bothmade","Subject: here it is

Here it is — Colorado Native Landscapes, as promised.

Projects filterable by style, scale and budget band, with the design process spelled out — so the brief that reaches you already knows what it's asking for.

It's a design, not a build — nothing clicks yet. Didn't want to fake a demo.

One question: would publishing a design fee range help you or cost you?

[Sender Name]","design-led buyers choose from images and yours cannot be narrowed by style, scale or budget",info@ on their own domain — the convention. Worth a quick check before a big send.,field-run-004;landscape-design-build;CO;convention-email,75,9000,"$5,000","$16,000",06082026
Craftsman Home Builders,info@craftsmanhb.com,Custom home building,San Diego,CA,USA,https://craftsmanhb.com,cold-outreach,researched,"Subject: your portfolio, sorted

Hi [First Name],

Your work is the sale. I looked at it the way a buyer does and there was no way to narrow it — no budget band, no style, no scope. Forty thumbnails and good luck.

They don't email to ask. They go and look at the builder whose site let them filter.

Sort the work the way buyers actually choose, and put the process where the fear is.

So here's what I'll do. I'll build Craftsman Home Builders that homepage. Free. Not a slide, not a proposal — the actual page, designed for your business. Yours to keep whether you hire me or not.

Say yes and it's yours by Friday.

[Sender Name]
Bothmade","Subject: built it

Built it. Here.

Projects sortable the way buyers choose, and the build process laid out month by month, which is the part they're actually frightened of.

Static design, so nothing on it works yet. I'd rather show you the real idea than a fake demo.

One question: would you ever show budget bands publicly, or is that a fight with your sales process?

[Sender Name]","the portfolio is the whole sale and there is no way to sort it by budget, style or scope",info@ on their own domain — the convention. Worth a quick check before a big send.,field-run-004;custom-home-building;CA;convention-email,75,22000,"$12,000","$35,000",06082026
DKV Tampa Homes,info@dkvtampahomes.com,Custom home building,Tampa,FL,USA,https://dkvtampahomes.com,cold-outreach,researched,"Subject: the inquiry that wasted your Tuesday

Hi [First Name],

Looked at DKV Tampa Homes as a client would in Tampa: trying to find the project that matches my lot and my number. Gave up before I found it.

They don't email to ask. They go and look at the builder whose site let them filter.

Portfolio filterable by budget band, style and scope. Inquiry that asks about the lot, the number and the timing.

Let me build it for you. A real homepage for DKV Tampa Homes, on me, before we ever talk money. If it's good you'll know in ten seconds. If it isn't, you've lost nothing.

Worth a look? One word back and I'll start.

[Sender Name]
Bothmade","Subject: built it

Here it is — DKV Tampa Homes, as promised.

Portfolio filterable by budget, style and scope — so a couple with a specific project finds theirs in about nine seconds. Inquiry that arrives with the lot, the number and the timing on it.

It's a design, not a build — nothing clicks yet. Didn't want to fake a demo.

One thing I'd want your answer on: what do you wish every inquiry told you before you called them back?

[Sender Name]","the portfolio is the whole sale and there is no way to sort it by budget, style or scope",info@ on their own domain — the convention. Worth a quick check before a big send.,field-run-004;custom-home-building;FL;convention-email,75,22000,"$12,000","$35,000",06082026
Davila's Remodeling & Construction,info@davilasremodelingandconstruction.com,Kitchen and bath remodeling,Nashville,TN,USA,https://davilasremodelingandconstruction.com,cold-outreach,researched,"Subject: your before-and-afters

Hi [First Name],

Your before-and-afters sell this. They're in a small gallery you can't filter, so the woman with a galley kitchen never finds your galley kitchen.

So you spend Tuesday evening quoting jobs that were never real, and the real one went to whoever answered first.

Projects filterable by room, style and budget. A form that asks about the job, so it arrives ready to quote.

So here's what I'll do. I'll build Davila's Remodeling & Construction that homepage. Free. Not a slide, not a proposal — the actual page, designed for your business. Yours to keep whether you hire me or not.

Want it?

[Sender Name]
Bothmade","Subject: Davila's Remodeling & Construction — built it

Built it. Here.

Before-and-afters filterable by room, style and budget band. The inquiry asks about the room, the scope and the timing — so it lands ready to quote instead of ready to interview.

Static design, so nothing on it works yet. I'd rather show you the real idea than a fake demo.

One question: what do you wish every inquiry told you before you called them back?

[Sender Name]",before-and-afters are what sell this and they sit in a gallery nobody can filter,info@ on their own domain — the convention. Worth a quick check before a big send.,field-run-004;kitchen-and-bath-remodeling;TN;convention-email,75,8500,"$4,000","$15,000",06082026
Designed Landscapes,info@designedlandscapes.com,Landscape design build,Atlanta,GA,USA,https://designedlandscapes.com,cold-outreach,researched,"Subject: design fee, unsaid

Hi [First Name],

Your gardens are genuinely good. A design-led client chooses from images and yours can't be narrowed, so they never find the one that looks like their lot.

So the client who wanted exactly what you do never works out that you do it.

Projects filterable by style, scale and budget. The design process spelled out so the brief arrives specific.

So here's what I'll do. I'll build Designed Landscapes that homepage. Free. Not a slide, not a proposal — the actual page, designed for your business. Yours to keep whether you hire me or not.

Want it?

[Sender Name]
Bothmade","Subject: Designed Landscapes — built it

Here it is.

Projects filterable by style, scale and budget band, with the design process spelled out — so the brief that reaches you already knows what it's asking for.

Static design, so nothing on it works yet. I'd rather show you the real idea than a fake demo.

One question: would publishing a design fee range help you or cost you?

[Sender Name]","design-led buyers choose from images and yours cannot be narrowed by style, scale or budget",info@ on their own domain — the convention. Worth a quick check before a big send.,field-run-004;landscape-design-build;GA;convention-email,75,9000,"$5,000","$16,000",06082026
Divco Custom Homes,info@divcohomes.com,Custom home building,Naples,FL,USA,https://divcohomes.com,cold-outreach,researched,"Subject: the inquiry that wasted your Tuesday

Hi [First Name],

Your work is the sale. I looked at it the way a buyer does and there was no way to narrow it — no budget band, no style, no scope. Forty thumbnails and good luck.

And the inquiries that do land ask for a name and a message, so your first call is an interview instead of a conversation.

Portfolio filterable by budget band, style and scope. Inquiry that asks about the lot, the number and the timing.

Let me build it for you. A real homepage for Divco Custom Homes, on me, before we ever talk money. If it's good you'll know in ten seconds. If it isn't, you've lost nothing.

Want me to build it?

[Sender Name]
Bothmade","Subject: here it is

Here it is — Divco Custom Homes, as promised.

Portfolio filterable by budget, style and scope — so a couple with a specific project finds theirs in about nine seconds. Inquiry that arrives with the lot, the number and the timing on it.

It's a design, not a build — nothing clicks yet. Didn't want to fake a demo.

One thing I'd want your answer on: what do you wish every inquiry told you before you called them back?

[Sender Name]","the portfolio is the whole sale and there is no way to sort it by budget, style or scope",info@ on their own domain — the convention. Worth a quick check before a big send.,field-run-004;custom-home-building;FL;convention-email,75,22000,"$12,000","$35,000",06082026
Dr. Alex Rossitch Dentistry,info@dralexrossitch.com,Cosmetic dentistry,Charlotte,NC,USA,https://dralexrossitch.com,cold-outreach,researched,"Subject: the $15k case that didn't call

Hi [First Name],

A smile-makeover patient researches for months, alone, at night, on a phone. I did that to Dr. Alex Rossitch Dentistry. Got as far as a phone number and a form.

One case a month lost that way costs more than a website. Several times over.

Cases first, filterable, a price range said out loud, and a booking that works at 9pm.

Let me build it for you. A real homepage for Dr. Alex Rossitch Dentistry, on me, before we ever talk money. If it's good you'll know in ten seconds. If it isn't, you've lost nothing.

Want me to build it?

[Sender Name]
Bothmade","Subject: Dr. Alex Rossitch Dentistry — built it

Here it is — Dr. Alex Rossitch Dentistry, as promised.

Cases at the top, filterable by treatment. The range stated in real numbers. Booking that doesn't need your front desk awake.

It's a design, not a build — nothing clicks yet. Didn't want to fake a demo.

One thing I'd want your read on: veneers or implants — which pays you better?

[Sender Name]",the cases and the price range are the two things a $15k patient wants and the two hardest things to reach,info@ on their own domain — the convention. Worth a quick check before a big send.,field-run-004;cosmetic-dentistry;NC;convention-email,75,12000,"$6,000","$22,000",06082026
Dynamic Custom Pools,info@dynamiccustompools.com,Pool building,Houston,TX,USA,https://dynamiccustompools.com,cold-outreach,researched,"Subject: your build gallery

Hi [First Name],

Looked at Dynamic Custom Pools the way a homeowner in Houston does — trying to find a build that looks like my backyard, at roughly my number. One long scroll, no way to narrow it, no price anywhere.

That's a ninety-thousand-dollar build going to the company that answered the money question first.

Gallery filterable by size, style and budget. A starting number said out loud.

I'd like to build it and show you. One homepage, designed for Dynamic Custom Pools, free. Not a template with your logo on it. The real thing, and it's yours whether we work together or not.

Want it?

[Sender Name]
Bothmade","Subject: built it

Built it. Here.

Builds filterable by size, style and budget band, with a starting range stated plainly and a timeline from signing to swimming.

It's a design, not a build — nothing clicks yet. Didn't want to fake a demo.

One question: would you publish a starting price, or does that cost you more than it wins?

[Sender Name]","the gallery cannot be sorted, so nobody finds a build that looks like their own yard",info@ on their own domain — the convention. Worth a quick check before a big send.,field-run-004;pool-building;TX;convention-email,75,10000,"$5,000","$18,000",06082026
East Boca Dental,info@eastbocadental.com,Cosmetic dentistry,Boca Raton,FL,USA,https://eastbocadental.com,cold-outreach,researched,"Subject: one case a month

Hi [First Name],

A smile-makeover patient researches for months, alone, at night, on a phone. I did that to East Boca Dental. Got as far as a phone number and a form.

They don't call in the morning. They keep scrolling and someone else does the case.

Cases first, filterable, a price range said out loud, and a booking that works at 9pm.

I'd like to build it and show you. One homepage, designed for East Boca Dental, free. Not a template with your logo on it. The real thing, and it's yours whether we work together or not.

Want me to build it?

[Sender Name]
Bothmade","Subject: East Boca Dental — built it

Built it. Here.

Cases at the top, filterable by treatment. The range stated in real numbers. Booking that doesn't need your front desk awake.

It's a design, not a build — nothing clicks yet. Didn't want to fake a demo.

One thing I'd want your read on: veneers or implants — which pays you better?

[Sender Name]",the cases and the price range are the two things a $15k patient wants and the two hardest things to reach,info@ on their own domain — the convention. Worth a quick check before a big send.,field-run-004;cosmetic-dentistry;FL;convention-email,75,12000,"$6,000","$22,000",06082026
First Choice Home Builders,info@1homebuilders.com,Custom home building,San Diego,CA,USA,https://1homebuilders.com,cold-outreach,researched,"Subject: they couldn't find their house

Hi [First Name],

Your work is the sale. I looked at it the way a buyer does and there was no way to narrow it — no budget band, no style, no scope. Forty thumbnails and good luck.

That's a real project deciding you're not the one, on no evidence either way.

Sort the work the way buyers actually choose, and put the process where the fear is.

Here's my offer. I'll design that page for First Choice Home Builders and send it over. No charge, no meeting to get it, no invoice at the end. Keep it either way — I'd rather you saw the work than read about it.

Want me to build it?

[Sender Name]
Bothmade","Subject: built it

Here it is — First Choice Home Builders, as promised.

Projects sortable the way buyers choose, and the build process laid out month by month, which is the part they're actually frightened of.

Static design, so nothing on it works yet. I'd rather show you the real idea than a fake demo.

One question: would you ever show budget bands publicly, or is that a fight with your sales process?

[Sender Name]","the portfolio is the whole sale and there is no way to sort it by budget, style or scope",info@ on their own domain — the convention. Worth a quick check before a big send.,field-run-004;custom-home-building;CA;convention-email,75,22000,"$12,000","$35,000",06082026
Generation Homes SC,info@generationhomessc.com,Custom home building,Charleston,SC,USA,https://generationhomessc.com,cold-outreach,researched,"Subject: filtering your projects

Hi [First Name],

Went through Generation Homes SC's portfolio the way a couple with a lot and three million dollars does — hunting for the one house that looks like the one in their head. Couldn't sort by budget, style or scope. Just scrolled.

That's a real project deciding you're not the one, on no evidence either way.

Portfolio filterable by budget band, style and scope. Inquiry that asks about the lot, the number and the timing.

I'd like to build it and show you. One homepage, designed for Generation Homes SC, free. Not a template with your logo on it. The real thing, and it's yours whether we work together or not.

Worth a look? One word back and I'll start.

[Sender Name]
Bothmade","Subject: Generation Homes SC — built it

Here it is.

Portfolio filterable by budget, style and scope — so a couple with a specific project finds theirs in about nine seconds. Inquiry that arrives with the lot, the number and the timing on it.

It's a design, not a build — nothing clicks yet. Didn't want to fake a demo.

One thing I'd want your answer on: what do you wish every inquiry told you before you called them back?

[Sender Name]","the portfolio is the whole sale and there is no way to sort it by budget, style or scope",info@ on their own domain — the convention. Worth a quick check before a big send.,field-run-004;custom-home-building;SC;convention-email,75,22000,"$12,000","$35,000",06082026
Georgian Landscape,info@georgianlandscape.com,Landscape design build,Alpharetta,GA,USA,https://georgianlandscape.com,cold-outreach,researched,"Subject: the inquiry that arrives vague

Hi [First Name],

Went through Georgian Landscape's work the way a homeowner commissioning a garden does. It's beautiful. It's also one long scroll — no way to narrow by style, scale or budget, and nothing about what design costs.

And the inquiries that land are vague, so the first call is about scope instead of the garden.

Projects filterable by style, scale and budget. The design process spelled out so the brief arrives specific.

Let me build it for you. A real homepage for Georgian Landscape, on me, before we ever talk money. If it's good you'll know in ten seconds. If it isn't, you've lost nothing.

Should I send it over?

[Sender Name]
Bothmade","Subject: here it is

Here it is.

Projects filterable by style, scale and budget band, with the design process spelled out — so the brief that reaches you already knows what it's asking for.

It's a design, not a build — nothing clicks yet. Didn't want to fake a demo.

One question: would publishing a design fee range help you or cost you?

[Sender Name]","design-led buyers choose from images and yours cannot be narrowed by style, scale or budget",info@ on their own domain — the convention. Worth a quick check before a big send.,field-run-004;landscape-design-build;GA;convention-email,75,9000,"$5,000","$16,000",06082026
Hermitage Kitchen Design Gallery,info@designsbyhermitage.com,Kitchen and bath remodeling,Nashville,TN,USA,https://designsbyhermitage.com,cold-outreach,researched,"Subject: your before-and-afters

Hi [First Name],

Your before-and-afters sell this. They're in a small gallery you can't filter, so the woman with a galley kitchen never finds your galley kitchen.

So you spend Tuesday evening quoting jobs that were never real, and the real one went to whoever answered first.

Projects filterable by room, style and budget. A form that asks about the job, so it arrives ready to quote.

So here's what I'll do. I'll build Hermitage Kitchen Design Gallery that homepage. Free. Not a slide, not a proposal — the actual page, designed for your business. Yours to keep whether you hire me or not.

Want me to build it?

[Sender Name]
Bothmade","Subject: Hermitage Kitchen Design Gallery — built it

Built it. Here.

Before-and-afters filterable by room, style and budget band. The inquiry asks about the room, the scope and the timing — so it lands ready to quote instead of ready to interview.

Static design, so nothing on it works yet. I'd rather show you the real idea than a fake demo.

One question: what do you wish every inquiry told you before you called them back?

[Sender Name]",before-and-afters are what sell this and they sit in a gallery nobody can filter,info@ on their own domain — the convention. Worth a quick check before a big send.,field-run-004;kitchen-and-bath-remodeling;TN;convention-email,75,8500,"$4,000","$15,000",06082026
Home Builders Services,info@homebuildersservices.net,Custom home building,San Diego,CA,USA,https://homebuildersservices.net,cold-outreach,researched,"Subject: the inquiry that wasted your Tuesday

Hi [First Name],

Went through Home Builders Services' portfolio the way a couple with a lot and three million dollars does — hunting for the one house that looks like the one in their head. Couldn't sort by budget, style or scope. Just scrolled.

They don't email to ask. They go and look at the builder whose site let them filter.

Portfolio filterable by budget band, style and scope. Inquiry that asks about the lot, the number and the timing.

Let me build it for you. A real homepage for Home Builders Services, on me, before we ever talk money. If it's good you'll know in ten seconds. If it isn't, you've lost nothing.

Should I send it over?

[Sender Name]
Bothmade","Subject: Home Builders Services — built it

Built it. Here.

Portfolio filterable by budget, style and scope — so a couple with a specific project finds theirs in about nine seconds. Inquiry that arrives with the lot, the number and the timing on it.

It's a design, not a build — nothing clicks yet. Didn't want to fake a demo.

One thing I'd want your answer on: what do you wish every inquiry told you before you called them back?

[Sender Name]","the portfolio is the whole sale and there is no way to sort it by budget, style or scope",info@ on their own domain — the convention. Worth a quick check before a big send.,field-run-004;custom-home-building;CA;convention-email,75,22000,"$12,000","$35,000",06082026
Houston Cool Pools,info@houstoncoolpools.com,Pool building,Houston,TX,USA,https://houstoncoolpools.com,cold-outreach,researched,"Subject: what does one like mine cost

Hi [First Name],

Your builds look excellent. I went looking for one like mine and scrolled past sixty that weren't. Then couldn't find a starting number.

So they call whoever showed them a pool like theirs, with a number attached.

Gallery filterable by size, style and budget. A starting number said out loud.

Here's my offer. I'll design that page for Houston Cool Pools and send it over. No charge, no meeting to get it, no invoice at the end. Keep it either way — I'd rather you saw the work than read about it.

Should I send it over?

[Sender Name]
Bothmade","Subject: Houston Cool Pools — built it

Built it. Here.

Builds filterable by size, style and budget band, with a starting range stated plainly and a timeline from signing to swimming.

Static design, so nothing on it works yet. I'd rather show you the real idea than a fake demo.

One question: would you publish a starting price, or does that cost you more than it wins?

[Sender Name]","the gallery cannot be sorted, so nobody finds a build that looks like their own yard",info@ on their own domain — the convention. Worth a quick check before a big send.,field-run-004;pool-building;TX;convention-email,75,10000,"$5,000","$18,000",06082026
Hunter Quinn Homes,info@hunterquinnhomes.com,Custom home building,Mount Pleasant,SC,USA,https://hunterquinnhomes.com,cold-outreach,researched,"Subject: they couldn't find their house

Hi [First Name],

Your work is the sale. I looked at it the way a buyer does and there was no way to narrow it — no budget band, no style, no scope. Forty thumbnails and good luck.

That's a real project deciding you're not the one, on no evidence either way.

Sort the work the way buyers actually choose, and put the process where the fear is.

Here's my offer. I'll design that page for Hunter Quinn Homes and send it over. No charge, no meeting to get it, no invoice at the end. Keep it either way — I'd rather you saw the work than read about it.

Worth a look? One word back and I'll start.

[Sender Name]
Bothmade","Subject: built it

Here it is.

Projects sortable the way buyers choose, and the build process laid out month by month, which is the part they're actually frightened of.

Static design, so nothing on it works yet. I'd rather show you the real idea than a fake demo.

One question: would you ever show budget bands publicly, or is that a fight with your sales process?

[Sender Name]","the portfolio is the whole sale and there is no way to sort it by budget, style or scope",info@ on their own domain — the convention. Worth a quick check before a big send.,field-run-004;custom-home-building;SC;convention-email,75,22000,"$12,000","$35,000",06082026
Inspired Dentistry of Charlotte,info@inspireddoc.com,Cosmetic dentistry,Charlotte,NC,USA,https://inspireddoc.com,cold-outreach,researched,"Subject: the $15k case that didn't call

Hi [First Name],

Your case work is good. I had to dig for it — two menus deep, on a phone, at the exact moment somebody decides to spend fifteen thousand dollars on their teeth.

One case a month lost that way costs more than a website. Several times over.

Cases first, filterable, a price range said out loud, and a booking that works at 9pm.

Let me build it for you. A real homepage for Inspired Dentistry of Charlotte, on me, before we ever talk money. If it's good you'll know in ten seconds. If it isn't, you've lost nothing.

Say yes and it's yours by Friday.

[Sender Name]
Bothmade","Subject: Inspired Dentistry of Charlotte — built it

Built it. Here.

Cases at the top, filterable by treatment. The range stated in real numbers. Booking that doesn't need your front desk awake.

It's a design, not a build — nothing clicks yet. Didn't want to fake a demo.

One thing I'd want your read on: veneers or implants — which pays you better?

[Sender Name]",the cases and the price range are the two things a $15k patient wants and the two hardest things to reach,info@ on their own domain — the convention. Worth a quick check before a big send.,field-run-004;cosmetic-dentistry;NC;convention-email,75,12000,"$6,000","$22,000",06082026
Kent V. Hasen MD Aesthetic Plastic Surgery,info@drhasen.com,Plastic surgery,Naples,FL,USA,https://drhasen.com,cold-outreach,researched,"Subject: results, then booking

Hi [First Name],

Went through your site as a woman who's been thinking about this for two years. Phone, late, decided. The gallery is what closes her and it's buried.

That decision is live for about four minutes. Phone number and office hours and it's gone.

Results first, filtered by procedure, sized for a phone. Consult request on the same screen.

So here's what I'll do. I'll build Kent V. Hasen MD Aesthetic Plastic Surgery that homepage. Free. Not a slide, not a proposal — the actual page, designed for your business. Yours to keep whether you hire me or not.

Worth a look? One word back and I'll start.

[Sender Name]
Bothmade","Subject: Kent V. Hasen MD Aesthetic Plastic Surgery — built it

Here it is — Kent V. Hasen MD Aesthetic Plastic Surgery, as promised.

Results first, filterable by procedure, built for a phone because that's the device. Consult request on the same screen instead of behind a phone call.

Static design, so nothing on it works yet. I'd rather show you the real idea than a fake demo.

One question: would you let someone request a consult without speaking to your coordinator first?

[Sender Name]",the before-and-afters close the consult and on a phone they are three taps deep and unfilterable,info@ on their own domain — the convention. Worth a quick check before a big send.,field-run-004;plastic-surgery;FL;convention-email,75,16000,"$8,000","$28,000",06082026
Kenzi MedSpa,info@kenzispa.com,Med spa,Naples,FL,USA,https://kenzispa.com,cold-outreach,researched,"Subject: reviews vs booking button

Hi [First Name],

Found Kenzi MedSpa at 9pm on my phone, the way your next client will. The reviews sold me in about forty seconds. Then the only way to book was a phone number and a front desk that shut at five.

A booking a night walks that way. Silently. No missed call, no voicemail, nothing to review on Monday.

Treatments priced, bookable in two taps, reviews right beside them.

Here's my offer. I'll design that page for Kenzi MedSpa and send it over. No charge, no meeting to get it, no invoice at the end. Keep it either way — I'd rather you saw the work than read about it.

Want me to build it?

[Sender Name]
Bothmade","Subject: Kenzi MedSpa — built it

Built it. Here.

Treatments priced, bookable in two taps, reviews doing the closing right beside them. Memberships obvious instead of three pages deep.

Static design, so nothing on it works yet. I'd rather show you the real idea than a fake demo.

One question: would you let a new client book without a consult call first?

[Sender Name]",the reviews do the selling and the booking is a phone number that stops answering at five,info@ on their own domain — the convention. Worth a quick check before a big send.,field-run-004;med-spa;FL;convention-email,75,10000,"$5,000","$18,000",06082026
Kitchen and Bath Phoenix,info@kitchenandbathphoenix.com,Kitchen and bath remodeling,Phoenix,AZ,USA,https://kitchenandbathphoenix.com,cold-outreach,researched,"Subject: the tire-kicker problem

Hi [First Name],

Your before-and-afters sell this. They're in a small gallery you can't filter, so the woman with a galley kitchen never finds your galley kitchen.

So you spend Tuesday evening quoting jobs that were never real, and the real one went to whoever answered first.

Projects filterable by room, style and budget. A form that asks about the job, so it arrives ready to quote.

So here's what I'll do. I'll build Kitchen and Bath Phoenix that homepage. Free. Not a slide, not a proposal — the actual page, designed for your business. Yours to keep whether you hire me or not.

Worth a look? One word back and I'll start.

[Sender Name]
Bothmade","Subject: built it

Built it. Here.

Before-and-afters filterable by room, style and budget band. The inquiry asks about the room, the scope and the timing — so it lands ready to quote instead of ready to interview.

Static design, so nothing on it works yet. I'd rather show you the real idea than a fake demo.

One question: what do you wish every inquiry told you before you called them back?

[Sender Name]",before-and-afters are what sell this and they sit in a gallery nobody can filter,info@ on their own domain — the convention. Worth a quick check before a big send.,field-run-004;kitchen-and-bath-remodeling;AZ;convention-email,75,8500,"$4,000","$15,000",06082026
Kohr Construction,info@kohrconstructionsc.com,Custom home building,Charleston,SC,USA,https://kohrconstructionsc.com,cold-outreach,researched,"Subject: your portfolio, sorted

Hi [First Name],

Your work is the sale. I looked at it the way a buyer does and there was no way to narrow it — no budget band, no style, no scope. Forty thumbnails and good luck.

That's a real project deciding you're not the one, on no evidence either way.

Sort the work the way buyers actually choose, and put the process where the fear is.

So here's what I'll do. I'll build Kohr Construction that homepage. Free. Not a slide, not a proposal — the actual page, designed for your business. Yours to keep whether you hire me or not.

Say yes and it's yours by Friday.

[Sender Name]
Bothmade","Subject: here it is

Here it is — Kohr Construction, as promised.

Projects sortable the way buyers choose, and the build process laid out month by month, which is the part they're actually frightened of.

Static design, so nothing on it works yet. I'd rather show you the real idea than a fake demo.

One question: would you ever show budget bands publicly, or is that a fight with your sales process?

[Sender Name]","the portfolio is the whole sale and there is no way to sort it by budget, style or scope",info@ on their own domain — the convention. Worth a quick check before a big send.,field-run-004;custom-home-building;SC;convention-email,75,22000,"$12,000","$35,000",06082026
Landscape Connection,info@landscapeconnection.net,Landscape design build,Littleton,CO,USA,https://landscapeconnection.net,cold-outreach,researched,"Subject: design fee, unsaid

Hi [First Name],

Your gardens are genuinely good. A design-led client chooses from images and yours can't be narrowed, so they never find the one that looks like their lot.

So the client who wanted exactly what you do never works out that you do it.

Projects filterable by style, scale and budget. The design process spelled out so the brief arrives specific.

So here's what I'll do. I'll build Landscape Connection that homepage. Free. Not a slide, not a proposal — the actual page, designed for your business. Yours to keep whether you hire me or not.

Want it?

[Sender Name]
Bothmade","Subject: built it

Here it is — Landscape Connection, as promised.

Projects filterable by style, scale and budget band, with the design process spelled out — so the brief that reaches you already knows what it's asking for.

Static design, so nothing on it works yet. I'd rather show you the real idea than a fake demo.

One question: would publishing a design fee range help you or cost you?

[Sender Name]","design-led buyers choose from images and yours cannot be narrowed by style, scale or budget",info@ on their own domain — the convention. Worth a quick check before a big send.,field-run-004;landscape-design-build;CO;convention-email,75,9000,"$5,000","$16,000",06082026
Master Home Builder,info@master-homebuilder.com,Custom home building,Charleston,SC,USA,https://master-homebuilder.com,cold-outreach,researched,"Subject: filtering your projects

Hi [First Name],

Looked at Master Home Builder as a client would in Charleston: trying to find the project that matches my lot and my number. Gave up before I found it.

And the inquiries that do land ask for a name and a message, so your first call is an interview instead of a conversation.

Portfolio filterable by budget band, style and scope. Inquiry that asks about the lot, the number and the timing.

I'd like to build it and show you. One homepage, designed for Master Home Builder, free. Not a template with your logo on it. The real thing, and it's yours whether we work together or not.

Worth a look? One word back and I'll start.

[Sender Name]
Bothmade","Subject: built it

Built it. Here.

Portfolio filterable by budget, style and scope — so a couple with a specific project finds theirs in about nine seconds. Inquiry that arrives with the lot, the number and the timing on it.

It's a design, not a build — nothing clicks yet. Didn't want to fake a demo.

One thing I'd want your answer on: what do you wish every inquiry told you before you called them back?

[Sender Name]","the portfolio is the whole sale and there is no way to sort it by budget, style or scope",info@ on their own domain — the convention. Worth a quick check before a big send.,field-run-004;custom-home-building;SC;convention-email,75,22000,"$12,000","$35,000",06082026
Masters Kitchen & Bath,info@masterskitchenbath.com,Kitchen and bath remodeling,Park Ridge,IL,USA,https://masterskitchenbath.com,cold-outreach,researched,"Subject: your before-and-afters

Hi [First Name],

Looked at Masters Kitchen & Bath the way a homeowner with a sixty-thousand-dollar kitchen in mind does. Your finished work is good. There was no way to find a kitchen like mine, and no way to tell you what my job actually is.

That's a $60k kitchen going to the company whose site made it feel easy.

Projects filterable by room, style and budget. A form that asks about the job, so it arrives ready to quote.

I'd like to build it and show you. One homepage, designed for Masters Kitchen & Bath, free. Not a template with your logo on it. The real thing, and it's yours whether we work together or not.

Worth a look? One word back and I'll start.

[Sender Name]
Bothmade","Subject: built it

Here it is.

Before-and-afters filterable by room, style and budget band. The inquiry asks about the room, the scope and the timing — so it lands ready to quote instead of ready to interview.

It's a design, not a build — nothing clicks yet. Didn't want to fake a demo.

One question: what do you wish every inquiry told you before you called them back?

[Sender Name]",before-and-afters are what sell this and they sit in a gallery nobody can filter,info@ on their own domain — the convention. Worth a quick check before a big send.,field-run-004;kitchen-and-bath-remodeling;IL;convention-email,75,8500,"$4,000","$15,000",06082026
Med Spa on 5th,info@medspaon5th.com,Med spa,Naples,FL,USA,https://medspaon5th.com,cold-outreach,researched,"Subject: she booked somewhere else

Hi [First Name],

Your reviews do the selling. I read them on my phone at 9pm in Naples and I was sold. Then I hit a phone number and office hours.

That's the sale, right there. She books wherever the button is, and you never find out you lost her.

Booking belongs on the homepage, next to the reviews, working at midnight.

I'd like to build it and show you. One homepage, designed for Med Spa on 5th, free. Not a template with your logo on it. The real thing, and it's yours whether we work together or not.

Want me to build it?

[Sender Name]
Bothmade","Subject: built it

Here it is — Med Spa on 5th, as promised.

Booking sits on the homepage next to your reviews. Two taps to Thursday at six. That's the part your site can't do tonight.

It's a design, not a build — nothing clicks yet. Didn't want to fake a demo.

One thing I'd want your answer on: is membership what you'd push hardest here, or first-visit tox?

[Sender Name]",the reviews do the selling and the booking is a phone number that stops answering at five,info@ on their own domain — the convention. Worth a quick check before a big send.,field-run-004;med-spa;FL;convention-email,75,10000,"$5,000","$18,000",06082026
MedSpa 810 Scottsdale,info@medspa810scottsdale.com,Med spa,Scottsdale,AZ,USA,https://medspa810scottsdale.com,cold-outreach,researched,"Subject: the booking you lost last night

Hi [First Name],

Looked you up the way a new client does — evening, phone, already decided she wants tox, just picking where. MedSpa 810 Scottsdale won on reviews. Then booking meant calling in the morning.

She doesn't call in the morning. She books the spa that let her book at 9pm.

Booking belongs on the homepage, next to the reviews, working at midnight.

Let me build it for you. A real homepage for MedSpa 810 Scottsdale, on me, before we ever talk money. If it's good you'll know in ten seconds. If it isn't, you've lost nothing.

Should I send it over?

[Sender Name]
Bothmade","Subject: built it

Built it. Here.

Booking sits on the homepage next to your reviews. Two taps to Thursday at six. That's the part your site can't do tonight.

It's a design, not a build — nothing clicks yet. Didn't want to fake a demo.

One thing I'd want your answer on: is membership what you'd push hardest here, or first-visit tox?

[Sender Name]",the reviews do the selling and the booking is a phone number that stops answering at five,info@ on their own domain — the convention. Worth a quick check before a big send.,field-run-004;med-spa;AZ;convention-email,75,10000,"$5,000","$18,000",06082026
Medspa of Las Vegas,info@medspaoflasvegas.com,Med spa,Las Vegas,NV,USA,https://medspaoflasvegas.com,cold-outreach,researched,"Subject: she booked somewhere else

Hi [First Name],

Looked you up the way a new client does — evening, phone, already decided she wants tox, just picking where. Medspa of Las Vegas won on reviews. Then booking meant calling in the morning.

She doesn't call in the morning. She books the spa that let her book at 9pm.

Booking belongs on the homepage, next to the reviews, working at midnight.

I'd like to build it and show you. One homepage, designed for Medspa of Las Vegas, free. Not a template with your logo on it. The real thing, and it's yours whether we work together or not.

Want me to build it?

[Sender Name]
Bothmade","Subject: here it is

Built it. Here.

Booking sits on the homepage next to your reviews. Two taps to Thursday at six. That's the part your site can't do tonight.

It's a design, not a build — nothing clicks yet. Didn't want to fake a demo.

One thing I'd want your answer on: is membership what you'd push hardest here, or first-visit tox?

[Sender Name]",the reviews do the selling and the booking is a phone number that stops answering at five,info@ on their own domain — the convention. Worth a quick check before a big send.,field-run-004;med-spa;NV;convention-email,75,10000,"$5,000","$18,000",06082026
Medspa-LV,info@medspa-lv.com,Med spa,Las Vegas,NV,USA,https://medspa-lv.com,cold-outreach,researched,"Subject: she booked somewhere else

Hi [First Name],

Found Medspa-LV at 9pm on my phone, the way your next client will. The reviews sold me in about forty seconds. Then the only way to book was a phone number and a front desk that shut at five.

That's the sale, right there. She books wherever the button is, and you never find out you lost her.

Booking belongs on the homepage, next to the reviews, working at midnight.

I'd like to build it and show you. One homepage, designed for Medspa-LV, free. Not a template with your logo on it. The real thing, and it's yours whether we work together or not.

Say yes and it's yours by Friday.

[Sender Name]
Bothmade","Subject: Medspa-LV — built it

Built it. Here.

Booking sits on the homepage next to your reviews. Two taps to Thursday at six. That's the part your site can't do tonight.

It's a design, not a build — nothing clicks yet. Didn't want to fake a demo.

One thing I'd want your answer on: is membership what you'd push hardest here, or first-visit tox?

[Sender Name]",the reviews do the selling and the booking is a phone number that stops answering at five,info@ on their own domain — the convention. Worth a quick check before a big send.,field-run-004;med-spa;NV;convention-email,75,10000,"$5,000","$18,000",06082026
Midtown General & Cosmetic Dentistry,info@charlottemidtowndentistry.com,Cosmetic dentistry,Charlotte,NC,USA,https://charlottemidtowndentistry.com,cold-outreach,researched,"Subject: one case a month

Hi [First Name],

Went looking for veneers in Charlotte the way a patient does. Nine at night, on a phone, three years of putting it off. Found Midtown General & Cosmetic Dentistry. Couldn't find a case that looked like mine, couldn't find a price, couldn't book.

They don't call in the morning. They keep scrolling and someone else does the case.

Cases first, filterable, a price range said out loud, and a booking that works at 9pm.

I'd like to build it and show you. One homepage, designed for Midtown General & Cosmetic Dentistry, free. Not a template with your logo on it. The real thing, and it's yours whether we work together or not.

Worth a look? One word back and I'll start.

[Sender Name]
Bothmade","Subject: here it is

Built it. Here.

Cases at the top, filterable by treatment. The range stated in real numbers. Booking that doesn't need your front desk awake.

It's a design, not a build — nothing clicks yet. Didn't want to fake a demo.

One thing I'd want your read on: veneers or implants — which pays you better?

[Sender Name]",the cases and the price range are the two things a $15k patient wants and the two hardest things to reach,info@ on their own domain — the convention. Worth a quick check before a big send.,field-run-004;cosmetic-dentistry;NC;convention-email,75,12000,"$6,000","$22,000",06082026
Naples Custom Homes,info@naplesch.com,Custom home building,Naples,FL,USA,https://naplesch.com,cold-outreach,researched,"Subject: the inquiry that wasted your Tuesday

Hi [First Name],

Your work is the sale. I looked at it the way a buyer does and there was no way to narrow it — no budget band, no style, no scope. Forty thumbnails and good luck.

That's a real project deciding you're not the one, on no evidence either way.

Portfolio filterable by budget band, style and scope. Inquiry that asks about the lot, the number and the timing.

Let me build it for you. A real homepage for Naples Custom Homes, on me, before we ever talk money. If it's good you'll know in ten seconds. If it isn't, you've lost nothing.

Want me to build it?

[Sender Name]
Bothmade","Subject: built it

Here it is — Naples Custom Homes, as promised.

Portfolio filterable by budget, style and scope — so a couple with a specific project finds theirs in about nine seconds. Inquiry that arrives with the lot, the number and the timing on it.

It's a design, not a build — nothing clicks yet. Didn't want to fake a demo.

One thing I'd want your answer on: what do you wish every inquiry told you before you called them back?

[Sender Name]","the portfolio is the whole sale and there is no way to sort it by budget, style or scope",info@ on their own domain — the convention. Worth a quick check before a big send.,field-run-004;custom-home-building;FL;convention-email,75,22000,"$12,000","$35,000",06082026
NexGen Constructors,info@nexgenconstructors.com,Custom home building,Tampa,FL,USA,https://nexgenconstructors.com,cold-outreach,researched,"Subject: the inquiry that wasted your Tuesday

Hi [First Name],

Went through NexGen Constructors' portfolio the way a couple with a lot and three million dollars does — hunting for the one house that looks like the one in their head. Couldn't sort by budget, style or scope. Just scrolled.

That's a real project deciding you're not the one, on no evidence either way.

Portfolio filterable by budget band, style and scope. Inquiry that asks about the lot, the number and the timing.

Let me build it for you. A real homepage for NexGen Constructors, on me, before we ever talk money. If it's good you'll know in ten seconds. If it isn't, you've lost nothing.

Say yes and it's yours by Friday.

[Sender Name]
Bothmade","Subject: built it

Here it is.

Portfolio filterable by budget, style and scope — so a couple with a specific project finds theirs in about nine seconds. Inquiry that arrives with the lot, the number and the timing on it.

It's a design, not a build — nothing clicks yet. Didn't want to fake a demo.

One thing I'd want your answer on: what do you wish every inquiry told you before you called them back?

[Sender Name]","the portfolio is the whole sale and there is no way to sort it by budget, style or scope",info@ on their own domain — the convention. Worth a quick check before a big send.,field-run-004;custom-home-building;FL;convention-email,75,22000,"$12,000","$35,000",06082026
Normandy Remodeling,info@normandyremodeling.com,Kitchen and bath remodeling,Chicago,IL,USA,https://normandyremodeling.com,cold-outreach,researched,"Subject: your before-and-afters

Hi [First Name],

Your before-and-afters sell this. They're in a small gallery you can't filter, so the woman with a galley kitchen never finds your galley kitchen.

So you spend Tuesday evening quoting jobs that were never real, and the real one went to whoever answered first.

Projects filterable by room, style and budget. A form that asks about the job, so it arrives ready to quote.

Here's my offer. I'll design that page for Normandy Remodeling and send it over. No charge, no meeting to get it, no invoice at the end. Keep it either way — I'd rather you saw the work than read about it.

Worth a look? One word back and I'll start.

[Sender Name]
Bothmade","Subject: built it

Built it. Here.

Before-and-afters filterable by room, style and budget band. The inquiry asks about the room, the scope and the timing — so it lands ready to quote instead of ready to interview.

Static design, so nothing on it works yet. I'd rather show you the real idea than a fake demo.

One question: what do you wish every inquiry told you before you called them back?

[Sender Name]",before-and-afters are what sell this and they sit in a gallery nobody can filter,info@ on their own domain — the convention. Worth a quick check before a big send.,field-run-004;kitchen-and-bath-remodeling;IL;convention-email,75,8500,"$4,000","$15,000",06082026
Nuve Clinic Med Spa,info@nuvelifestyle.com,Med spa,Las Vegas,NV,USA,https://nuvelifestyle.com,cold-outreach,researched,"Subject: your 9pm bookings

Hi [First Name],

Your reviews do the selling. I read them on my phone at 9pm in Las Vegas and I was sold. Then I hit a phone number and office hours.

She doesn't call in the morning. She books the spa that let her book at 9pm.

Treatments priced, bookable in two taps, reviews right beside them.

So here's what I'll do. I'll build Nuve Clinic Med Spa that homepage. Free. Not a slide, not a proposal — the actual page, designed for your business. Yours to keep whether you hire me or not.

Want me to build it?

[Sender Name]
Bothmade","Subject: Nuve Clinic Med Spa — built it

Here it is — Nuve Clinic Med Spa, as promised.

Treatments priced, bookable in two taps, reviews doing the closing right beside them. Memberships obvious instead of three pages deep.

Static design, so nothing on it works yet. I'd rather show you the real idea than a fake demo.

One question: would you let a new client book without a consult call first?

[Sender Name]",the reviews do the selling and the booking is a phone number that stops answering at five,info@ on their own domain — the convention. Worth a quick check before a big send.,field-run-004;med-spa;NV;convention-email,75,10000,"$5,000","$18,000",06082026
Oasis Landscapes & Irrigation,info@oasislandscape.com,Landscape design build,Atlanta,GA,USA,https://oasislandscape.com,cold-outreach,researched,"Subject: your gardens, sorted

Hi [First Name],

Your gardens are genuinely good. A design-led client chooses from images and yours can't be narrowed, so they never find the one that looks like their lot.

So the client who wanted exactly what you do never works out that you do it.

Projects filterable by style, scale and budget. The design process spelled out so the brief arrives specific.

Here's my offer. I'll design that page for Oasis Landscapes & Irrigation and send it over. No charge, no meeting to get it, no invoice at the end. Keep it either way — I'd rather you saw the work than read about it.

Worth a look? One word back and I'll start.

[Sender Name]
Bothmade","Subject: here it is

Here it is.

Projects filterable by style, scale and budget band, with the design process spelled out — so the brief that reaches you already knows what it's asking for.

Static design, so nothing on it works yet. I'd rather show you the real idea than a fake demo.

One question: would publishing a design fee range help you or cost you?

[Sender Name]","design-led buyers choose from images and yours cannot be narrowed by style, scale or budget",info@ on their own domain — the convention. Worth a quick check before a big send.,field-run-004;landscape-design-build;GA;convention-email,75,9000,"$5,000","$16,000",06082026
Pearl Medspa,info@pearlmedspa.com,Med spa,Scottsdale,AZ,USA,https://pearlmedspa.com,cold-outreach,researched,"Subject: reviews vs booking button

Hi [First Name],

Your reviews do the selling. I read them on my phone at 9pm in Scottsdale and I was sold. Then I hit a phone number and office hours.

She doesn't call in the morning. She books the spa that let her book at 9pm.

Treatments priced, bookable in two taps, reviews right beside them.

Here's my offer. I'll design that page for Pearl Medspa and send it over. No charge, no meeting to get it, no invoice at the end. Keep it either way — I'd rather you saw the work than read about it.

Say yes and it's yours by Friday.

[Sender Name]
Bothmade","Subject: built it

Here it is.

Treatments priced, bookable in two taps, reviews doing the closing right beside them. Memberships obvious instead of three pages deep.

Static design, so nothing on it works yet. I'd rather show you the real idea than a fake demo.

One question: would you let a new client book without a consult call first?

[Sender Name]",the reviews do the selling and the booking is a phone number that stops answering at five,info@ on their own domain — the convention. Worth a quick check before a big send.,field-run-004;med-spa;AZ;convention-email,75,10000,"$5,000","$18,000",06082026
Providence Dentistry Charlotte,info@providencedentistrycharlotte.com,Cosmetic dentistry,Charlotte,NC,USA,https://providencedentistrycharlotte.com,cold-outreach,researched,"Subject: one case a month

Hi [First Name],

Went looking for veneers in Charlotte the way a patient does. Nine at night, on a phone, three years of putting it off. Found Providence Dentistry Charlotte. Couldn't find a case that looked like mine, couldn't find a price, couldn't book.

One case a month lost that way costs more than a website. Several times over.

Cases first, filterable, a price range said out loud, and a booking that works at 9pm.

I'd like to build it and show you. One homepage, designed for Providence Dentistry Charlotte, free. Not a template with your logo on it. The real thing, and it's yours whether we work together or not.

Worth a look? One word back and I'll start.

[Sender Name]
Bothmade","Subject: built it

Here it is.

Cases at the top, filterable by treatment. The range stated in real numbers. Booking that doesn't need your front desk awake.

It's a design, not a build — nothing clicks yet. Didn't want to fake a demo.

One thing I'd want your read on: veneers or implants — which pays you better?

[Sender Name]",the cases and the price range are the two things a $15k patient wants and the two hardest things to reach,info@ on their own domain — the convention. Worth a quick check before a big send.,field-run-004;cosmetic-dentistry;NC;convention-email,75,12000,"$6,000","$22,000",06082026
RRR Med Spa Naples,info@rrrmedspanaples.com,Med spa,Naples,FL,USA,https://rrrmedspanaples.com,cold-outreach,researched,"Subject: your 9pm bookings

Hi [First Name],

Looked you up the way a new client does — evening, phone, already decided she wants tox, just picking where. RRR Med Spa Naples won on reviews. Then booking meant calling in the morning.

A booking a night walks that way. Silently. No missed call, no voicemail, nothing to review on Monday.

Treatments priced, bookable in two taps, reviews right beside them.

So here's what I'll do. I'll build RRR Med Spa Naples that homepage. Free. Not a slide, not a proposal — the actual page, designed for your business. Yours to keep whether you hire me or not.

Want it?

[Sender Name]
Bothmade","Subject: RRR Med Spa Naples — built it

Built it. Here.

Treatments priced, bookable in two taps, reviews doing the closing right beside them. Memberships obvious instead of three pages deep.

Static design, so nothing on it works yet. I'd rather show you the real idea than a fake demo.

One question: would you let a new client book without a consult call first?

[Sender Name]",the reviews do the selling and the booking is a phone number that stops answering at five,info@ on their own domain — the convention. Worth a quick check before a big send.,field-run-004;med-spa;FL;convention-email,75,10000,"$5,000","$18,000",06082026
Regal Pools,info@regalpooldesign.com,Pool building,Houston,TX,USA,https://regalpooldesign.com,cold-outreach,researched,"Subject: what does one like mine cost

Hi [First Name],

Your builds look excellent. I went looking for one like mine and scrolled past sixty that weren't. Then couldn't find a starting number.

So they call whoever showed them a pool like theirs, with a number attached.

Gallery filterable by size, style and budget. A starting number said out loud.

So here's what I'll do. I'll build Regal Pools that homepage. Free. Not a slide, not a proposal — the actual page, designed for your business. Yours to keep whether you hire me or not.

Want it?

[Sender Name]
Bothmade","Subject: Regal Pools — built it

Built it. Here.

Builds filterable by size, style and budget band, with a starting range stated plainly and a timeline from signing to swimming.

Static design, so nothing on it works yet. I'd rather show you the real idea than a fake demo.

One question: would you publish a starting price, or does that cost you more than it wins?

[Sender Name]","the gallery cannot be sorted, so nobody finds a build that looks like their own yard",info@ on their own domain — the convention. Worth a quick check before a big send.,field-run-004;pool-building;TX;convention-email,75,10000,"$5,000","$18,000",06082026
Regency Home Remodeling,info@regencyhomeremodeling.com,Kitchen and bath remodeling,Chicago,IL,USA,https://regencyhomeremodeling.com,cold-outreach,researched,"Subject: quoting jobs that were never real

Hi [First Name],

Your before-and-afters sell this. They're in a small gallery you can't filter, so the woman with a galley kitchen never finds your galley kitchen.

So you spend Tuesday evening quoting jobs that were never real, and the real one went to whoever answered first.

Projects filterable by room, style and budget. A form that asks about the job, so it arrives ready to quote.

So here's what I'll do. I'll build Regency Home Remodeling that homepage. Free. Not a slide, not a proposal — the actual page, designed for your business. Yours to keep whether you hire me or not.

Say yes and it's yours by Friday.

[Sender Name]
Bothmade","Subject: built it

Built it. Here.

Before-and-afters filterable by room, style and budget band. The inquiry asks about the room, the scope and the timing — so it lands ready to quote instead of ready to interview.

Static design, so nothing on it works yet. I'd rather show you the real idea than a fake demo.

One question: what do you wish every inquiry told you before you called them back?

[Sender Name]",before-and-afters are what sell this and they sit in a gallery nobody can filter,info@ on their own domain — the convention. Worth a quick check before a big send.,field-run-004;kitchen-and-bath-remodeling;IL;convention-email,75,8500,"$4,000","$15,000",06082026
Richard's Total Backyard Solutions,info@richardstbs.com,Pool building,Houston,TX,USA,https://richardstbs.com,cold-outreach,researched,"Subject: sorting your pools

Hi [First Name],

Your builds look excellent. I went looking for one like mine and scrolled past sixty that weren't. Then couldn't find a starting number.

So they call whoever showed them a pool like theirs, with a number attached.

Gallery filterable by size, style and budget. A starting number said out loud.

So here's what I'll do. I'll build Richard's Total Backyard Solutions that homepage. Free. Not a slide, not a proposal — the actual page, designed for your business. Yours to keep whether you hire me or not.

Say yes and it's yours by Friday.

[Sender Name]
Bothmade","Subject: here it is

Here it is — Richard's Total Backyard Solutions, as promised.

Builds filterable by size, style and budget band, with a starting range stated plainly and a timeline from signing to swimming.

Static design, so nothing on it works yet. I'd rather show you the real idea than a fake demo.

One question: would you publish a starting price, or does that cost you more than it wins?

[Sender Name]","the gallery cannot be sorted, so nobody finds a build that looks like their own yard",info@ on their own domain — the convention. Worth a quick check before a big send.,field-run-004;pool-building;TX;convention-email,75,10000,"$5,000","$18,000",06082026
Sea Island Builders,info@seaislandbuilders.com,Custom home building,Charleston,SC,USA,https://seaislandbuilders.com,cold-outreach,researched,"Subject: filtering your projects

Hi [First Name],

Looked at Sea Island Builders as a client would in Charleston: trying to find the project that matches my lot and my number. Gave up before I found it.

They don't email to ask. They go and look at the builder whose site let them filter.

Portfolio filterable by budget band, style and scope. Inquiry that asks about the lot, the number and the timing.

I'd like to build it and show you. One homepage, designed for Sea Island Builders, free. Not a template with your logo on it. The real thing, and it's yours whether we work together or not.

Worth a look? One word back and I'll start.

[Sender Name]
Bothmade","Subject: here it is

Here it is — Sea Island Builders, as promised.

Portfolio filterable by budget, style and scope — so a couple with a specific project finds theirs in about nine seconds. Inquiry that arrives with the lot, the number and the timing on it.

It's a design, not a build — nothing clicks yet. Didn't want to fake a demo.

One thing I'd want your answer on: what do you wish every inquiry told you before you called them back?

[Sender Name]","the portfolio is the whole sale and there is no way to sort it by budget, style or scope",info@ on their own domain — the convention. Worth a quick check before a big send.,field-run-004;custom-home-building;SC;convention-email,75,22000,"$12,000","$35,000",06082026
Southern & Traditional Homes,info@snthomes.com,Custom home building,Tampa,FL,USA,https://snthomes.com,cold-outreach,researched,"Subject: your portfolio, sorted

Hi [First Name],

Your work is the sale. I looked at it the way a buyer does and there was no way to narrow it — no budget band, no style, no scope. Forty thumbnails and good luck.

That's a real project deciding you're not the one, on no evidence either way.

Sort the work the way buyers actually choose, and put the process where the fear is.

So here's what I'll do. I'll build Southern & Traditional Homes that homepage. Free. Not a slide, not a proposal — the actual page, designed for your business. Yours to keep whether you hire me or not.

Should I send it over?

[Sender Name]
Bothmade","Subject: built it

Here it is.

Projects sortable the way buyers choose, and the build process laid out month by month, which is the part they're actually frightened of.

Static design, so nothing on it works yet. I'd rather show you the real idea than a fake demo.

One question: would you ever show budget bands publicly, or is that a fight with your sales process?

[Sender Name]","the portfolio is the whole sale and there is no way to sort it by budget, style or scope",info@ on their own domain — the convention. Worth a quick check before a big send.,field-run-004;custom-home-building;FL;convention-email,75,22000,"$12,000","$35,000",06082026
Southern Texas Pools,info@southerntexaspools.com,Pool building,Houston,TX,USA,https://southerntexaspools.com,cold-outreach,researched,"Subject: your build gallery

Hi [First Name],

Your builds look excellent. I went looking for one like mine and scrolled past sixty that weren't. Then couldn't find a starting number.

So they call whoever showed them a pool like theirs, with a number attached.

Gallery filterable by size, style and budget. A starting number said out loud.

So here's what I'll do. I'll build Southern Texas Pools that homepage. Free. Not a slide, not a proposal — the actual page, designed for your business. Yours to keep whether you hire me or not.

Want me to build it?

[Sender Name]
Bothmade","Subject: here it is

Here it is.

Builds filterable by size, style and budget band, with a starting range stated plainly and a timeline from signing to swimming.

Static design, so nothing on it works yet. I'd rather show you the real idea than a fake demo.

One question: would you publish a starting price, or does that cost you more than it wins?

[Sender Name]","the gallery cannot be sorted, so nobody finds a build that looks like their own yard",info@ on their own domain — the convention. Worth a quick check before a big send.,field-run-004;pool-building;TX;convention-email,75,10000,"$5,000","$18,000",06082026
Sweetwater Pools,info@sweetwaterpoolsinc.com,Pool building,Houston,TX,USA,https://sweetwaterpoolsinc.com,cold-outreach,researched,"Subject: your build gallery

Hi [First Name],

Your builds look excellent. I went looking for one like mine and scrolled past sixty that weren't. Then couldn't find a starting number.

So they call whoever showed them a pool like theirs, with a number attached.

Gallery filterable by size, style and budget. A starting number said out loud.

Here's my offer. I'll design that page for Sweetwater Pools and send it over. No charge, no meeting to get it, no invoice at the end. Keep it either way — I'd rather you saw the work than read about it.

Want me to build it?

[Sender Name]
Bothmade","Subject: Sweetwater Pools — built it

Here it is.

Builds filterable by size, style and budget band, with a starting range stated plainly and a timeline from signing to swimming.

Static design, so nothing on it works yet. I'd rather show you the real idea than a fake demo.

One question: would you publish a starting price, or does that cost you more than it wins?

[Sender Name]","the gallery cannot be sorted, so nobody finds a build that looks like their own yard",info@ on their own domain — the convention. Worth a quick check before a big send.,field-run-004;pool-building;TX;convention-email,75,10000,"$5,000","$18,000",06082026
TWD Arizona,info@twdaz.com,Kitchen and bath remodeling,Phoenix,AZ,USA,https://twdaz.com,cold-outreach,researched,"Subject: quoting jobs that were never real

Hi [First Name],

Your before-and-afters sell this. They're in a small gallery you can't filter, so the woman with a galley kitchen never finds your galley kitchen.

So you spend Tuesday evening quoting jobs that were never real, and the real one went to whoever answered first.

Projects filterable by room, style and budget. A form that asks about the job, so it arrives ready to quote.

So here's what I'll do. I'll build TWD Arizona that homepage. Free. Not a slide, not a proposal — the actual page, designed for your business. Yours to keep whether you hire me or not.

Worth a look? One word back and I'll start.

[Sender Name]
Bothmade","Subject: TWD Arizona — built it

Here it is.

Before-and-afters filterable by room, style and budget band. The inquiry asks about the room, the scope and the timing — so it lands ready to quote instead of ready to interview.

Static design, so nothing on it works yet. I'd rather show you the real idea than a fake demo.

One question: what do you wish every inquiry told you before you called them back?

[Sender Name]",before-and-afters are what sell this and they sit in a gallery nobody can filter,info@ on their own domain — the convention. Worth a quick check before a big send.,field-run-004;kitchen-and-bath-remodeling;AZ;convention-email,75,8500,"$4,000","$15,000",06082026
Terra Designs,info@terra-designs.com,Landscape design build,Atlanta,GA,USA,https://terra-designs.com,cold-outreach,researched,"Subject: your gardens, sorted

Hi [First Name],

Your gardens are genuinely good. A design-led client chooses from images and yours can't be narrowed, so they never find the one that looks like their lot.

So the client who wanted exactly what you do never works out that you do it.

Projects filterable by style, scale and budget. The design process spelled out so the brief arrives specific.

Here's my offer. I'll design that page for Terra Designs and send it over. No charge, no meeting to get it, no invoice at the end. Keep it either way — I'd rather you saw the work than read about it.

Should I send it over?

[Sender Name]
Bothmade","Subject: here it is

Here it is.

Projects filterable by style, scale and budget band, with the design process spelled out — so the brief that reaches you already knows what it's asking for.

Static design, so nothing on it works yet. I'd rather show you the real idea than a fake demo.

One question: would publishing a design fee range help you or cost you?

[Sender Name]","design-led buyers choose from images and yours cannot be narrowed by style, scale or budget",info@ on their own domain — the convention. Worth a quick check before a big send.,field-run-004;landscape-design-build;GA;convention-email,75,9000,"$5,000","$16,000",06082026
Texas Pools,info@texaspools.com,Pool building,Houston,TX,USA,https://texaspools.com,cold-outreach,researched,"Subject: your build gallery

Hi [First Name],

Your builds look excellent. I went looking for one like mine and scrolled past sixty that weren't. Then couldn't find a starting number.

So they call whoever showed them a pool like theirs, with a number attached.

Gallery filterable by size, style and budget. A starting number said out loud.

Here's my offer. I'll design that page for Texas Pools and send it over. No charge, no meeting to get it, no invoice at the end. Keep it either way — I'd rather you saw the work than read about it.

Want it?

[Sender Name]
Bothmade","Subject: here it is

Here it is.

Builds filterable by size, style and budget band, with a starting range stated plainly and a timeline from signing to swimming.

Static design, so nothing on it works yet. I'd rather show you the real idea than a fake demo.

One question: would you publish a starting price, or does that cost you more than it wins?

[Sender Name]","the gallery cannot be sorted, so nobody finds a build that looks like their own yard",info@ on their own domain — the convention. Worth a quick check before a big send.,field-run-004;pool-building;TX;convention-email,75,10000,"$5,000","$18,000",06082026
The Austin Pool Builders,info@theaustinpoolbuilders.com,Pool building,Austin,TX,USA,https://theaustinpoolbuilders.com,cold-outreach,researched,"Subject: sorting your pools

Hi [First Name],

Looked at The Austin Pool Builders the way a homeowner in Austin does — trying to find a build that looks like my backyard, at roughly my number. One long scroll, no way to narrow it, no price anywhere.

That's a ninety-thousand-dollar build going to the company that answered the money question first.

Gallery filterable by size, style and budget. A starting number said out loud.

Let me build it for you. A real homepage for The Austin Pool Builders, on me, before we ever talk money. If it's good you'll know in ten seconds. If it isn't, you've lost nothing.

Should I send it over?

[Sender Name]
Bothmade","Subject: The Austin Pool Builders — built it

Built it. Here.

Builds filterable by size, style and budget band, with a starting range stated plainly and a timeline from signing to swimming.

It's a design, not a build — nothing clicks yet. Didn't want to fake a demo.

One question: would you publish a starting price, or does that cost you more than it wins?

[Sender Name]","the gallery cannot be sorted, so nobody finds a build that looks like their own yard",info@ on their own domain — the convention. Worth a quick check before a big send.,field-run-004;pool-building;TX;convention-email,75,10000,"$5,000","$18,000",06082026
The Dan Company,info@dancompany.net,Kitchen and bath remodeling,Nashville,TN,USA,https://dancompany.net,cold-outreach,researched,"Subject: your before-and-afters

Hi [First Name],

Looked at The Dan Company the way a homeowner with a sixty-thousand-dollar kitchen in mind does. Your finished work is good. There was no way to find a kitchen like mine, and no way to tell you what my job actually is.

That's a $60k kitchen going to the company whose site made it feel easy.

Projects filterable by room, style and budget. A form that asks about the job, so it arrives ready to quote.

I'd like to build it and show you. One homepage, designed for The Dan Company, free. Not a template with your logo on it. The real thing, and it's yours whether we work together or not.

Want it?

[Sender Name]
Bothmade","Subject: here it is

Built it. Here.

Before-and-afters filterable by room, style and budget band. The inquiry asks about the room, the scope and the timing — so it lands ready to quote instead of ready to interview.

It's a design, not a build — nothing clicks yet. Didn't want to fake a demo.

One question: what do you wish every inquiry told you before you called them back?

[Sender Name]",before-and-afters are what sell this and they sit in a gallery nobody can filter,info@ on their own domain — the convention. Worth a quick check before a big send.,field-run-004;kitchen-and-bath-remodeling;TN;convention-email,75,8500,"$4,000","$15,000",06082026
The Dreamscapes,info@thedreamscapes.com,Landscape design build,Atlanta,GA,USA,https://thedreamscapes.com,cold-outreach,researched,"Subject: the inquiry that arrives vague

Hi [First Name],

Your gardens are genuinely good. A design-led client chooses from images and yours can't be narrowed, so they never find the one that looks like their lot.

So the client who wanted exactly what you do never works out that you do it.

Projects filterable by style, scale and budget. The design process spelled out so the brief arrives specific.

So here's what I'll do. I'll build The Dreamscapes that homepage. Free. Not a slide, not a proposal — the actual page, designed for your business. Yours to keep whether you hire me or not.

Should I send it over?

[Sender Name]
Bothmade","Subject: The Dreamscapes — built it

Here it is.

Projects filterable by style, scale and budget band, with the design process spelled out — so the brief that reaches you already knows what it's asking for.

Static design, so nothing on it works yet. I'd rather show you the real idea than a fake demo.

One question: would publishing a design fee range help you or cost you?

[Sender Name]","design-led buyers choose from images and yours cannot be narrowed by style, scale or budget",info@ on their own domain — the convention. Worth a quick check before a big send.,field-run-004;landscape-design-build;GA;convention-email,75,9000,"$5,000","$16,000",06082026
The Laser Lounge Spa North Naples,info@thelaserloungespa.com,Med spa,Naples,FL,USA,https://northnaples.thelaserloungespa.com,cold-outreach,researched,"Subject: she booked somewhere else

Hi [First Name],

Your reviews do the selling. I read them on my phone at 9pm in Naples and I was sold. Then I hit a phone number and office hours.

She doesn't call in the morning. She books the spa that let her book at 9pm.

Booking belongs on the homepage, next to the reviews, working at midnight.

I'd like to build it and show you. One homepage, designed for The Laser Lounge Spa North Naples, free. Not a template with your logo on it. The real thing, and it's yours whether we work together or not.

Want me to build it?

[Sender Name]
Bothmade","Subject: The Laser Lounge Spa North Naples — built it

Built it. Here.

Booking sits on the homepage next to your reviews. Two taps to Thursday at six. That's the part your site can't do tonight.

It's a design, not a build — nothing clicks yet. Didn't want to fake a demo.

One thing I'd want your answer on: is membership what you'd push hardest here, or first-visit tox?

[Sender Name]",the reviews do the selling and the booking is a phone number that stops answering at five,info@ on their own domain — the convention. Worth a quick check before a big send.,field-run-004;med-spa;FL;convention-email,75,10000,"$5,000","$18,000",06082026
The Look Med Spa,info@thelookmedspalv.com,Med spa,Las Vegas,NV,USA,https://thelookmedspalv.com,cold-outreach,researched,"Subject: your 9pm bookings

Hi [First Name],

Looked you up the way a new client does — evening, phone, already decided she wants tox, just picking where. The Look Med Spa won on reviews. Then booking meant calling in the morning.

A booking a night walks that way. Silently. No missed call, no voicemail, nothing to review on Monday.

Treatments priced, bookable in two taps, reviews right beside them.

So here's what I'll do. I'll build The Look Med Spa that homepage. Free. Not a slide, not a proposal — the actual page, designed for your business. Yours to keep whether you hire me or not.

Want it?

[Sender Name]
Bothmade","Subject: here it is

Built it. Here.

Treatments priced, bookable in two taps, reviews doing the closing right beside them. Memberships obvious instead of three pages deep.

Static design, so nothing on it works yet. I'd rather show you the real idea than a fake demo.

One question: would you let a new client book without a consult call first?

[Sender Name]",the reviews do the selling and the booking is a phone number that stops answering at five,info@ on their own domain — the convention. Worth a quick check before a big send.,field-run-004;med-spa;NV;convention-email,75,10000,"$5,000","$18,000",06082026
The Sindledecker Center,info@mybocadentist.com,Cosmetic dentistry,Boca Raton,FL,USA,https://mybocadentist.com,cold-outreach,researched,"Subject: cases, price, booking

Hi [First Name],

Your case work is good. I had to dig for it — two menus deep, on a phone, at the exact moment somebody decides to spend fifteen thousand dollars on their teeth.

That's the biggest case of the month deciding not to call you.

Before-and-afters up front, the range in plain numbers, financing mentioned before they ask.

Here's my offer. I'll design that page for The Sindledecker Center and send it over. No charge, no meeting to get it, no invoice at the end. Keep it either way — I'd rather you saw the work than read about it.

Worth a look? One word back and I'll start.

[Sender Name]
Bothmade","Subject: built it

Built it. Here.

A homepage built for the cosmetic patient rather than the check-up patient — cases, price, and one tap to a consult.

Static design, so nothing on it works yet. I'd rather show you the real idea than a fake demo.

One question: does a price range on the site bring you better calls or worse ones?

[Sender Name]",the cases and the price range are the two things a $15k patient wants and the two hardest things to reach,info@ on their own domain — the convention. Worth a quick check before a big send.,field-run-004;cosmetic-dentistry;FL;convention-email,75,12000,"$6,000","$22,000",06082026
The Skin Shop Medspa,info@theskinshopmedspascottsdale.com,Med spa,Scottsdale,AZ,USA,https://theskinshopmedspascottsdale.com,cold-outreach,researched,"Subject: reviews vs booking button

Hi [First Name],

Found The Skin Shop Medspa at 9pm on my phone, the way your next client will. The reviews sold me in about forty seconds. Then the only way to book was a phone number and a front desk that shut at five.

That's the sale, right there. She books wherever the button is, and you never find out you lost her.

Treatments priced, bookable in two taps, reviews right beside them.

Here's my offer. I'll design that page for The Skin Shop Medspa and send it over. No charge, no meeting to get it, no invoice at the end. Keep it either way — I'd rather you saw the work than read about it.

Worth a look? One word back and I'll start.

[Sender Name]
Bothmade","Subject: built it

Here it is.

Treatments priced, bookable in two taps, reviews doing the closing right beside them. Memberships obvious instead of three pages deep.

Static design, so nothing on it works yet. I'd rather show you the real idea than a fake demo.

One question: would you let a new client book without a consult call first?

[Sender Name]",the reviews do the selling and the booking is a phone number that stops answering at five,info@ on their own domain — the convention. Worth a quick check before a big send.,field-run-004;med-spa;AZ;convention-email,75,10000,"$5,000","$18,000",06082026
The Well Med Spa,info@thewellmedspa.com,Med spa,Scottsdale,AZ,USA,https://thewellmedspa.com,cold-outreach,researched,"Subject: she booked somewhere else

Hi [First Name],

Your reviews do the selling. I read them on my phone at 9pm in Scottsdale and I was sold. Then I hit a phone number and office hours.

A booking a night walks that way. Silently. No missed call, no voicemail, nothing to review on Monday.

Booking belongs on the homepage, next to the reviews, working at midnight.

I'd like to build it and show you. One homepage, designed for The Well Med Spa, free. Not a template with your logo on it. The real thing, and it's yours whether we work together or not.

Want me to build it?

[Sender Name]
Bothmade","Subject: The Well Med Spa — built it

Here it is.

Booking sits on the homepage next to your reviews. Two taps to Thursday at six. That's the part your site can't do tonight.

It's a design, not a build — nothing clicks yet. Didn't want to fake a demo.

One thing I'd want your answer on: is membership what you'd push hardest here, or first-visit tox?

[Sender Name]",the reviews do the selling and the booking is a phone number that stops answering at five,info@ on their own domain — the convention. Worth a quick check before a big send.,field-run-004;med-spa;AZ;convention-email,75,10000,"$5,000","$18,000",06082026
