company,email,industry,city,state,country,originalWebsite,source,status,personalisedColdEmail,mockupEmail,personalizedObservation,salesNote,tags,leadScore,estimatedValue,lowestEstimate,highestEstimate,dateAdded
AMP Kitchen Remodeling Milwaukee,info@ampkitchenremodelingmilwaukeewi.com,Kitchen and bath remodeling,Milwaukee,WI,USA,https://ampkitchenremodelingmilwaukeewi.com,cold-outreach,researched,"Subject: your before-and-afters

Hi [First Name],

Your before-and-afters sell this. They're in a small gallery you can't filter, so the woman with a galley kitchen never finds your galley kitchen.

So you spend Tuesday evening quoting jobs that were never real, and the real one went to whoever answered first.

Projects filterable by room, style and budget. A form that asks about the job, so it arrives ready to quote.

So here's what I'll do. I'll build AMP Kitchen Remodeling Milwaukee that homepage. Free. Not a slide, not a proposal — the actual page, designed for your business. Yours to keep whether you hire me or not.

Want it?

[Sender Name]
Bothmade","Subject: AMP Kitchen Remodeling Milwaukee — built it

Built it. Here.

Before-and-afters filterable by room, style and budget band. The inquiry asks about the room, the scope and the timing — so it lands ready to quote instead of ready to interview.

Static design, so nothing on it works yet. I'd rather show you the real idea than a fake demo.

One question: what do you wish every inquiry told you before you called them back?

[Sender Name]",before-and-afters are what sell this and they sit in a gallery nobody can filter,Address published by the business itself — verified in research.,field-run-006;kitchen-and-bath-remodeling;WI;confirmed-email,85,8500,"$4,000","$15,000",06082026
AestheteMed,info@aesthetemed.com,Med spa,Hallandale Beach,FL,USA,https://aesthetemed.com,cold-outreach,researched,"Subject: reviews vs booking button

Hi [First Name],

Your reviews do the selling. I read them on my phone at 9pm in Hallandale Beach and I was sold. Then I hit a phone number and office hours.

She doesn't call in the morning. She books the spa that let her book at 9pm.

Treatments priced, bookable in two taps, reviews right beside them.

Here's my offer. I'll design that page for AestheteMed and send it over. No charge, no meeting to get it, no invoice at the end. Keep it either way — I'd rather you saw the work than read about it.

Say yes and it's yours by Friday.

[Sender Name]
Bothmade","Subject: here it is

Here it is — AestheteMed, as promised.

Treatments priced, bookable in two taps, reviews doing the closing right beside them. Memberships obvious instead of three pages deep.

Static design, so nothing on it works yet. I'd rather show you the real idea than a fake demo.

One question: would you let a new client book without a consult call first?

[Sender Name]",the reviews do the selling and the booking is a phone number that stops answering at five,Address published by the business itself — verified in research.,field-run-006;med-spa;FL;confirmed-email,85,10000,"$5,000","$18,000",06082026
Allure Pools,info@allurepools.net,Pool building,Las Vegas,NV,USA,https://allurepools.net,cold-outreach,researched,"Subject: your build gallery

Hi [First Name],

Your builds look excellent. I went looking for one like mine and scrolled past sixty that weren't. Then couldn't find a starting number.

So they call whoever showed them a pool like theirs, with a number attached.

Gallery filterable by size, style and budget. A starting number said out loud.

Here's my offer. I'll design that page for Allure Pools and send it over. No charge, no meeting to get it, no invoice at the end. Keep it either way — I'd rather you saw the work than read about it.

Should I send it over?

[Sender Name]
Bothmade","Subject: built it

Built it. Here.

Builds filterable by size, style and budget band, with a starting range stated plainly and a timeline from signing to swimming.

Static design, so nothing on it works yet. I'd rather show you the real idea than a fake demo.

One question: would you publish a starting price, or does that cost you more than it wins?

[Sender Name]","the gallery cannot be sorted, so nobody finds a build that looks like their own yard",Address published by the business itself — verified in research.,field-run-006;pool-building;NV;confirmed-email,85,10000,"$5,000","$18,000",06082026
Amaira Med Spa,appointments@amairamedspa.com,Med spa,Fort Lauderdale,FL,USA,https://amairamedspa.com,cold-outreach,researched,"Subject: the booking you lost last night

Hi [First Name],

Found Amaira Med Spa at 9pm on my phone, the way your next client will. The reviews sold me in about forty seconds. Then the only way to book was a phone number and a front desk that shut at five.

That's the sale, right there. She books wherever the button is, and you never find out you lost her.

Booking belongs on the homepage, next to the reviews, working at midnight.

Let me build it for you. A real homepage for Amaira Med Spa, on me, before we ever talk money. If it's good you'll know in ten seconds. If it isn't, you've lost nothing.

Want it?

[Sender Name]
Bothmade","Subject: here it is

Here it is — Amaira Med Spa, as promised.

Booking sits on the homepage next to your reviews. Two taps to Thursday at six. That's the part your site can't do tonight.

It's a design, not a build — nothing clicks yet. Didn't want to fake a demo.

One thing I'd want your answer on: is membership what you'd push hardest here, or first-visit tox?

[Sender Name]",the reviews do the selling and the booking is a phone number that stops answering at five,Address published by the business itself — verified in research.,field-run-006;med-spa;FL;confirmed-email,85,10000,"$5,000","$18,000",06082026
BORDEN Landscape Design,tim@bordenlandscape.com,Landscape design build,Sarasota,FL,USA,https://bordenlandscape.com,cold-outreach,researched,"Subject: your gardens, sorted

Hi [First Name],

Went through BORDEN Landscape Design's work the way a homeowner commissioning a garden does. It's beautiful. It's also one long scroll — no way to narrow by style, scale or budget, and nothing about what design costs.

And the inquiries that land are vague, so the first call is about scope instead of the garden.

Projects filterable by style, scale and budget. The design process spelled out so the brief arrives specific.

I'd like to build it and show you. One homepage, designed for BORDEN Landscape Design, free. Not a template with your logo on it. The real thing, and it's yours whether we work together or not.

Should I send it over?

[Sender Name]
Bothmade","Subject: here it is

Here it is — BORDEN Landscape Design, as promised.

Projects filterable by style, scale and budget band, with the design process spelled out — so the brief that reaches you already knows what it's asking for.

It's a design, not a build — nothing clicks yet. Didn't want to fake a demo.

One question: would publishing a design fee range help you or cost you?

[Sender Name]","design-led buyers choose from images and yours cannot be narrowed by style, scale or budget",Address published by the business itself — verified in research.,field-run-006;landscape-design-build;FL;confirmed-email,85,9000,"$5,000","$16,000",06082026
Coastal Luxury Homes,joe@coastal-lux.com,Custom home building,Westport,CT,USA,https://coastal-lux.com,cold-outreach,researched,"Subject: they couldn't find their house

Hi [First Name],

Went through Coastal Luxury Homes' portfolio the way a couple with a lot and three million dollars does — hunting for the one house that looks like the one in their head. Couldn't sort by budget, style or scope. Just scrolled.

And the inquiries that do land ask for a name and a message, so your first call is an interview instead of a conversation.

Sort the work the way buyers actually choose, and put the process where the fear is.

Here's my offer. I'll design that page for Coastal Luxury Homes and send it over. No charge, no meeting to get it, no invoice at the end. Keep it either way — I'd rather you saw the work than read about it.

Should I send it over?

[Sender Name]
Bothmade","Subject: Coastal Luxury Homes — built it

Here it is.

Projects sortable the way buyers choose, and the build process laid out month by month, which is the part they're actually frightened of.

Static design, so nothing on it works yet. I'd rather show you the real idea than a fake demo.

One question: would you ever show budget bands publicly, or is that a fight with your sales process?

[Sender Name]","the portfolio is the whole sale and there is no way to sort it by budget, style or scope",Address published by the business itself — verified in research.,field-run-006;custom-home-building;CT;confirmed-email,85,22000,"$12,000","$35,000",06082026
Colonial Home Crafters,info@chchomes.com,Custom home building,Richmond,VA,USA,https://chchomes.com,cold-outreach,researched,"Subject: they couldn't find their house

Hi [First Name],

Went through Colonial Home Crafters' portfolio the way a couple with a lot and three million dollars does — hunting for the one house that looks like the one in their head. Couldn't sort by budget, style or scope. Just scrolled.

They don't email to ask. They go and look at the builder whose site let them filter.

Sort the work the way buyers actually choose, and put the process where the fear is.

Here's my offer. I'll design that page for Colonial Home Crafters and send it over. No charge, no meeting to get it, no invoice at the end. Keep it either way — I'd rather you saw the work than read about it.

Want it?

[Sender Name]
Bothmade","Subject: built it

Built it. Here.

Projects sortable the way buyers choose, and the build process laid out month by month, which is the part they're actually frightened of.

Static design, so nothing on it works yet. I'd rather show you the real idea than a fake demo.

One question: would you ever show budget bands publicly, or is that a fight with your sales process?

[Sender Name]","the portfolio is the whole sale and there is no way to sort it by budget, style or scope",Address published by the business itself — verified in research.,field-run-006;custom-home-building;VA;confirmed-email,85,22000,"$12,000","$35,000",06082026
Dentist in Greenville,dentalcare@dentistingreenville.com,Cosmetic dentistry,Greenville,SC,USA,https://dentistingreenville.com,cold-outreach,researched,"Subject: cases, price, booking

Hi [First Name],

Went looking for veneers in Greenville the way a patient does. Nine at night, on a phone, three years of putting it off. Found Dentist in Greenville. Couldn't find a case that looked like mine, couldn't find a price, couldn't book.

That's the biggest case of the month deciding not to call you.

Before-and-afters up front, the range in plain numbers, financing mentioned before they ask.

Here's my offer. I'll design that page for Dentist in Greenville and send it over. No charge, no meeting to get it, no invoice at the end. Keep it either way — I'd rather you saw the work than read about it.

Should I send it over?

[Sender Name]
Bothmade","Subject: here it is

Here it is.

A homepage built for the cosmetic patient rather than the check-up patient — cases, price, and one tap to a consult.

Static design, so nothing on it works yet. I'd rather show you the real idea than a fake demo.

One question: does a price range on the site bring you better calls or worse ones?

[Sender Name]",the cases and the price range are the two things a $15k patient wants and the two hardest things to reach,Address published by the business itself — verified in research.,field-run-006;cosmetic-dentistry;SC;confirmed-email,85,12000,"$6,000","$22,000",06082026
Desert Springs Pools and Spas,info@desertsprings.vegas,Pool building,Las Vegas,NV,USA,https://desertspringspools.com,cold-outreach,researched,"Subject: your build gallery

Hi [First Name],

Your builds look excellent. I went looking for one like mine and scrolled past sixty that weren't. Then couldn't find a starting number.

So they call whoever showed them a pool like theirs, with a number attached.

Gallery filterable by size, style and budget. A starting number said out loud.

So here's what I'll do. I'll build Desert Springs Pools and Spas that homepage. Free. Not a slide, not a proposal — the actual page, designed for your business. Yours to keep whether you hire me or not.

Should I send it over?

[Sender Name]
Bothmade","Subject: built it

Here it is — Desert Springs Pools and Spas, as promised.

Builds filterable by size, style and budget band, with a starting range stated plainly and a timeline from signing to swimming.

Static design, so nothing on it works yet. I'd rather show you the real idea than a fake demo.

One question: would you publish a starting price, or does that cost you more than it wins?

[Sender Name]","the gallery cannot be sorted, so nobody finds a build that looks like their own yard",Address published by the business itself — verified in research.,field-run-006;pool-building;NV;confirmed-email,85,10000,"$5,000","$18,000",06082026
Distinctly U,4distinctlyu@gmail.com,Kitchen and bath remodeling,Millvale,PA,USA,https://distinctlyu.com,cold-outreach,researched,"Subject: the tire-kicker problem

Hi [First Name],

Your before-and-afters sell this. They're in a small gallery you can't filter, so the woman with a galley kitchen never finds your galley kitchen.

So you spend Tuesday evening quoting jobs that were never real, and the real one went to whoever answered first.

Projects filterable by room, style and budget. A form that asks about the job, so it arrives ready to quote.

Here's my offer. I'll design that page for Distinctly U and send it over. No charge, no meeting to get it, no invoice at the end. Keep it either way — I'd rather you saw the work than read about it.

Want me to build it?

[Sender Name]
Bothmade","Subject: here it is

Here it is — Distinctly U, as promised.

Before-and-afters filterable by room, style and budget band. The inquiry asks about the room, the scope and the timing — so it lands ready to quote instead of ready to interview.

Static design, so nothing on it works yet. I'd rather show you the real idea than a fake demo.

One question: what do you wish every inquiry told you before you called them back?

[Sender Name]",before-and-afters are what sell this and they sit in a gallery nobody can filter,Address published by the business itself — verified in research.,field-run-006;kitchen-and-bath-remodeling;PA;confirmed-email,85,8500,"$4,000","$15,000",06082026
Earth Scientific Spa,admin@earthscientificpga.com,Med spa,Palm Beach Gardens,FL,USA,https://earthscientificspa.com,cold-outreach,researched,"Subject: your 9pm bookings

Hi [First Name],

Found Earth Scientific Spa at 9pm on my phone, the way your next client will. The reviews sold me in about forty seconds. Then the only way to book was a phone number and a front desk that shut at five.

She doesn't call in the morning. She books the spa that let her book at 9pm.

Treatments priced, bookable in two taps, reviews right beside them.

So here's what I'll do. I'll build Earth Scientific Spa that homepage. Free. Not a slide, not a proposal — the actual page, designed for your business. Yours to keep whether you hire me or not.

Worth a look? One word back and I'll start.

[Sender Name]
Bothmade","Subject: built it

Built it. Here.

Treatments priced, bookable in two taps, reviews doing the closing right beside them. Memberships obvious instead of three pages deep.

Static design, so nothing on it works yet. I'd rather show you the real idea than a fake demo.

One question: would you let a new client book without a consult call first?

[Sender Name]",the reviews do the selling and the booking is a phone number that stops answering at five,Address published by the business itself — verified in research.,field-run-006;med-spa;FL;confirmed-email,85,10000,"$5,000","$18,000",06082026
Eclipse Landscape and Design,eclipselandscape2@gmail.com,Landscape design build,Scottsdale,AZ,USA,https://eclipselandscapeaz.com,cold-outreach,researched,"Subject: the inquiry that arrives vague

Hi [First Name],

Went through Eclipse Landscape and Design's work the way a homeowner commissioning a garden does. It's beautiful. It's also one long scroll — no way to narrow by style, scale or budget, and nothing about what design costs.

And the inquiries that land are vague, so the first call is about scope instead of the garden.

Projects filterable by style, scale and budget. The design process spelled out so the brief arrives specific.

I'd like to build it and show you. One homepage, designed for Eclipse Landscape and Design, free. Not a template with your logo on it. The real thing, and it's yours whether we work together or not.

Want me to build it?

[Sender Name]
Bothmade","Subject: here it is

Built it. Here.

Projects filterable by style, scale and budget band, with the design process spelled out — so the brief that reaches you already knows what it's asking for.

It's a design, not a build — nothing clicks yet. Didn't want to fake a demo.

One question: would publishing a design fee range help you or cost you?

[Sender Name]","design-led buyers choose from images and yours cannot be narrowed by style, scale or budget",Address published by the business itself — verified in research.,field-run-006;landscape-design-build;AZ;confirmed-email,85,9000,"$5,000","$16,000",06082026
Gardens Dental Spa,info@gardensds.com,Cosmetic dentistry,Palm Beach Gardens,FL,USA,https://gardensdentalspa.com,cold-outreach,researched,"Subject: one case a month

Hi [First Name],

A smile-makeover patient researches for months, alone, at night, on a phone. I did that to Gardens Dental Spa. Got as far as a phone number and a form.

One case a month lost that way costs more than a website. Several times over.

Cases first, filterable, a price range said out loud, and a booking that works at 9pm.

I'd like to build it and show you. One homepage, designed for Gardens Dental Spa, free. Not a template with your logo on it. The real thing, and it's yours whether we work together or not.

Should I send it over?

[Sender Name]
Bothmade","Subject: Gardens Dental Spa — built it

Here it is.

Cases at the top, filterable by treatment. The range stated in real numbers. Booking that doesn't need your front desk awake.

It's a design, not a build — nothing clicks yet. Didn't want to fake a demo.

One thing I'd want your read on: veneers or implants — which pays you better?

[Sender Name]",the cases and the price range are the two things a $15k patient wants and the two hardest things to reach,Address published by the business itself — verified in research.,field-run-006;cosmetic-dentistry;FL;confirmed-email,85,12000,"$6,000","$22,000",06082026
Greenwich Custom Homes,joe@greenwichcustomhomes.com,Custom home building,Greenwich,CT,USA,https://greenwichcustomhomes.com,cold-outreach,researched,"Subject: filtering your projects

Hi [First Name],

Went through Greenwich Custom Homes' portfolio the way a couple with a lot and three million dollars does — hunting for the one house that looks like the one in their head. Couldn't sort by budget, style or scope. Just scrolled.

That's a real project deciding you're not the one, on no evidence either way.

Portfolio filterable by budget band, style and scope. Inquiry that asks about the lot, the number and the timing.

I'd like to build it and show you. One homepage, designed for Greenwich Custom Homes, free. Not a template with your logo on it. The real thing, and it's yours whether we work together or not.

Worth a look? One word back and I'll start.

[Sender Name]
Bothmade","Subject: built it

Built it. Here.

Portfolio filterable by budget, style and scope — so a couple with a specific project finds theirs in about nine seconds. Inquiry that arrives with the lot, the number and the timing on it.

It's a design, not a build — nothing clicks yet. Didn't want to fake a demo.

One thing I'd want your answer on: what do you wish every inquiry told you before you called them back?

[Sender Name]","the portfolio is the whole sale and there is no way to sort it by budget, style or scope",Address published by the business itself — verified in research.,field-run-006;custom-home-building;CT;confirmed-email,85,22000,"$12,000","$35,000",06082026
H30 Pools and Exteriors,info@h30pools.com,Pool building,Fort Worth,TX,USA,https://h30pools.com,cold-outreach,researched,"Subject: sorting your pools

Hi [First Name],

Looked at H30 Pools and Exteriors the way a homeowner in Fort Worth does — trying to find a build that looks like my backyard, at roughly my number. One long scroll, no way to narrow it, no price anywhere.

That's a ninety-thousand-dollar build going to the company that answered the money question first.

Gallery filterable by size, style and budget. A starting number said out loud.

Let me build it for you. A real homepage for H30 Pools and Exteriors, on me, before we ever talk money. If it's good you'll know in ten seconds. If it isn't, you've lost nothing.

Want me to build it?

[Sender Name]
Bothmade","Subject: built it

Here it is — H30 Pools and Exteriors, as promised.

Builds filterable by size, style and budget band, with a starting range stated plainly and a timeline from signing to swimming.

It's a design, not a build — nothing clicks yet. Didn't want to fake a demo.

One question: would you publish a starting price, or does that cost you more than it wins?

[Sender Name]","the gallery cannot be sorted, so nobody finds a build that looks like their own yard",Address published by the business itself — verified in research.,field-run-006;pool-building;TX;confirmed-email,85,10000,"$5,000","$18,000",06082026
Highland Builders,kevin@highlandbuilding.com,Custom home building,Richmond,VA,USA,https://highlandbuilding.com,cold-outreach,researched,"Subject: filtering your projects

Hi [First Name],

Your work is the sale. I looked at it the way a buyer does and there was no way to narrow it — no budget band, no style, no scope. Forty thumbnails and good luck.

They don't email to ask. They go and look at the builder whose site let them filter.

Portfolio filterable by budget band, style and scope. Inquiry that asks about the lot, the number and the timing.

I'd like to build it and show you. One homepage, designed for Highland Builders, free. Not a template with your logo on it. The real thing, and it's yours whether we work together or not.

Want me to build it?

[Sender Name]
Bothmade","Subject: here it is

Here it is — Highland Builders, as promised.

Portfolio filterable by budget, style and scope — so a couple with a specific project finds theirs in about nine seconds. Inquiry that arrives with the lot, the number and the timing on it.

It's a design, not a build — nothing clicks yet. Didn't want to fake a demo.

One thing I'd want your answer on: what do you wish every inquiry told you before you called them back?

[Sender Name]","the portfolio is the whole sale and there is no way to sort it by budget, style or scope",Address published by the business itself — verified in research.,field-run-006;custom-home-building;VA;confirmed-email,85,22000,"$12,000","$35,000",06082026
Imagine Landscape and Design,info@imaginelandscape.com,Landscape design build,Scottsdale,AZ,USA,https://imaginelandscapeanddesign.com,cold-outreach,researched,"Subject: design fee, unsaid

Hi [First Name],

Your gardens are genuinely good. A design-led client chooses from images and yours can't be narrowed, so they never find the one that looks like their lot.

So the client who wanted exactly what you do never works out that you do it.

Projects filterable by style, scale and budget. The design process spelled out so the brief arrives specific.

So here's what I'll do. I'll build Imagine Landscape and Design that homepage. Free. Not a slide, not a proposal — the actual page, designed for your business. Yours to keep whether you hire me or not.

Say yes and it's yours by Friday.

[Sender Name]
Bothmade","Subject: Imagine Landscape and Design — built it

Built it. Here.

Projects filterable by style, scale and budget band, with the design process spelled out — so the brief that reaches you already knows what it's asking for.

Static design, so nothing on it works yet. I'd rather show you the real idea than a fake demo.

One question: would publishing a design fee range help you or cost you?

[Sender Name]","design-led buyers choose from images and yours cannot be narrowed by style, scale or budget",Address published by the business itself — verified in research.,field-run-006;landscape-design-build;AZ;confirmed-email,85,9000,"$5,000","$16,000",06082026
Jane Mays DMD,janemaysdmd@gmail.com,Cosmetic dentistry,Cincinnati,OH,USA,https://janemaysdmd.com,cold-outreach,researched,"Subject: one case a month

Hi [First Name],

Your case work is good. I had to dig for it — two menus deep, on a phone, at the exact moment somebody decides to spend fifteen thousand dollars on their teeth.

One case a month lost that way costs more than a website. Several times over.

Cases first, filterable, a price range said out loud, and a booking that works at 9pm.

I'd like to build it and show you. One homepage, designed for Jane Mays DMD, free. Not a template with your logo on it. The real thing, and it's yours whether we work together or not.

Want me to build it?

[Sender Name]
Bothmade","Subject: built it

Here it is.

Cases at the top, filterable by treatment. The range stated in real numbers. Booking that doesn't need your front desk awake.

It's a design, not a build — nothing clicks yet. Didn't want to fake a demo.

One thing I'd want your read on: veneers or implants — which pays you better?

[Sender Name]",the cases and the price range are the two things a $15k patient wants and the two hardest things to reach,Address published by the business itself — verified in research.,field-run-006;cosmetic-dentistry;OH;confirmed-email,85,12000,"$6,000","$22,000",06082026
Jimmy Cohen's Day Spa,jimmycohensdayspa@gmail.com,Med spa,Fort Lauderdale,FL,USA,https://jimmycohensdayspa.com,cold-outreach,researched,"Subject: the booking you lost last night

Hi [First Name],

Looked you up the way a new client does — evening, phone, already decided she wants tox, just picking where. Jimmy Cohen's Day Spa won on reviews. Then booking meant calling in the morning.

She doesn't call in the morning. She books the spa that let her book at 9pm.

Booking belongs on the homepage, next to the reviews, working at midnight.

Let me build it for you. A real homepage for Jimmy Cohen's Day Spa, on me, before we ever talk money. If it's good you'll know in ten seconds. If it isn't, you've lost nothing.

Say yes and it's yours by Friday.

[Sender Name]
Bothmade","Subject: Jimmy Cohen's Day Spa — built it

Built it. Here.

Booking sits on the homepage next to your reviews. Two taps to Thursday at six. That's the part your site can't do tonight.

It's a design, not a build — nothing clicks yet. Didn't want to fake a demo.

One thing I'd want your answer on: is membership what you'd push hardest here, or first-visit tox?

[Sender Name]",the reviews do the selling and the booking is a phone number that stops answering at five,Address published by the business itself — verified in research.,field-run-006;med-spa;FL;confirmed-email,85,10000,"$5,000","$18,000",06082026
Keel Custom Homes,info@kchva.com,Custom home building,Richmond,VA,USA,https://kchva.com,cold-outreach,researched,"Subject: your portfolio, sorted

Hi [First Name],

Your work is the sale. I looked at it the way a buyer does and there was no way to narrow it — no budget band, no style, no scope. Forty thumbnails and good luck.

That's a real project deciding you're not the one, on no evidence either way.

Sort the work the way buyers actually choose, and put the process where the fear is.

So here's what I'll do. I'll build Keel Custom Homes that homepage. Free. Not a slide, not a proposal — the actual page, designed for your business. Yours to keep whether you hire me or not.

Want me to build it?

[Sender Name]
Bothmade","Subject: Keel Custom Homes — built it

Here it is — Keel Custom Homes, as promised.

Projects sortable the way buyers choose, and the build process laid out month by month, which is the part they're actually frightened of.

Static design, so nothing on it works yet. I'd rather show you the real idea than a fake demo.

One question: would you ever show budget bands publicly, or is that a fight with your sales process?

[Sender Name]","the portfolio is the whole sale and there is no way to sort it by budget, style or scope",Address published by the business itself — verified in research.,field-run-006;custom-home-building;VA;confirmed-email,85,22000,"$12,000","$35,000",06082026
Kitchen & Bath Concepts of Pittsburgh,info@kbcpgh.com,Kitchen and bath remodeling,Pittsburgh,PA,USA,https://kbcpgh.com,cold-outreach,researched,"Subject: your before-and-afters

Hi [First Name],

Looked at Kitchen & Bath Concepts of Pittsburgh the way a homeowner with a sixty-thousand-dollar kitchen in mind does. Your finished work is good. There was no way to find a kitchen like mine, and no way to tell you what my job actually is.

That's a $60k kitchen going to the company whose site made it feel easy.

Projects filterable by room, style and budget. A form that asks about the job, so it arrives ready to quote.

I'd like to build it and show you. One homepage, designed for Kitchen & Bath Concepts of Pittsburgh, free. Not a template with your logo on it. The real thing, and it's yours whether we work together or not.

Say yes and it's yours by Friday.

[Sender Name]
Bothmade","Subject: here it is

Built it. Here.

Before-and-afters filterable by room, style and budget band. The inquiry asks about the room, the scope and the timing — so it lands ready to quote instead of ready to interview.

It's a design, not a build — nothing clicks yet. Didn't want to fake a demo.

One question: what do you wish every inquiry told you before you called them back?

[Sender Name]",before-and-afters are what sell this and they sit in a gallery nobody can filter,Address published by the business itself — verified in research.,field-run-006;kitchen-and-bath-remodeling;PA;confirmed-email,85,8500,"$4,000","$15,000",06082026
Main Street Contractors,contact@mainstreetcontractors.net,Kitchen and bath remodeling,Indianapolis,IN,USA,https://mainstreetcontractors.net,cold-outreach,researched,"Subject: the tire-kicker problem

Hi [First Name],

Looked at Main Street Contractors the way a homeowner with a sixty-thousand-dollar kitchen in mind does. Your finished work is good. There was no way to find a kitchen like mine, and no way to tell you what my job actually is.

That's a $60k kitchen going to the company whose site made it feel easy.

Projects filterable by room, style and budget. A form that asks about the job, so it arrives ready to quote.

I'd like to build it and show you. One homepage, designed for Main Street Contractors, free. Not a template with your logo on it. The real thing, and it's yours whether we work together or not.

Want me to build it?

[Sender Name]
Bothmade","Subject: here it is

Here it is.

Before-and-afters filterable by room, style and budget band. The inquiry asks about the room, the scope and the timing — so it lands ready to quote instead of ready to interview.

It's a design, not a build — nothing clicks yet. Didn't want to fake a demo.

One question: what do you wish every inquiry told you before you called them back?

[Sender Name]",before-and-afters are what sell this and they sit in a gallery nobody can filter,Address published by the business itself — verified in research.,field-run-006;kitchen-and-bath-remodeling;IN;confirmed-email,85,8500,"$4,000","$15,000",06082026
Monica Crooks DDS,drmonicacrooks@gmail.com,Cosmetic dentistry,Sacramento,CA,USA,https://drmonicacrooks.com,cold-outreach,researched,"Subject: cases, price, booking

Hi [First Name],

Went looking for veneers in Sacramento the way a patient does. Nine at night, on a phone, three years of putting it off. Found Monica Crooks DDS. Couldn't find a case that looked like mine, couldn't find a price, couldn't book.

They don't call in the morning. They keep scrolling and someone else does the case.

Before-and-afters up front, the range in plain numbers, financing mentioned before they ask.

Here's my offer. I'll design that page for Monica Crooks DDS and send it over. No charge, no meeting to get it, no invoice at the end. Keep it either way — I'd rather you saw the work than read about it.

Want me to build it?

[Sender Name]
Bothmade","Subject: here it is

Built it. Here.

A homepage built for the cosmetic patient rather than the check-up patient — cases, price, and one tap to a consult.

Static design, so nothing on it works yet. I'd rather show you the real idea than a fake demo.

One question: does a price range on the site bring you better calls or worse ones?

[Sender Name]",the cases and the price range are the two things a $15k patient wants and the two hardest things to reach,Address published by the business itself — verified in research.,field-run-006;cosmetic-dentistry;CA;confirmed-email,85,12000,"$6,000","$22,000",06082026
New Radiance Cosmetic Centers,info@newradiancenow.com,Med spa,Palm Beach Gardens,FL,USA,https://newradiancenow.com,cold-outreach,researched,"Subject: she booked somewhere else

Hi [First Name],

Looked you up the way a new client does — evening, phone, already decided she wants tox, just picking where. New Radiance Cosmetic Centers won on reviews. Then booking meant calling in the morning.

A booking a night walks that way. Silently. No missed call, no voicemail, nothing to review on Monday.

Booking belongs on the homepage, next to the reviews, working at midnight.

I'd like to build it and show you. One homepage, designed for New Radiance Cosmetic Centers, free. Not a template with your logo on it. The real thing, and it's yours whether we work together or not.

Want it?

[Sender Name]
Bothmade","Subject: New Radiance Cosmetic Centers — built it

Built it. Here.

Booking sits on the homepage next to your reviews. Two taps to Thursday at six. That's the part your site can't do tonight.

It's a design, not a build — nothing clicks yet. Didn't want to fake a demo.

One thing I'd want your answer on: is membership what you'd push hardest here, or first-visit tox?

[Sender Name]",the reviews do the selling and the booking is a phone number that stops answering at five,Address published by the business itself — verified in research.,field-run-006;med-spa;FL;confirmed-email,85,10000,"$5,000","$18,000",06082026
NuView Pools and Landscapes,info@nuviewoutdoor.com,Pool building,Phoenix,AZ,USA,https://nuviewoutdoor.com,cold-outreach,researched,"Subject: sorting your pools

Hi [First Name],

Looked at NuView Pools and Landscapes the way a homeowner in Phoenix does — trying to find a build that looks like my backyard, at roughly my number. One long scroll, no way to narrow it, no price anywhere.

That's a ninety-thousand-dollar build going to the company that answered the money question first.

Gallery filterable by size, style and budget. A starting number said out loud.

Let me build it for you. A real homepage for NuView Pools and Landscapes, on me, before we ever talk money. If it's good you'll know in ten seconds. If it isn't, you've lost nothing.

Should I send it over?

[Sender Name]
Bothmade","Subject: NuView Pools and Landscapes — built it

Here it is — NuView Pools and Landscapes, as promised.

Builds filterable by size, style and budget band, with a starting range stated plainly and a timeline from signing to swimming.

It's a design, not a build — nothing clicks yet. Didn't want to fake a demo.

One question: would you publish a starting price, or does that cost you more than it wins?

[Sender Name]","the gallery cannot be sorted, so nobody finds a build that looks like their own yard",Address published by the business itself — verified in research.,field-run-006;pool-building;AZ;confirmed-email,85,10000,"$5,000","$18,000",06082026
Pelham Links Dental,greenvilleoffice@pelhamlinks.com,Cosmetic dentistry,Greenville,SC,USA,https://pelhamlinks.com,cold-outreach,researched,"Subject: one case a month

Hi [First Name],

A smile-makeover patient researches for months, alone, at night, on a phone. I did that to Pelham Links Dental. Got as far as a phone number and a form.

They don't call in the morning. They keep scrolling and someone else does the case.

Cases first, filterable, a price range said out loud, and a booking that works at 9pm.

I'd like to build it and show you. One homepage, designed for Pelham Links Dental, free. Not a template with your logo on it. The real thing, and it's yours whether we work together or not.

Should I send it over?

[Sender Name]
Bothmade","Subject: Pelham Links Dental — built it

Built it. Here.

Cases at the top, filterable by treatment. The range stated in real numbers. Booking that doesn't need your front desk awake.

It's a design, not a build — nothing clicks yet. Didn't want to fake a demo.

One thing I'd want your read on: veneers or implants — which pays you better?

[Sender Name]",the cases and the price range are the two things a $15k patient wants and the two hardest things to reach,Address published by the business itself — verified in research.,field-run-006;cosmetic-dentistry;SC;confirmed-email,85,12000,"$6,000","$22,000",06082026
Pool Builder Las Vegas,info@poolbuilderlasvegas.org,Pool building,Las Vegas,NV,USA,https://poolbuilderlasvegas.org,cold-outreach,researched,"Subject: what does one like mine cost

Hi [First Name],

Looked at Pool Builder Las Vegas the way a homeowner in Las Vegas does — trying to find a build that looks like my backyard, at roughly my number. One long scroll, no way to narrow it, no price anywhere.

That's a ninety-thousand-dollar build going to the company that answered the money question first.

Gallery filterable by size, style and budget. A starting number said out loud.

Let me build it for you. A real homepage for Pool Builder Las Vegas, on me, before we ever talk money. If it's good you'll know in ten seconds. If it isn't, you've lost nothing.

Want it?

[Sender Name]
Bothmade","Subject: here it is

Here it is.

Builds filterable by size, style and budget band, with a starting range stated plainly and a timeline from signing to swimming.

It's a design, not a build — nothing clicks yet. Didn't want to fake a demo.

One question: would you publish a starting price, or does that cost you more than it wins?

[Sender Name]","the gallery cannot be sorted, so nobody finds a build that looks like their own yard",Address published by the business itself — verified in research.,field-run-006;pool-building;NV;confirmed-email,85,10000,"$5,000","$18,000",06082026
Reno Sparks MedSpa,info@renosparksmedspa.com,Med spa,Reno,NV,USA,https://renosparksmedspa.com,cold-outreach,researched,"Subject: your 9pm bookings

Hi [First Name],

Found Reno Sparks MedSpa at 9pm on my phone, the way your next client will. The reviews sold me in about forty seconds. Then the only way to book was a phone number and a front desk that shut at five.

A booking a night walks that way. Silently. No missed call, no voicemail, nothing to review on Monday.

Treatments priced, bookable in two taps, reviews right beside them.

So here's what I'll do. I'll build Reno Sparks MedSpa that homepage. Free. Not a slide, not a proposal — the actual page, designed for your business. Yours to keep whether you hire me or not.

Should I send it over?

[Sender Name]
Bothmade","Subject: here it is

Here it is — Reno Sparks MedSpa, as promised.

Treatments priced, bookable in two taps, reviews doing the closing right beside them. Memberships obvious instead of three pages deep.

Static design, so nothing on it works yet. I'd rather show you the real idea than a fake demo.

One question: would you let a new client book without a consult call first?

[Sender Name]",the reviews do the selling and the booking is a phone number that stops answering at five,Address published by the business itself — verified in research.,field-run-006;med-spa;NV;confirmed-email,85,10000,"$5,000","$18,000",06082026
Richmond Hill Design-Build,lpoe@rhillbuilds.com,Custom home building,N. Chesterfield,VA,USA,https://richmondhillbuilds.com,cold-outreach,researched,"Subject: your portfolio, sorted

Hi [First Name],

Went through Richmond Hill Design-Build's portfolio the way a couple with a lot and three million dollars does — hunting for the one house that looks like the one in their head. Couldn't sort by budget, style or scope. Just scrolled.

They don't email to ask. They go and look at the builder whose site let them filter.

Sort the work the way buyers actually choose, and put the process where the fear is.

So here's what I'll do. I'll build Richmond Hill Design-Build that homepage. Free. Not a slide, not a proposal — the actual page, designed for your business. Yours to keep whether you hire me or not.

Want it?

[Sender Name]
Bothmade","Subject: Richmond Hill Design-Build — built it

Built it. Here.

Projects sortable the way buyers choose, and the build process laid out month by month, which is the part they're actually frightened of.

Static design, so nothing on it works yet. I'd rather show you the real idea than a fake demo.

One question: would you ever show budget bands publicly, or is that a fight with your sales process?

[Sender Name]","the portfolio is the whole sale and there is no way to sort it by budget, style or scope",Address published by the business itself — verified in research.,field-run-006;custom-home-building;VA;confirmed-email,85,22000,"$12,000","$35,000",06082026
Southern Roots Design,info@srootsdesign.com,Landscape design build,Sarasota,FL,USA,https://srootsdesign.com,cold-outreach,researched,"Subject: your gardens, sorted

Hi [First Name],

Went through Southern Roots Design's work the way a homeowner commissioning a garden does. It's beautiful. It's also one long scroll — no way to narrow by style, scale or budget, and nothing about what design costs.

And the inquiries that land are vague, so the first call is about scope instead of the garden.

Projects filterable by style, scale and budget. The design process spelled out so the brief arrives specific.

I'd like to build it and show you. One homepage, designed for Southern Roots Design, free. Not a template with your logo on it. The real thing, and it's yours whether we work together or not.

Want me to build it?

[Sender Name]
Bothmade","Subject: Southern Roots Design — built it

Built it. Here.

Projects filterable by style, scale and budget band, with the design process spelled out — so the brief that reaches you already knows what it's asking for.

It's a design, not a build — nothing clicks yet. Didn't want to fake a demo.

One question: would publishing a design fee range help you or cost you?

[Sender Name]","design-led buyers choose from images and yours cannot be narrowed by style, scale or budget",Address published by the business itself — verified in research.,field-run-006;landscape-design-build;FL;confirmed-email,85,9000,"$5,000","$16,000",06082026
The Fort Lauderdale MedSpa,caroline@thefortlauderdalemedspa.com,Med spa,Fort Lauderdale,FL,USA,https://thefortlauderdalemedspa.com,cold-outreach,researched,"Subject: the booking you lost last night

Hi [First Name],

Looked you up the way a new client does — evening, phone, already decided she wants tox, just picking where. The Fort Lauderdale MedSpa won on reviews. Then booking meant calling in the morning.

That's the sale, right there. She books wherever the button is, and you never find out you lost her.

Booking belongs on the homepage, next to the reviews, working at midnight.

I'd like to build it and show you. One homepage, designed for The Fort Lauderdale MedSpa, free. Not a template with your logo on it. The real thing, and it's yours whether we work together or not.

Want me to build it?

[Sender Name]
Bothmade","Subject: built it

Here it is — The Fort Lauderdale MedSpa, as promised.

Booking sits on the homepage next to your reviews. Two taps to Thursday at six. That's the part your site can't do tonight.

It's a design, not a build — nothing clicks yet. Didn't want to fake a demo.

One thing I'd want your answer on: is membership what you'd push hardest here, or first-visit tox?

[Sender Name]",the reviews do the selling and the booking is a phone number that stops answering at five,Address published by the business itself — verified in research.,field-run-006;med-spa;FL;confirmed-email,85,10000,"$5,000","$18,000",06082026
Think Green Design Build Landscape,thinkgreen@thinkgreenaz.com,Landscape design build,Scottsdale,AZ,USA,https://thinkgreenaz.com,cold-outreach,researched,"Subject: design fee, unsaid

Hi [First Name],

Your gardens are genuinely good. A design-led client chooses from images and yours can't be narrowed, so they never find the one that looks like their lot.

So the client who wanted exactly what you do never works out that you do it.

Projects filterable by style, scale and budget. The design process spelled out so the brief arrives specific.

So here's what I'll do. I'll build Think Green Design Build Landscape that homepage. Free. Not a slide, not a proposal — the actual page, designed for your business. Yours to keep whether you hire me or not.

Say yes and it's yours by Friday.

[Sender Name]
Bothmade","Subject: built it

Here it is — Think Green Design Build Landscape, as promised.

Projects filterable by style, scale and budget band, with the design process spelled out — so the brief that reaches you already knows what it's asking for.

Static design, so nothing on it works yet. I'd rather show you the real idea than a fake demo.

One question: would publishing a design fee range help you or cost you?

[Sender Name]","design-led buyers choose from images and yours cannot be narrowed by style, scale or budget",Address published by the business itself — verified in research.,field-run-006;landscape-design-build;AZ;confirmed-email,85,9000,"$5,000","$16,000",06082026
Thunderbird Pools,sales@thunderbirdpools.com,Pool building,Phoenix,AZ,USA,https://thunderbirdpools.com,cold-outreach,researched,"Subject: your build gallery

Hi [First Name],

Looked at Thunderbird Pools the way a homeowner in Phoenix does — trying to find a build that looks like my backyard, at roughly my number. One long scroll, no way to narrow it, no price anywhere.

That's a ninety-thousand-dollar build going to the company that answered the money question first.

Gallery filterable by size, style and budget. A starting number said out loud.

Let me build it for you. A real homepage for Thunderbird Pools, on me, before we ever talk money. If it's good you'll know in ten seconds. If it isn't, you've lost nothing.

Want it?

[Sender Name]
Bothmade","Subject: here it is

Built it. Here.

Builds filterable by size, style and budget band, with a starting range stated plainly and a timeline from signing to swimming.

It's a design, not a build — nothing clicks yet. Didn't want to fake a demo.

One question: would you publish a starting price, or does that cost you more than it wins?

[Sender Name]","the gallery cannot be sorted, so nobody finds a build that looks like their own yard",Address published by the business itself — verified in research.,field-run-006;pool-building;AZ;confirmed-email,85,10000,"$5,000","$18,000",06082026
VIO Med Spa Palm Beach Gardens,pbg@viomedspa.com,Med spa,Palm Beach Gardens,FL,USA,https://viomedspa.com,cold-outreach,researched,"Subject: your 9pm bookings

Hi [First Name],

Looked you up the way a new client does — evening, phone, already decided she wants tox, just picking where. VIO Med Spa Palm Beach Gardens won on reviews. Then booking meant calling in the morning.

That's the sale, right there. She books wherever the button is, and you never find out you lost her.

Treatments priced, bookable in two taps, reviews right beside them.

So here's what I'll do. I'll build VIO Med Spa Palm Beach Gardens that homepage. Free. Not a slide, not a proposal — the actual page, designed for your business. Yours to keep whether you hire me or not.

Say yes and it's yours by Friday.

[Sender Name]
Bothmade","Subject: VIO Med Spa Palm Beach Gardens — built it

Built it. Here.

Treatments priced, bookable in two taps, reviews doing the closing right beside them. Memberships obvious instead of three pages deep.

Static design, so nothing on it works yet. I'd rather show you the real idea than a fake demo.

One question: would you let a new client book without a consult call first?

[Sender Name]",the reviews do the selling and the booking is a phone number that stops answering at five,Address published by the business itself — verified in research.,field-run-006;med-spa;FL;confirmed-email,85,10000,"$5,000","$18,000",06082026
360 Exteriors Pools and Spas,info@360exteriorslasvegas.com,Pool building,Las Vegas,NV,USA,https://360exteriorslasvegas.com,cold-outreach,researched,"Subject: sorting your pools

Hi [First Name],

Looked at 360 Exteriors Pools and Spas the way a homeowner in Las Vegas does — trying to find a build that looks like my backyard, at roughly my number. One long scroll, no way to narrow it, no price anywhere.

That's a ninety-thousand-dollar build going to the company that answered the money question first.

Gallery filterable by size, style and budget. A starting number said out loud.

Let me build it for you. A real homepage for 360 Exteriors Pools and Spas, on me, before we ever talk money. If it's good you'll know in ten seconds. If it isn't, you've lost nothing.

Worth a look? One word back and I'll start.

[Sender Name]
Bothmade","Subject: built it

Here it is.

Builds filterable by size, style and budget band, with a starting range stated plainly and a timeline from signing to swimming.

It's a design, not a build — nothing clicks yet. Didn't want to fake a demo.

One question: would you publish a starting price, or does that cost you more than it wins?

[Sender Name]","the gallery cannot be sorted, so nobody finds a build that looks like their own yard",info@ on their own domain — the convention. Worth a quick check before a big send.,field-run-006;pool-building;NV;convention-email,75,10000,"$5,000","$18,000",06082026
AB&K Bath and Kitchen,info@abandk.com,Kitchen and bath remodeling,Milwaukee,WI,USA,https://abandk.com,cold-outreach,researched,"Subject: your before-and-afters

Hi [First Name],

Your before-and-afters sell this. They're in a small gallery you can't filter, so the woman with a galley kitchen never finds your galley kitchen.

So you spend Tuesday evening quoting jobs that were never real, and the real one went to whoever answered first.

Projects filterable by room, style and budget. A form that asks about the job, so it arrives ready to quote.

Here's my offer. I'll design that page for AB&K Bath and Kitchen and send it over. No charge, no meeting to get it, no invoice at the end. Keep it either way — I'd rather you saw the work than read about it.

Should I send it over?

[Sender Name]
Bothmade","Subject: here it is

Built it. Here.

Before-and-afters filterable by room, style and budget band. The inquiry asks about the room, the scope and the timing — so it lands ready to quote instead of ready to interview.

Static design, so nothing on it works yet. I'd rather show you the real idea than a fake demo.

One question: what do you wish every inquiry told you before you called them back?

[Sender Name]",before-and-afters are what sell this and they sit in a gallery nobody can filter,info@ on their own domain — the convention. Worth a quick check before a big send.,field-run-006;kitchen-and-bath-remodeling;WI;convention-email,75,8500,"$4,000","$15,000",06082026
AZ Landscape Designed Construction,info@azlandscapedesignedconstruction.com,Landscape design build,Scottsdale,AZ,USA,https://azlandscapedesignedconstruction.com,cold-outreach,researched,"Subject: your gardens, sorted

Hi [First Name],

Your gardens are genuinely good. A design-led client chooses from images and yours can't be narrowed, so they never find the one that looks like their lot.

So the client who wanted exactly what you do never works out that you do it.

Projects filterable by style, scale and budget. The design process spelled out so the brief arrives specific.

So here's what I'll do. I'll build AZ Landscape Designed Construction that homepage. Free. Not a slide, not a proposal — the actual page, designed for your business. Yours to keep whether you hire me or not.

Want it?

[Sender Name]
Bothmade","Subject: here it is

Here it is.

Projects filterable by style, scale and budget band, with the design process spelled out — so the brief that reaches you already knows what it's asking for.

Static design, so nothing on it works yet. I'd rather show you the real idea than a fake demo.

One question: would publishing a design fee range help you or cost you?

[Sender Name]","design-led buyers choose from images and yours cannot be narrowed by style, scale or budget",info@ on their own domain — the convention. Worth a quick check before a big send.,field-run-006;landscape-design-build;AZ;convention-email,75,9000,"$5,000","$16,000",06082026
Alhambra Dental Plaza,info@alhambradentalplaza.com,Cosmetic dentistry,Sacramento,CA,USA,https://alhambradentalplaza.com,cold-outreach,researched,"Subject: one case a month

Hi [First Name],

A smile-makeover patient researches for months, alone, at night, on a phone. I did that to Alhambra Dental Plaza. Got as far as a phone number and a form.

One case a month lost that way costs more than a website. Several times over.

Cases first, filterable, a price range said out loud, and a booking that works at 9pm.

I'd like to build it and show you. One homepage, designed for Alhambra Dental Plaza, free. Not a template with your logo on it. The real thing, and it's yours whether we work together or not.

Want it?

[Sender Name]
Bothmade","Subject: Alhambra Dental Plaza — built it

Built it. Here.

Cases at the top, filterable by treatment. The range stated in real numbers. Booking that doesn't need your front desk awake.

It's a design, not a build — nothing clicks yet. Didn't want to fake a demo.

One thing I'd want your read on: veneers or implants — which pays you better?

[Sender Name]",the cases and the price range are the two things a $15k patient wants and the two hardest things to reach,info@ on their own domain — the convention. Worth a quick check before a big send.,field-run-006;cosmetic-dentistry;CA;convention-email,75,12000,"$6,000","$22,000",06082026
Beechmont Dental,info@beechmontdental.com,Cosmetic dentistry,Cincinnati,OH,USA,https://beechmontdental.com,cold-outreach,researched,"Subject: one case a month

Hi [First Name],

A smile-makeover patient researches for months, alone, at night, on a phone. I did that to Beechmont Dental. Got as far as a phone number and a form.

One case a month lost that way costs more than a website. Several times over.

Cases first, filterable, a price range said out loud, and a booking that works at 9pm.

I'd like to build it and show you. One homepage, designed for Beechmont Dental, free. Not a template with your logo on it. The real thing, and it's yours whether we work together or not.

Worth a look? One word back and I'll start.

[Sender Name]
Bothmade","Subject: built it

Here it is — Beechmont Dental, as promised.

Cases at the top, filterable by treatment. The range stated in real numbers. Booking that doesn't need your front desk awake.

It's a design, not a build — nothing clicks yet. Didn't want to fake a demo.

One thing I'd want your read on: veneers or implants — which pays you better?

[Sender Name]",the cases and the price range are the two things a $15k patient wants and the two hardest things to reach,info@ on their own domain — the convention. Worth a quick check before a big send.,field-run-006;cosmetic-dentistry;OH;convention-email,75,12000,"$6,000","$22,000",06082026
Bell Dental Group,info@belldentalgroup.com,Cosmetic dentistry,Cincinnati,OH,USA,https://belldentalgroup.com,cold-outreach,researched,"Subject: cases, price, booking

Hi [First Name],

A smile-makeover patient researches for months, alone, at night, on a phone. I did that to Bell Dental Group. Got as far as a phone number and a form.

That's the biggest case of the month deciding not to call you.

Before-and-afters up front, the range in plain numbers, financing mentioned before they ask.

Here's my offer. I'll design that page for Bell Dental Group and send it over. No charge, no meeting to get it, no invoice at the end. Keep it either way — I'd rather you saw the work than read about it.

Want it?

[Sender Name]
Bothmade","Subject: here it is

Here it is — Bell Dental Group, as promised.

A homepage built for the cosmetic patient rather than the check-up patient — cases, price, and one tap to a consult.

Static design, so nothing on it works yet. I'd rather show you the real idea than a fake demo.

One question: does a price range on the site bring you better calls or worse ones?

[Sender Name]",the cases and the price range are the two things a $15k patient wants and the two hardest things to reach,info@ on their own domain — the convention. Worth a quick check before a big send.,field-run-006;cosmetic-dentistry;OH;convention-email,75,12000,"$6,000","$22,000",06082026
Blue Ridge Custom Homes of VA,info@blueridgecustomhomesofva.com,Custom home building,Richmond,VA,USA,https://blueridgecustomhomesofva.com,cold-outreach,researched,"Subject: your portfolio, sorted

Hi [First Name],

Went through Blue Ridge Custom Homes of VA's portfolio the way a couple with a lot and three million dollars does — hunting for the one house that looks like the one in their head. Couldn't sort by budget, style or scope. Just scrolled.

They don't email to ask. They go and look at the builder whose site let them filter.

Sort the work the way buyers actually choose, and put the process where the fear is.

So here's what I'll do. I'll build Blue Ridge Custom Homes of VA that homepage. Free. Not a slide, not a proposal — the actual page, designed for your business. Yours to keep whether you hire me or not.

Want me to build it?

[Sender Name]
Bothmade","Subject: here it is

Here it is.

Projects sortable the way buyers choose, and the build process laid out month by month, which is the part they're actually frightened of.

Static design, so nothing on it works yet. I'd rather show you the real idea than a fake demo.

One question: would you ever show budget bands publicly, or is that a fight with your sales process?

[Sender Name]","the portfolio is the whole sale and there is no way to sort it by budget, style or scope",info@ on their own domain — the convention. Worth a quick check before a big send.,field-run-006;custom-home-building;VA;convention-email,75,22000,"$12,000","$35,000",06082026
Bluewater Home,info@bluewater-home.com,Custom home building,Greenwich,CT,USA,https://bluewater-home.com,cold-outreach,researched,"Subject: they couldn't find their house

Hi [First Name],

Your work is the sale. I looked at it the way a buyer does and there was no way to narrow it — no budget band, no style, no scope. Forty thumbnails and good luck.

And the inquiries that do land ask for a name and a message, so your first call is an interview instead of a conversation.

Sort the work the way buyers actually choose, and put the process where the fear is.

Here's my offer. I'll design that page for Bluewater Home and send it over. No charge, no meeting to get it, no invoice at the end. Keep it either way — I'd rather you saw the work than read about it.

Say yes and it's yours by Friday.

[Sender Name]
Bothmade","Subject: built it

Built it. Here.

Projects sortable the way buyers choose, and the build process laid out month by month, which is the part they're actually frightened of.

Static design, so nothing on it works yet. I'd rather show you the real idea than a fake demo.

One question: would you ever show budget bands publicly, or is that a fight with your sales process?

[Sender Name]","the portfolio is the whole sale and there is no way to sort it by budget, style or scope",info@ on their own domain — the convention. Worth a quick check before a big send.,field-run-006;custom-home-building;CT;convention-email,75,22000,"$12,000","$35,000",06082026
Booher Remodeling Company,info@booherbuilding.com,Kitchen and bath remodeling,Indianapolis,IN,USA,https://booherbuilding.com,cold-outreach,researched,"Subject: the tire-kicker problem

Hi [First Name],

Looked at Booher Remodeling Company the way a homeowner with a sixty-thousand-dollar kitchen in mind does. Your finished work is good. There was no way to find a kitchen like mine, and no way to tell you what my job actually is.

That's a $60k kitchen going to the company whose site made it feel easy.

Projects filterable by room, style and budget. A form that asks about the job, so it arrives ready to quote.

Let me build it for you. A real homepage for Booher Remodeling Company, on me, before we ever talk money. If it's good you'll know in ten seconds. If it isn't, you've lost nothing.

Want it?

[Sender Name]
Bothmade","Subject: built it

Here it is.

Before-and-afters filterable by room, style and budget band. The inquiry asks about the room, the scope and the timing — so it lands ready to quote instead of ready to interview.

It's a design, not a build — nothing clicks yet. Didn't want to fake a demo.

One question: what do you wish every inquiry told you before you called them back?

[Sender Name]",before-and-afters are what sell this and they sit in a gallery nobody can filter,info@ on their own domain — the convention. Worth a quick check before a big send.,field-run-006;kitchen-and-bath-remodeling;IN;convention-email,75,8500,"$4,000","$15,000",06082026
Brown Dental Care,info@browndentalcare.com,Cosmetic dentistry,Greenville,SC,USA,https://browndentalcare.com,cold-outreach,researched,"Subject: your veneer cases

Hi [First Name],

Your case work is good. I had to dig for it — two menus deep, on a phone, at the exact moment somebody decides to spend fifteen thousand dollars on their teeth.

One case a month lost that way costs more than a website. Several times over.

Before-and-afters up front, the range in plain numbers, financing mentioned before they ask.

So here's what I'll do. I'll build Brown Dental Care that homepage. Free. Not a slide, not a proposal — the actual page, designed for your business. Yours to keep whether you hire me or not.

Want it?

[Sender Name]
Bothmade","Subject: built it

Here it is — Brown Dental Care, as promised.

A homepage built for the cosmetic patient rather than the check-up patient — cases, price, and one tap to a consult.

Static design, so nothing on it works yet. I'd rather show you the real idea than a fake demo.

One question: does a price range on the site bring you better calls or worse ones?

[Sender Name]",the cases and the price range are the two things a $15k patient wants and the two hardest things to reach,info@ on their own domain — the convention. Worth a quick check before a big send.,field-run-006;cosmetic-dentistry;SC;convention-email,75,12000,"$6,000","$22,000",06082026
Budget Kitchen and Bath,info@budgetkitchenandbath.com,Kitchen and bath remodeling,Pittsburgh,PA,USA,https://budgetkitchenandbath.com,cold-outreach,researched,"Subject: the tire-kicker problem

Hi [First Name],

Looked at Budget Kitchen and Bath the way a homeowner with a sixty-thousand-dollar kitchen in mind does. Your finished work is good. There was no way to find a kitchen like mine, and no way to tell you what my job actually is.

That's a $60k kitchen going to the company whose site made it feel easy.

Projects filterable by room, style and budget. A form that asks about the job, so it arrives ready to quote.

I'd like to build it and show you. One homepage, designed for Budget Kitchen and Bath, free. Not a template with your logo on it. The real thing, and it's yours whether we work together or not.

Should I send it over?

[Sender Name]
Bothmade","Subject: here it is

Built it. Here.

Before-and-afters filterable by room, style and budget band. The inquiry asks about the room, the scope and the timing — so it lands ready to quote instead of ready to interview.

It's a design, not a build — nothing clicks yet. Didn't want to fake a demo.

One question: what do you wish every inquiry told you before you called them back?

[Sender Name]",before-and-afters are what sell this and they sit in a gallery nobody can filter,info@ on their own domain — the convention. Worth a quick check before a big send.,field-run-006;kitchen-and-bath-remodeling;PA;convention-email,75,8500,"$4,000","$15,000",06082026
Built Right Homes VA,info@builtrighthomesva.com,Custom home building,Richmond,VA,USA,https://builtrighthomesva.com,cold-outreach,researched,"Subject: the inquiry that wasted your Tuesday

Hi [First Name],

Looked at Built Right Homes VA as a client would in Richmond: trying to find the project that matches my lot and my number. Gave up before I found it.

That's a real project deciding you're not the one, on no evidence either way.

Portfolio filterable by budget band, style and scope. Inquiry that asks about the lot, the number and the timing.

Let me build it for you. A real homepage for Built Right Homes VA, on me, before we ever talk money. If it's good you'll know in ten seconds. If it isn't, you've lost nothing.

Worth a look? One word back and I'll start.

[Sender Name]
Bothmade","Subject: here it is

Here it is.

Portfolio filterable by budget, style and scope — so a couple with a specific project finds theirs in about nine seconds. Inquiry that arrives with the lot, the number and the timing on it.

It's a design, not a build — nothing clicks yet. Didn't want to fake a demo.

One thing I'd want your answer on: what do you wish every inquiry told you before you called them back?

[Sender Name]","the portfolio is the whole sale and there is no way to sort it by budget, style or scope",info@ on their own domain — the convention. Worth a quick check before a big send.,field-run-006;custom-home-building;VA;convention-email,75,22000,"$12,000","$35,000",06082026
Call Construction,info@callconstructionllc.com,Landscape design build,Nashville,TN,USA,https://callconstructionllc.com,cold-outreach,researched,"Subject: your gardens, sorted

Hi [First Name],

Went through Call Construction's work the way a homeowner commissioning a garden does. It's beautiful. It's also one long scroll — no way to narrow by style, scale or budget, and nothing about what design costs.

And the inquiries that land are vague, so the first call is about scope instead of the garden.

Projects filterable by style, scale and budget. The design process spelled out so the brief arrives specific.

I'd like to build it and show you. One homepage, designed for Call Construction, free. Not a template with your logo on it. The real thing, and it's yours whether we work together or not.

Say yes and it's yours by Friday.

[Sender Name]
Bothmade","Subject: built it

Built it. Here.

Projects filterable by style, scale and budget band, with the design process spelled out — so the brief that reaches you already knows what it's asking for.

It's a design, not a build — nothing clicks yet. Didn't want to fake a demo.

One question: would publishing a design fee range help you or cost you?

[Sender Name]","design-led buyers choose from images and yours cannot be narrowed by style, scale or budget",info@ on their own domain — the convention. Worth a quick check before a big send.,field-run-006;landscape-design-build;TN;convention-email,75,9000,"$5,000","$16,000",06082026
Caribbean Pools AZ,info@caribbeanpoolsaz.com,Pool building,Phoenix,AZ,USA,https://caribbeanpoolsaz.com,cold-outreach,researched,"Subject: sorting your pools

Hi [First Name],

Your builds look excellent. I went looking for one like mine and scrolled past sixty that weren't. Then couldn't find a starting number.

So they call whoever showed them a pool like theirs, with a number attached.

Gallery filterable by size, style and budget. A starting number said out loud.

Here's my offer. I'll design that page for Caribbean Pools AZ and send it over. No charge, no meeting to get it, no invoice at the end. Keep it either way — I'd rather you saw the work than read about it.

Want me to build it?

[Sender Name]
Bothmade","Subject: here it is

Here it is.

Builds filterable by size, style and budget band, with a starting range stated plainly and a timeline from signing to swimming.

Static design, so nothing on it works yet. I'd rather show you the real idea than a fake demo.

One question: would you publish a starting price, or does that cost you more than it wins?

[Sender Name]","the gallery cannot be sorted, so nobody finds a build that looks like their own yard",info@ on their own domain — the convention. Worth a quick check before a big send.,field-run-006;pool-building;AZ;convention-email,75,10000,"$5,000","$18,000",06082026
Clarke Builders,info@clarkebuilders.com,Custom home building,Greenwich,CT,USA,https://clarkebuilders.com,cold-outreach,researched,"Subject: they couldn't find their house

Hi [First Name],

Your work is the sale. I looked at it the way a buyer does and there was no way to narrow it — no budget band, no style, no scope. Forty thumbnails and good luck.

That's a real project deciding you're not the one, on no evidence either way.

Sort the work the way buyers actually choose, and put the process where the fear is.

Here's my offer. I'll design that page for Clarke Builders and send it over. No charge, no meeting to get it, no invoice at the end. Keep it either way — I'd rather you saw the work than read about it.

Want it?

[Sender Name]
Bothmade","Subject: here it is

Here it is.

Projects sortable the way buyers choose, and the build process laid out month by month, which is the part they're actually frightened of.

Static design, so nothing on it works yet. I'd rather show you the real idea than a fake demo.

One question: would you ever show budget bands publicly, or is that a fight with your sales process?

[Sender Name]","the portfolio is the whole sale and there is no way to sort it by budget, style or scope",info@ on their own domain — the convention. Worth a quick check before a big send.,field-run-006;custom-home-building;CT;convention-email,75,22000,"$12,000","$35,000",06082026
Cornerstone Dental Group,info@cornerstonedentist.com,Cosmetic dentistry,Cincinnati,OH,USA,https://cornerstonedentist.com,cold-outreach,researched,"Subject: one case a month

Hi [First Name],

A smile-makeover patient researches for months, alone, at night, on a phone. I did that to Cornerstone Dental Group. Got as far as a phone number and a form.

That's the biggest case of the month deciding not to call you.

Cases first, filterable, a price range said out loud, and a booking that works at 9pm.

I'd like to build it and show you. One homepage, designed for Cornerstone Dental Group, free. Not a template with your logo on it. The real thing, and it's yours whether we work together or not.

Want me to build it?

[Sender Name]
Bothmade","Subject: Cornerstone Dental Group — built it

Here it is.

Cases at the top, filterable by treatment. The range stated in real numbers. Booking that doesn't need your front desk awake.

It's a design, not a build — nothing clicks yet. Didn't want to fake a demo.

One thing I'd want your read on: veneers or implants — which pays you better?

[Sender Name]",the cases and the price range are the two things a $15k patient wants and the two hardest things to reach,info@ on their own domain — the convention. Worth a quick check before a big send.,field-run-006;cosmetic-dentistry;OH;convention-email,75,12000,"$6,000","$22,000",06082026
Cornerstone Family Dental of Sac,info@cornerstonefamilydentalofsac.com,Cosmetic dentistry,Sacramento,CA,USA,https://cornerstonefamilydentalofsac.com,cold-outreach,researched,"Subject: one case a month

Hi [First Name],

Went looking for veneers in Sacramento the way a patient does. Nine at night, on a phone, three years of putting it off. Found Cornerstone Family Dental of Sac. Couldn't find a case that looked like mine, couldn't find a price, couldn't book.

That's the biggest case of the month deciding not to call you.

Cases first, filterable, a price range said out loud, and a booking that works at 9pm.

I'd like to build it and show you. One homepage, designed for Cornerstone Family Dental of Sac, free. Not a template with your logo on it. The real thing, and it's yours whether we work together or not.

Say yes and it's yours by Friday.

[Sender Name]
Bothmade","Subject: built it

Here it is — Cornerstone Family Dental of Sac, as promised.

Cases at the top, filterable by treatment. The range stated in real numbers. Booking that doesn't need your front desk awake.

It's a design, not a build — nothing clicks yet. Didn't want to fake a demo.

One thing I'd want your read on: veneers or implants — which pays you better?

[Sender Name]",the cases and the price range are the two things a $15k patient wants and the two hardest things to reach,info@ on their own domain — the convention. Worth a quick check before a big send.,field-run-006;cosmetic-dentistry;CA;convention-email,75,12000,"$6,000","$22,000",06082026
Crestwood Pools,info@crestwoodpools.com,Pool building,Fort Worth,TX,USA,https://crestwoodpools.com,cold-outreach,researched,"Subject: your build gallery

Hi [First Name],

Your builds look excellent. I went looking for one like mine and scrolled past sixty that weren't. Then couldn't find a starting number.

So they call whoever showed them a pool like theirs, with a number attached.

Gallery filterable by size, style and budget. A starting number said out loud.

So here's what I'll do. I'll build Crestwood Pools that homepage. Free. Not a slide, not a proposal — the actual page, designed for your business. Yours to keep whether you hire me or not.

Want it?

[Sender Name]
Bothmade","Subject: Crestwood Pools — built it

Here it is.

Builds filterable by size, style and budget band, with a starting range stated plainly and a timeline from signing to swimming.

Static design, so nothing on it works yet. I'd rather show you the real idea than a fake demo.

One question: would you publish a starting price, or does that cost you more than it wins?

[Sender Name]","the gallery cannot be sorted, so nobody finds a build that looks like their own yard",info@ on their own domain — the convention. Worth a quick check before a big send.,field-run-006;pool-building;TX;convention-email,75,10000,"$5,000","$18,000",06082026
D.A.S. Custom Builders,info@dascustombuilders.com,Custom home building,Greenwich,CT,USA,https://dascustombuilders.com,cold-outreach,researched,"Subject: filtering your projects

Hi [First Name],

Your work is the sale. I looked at it the way a buyer does and there was no way to narrow it — no budget band, no style, no scope. Forty thumbnails and good luck.

They don't email to ask. They go and look at the builder whose site let them filter.

Portfolio filterable by budget band, style and scope. Inquiry that asks about the lot, the number and the timing.

I'd like to build it and show you. One homepage, designed for D.A.S. Custom Builders, free. Not a template with your logo on it. The real thing, and it's yours whether we work together or not.

Want it?

[Sender Name]
Bothmade","Subject: here it is

Here it is.

Portfolio filterable by budget, style and scope — so a couple with a specific project finds theirs in about nine seconds. Inquiry that arrives with the lot, the number and the timing on it.

It's a design, not a build — nothing clicks yet. Didn't want to fake a demo.

One thing I'd want your answer on: what do you wish every inquiry told you before you called them back?

[Sender Name]","the portfolio is the whole sale and there is no way to sort it by budget, style or scope",info@ on their own domain — the convention. Worth a quick check before a big send.,field-run-006;custom-home-building;CT;convention-email,75,22000,"$12,000","$35,000",06082026
Dedicated Dentistry,info@dedicateddentistry.com,Cosmetic dentistry,Greenville,SC,USA,https://dedicateddentistry.com,cold-outreach,researched,"Subject: cases, price, booking

Hi [First Name],

A smile-makeover patient researches for months, alone, at night, on a phone. I did that to Dedicated Dentistry. Got as far as a phone number and a form.

One case a month lost that way costs more than a website. Several times over.

Before-and-afters up front, the range in plain numbers, financing mentioned before they ask.

Here's my offer. I'll design that page for Dedicated Dentistry and send it over. No charge, no meeting to get it, no invoice at the end. Keep it either way — I'd rather you saw the work than read about it.

Want me to build it?

[Sender Name]
Bothmade","Subject: here it is

Built it. Here.

A homepage built for the cosmetic patient rather than the check-up patient — cases, price, and one tap to a consult.

Static design, so nothing on it works yet. I'd rather show you the real idea than a fake demo.

One question: does a price range on the site bring you better calls or worse ones?

[Sender Name]",the cases and the price range are the two things a $15k patient wants and the two hardest things to reach,info@ on their own domain — the convention. Worth a quick check before a big send.,field-run-006;cosmetic-dentistry;SC;convention-email,75,12000,"$6,000","$22,000",06082026
Dentistry at Pelham Pointe,info@dentistryatpelhampointe.com,Cosmetic dentistry,Greenville,SC,USA,https://dentistryatpelhampointe.com,cold-outreach,researched,"Subject: cases, price, booking

Hi [First Name],

Your case work is good. I had to dig for it — two menus deep, on a phone, at the exact moment somebody decides to spend fifteen thousand dollars on their teeth.

That's the biggest case of the month deciding not to call you.

Before-and-afters up front, the range in plain numbers, financing mentioned before they ask.

Here's my offer. I'll design that page for Dentistry at Pelham Pointe and send it over. No charge, no meeting to get it, no invoice at the end. Keep it either way — I'd rather you saw the work than read about it.

Want me to build it?

[Sender Name]
Bothmade","Subject: Dentistry at Pelham Pointe — built it

Built it. Here.

A homepage built for the cosmetic patient rather than the check-up patient — cases, price, and one tap to a consult.

Static design, so nothing on it works yet. I'd rather show you the real idea than a fake demo.

One question: does a price range on the site bring you better calls or worse ones?

[Sender Name]",the cases and the price range are the two things a $15k patient wants and the two hardest things to reach,info@ on their own domain — the convention. Worth a quick check before a big send.,field-run-006;cosmetic-dentistry;SC;convention-email,75,12000,"$6,000","$22,000",06082026
Dentistry of East Sacramento,info@dentistryofeastsacramento.com,Cosmetic dentistry,Sacramento,CA,USA,https://dentistryofeastsacramento.com,cold-outreach,researched,"Subject: cases, price, booking

Hi [First Name],

Went looking for veneers in Sacramento the way a patient does. Nine at night, on a phone, three years of putting it off. Found Dentistry of East Sacramento. Couldn't find a case that looked like mine, couldn't find a price, couldn't book.

That's the biggest case of the month deciding not to call you.

Before-and-afters up front, the range in plain numbers, financing mentioned before they ask.

Here's my offer. I'll design that page for Dentistry of East Sacramento and send it over. No charge, no meeting to get it, no invoice at the end. Keep it either way — I'd rather you saw the work than read about it.

Want me to build it?

[Sender Name]
Bothmade","Subject: here it is

Built it. Here.

A homepage built for the cosmetic patient rather than the check-up patient — cases, price, and one tap to a consult.

Static design, so nothing on it works yet. I'd rather show you the real idea than a fake demo.

One question: does a price range on the site bring you better calls or worse ones?

[Sender Name]",the cases and the price range are the two things a $15k patient wants and the two hardest things to reach,info@ on their own domain — the convention. Worth a quick check before a big send.,field-run-006;cosmetic-dentistry;CA;convention-email,75,12000,"$6,000","$22,000",06082026
Dr Levens Medspa,info@drlevens.com,Med spa,Coral Springs,FL,USA,https://drlevens.com,cold-outreach,researched,"Subject: your 9pm bookings

Hi [First Name],

Your reviews do the selling. I read them on my phone at 9pm in Coral Springs and I was sold. Then I hit a phone number and office hours.

She doesn't call in the morning. She books the spa that let her book at 9pm.

Treatments priced, bookable in two taps, reviews right beside them.

So here's what I'll do. I'll build Dr Levens Medspa that homepage. Free. Not a slide, not a proposal — the actual page, designed for your business. Yours to keep whether you hire me or not.

Want me to build it?

[Sender Name]
Bothmade","Subject: Dr Levens Medspa — built it

Built it. Here.

Treatments priced, bookable in two taps, reviews doing the closing right beside them. Memberships obvious instead of three pages deep.

Static design, so nothing on it works yet. I'd rather show you the real idea than a fake demo.

One question: would you let a new client book without a consult call first?

[Sender Name]",the reviews do the selling and the booking is a phone number that stops answering at five,info@ on their own domain — the convention. Worth a quick check before a big send.,field-run-006;med-spa;FL;convention-email,75,10000,"$5,000","$18,000",06082026
DreamBuilder Custom Homes,info@dreambuildercustomhome.com,Custom home building,Portland,OR,USA,https://dreambuildercustomhome.com,cold-outreach,researched,"Subject: filtering your projects

Hi [First Name],

Went through DreamBuilder Custom Homes' portfolio the way a couple with a lot and three million dollars does — hunting for the one house that looks like the one in their head. Couldn't sort by budget, style or scope. Just scrolled.

And the inquiries that do land ask for a name and a message, so your first call is an interview instead of a conversation.

Portfolio filterable by budget band, style and scope. Inquiry that asks about the lot, the number and the timing.

I'd like to build it and show you. One homepage, designed for DreamBuilder Custom Homes, free. Not a template with your logo on it. The real thing, and it's yours whether we work together or not.

Say yes and it's yours by Friday.

[Sender Name]
Bothmade","Subject: built it

Here it is.

Portfolio filterable by budget, style and scope — so a couple with a specific project finds theirs in about nine seconds. Inquiry that arrives with the lot, the number and the timing on it.

It's a design, not a build — nothing clicks yet. Didn't want to fake a demo.

One thing I'd want your answer on: what do you wish every inquiry told you before you called them back?

[Sender Name]","the portfolio is the whole sale and there is no way to sort it by budget, style or scope",info@ on their own domain — the convention. Worth a quick check before a big send.,field-run-006;custom-home-building;OR;convention-email,75,22000,"$12,000","$35,000",06082026
Dunkum Luxury Builders,info@dunkum.net,Custom home building,Richmond,VA,USA,https://dunkum.net,cold-outreach,researched,"Subject: filtering your projects

Hi [First Name],

Looked at Dunkum Luxury Builders as a client would in Richmond: trying to find the project that matches my lot and my number. Gave up before I found it.

And the inquiries that do land ask for a name and a message, so your first call is an interview instead of a conversation.

Portfolio filterable by budget band, style and scope. Inquiry that asks about the lot, the number and the timing.

I'd like to build it and show you. One homepage, designed for Dunkum Luxury Builders, free. Not a template with your logo on it. The real thing, and it's yours whether we work together or not.

Want me to build it?

[Sender Name]
Bothmade","Subject: Dunkum Luxury Builders — built it

Here it is.

Portfolio filterable by budget, style and scope — so a couple with a specific project finds theirs in about nine seconds. Inquiry that arrives with the lot, the number and the timing on it.

It's a design, not a build — nothing clicks yet. Didn't want to fake a demo.

One thing I'd want your answer on: what do you wish every inquiry told you before you called them back?

[Sender Name]","the portfolio is the whole sale and there is no way to sort it by budget, style or scope",info@ on their own domain — the convention. Worth a quick check before a big send.,field-run-006;custom-home-building;VA;convention-email,75,22000,"$12,000","$35,000",06082026
Edgewater Custom Pools,info@edgewatercustompools.com,Pool building,Las Vegas,NV,USA,https://edgewatercustompools.com,cold-outreach,researched,"Subject: sorting your pools

Hi [First Name],

Your builds look excellent. I went looking for one like mine and scrolled past sixty that weren't. Then couldn't find a starting number.

So they call whoever showed them a pool like theirs, with a number attached.

Gallery filterable by size, style and budget. A starting number said out loud.

Here's my offer. I'll design that page for Edgewater Custom Pools and send it over. No charge, no meeting to get it, no invoice at the end. Keep it either way — I'd rather you saw the work than read about it.

Say yes and it's yours by Friday.

[Sender Name]
Bothmade","Subject: here it is

Built it. Here.

Builds filterable by size, style and budget band, with a starting range stated plainly and a timeline from signing to swimming.

Static design, so nothing on it works yet. I'd rather show you the real idea than a fake demo.

One question: would you publish a starting price, or does that cost you more than it wins?

[Sender Name]","the gallery cannot be sorted, so nobody finds a build that looks like their own yard",info@ on their own domain — the convention. Worth a quick check before a big send.,field-run-006;pool-building;NV;convention-email,75,10000,"$5,000","$18,000",06082026
Elite Bathroom Remodeling Milwaukee,info@bathroomremodelmke.com,Kitchen and bath remodeling,Milwaukee,WI,USA,https://bathroomremodelmke.com,cold-outreach,researched,"Subject: the tire-kicker problem

Hi [First Name],

Looked at Elite Bathroom Remodeling Milwaukee the way a homeowner with a sixty-thousand-dollar kitchen in mind does. Your finished work is good. There was no way to find a kitchen like mine, and no way to tell you what my job actually is.

That's a $60k kitchen going to the company whose site made it feel easy.

Projects filterable by room, style and budget. A form that asks about the job, so it arrives ready to quote.

I'd like to build it and show you. One homepage, designed for Elite Bathroom Remodeling Milwaukee, free. Not a template with your logo on it. The real thing, and it's yours whether we work together or not.

Should I send it over?

[Sender Name]
Bothmade","Subject: Elite Bathroom Remodeling Milwaukee — built it

Built it. Here.

Before-and-afters filterable by room, style and budget band. The inquiry asks about the room, the scope and the timing — so it lands ready to quote instead of ready to interview.

It's a design, not a build — nothing clicks yet. Didn't want to fake a demo.

One question: what do you wish every inquiry told you before you called them back?

[Sender Name]",before-and-afters are what sell this and they sit in a gallery nobody can filter,info@ on their own domain — the convention. Worth a quick check before a big send.,field-run-006;kitchen-and-bath-remodeling;WI;convention-email,75,8500,"$4,000","$15,000",06082026
Francis Development,info@francisdevelopmentllc.com,Custom home building,Greenwich,CT,USA,https://francisdevelopmentllc.com,cold-outreach,researched,"Subject: filtering your projects

Hi [First Name],

Your work is the sale. I looked at it the way a buyer does and there was no way to narrow it — no budget band, no style, no scope. Forty thumbnails and good luck.

That's a real project deciding you're not the one, on no evidence either way.

Portfolio filterable by budget band, style and scope. Inquiry that asks about the lot, the number and the timing.

I'd like to build it and show you. One homepage, designed for Francis Development, free. Not a template with your logo on it. The real thing, and it's yours whether we work together or not.

Say yes and it's yours by Friday.

[Sender Name]
Bothmade","Subject: Francis Development — built it

Built it. Here.

Portfolio filterable by budget, style and scope — so a couple with a specific project finds theirs in about nine seconds. Inquiry that arrives with the lot, the number and the timing on it.

It's a design, not a build — nothing clicks yet. Didn't want to fake a demo.

One thing I'd want your answer on: what do you wish every inquiry told you before you called them back?

[Sender Name]","the portfolio is the whole sale and there is no way to sort it by budget, style or scope",info@ on their own domain — the convention. Worth a quick check before a big send.,field-run-006;custom-home-building;CT;convention-email,75,22000,"$12,000","$35,000",06082026
Gardens of Babylon,info@gardensofbabylon.com,Landscape design build,Nashville,TN,USA,https://gardensofbabylon.com,cold-outreach,researched,"Subject: your gardens, sorted

Hi [First Name],

Your gardens are genuinely good. A design-led client chooses from images and yours can't be narrowed, so they never find the one that looks like their lot.

So the client who wanted exactly what you do never works out that you do it.

Projects filterable by style, scale and budget. The design process spelled out so the brief arrives specific.

So here's what I'll do. I'll build Gardens of Babylon that homepage. Free. Not a slide, not a proposal — the actual page, designed for your business. Yours to keep whether you hire me or not.

Want it?

[Sender Name]
Bothmade","Subject: built it

Built it. Here.

Projects filterable by style, scale and budget band, with the design process spelled out — so the brief that reaches you already knows what it's asking for.

Static design, so nothing on it works yet. I'd rather show you the real idea than a fake demo.

One question: would publishing a design fee range help you or cost you?

[Sender Name]","design-led buyers choose from images and yours cannot be narrowed by style, scale or budget",info@ on their own domain — the convention. Worth a quick check before a big send.,field-run-006;landscape-design-build;TN;convention-email,75,9000,"$5,000","$16,000",06082026
Global Smiles Dentistry,info@globalsmilessacramento.com,Cosmetic dentistry,Sacramento,CA,USA,https://globalsmilessacramento.com,cold-outreach,researched,"Subject: the $15k case that didn't call

Hi [First Name],

A smile-makeover patient researches for months, alone, at night, on a phone. I did that to Global Smiles Dentistry. Got as far as a phone number and a form.

That's the biggest case of the month deciding not to call you.

Cases first, filterable, a price range said out loud, and a booking that works at 9pm.

Let me build it for you. A real homepage for Global Smiles Dentistry, on me, before we ever talk money. If it's good you'll know in ten seconds. If it isn't, you've lost nothing.

Want me to build it?

[Sender Name]
Bothmade","Subject: Global Smiles Dentistry — built it

Built it. Here.

Cases at the top, filterable by treatment. The range stated in real numbers. Booking that doesn't need your front desk awake.

It's a design, not a build — nothing clicks yet. Didn't want to fake a demo.

One thing I'd want your read on: veneers or implants — which pays you better?

[Sender Name]",the cases and the price range are the two things a $15k patient wants and the two hardest things to reach,info@ on their own domain — the convention. Worth a quick check before a big send.,field-run-006;cosmetic-dentistry;CA;convention-email,75,12000,"$6,000","$22,000",06082026
Heritage Family Dentistry,info@heritagedentistrysc.com,Cosmetic dentistry,Greenville,SC,USA,https://heritagedentistrysc.com,cold-outreach,researched,"Subject: your veneer cases

Hi [First Name],

A smile-makeover patient researches for months, alone, at night, on a phone. I did that to Heritage Family Dentistry. Got as far as a phone number and a form.

One case a month lost that way costs more than a website. Several times over.

Before-and-afters up front, the range in plain numbers, financing mentioned before they ask.

So here's what I'll do. I'll build Heritage Family Dentistry that homepage. Free. Not a slide, not a proposal — the actual page, designed for your business. Yours to keep whether you hire me or not.

Worth a look? One word back and I'll start.

[Sender Name]
Bothmade","Subject: Heritage Family Dentistry — built it

Built it. Here.

A homepage built for the cosmetic patient rather than the check-up patient — cases, price, and one tap to a consult.

Static design, so nothing on it works yet. I'd rather show you the real idea than a fake demo.

One question: does a price range on the site bring you better calls or worse ones?

[Sender Name]",the cases and the price range are the two things a $15k patient wants and the two hardest things to reach,info@ on their own domain — the convention. Worth a quick check before a big send.,field-run-006;cosmetic-dentistry;SC;convention-email,75,12000,"$6,000","$22,000",06082026
Indy Renovation,info@indyrenovation.com,Kitchen and bath remodeling,Indianapolis,IN,USA,https://indyrenovation.com,cold-outreach,researched,"Subject: your before-and-afters

Hi [First Name],

Your before-and-afters sell this. They're in a small gallery you can't filter, so the woman with a galley kitchen never finds your galley kitchen.

So you spend Tuesday evening quoting jobs that were never real, and the real one went to whoever answered first.

Projects filterable by room, style and budget. A form that asks about the job, so it arrives ready to quote.

So here's what I'll do. I'll build Indy Renovation that homepage. Free. Not a slide, not a proposal — the actual page, designed for your business. Yours to keep whether you hire me or not.

Want me to build it?

[Sender Name]
Bothmade","Subject: here it is

Here it is.

Before-and-afters filterable by room, style and budget band. The inquiry asks about the room, the scope and the timing — so it lands ready to quote instead of ready to interview.

Static design, so nothing on it works yet. I'd rather show you the real idea than a fake demo.

One question: what do you wish every inquiry told you before you called them back?

[Sender Name]",before-and-afters are what sell this and they sit in a gallery nobody can filter,info@ on their own domain — the convention. Worth a quick check before a big send.,field-run-006;kitchen-and-bath-remodeling;IN;convention-email,75,8500,"$4,000","$15,000",06082026
J Roderick Young Custom Homes,info@jroderickyoungcustomhomes.com,Custom home building,Portland,OR,USA,https://jroderickyoungcustomhomes.com,cold-outreach,researched,"Subject: they couldn't find their house

Hi [First Name],

Went through J Roderick Young Custom Homes' portfolio the way a couple with a lot and three million dollars does — hunting for the one house that looks like the one in their head. Couldn't sort by budget, style or scope. Just scrolled.

That's a real project deciding you're not the one, on no evidence either way.

Sort the work the way buyers actually choose, and put the process where the fear is.

Here's my offer. I'll design that page for J Roderick Young Custom Homes and send it over. No charge, no meeting to get it, no invoice at the end. Keep it either way — I'd rather you saw the work than read about it.

Say yes and it's yours by Friday.

[Sender Name]
Bothmade","Subject: built it

Here it is — J Roderick Young Custom Homes, as promised.

Projects sortable the way buyers choose, and the build process laid out month by month, which is the part they're actually frightened of.

Static design, so nothing on it works yet. I'd rather show you the real idea than a fake demo.

One question: would you ever show budget bands publicly, or is that a fight with your sales process?

[Sender Name]","the portfolio is the whole sale and there is no way to sort it by budget, style or scope",info@ on their own domain — the convention. Worth a quick check before a big send.,field-run-006;custom-home-building;OR;convention-email,75,22000,"$12,000","$35,000",06082026
J. Caldwell Custom Pools,info@jcaldwellcustompools.com,Pool building,Fort Worth,TX,USA,https://jcaldwellcustompools.com,cold-outreach,researched,"Subject: sorting your pools

Hi [First Name],

Looked at J. Caldwell Custom Pools the way a homeowner in Fort Worth does — trying to find a build that looks like my backyard, at roughly my number. One long scroll, no way to narrow it, no price anywhere.

That's a ninety-thousand-dollar build going to the company that answered the money question first.

Gallery filterable by size, style and budget. A starting number said out loud.

I'd like to build it and show you. One homepage, designed for J. Caldwell Custom Pools, free. Not a template with your logo on it. The real thing, and it's yours whether we work together or not.

Say yes and it's yours by Friday.

[Sender Name]
Bothmade","Subject: built it

Here it is — J. Caldwell Custom Pools, as promised.

Builds filterable by size, style and budget band, with a starting range stated plainly and a timeline from signing to swimming.

It's a design, not a build — nothing clicks yet. Didn't want to fake a demo.

One question: would you publish a starting price, or does that cost you more than it wins?

[Sender Name]","the gallery cannot be sorted, so nobody finds a build that looks like their own yard",info@ on their own domain — the convention. Worth a quick check before a big send.,field-run-006;pool-building;TX;convention-email,75,10000,"$5,000","$18,000",06082026
Kenwood Cosmetic Dentistry,info@kenwoodcosmeticdentistry.com,Cosmetic dentistry,Cincinnati,OH,USA,https://kenwoodcosmeticdentistry.com,cold-outreach,researched,"Subject: your veneer cases

Hi [First Name],

A smile-makeover patient researches for months, alone, at night, on a phone. I did that to Kenwood Cosmetic Dentistry. Got as far as a phone number and a form.

That's the biggest case of the month deciding not to call you.

Before-and-afters up front, the range in plain numbers, financing mentioned before they ask.

So here's what I'll do. I'll build Kenwood Cosmetic Dentistry that homepage. Free. Not a slide, not a proposal — the actual page, designed for your business. Yours to keep whether you hire me or not.

Want me to build it?

[Sender Name]
Bothmade","Subject: here it is

Here it is.

A homepage built for the cosmetic patient rather than the check-up patient — cases, price, and one tap to a consult.

Static design, so nothing on it works yet. I'd rather show you the real idea than a fake demo.

One question: does a price range on the site bring you better calls or worse ones?

[Sender Name]",the cases and the price range are the two things a $15k patient wants and the two hardest things to reach,info@ on their own domain — the convention. Worth a quick check before a big send.,field-run-006;cosmetic-dentistry;OH;convention-email,75,12000,"$6,000","$22,000",06082026
LP Pools AZ,info@lppoolsaz.com,Pool building,Phoenix,AZ,USA,https://lppoolsaz.com,cold-outreach,researched,"Subject: sorting your pools

Hi [First Name],

Looked at LP Pools AZ the way a homeowner in Phoenix does — trying to find a build that looks like my backyard, at roughly my number. One long scroll, no way to narrow it, no price anywhere.

That's a ninety-thousand-dollar build going to the company that answered the money question first.

Gallery filterable by size, style and budget. A starting number said out loud.

I'd like to build it and show you. One homepage, designed for LP Pools AZ, free. Not a template with your logo on it. The real thing, and it's yours whether we work together or not.

Should I send it over?

[Sender Name]
Bothmade","Subject: built it

Here it is.

Builds filterable by size, style and budget band, with a starting range stated plainly and a timeline from signing to swimming.

It's a design, not a build — nothing clicks yet. Didn't want to fake a demo.

One question: would you publish a starting price, or does that cost you more than it wins?

[Sender Name]","the gallery cannot be sorted, so nobody finds a build that looks like their own yard",info@ on their own domain — the convention. Worth a quick check before a big send.,field-run-006;pool-building;AZ;convention-email,75,10000,"$5,000","$18,000",06082026
Landscape Solutions TN,info@landscapetn.com,Landscape design build,Nashville,TN,USA,https://landscapetn.com,cold-outreach,researched,"Subject: design fee, unsaid

Hi [First Name],

Went through Landscape Solutions TN's work the way a homeowner commissioning a garden does. It's beautiful. It's also one long scroll — no way to narrow by style, scale or budget, and nothing about what design costs.

And the inquiries that land are vague, so the first call is about scope instead of the garden.

Projects filterable by style, scale and budget. The design process spelled out so the brief arrives specific.

I'd like to build it and show you. One homepage, designed for Landscape Solutions TN, free. Not a template with your logo on it. The real thing, and it's yours whether we work together or not.

Want me to build it?

[Sender Name]
Bothmade","Subject: built it

Here it is — Landscape Solutions TN, as promised.

Projects filterable by style, scale and budget band, with the design process spelled out — so the brief that reaches you already knows what it's asking for.

It's a design, not a build — nothing clicks yet. Didn't want to fake a demo.

One question: would publishing a design fee range help you or cost you?

[Sender Name]","design-led buyers choose from images and yours cannot be narrowed by style, scale or budget",info@ on their own domain — the convention. Worth a quick check before a big send.,field-run-006;landscape-design-build;TN;convention-email,75,9000,"$5,000","$16,000",06082026
Lifetime Smiles Cincinnati,info@lifetimesmilescincinnati.com,Cosmetic dentistry,Cincinnati,OH,USA,https://lifetimesmilescincinnati.com,cold-outreach,researched,"Subject: cases, price, booking

Hi [First Name],

A smile-makeover patient researches for months, alone, at night, on a phone. I did that to Lifetime Smiles Cincinnati. Got as far as a phone number and a form.

That's the biggest case of the month deciding not to call you.

Before-and-afters up front, the range in plain numbers, financing mentioned before they ask.

Here's my offer. I'll design that page for Lifetime Smiles Cincinnati and send it over. No charge, no meeting to get it, no invoice at the end. Keep it either way — I'd rather you saw the work than read about it.

Want me to build it?

[Sender Name]
Bothmade","Subject: here it is

Here it is — Lifetime Smiles Cincinnati, as promised.

A homepage built for the cosmetic patient rather than the check-up patient — cases, price, and one tap to a consult.

Static design, so nothing on it works yet. I'd rather show you the real idea than a fake demo.

One question: does a price range on the site bring you better calls or worse ones?

[Sender Name]",the cases and the price range are the two things a $15k patient wants and the two hardest things to reach,info@ on their own domain — the convention. Worth a quick check before a big send.,field-run-006;cosmetic-dentistry;OH;convention-email,75,12000,"$6,000","$22,000",06082026
Lynova Wellness Med Spa,info@lynova.com,Med spa,Palm Beach Gardens,FL,USA,https://lynova.com,cold-outreach,researched,"Subject: the booking you lost last night

Hi [First Name],

Found Lynova Wellness Med Spa at 9pm on my phone, the way your next client will. The reviews sold me in about forty seconds. Then the only way to book was a phone number and a front desk that shut at five.

That's the sale, right there. She books wherever the button is, and you never find out you lost her.

Booking belongs on the homepage, next to the reviews, working at midnight.

Let me build it for you. A real homepage for Lynova Wellness Med Spa, on me, before we ever talk money. If it's good you'll know in ten seconds. If it isn't, you've lost nothing.

Want me to build it?

[Sender Name]
Bothmade","Subject: Lynova Wellness Med Spa — built it

Built it. Here.

Booking sits on the homepage next to your reviews. Two taps to Thursday at six. That's the part your site can't do tonight.

It's a design, not a build — nothing clicks yet. Didn't want to fake a demo.

One thing I'd want your answer on: is membership what you'd push hardest here, or first-visit tox?

[Sender Name]",the reviews do the selling and the booking is a phone number that stops answering at five,info@ on their own domain — the convention. Worth a quick check before a big send.,field-run-006;med-spa;FL;convention-email,75,10000,"$5,000","$18,000",06082026
McMahon Custom Homes,info@mcmahoncustomhomesllc.com,Custom home building,Richmond,VA,USA,https://mcmahoncustomhomesllc.com,cold-outreach,researched,"Subject: your portfolio, sorted

Hi [First Name],

Looked at McMahon Custom Homes as a client would in Richmond: trying to find the project that matches my lot and my number. Gave up before I found it.

That's a real project deciding you're not the one, on no evidence either way.

Sort the work the way buyers actually choose, and put the process where the fear is.

So here's what I'll do. I'll build McMahon Custom Homes that homepage. Free. Not a slide, not a proposal — the actual page, designed for your business. Yours to keep whether you hire me or not.

Worth a look? One word back and I'll start.

[Sender Name]
Bothmade","Subject: McMahon Custom Homes — built it

Built it. Here.

Projects sortable the way buyers choose, and the build process laid out month by month, which is the part they're actually frightened of.

Static design, so nothing on it works yet. I'd rather show you the real idea than a fake demo.

One question: would you ever show budget bands publicly, or is that a fight with your sales process?

[Sender Name]","the portfolio is the whole sale and there is no way to sort it by budget, style or scope",info@ on their own domain — the convention. Worth a quick check before a big send.,field-run-006;custom-home-building;VA;convention-email,75,22000,"$12,000","$35,000",06082026
Midtown Dental Sacramento,info@midtowndentalsacramento.com,Cosmetic dentistry,Sacramento,CA,USA,https://midtowndentalsacramento.com,cold-outreach,researched,"Subject: cases, price, booking

Hi [First Name],

Your case work is good. I had to dig for it — two menus deep, on a phone, at the exact moment somebody decides to spend fifteen thousand dollars on their teeth.

One case a month lost that way costs more than a website. Several times over.

Before-and-afters up front, the range in plain numbers, financing mentioned before they ask.

Here's my offer. I'll design that page for Midtown Dental Sacramento and send it over. No charge, no meeting to get it, no invoice at the end. Keep it either way — I'd rather you saw the work than read about it.

Say yes and it's yours by Friday.

[Sender Name]
Bothmade","Subject: built it

Here it is.

A homepage built for the cosmetic patient rather than the check-up patient — cases, price, and one tap to a consult.

Static design, so nothing on it works yet. I'd rather show you the real idea than a fake demo.

One question: does a price range on the site bring you better calls or worse ones?

[Sender Name]",the cases and the price range are the two things a $15k patient wants and the two hardest things to reach,info@ on their own domain — the convention. Worth a quick check before a big send.,field-run-006;cosmetic-dentistry;CA;convention-email,75,12000,"$6,000","$22,000",06082026
Mountainwood Homes,info@mountainwoodhomes.com,Custom home building,Portland,OR,USA,https://mountainwoodhomes.com,cold-outreach,researched,"Subject: they couldn't find their house

Hi [First Name],

Your work is the sale. I looked at it the way a buyer does and there was no way to narrow it — no budget band, no style, no scope. Forty thumbnails and good luck.

That's a real project deciding you're not the one, on no evidence either way.

Sort the work the way buyers actually choose, and put the process where the fear is.

Here's my offer. I'll design that page for Mountainwood Homes and send it over. No charge, no meeting to get it, no invoice at the end. Keep it either way — I'd rather you saw the work than read about it.

Want it?

[Sender Name]
Bothmade","Subject: built it

Here it is — Mountainwood Homes, as promised.

Projects sortable the way buyers choose, and the build process laid out month by month, which is the part they're actually frightened of.

Static design, so nothing on it works yet. I'd rather show you the real idea than a fake demo.

One question: would you ever show budget bands publicly, or is that a fight with your sales process?

[Sender Name]","the portfolio is the whole sale and there is no way to sort it by budget, style or scope",info@ on their own domain — the convention. Worth a quick check before a big send.,field-run-006;custom-home-building;OR;convention-email,75,22000,"$12,000","$35,000",06082026
New Beginnings Landscape,info@newbeginningslandscapes.com,Landscape design build,Nashville,TN,USA,https://newbeginningslandscapes.com,cold-outreach,researched,"Subject: the inquiry that arrives vague

Hi [First Name],

Went through New Beginnings Landscape's work the way a homeowner commissioning a garden does. It's beautiful. It's also one long scroll — no way to narrow by style, scale or budget, and nothing about what design costs.

And the inquiries that land are vague, so the first call is about scope instead of the garden.

Projects filterable by style, scale and budget. The design process spelled out so the brief arrives specific.

Let me build it for you. A real homepage for New Beginnings Landscape, on me, before we ever talk money. If it's good you'll know in ten seconds. If it isn't, you've lost nothing.

Worth a look? One word back and I'll start.

[Sender Name]
Bothmade","Subject: New Beginnings Landscape — built it

Built it. Here.

Projects filterable by style, scale and budget band, with the design process spelled out — so the brief that reaches you already knows what it's asking for.

It's a design, not a build — nothing clicks yet. Didn't want to fake a demo.

One question: would publishing a design fee range help you or cost you?

[Sender Name]","design-led buyers choose from images and yours cannot be narrowed by style, scale or budget",info@ on their own domain — the convention. Worth a quick check before a big send.,field-run-006;landscape-design-build;TN;convention-email,75,9000,"$5,000","$16,000",06082026
Opportunity Landscapes and Nursery,info@opportunitylandscapesandnursery.com,Landscape design build,Nashville,TN,USA,https://opportunitylandscapesandnursery.com,cold-outreach,researched,"Subject: your gardens, sorted

Hi [First Name],

Your gardens are genuinely good. A design-led client chooses from images and yours can't be narrowed, so they never find the one that looks like their lot.

So the client who wanted exactly what you do never works out that you do it.

Projects filterable by style, scale and budget. The design process spelled out so the brief arrives specific.

Here's my offer. I'll design that page for Opportunity Landscapes and Nursery and send it over. No charge, no meeting to get it, no invoice at the end. Keep it either way — I'd rather you saw the work than read about it.

Want it?

[Sender Name]
Bothmade","Subject: Opportunity Landscapes and Nursery — built it

Here it is.

Projects filterable by style, scale and budget band, with the design process spelled out — so the brief that reaches you already knows what it's asking for.

Static design, so nothing on it works yet. I'd rather show you the real idea than a fake demo.

One question: would publishing a design fee range help you or cost you?

[Sender Name]","design-led buyers choose from images and yours cannot be narrowed by style, scale or budget",info@ on their own domain — the convention. Worth a quick check before a big send.,field-run-006;landscape-design-build;TN;convention-email,75,9000,"$5,000","$16,000",06082026
PINE Custom Homes,info@pinecustomhomes.com,Custom home building,Greenwich,CT,USA,https://pinecustomhomes.com,cold-outreach,researched,"Subject: the inquiry that wasted your Tuesday

Hi [First Name],

Your work is the sale. I looked at it the way a buyer does and there was no way to narrow it — no budget band, no style, no scope. Forty thumbnails and good luck.

They don't email to ask. They go and look at the builder whose site let them filter.

Portfolio filterable by budget band, style and scope. Inquiry that asks about the lot, the number and the timing.

Let me build it for you. A real homepage for PINE Custom Homes, on me, before we ever talk money. If it's good you'll know in ten seconds. If it isn't, you've lost nothing.

Worth a look? One word back and I'll start.

[Sender Name]
Bothmade","Subject: PINE Custom Homes — built it

Built it. Here.

Portfolio filterable by budget, style and scope — so a couple with a specific project finds theirs in about nine seconds. Inquiry that arrives with the lot, the number and the timing on it.

It's a design, not a build — nothing clicks yet. Didn't want to fake a demo.

One thing I'd want your answer on: what do you wish every inquiry told you before you called them back?

[Sender Name]","the portfolio is the whole sale and there is no way to sort it by budget, style or scope",info@ on their own domain — the convention. Worth a quick check before a big send.,field-run-006;custom-home-building;CT;convention-email,75,22000,"$12,000","$35,000",06082026
Park Place Spa and Body Sculpt,info@parkplacespafl.com,Med spa,Fort Lauderdale,FL,USA,https://parkplacespafl.com,cold-outreach,researched,"Subject: the booking you lost last night

Hi [First Name],

Found Park Place Spa and Body Sculpt at 9pm on my phone, the way your next client will. The reviews sold me in about forty seconds. Then the only way to book was a phone number and a front desk that shut at five.

That's the sale, right there. She books wherever the button is, and you never find out you lost her.

Booking belongs on the homepage, next to the reviews, working at midnight.

Let me build it for you. A real homepage for Park Place Spa and Body Sculpt, on me, before we ever talk money. If it's good you'll know in ten seconds. If it isn't, you've lost nothing.

Want me to build it?

[Sender Name]
Bothmade","Subject: built it

Here it is — Park Place Spa and Body Sculpt, as promised.

Booking sits on the homepage next to your reviews. Two taps to Thursday at six. That's the part your site can't do tonight.

It's a design, not a build — nothing clicks yet. Didn't want to fake a demo.

One thing I'd want your answer on: is membership what you'd push hardest here, or first-visit tox?

[Sender Name]",the reviews do the selling and the booking is a phone number that stops answering at five,info@ on their own domain — the convention. Worth a quick check before a big send.,field-run-006;med-spa;FL;convention-email,75,10000,"$5,000","$18,000",06082026
Patete Kitchen and Bath Design Center,info@patetekitchens.com,Kitchen and bath remodeling,Pittsburgh,PA,USA,https://patetekitchens.com,cold-outreach,researched,"Subject: your before-and-afters

Hi [First Name],

Your before-and-afters sell this. They're in a small gallery you can't filter, so the woman with a galley kitchen never finds your galley kitchen.

So you spend Tuesday evening quoting jobs that were never real, and the real one went to whoever answered first.

Projects filterable by room, style and budget. A form that asks about the job, so it arrives ready to quote.

Here's my offer. I'll design that page for Patete Kitchen and Bath Design Center and send it over. No charge, no meeting to get it, no invoice at the end. Keep it either way — I'd rather you saw the work than read about it.

Should I send it over?

[Sender Name]
Bothmade","Subject: built it

Here it is.

Before-and-afters filterable by room, style and budget band. The inquiry asks about the room, the scope and the timing — so it lands ready to quote instead of ready to interview.

Static design, so nothing on it works yet. I'd rather show you the real idea than a fake demo.

One question: what do you wish every inquiry told you before you called them back?

[Sender Name]",before-and-afters are what sell this and they sit in a gallery nobody can filter,info@ on their own domain — the convention. Worth a quick check before a big send.,field-run-006;kitchen-and-bath-remodeling;PA;convention-email,75,8500,"$4,000","$15,000",06082026
Pittsburgh's Best Remodeling,info@pittsburghsbestremodeling.com,Kitchen and bath remodeling,Pittsburgh,PA,USA,https://pittsburghsbestremodeling.com,cold-outreach,researched,"Subject: the tire-kicker problem

Hi [First Name],

Your before-and-afters sell this. They're in a small gallery you can't filter, so the woman with a galley kitchen never finds your galley kitchen.

So you spend Tuesday evening quoting jobs that were never real, and the real one went to whoever answered first.

Projects filterable by room, style and budget. A form that asks about the job, so it arrives ready to quote.

So here's what I'll do. I'll build Pittsburgh's Best Remodeling that homepage. Free. Not a slide, not a proposal — the actual page, designed for your business. Yours to keep whether you hire me or not.

Want me to build it?

[Sender Name]
Bothmade","Subject: built it

Here it is.

Before-and-afters filterable by room, style and budget band. The inquiry asks about the room, the scope and the timing — so it lands ready to quote instead of ready to interview.

Static design, so nothing on it works yet. I'd rather show you the real idea than a fake demo.

One question: what do you wish every inquiry told you before you called them back?

[Sender Name]",before-and-afters are what sell this and they sit in a gallery nobody can filter,info@ on their own domain — the convention. Worth a quick check before a big send.,field-run-006;kitchen-and-bath-remodeling;PA;convention-email,75,8500,"$4,000","$15,000",06082026
Plant Source Landscape and Restorations,info@plantsourcefl.com,Landscape design build,Sarasota,FL,USA,https://plantsourcefl.com,cold-outreach,researched,"Subject: your gardens, sorted

Hi [First Name],

Went through Plant Source Landscape and Restorations' work the way a homeowner commissioning a garden does. It's beautiful. It's also one long scroll — no way to narrow by style, scale or budget, and nothing about what design costs.

And the inquiries that land are vague, so the first call is about scope instead of the garden.

Projects filterable by style, scale and budget. The design process spelled out so the brief arrives specific.

Let me build it for you. A real homepage for Plant Source Landscape and Restorations, on me, before we ever talk money. If it's good you'll know in ten seconds. If it isn't, you've lost nothing.

Want me to build it?

[Sender Name]
Bothmade","Subject: Plant Source Landscape and Restorations — built it

Built it. Here.

Projects filterable by style, scale and budget band, with the design process spelled out — so the brief that reaches you already knows what it's asking for.

It's a design, not a build — nothing clicks yet. Didn't want to fake a demo.

One question: would publishing a design fee range help you or cost you?

[Sender Name]","design-led buyers choose from images and yours cannot be narrowed by style, scale or budget",info@ on their own domain — the convention. Worth a quick check before a big send.,field-run-006;landscape-design-build;FL;convention-email,75,9000,"$5,000","$16,000",06082026
Pools R Us,info@poolsrusllc.com,Pool building,Las Vegas,NV,USA,https://poolsrusllc.com,cold-outreach,researched,"Subject: your build gallery

Hi [First Name],

Looked at Pools R Us the way a homeowner in Las Vegas does — trying to find a build that looks like my backyard, at roughly my number. One long scroll, no way to narrow it, no price anywhere.

That's a ninety-thousand-dollar build going to the company that answered the money question first.

Gallery filterable by size, style and budget. A starting number said out loud.

Let me build it for you. A real homepage for Pools R Us, on me, before we ever talk money. If it's good you'll know in ten seconds. If it isn't, you've lost nothing.

Worth a look? One word back and I'll start.

[Sender Name]
Bothmade","Subject: here it is

Here it is.

Builds filterable by size, style and budget band, with a starting range stated plainly and a timeline from signing to swimming.

It's a design, not a build — nothing clicks yet. Didn't want to fake a demo.

One question: would you publish a starting price, or does that cost you more than it wins?

[Sender Name]","the gallery cannot be sorted, so nobody finds a build that looks like their own yard",info@ on their own domain — the convention. Worth a quick check before a big send.,field-run-006;pool-building;NV;convention-email,75,10000,"$5,000","$18,000",06082026
Puryear Custom Pools,info@puryearpools.com,Pool building,Fort Worth,TX,USA,https://puryearpools.com,cold-outreach,researched,"Subject: sorting your pools

Hi [First Name],

Looked at Puryear Custom Pools the way a homeowner in Fort Worth does — trying to find a build that looks like my backyard, at roughly my number. One long scroll, no way to narrow it, no price anywhere.

That's a ninety-thousand-dollar build going to the company that answered the money question first.

Gallery filterable by size, style and budget. A starting number said out loud.

I'd like to build it and show you. One homepage, designed for Puryear Custom Pools, free. Not a template with your logo on it. The real thing, and it's yours whether we work together or not.

Want me to build it?

[Sender Name]
Bothmade","Subject: built it

Here it is — Puryear Custom Pools, as promised.

Builds filterable by size, style and budget band, with a starting range stated plainly and a timeline from signing to swimming.

It's a design, not a build — nothing clicks yet. Didn't want to fake a demo.

One question: would you publish a starting price, or does that cost you more than it wins?

[Sender Name]","the gallery cannot be sorted, so nobody finds a build that looks like their own yard",info@ on their own domain — the convention. Worth a quick check before a big send.,field-run-006;pool-building;TX;convention-email,75,10000,"$5,000","$18,000",06082026
Refresh Pools AZ,info@refreshpoolsaz.com,Pool building,Phoenix,AZ,USA,https://refreshpoolsaz.com,cold-outreach,researched,"Subject: what does one like mine cost

Hi [First Name],

Your builds look excellent. I went looking for one like mine and scrolled past sixty that weren't. Then couldn't find a starting number.

So they call whoever showed them a pool like theirs, with a number attached.

Gallery filterable by size, style and budget. A starting number said out loud.

Here's my offer. I'll design that page for Refresh Pools AZ and send it over. No charge, no meeting to get it, no invoice at the end. Keep it either way — I'd rather you saw the work than read about it.

Should I send it over?

[Sender Name]
Bothmade","Subject: built it

Here it is — Refresh Pools AZ, as promised.

Builds filterable by size, style and budget band, with a starting range stated plainly and a timeline from signing to swimming.

Static design, so nothing on it works yet. I'd rather show you the real idea than a fake demo.

One question: would you publish a starting price, or does that cost you more than it wins?

[Sender Name]","the gallery cannot be sorted, so nobody finds a build that looks like their own yard",info@ on their own domain — the convention. Worth a quick check before a big send.,field-run-006;pool-building;AZ;convention-email,75,10000,"$5,000","$18,000",06082026
RenewMD Medical Spa,info@renewmd.com,Med spa,Reno,NV,USA,https://renewmd.com,cold-outreach,researched,"Subject: the booking you lost last night

Hi [First Name],

Looked you up the way a new client does — evening, phone, already decided she wants tox, just picking where. RenewMD Medical Spa won on reviews. Then booking meant calling in the morning.

A booking a night walks that way. Silently. No missed call, no voicemail, nothing to review on Monday.

Booking belongs on the homepage, next to the reviews, working at midnight.

Let me build it for you. A real homepage for RenewMD Medical Spa, on me, before we ever talk money. If it's good you'll know in ten seconds. If it isn't, you've lost nothing.

Say yes and it's yours by Friday.

[Sender Name]
Bothmade","Subject: built it

Built it. Here.

Booking sits on the homepage next to your reviews. Two taps to Thursday at six. That's the part your site can't do tonight.

It's a design, not a build — nothing clicks yet. Didn't want to fake a demo.

One thing I'd want your answer on: is membership what you'd push hardest here, or first-visit tox?

[Sender Name]",the reviews do the selling and the booking is a phone number that stops answering at five,info@ on their own domain — the convention. Worth a quick check before a big send.,field-run-006;med-spa;NV;convention-email,75,10000,"$5,000","$18,000",06082026
Reno Tahoe Medical Spa,info@renotahoemedicalspa.com,Med spa,Reno,NV,USA,https://renotahoemedicalspa.com,cold-outreach,researched,"Subject: reviews vs booking button

Hi [First Name],

Looked you up the way a new client does — evening, phone, already decided she wants tox, just picking where. Reno Tahoe Medical Spa won on reviews. Then booking meant calling in the morning.

A booking a night walks that way. Silently. No missed call, no voicemail, nothing to review on Monday.

Treatments priced, bookable in two taps, reviews right beside them.

Here's my offer. I'll design that page for Reno Tahoe Medical Spa and send it over. No charge, no meeting to get it, no invoice at the end. Keep it either way — I'd rather you saw the work than read about it.

Want me to build it?

[Sender Name]
Bothmade","Subject: here it is

Here it is.

Treatments priced, bookable in two taps, reviews doing the closing right beside them. Memberships obvious instead of three pages deep.

Static design, so nothing on it works yet. I'd rather show you the real idea than a fake demo.

One question: would you let a new client book without a consult call first?

[Sender Name]",the reviews do the selling and the booking is a phone number that stops answering at five,info@ on their own domain — the convention. Worth a quick check before a big send.,field-run-006;med-spa;NV;convention-email,75,10000,"$5,000","$18,000",06082026
River West Dental Care,info@riverwestdentalcare.com,Cosmetic dentistry,West Sacramento,CA,USA,https://riverwestdentalcare.com,cold-outreach,researched,"Subject: your veneer cases

Hi [First Name],

Your case work is good. I had to dig for it — two menus deep, on a phone, at the exact moment somebody decides to spend fifteen thousand dollars on their teeth.

One case a month lost that way costs more than a website. Several times over.

Before-and-afters up front, the range in plain numbers, financing mentioned before they ask.

So here's what I'll do. I'll build River West Dental Care that homepage. Free. Not a slide, not a proposal — the actual page, designed for your business. Yours to keep whether you hire me or not.

Want it?

[Sender Name]
Bothmade","Subject: here it is

Built it. Here.

A homepage built for the cosmetic patient rather than the check-up patient — cases, price, and one tap to a consult.

Static design, so nothing on it works yet. I'd rather show you the real idea than a fake demo.

One question: does a price range on the site bring you better calls or worse ones?

[Sender Name]",the cases and the price range are the two things a $15k patient wants and the two hardest things to reach,info@ on their own domain — the convention. Worth a quick check before a big send.,field-run-006;cosmetic-dentistry;CA;convention-email,75,12000,"$6,000","$22,000",06082026
Robertson Pools,info@robertsonpools.com,Pool building,Fort Worth,TX,USA,https://robertsonpools.com,cold-outreach,researched,"Subject: what does one like mine cost

Hi [First Name],

Your builds look excellent. I went looking for one like mine and scrolled past sixty that weren't. Then couldn't find a starting number.

So they call whoever showed them a pool like theirs, with a number attached.

Gallery filterable by size, style and budget. A starting number said out loud.

Here's my offer. I'll design that page for Robertson Pools and send it over. No charge, no meeting to get it, no invoice at the end. Keep it either way — I'd rather you saw the work than read about it.

Say yes and it's yours by Friday.

[Sender Name]
Bothmade","Subject: here it is

Here it is — Robertson Pools, as promised.

Builds filterable by size, style and budget band, with a starting range stated plainly and a timeline from signing to swimming.

Static design, so nothing on it works yet. I'd rather show you the real idea than a fake demo.

One question: would you publish a starting price, or does that cost you more than it wins?

[Sender Name]","the gallery cannot be sorted, so nobody finds a build that looks like their own yard",info@ on their own domain — the convention. Worth a quick check before a big send.,field-run-006;pool-building;TX;convention-email,75,10000,"$5,000","$18,000",06082026
Ruther Family Dentistry,info@rutherdentistry.com,Cosmetic dentistry,Cincinnati,OH,USA,https://rutherdentistry.com,cold-outreach,researched,"Subject: cases, price, booking

Hi [First Name],

A smile-makeover patient researches for months, alone, at night, on a phone. I did that to Ruther Family Dentistry. Got as far as a phone number and a form.

They don't call in the morning. They keep scrolling and someone else does the case.

Before-and-afters up front, the range in plain numbers, financing mentioned before they ask.

Here's my offer. I'll design that page for Ruther Family Dentistry and send it over. No charge, no meeting to get it, no invoice at the end. Keep it either way — I'd rather you saw the work than read about it.

Want me to build it?

[Sender Name]
Bothmade","Subject: here it is

Built it. Here.

A homepage built for the cosmetic patient rather than the check-up patient — cases, price, and one tap to a consult.

Static design, so nothing on it works yet. I'd rather show you the real idea than a fake demo.

One question: does a price range on the site bring you better calls or worse ones?

[Sender Name]",the cases and the price range are the two things a $15k patient wants and the two hardest things to reach,info@ on their own domain — the convention. Worth a quick check before a big send.,field-run-006;cosmetic-dentistry;OH;convention-email,75,12000,"$6,000","$22,000",06082026
Sarasota Landscapers,info@sarasota-landscape.com,Landscape design build,Sarasota,FL,USA,https://sarasota-landscape.com,cold-outreach,researched,"Subject: design fee, unsaid

Hi [First Name],

Your gardens are genuinely good. A design-led client chooses from images and yours can't be narrowed, so they never find the one that looks like their lot.

So the client who wanted exactly what you do never works out that you do it.

Projects filterable by style, scale and budget. The design process spelled out so the brief arrives specific.

So here's what I'll do. I'll build Sarasota Landscapers that homepage. Free. Not a slide, not a proposal — the actual page, designed for your business. Yours to keep whether you hire me or not.

Worth a look? One word back and I'll start.

[Sender Name]
Bothmade","Subject: here it is

Here it is.

Projects filterable by style, scale and budget band, with the design process spelled out — so the brief that reaches you already knows what it's asking for.

Static design, so nothing on it works yet. I'd rather show you the real idea than a fake demo.

One question: would publishing a design fee range help you or cost you?

[Sender Name]","design-led buyers choose from images and yours cannot be narrowed by style, scale or budget",info@ on their own domain — the convention. Worth a quick check before a big send.,field-run-006;landscape-design-build;FL;convention-email,75,9000,"$5,000","$16,000",06082026
Sarasota Landscaping Inc,info@sarasotalandscaping.com,Landscape design build,Sarasota,FL,USA,https://sarasotalandscaping.com,cold-outreach,researched,"Subject: design fee, unsaid

Hi [First Name],

Your gardens are genuinely good. A design-led client chooses from images and yours can't be narrowed, so they never find the one that looks like their lot.

So the client who wanted exactly what you do never works out that you do it.

Projects filterable by style, scale and budget. The design process spelled out so the brief arrives specific.

So here's what I'll do. I'll build Sarasota Landscaping Inc that homepage. Free. Not a slide, not a proposal — the actual page, designed for your business. Yours to keep whether you hire me or not.

Want it?

[Sender Name]
Bothmade","Subject: here it is

Here it is — Sarasota Landscaping Inc, as promised.

Projects filterable by style, scale and budget band, with the design process spelled out — so the brief that reaches you already knows what it's asking for.

Static design, so nothing on it works yet. I'd rather show you the real idea than a fake demo.

One question: would publishing a design fee range help you or cost you?

[Sender Name]","design-led buyers choose from images and yours cannot be narrowed by style, scale or budget",info@ on their own domain — the convention. Worth a quick check before a big send.,field-run-006;landscape-design-build;FL;convention-email,75,9000,"$5,000","$16,000",06082026
Sarasota Landscaping and Design,info@sarasotalandscapingdesign.com,Landscape design build,Sarasota,FL,USA,https://sarasotalandscapingdesign.com,cold-outreach,researched,"Subject: design fee, unsaid

Hi [First Name],

Went through Sarasota Landscaping and Design's work the way a homeowner commissioning a garden does. It's beautiful. It's also one long scroll — no way to narrow by style, scale or budget, and nothing about what design costs.

And the inquiries that land are vague, so the first call is about scope instead of the garden.

Projects filterable by style, scale and budget. The design process spelled out so the brief arrives specific.

Let me build it for you. A real homepage for Sarasota Landscaping and Design, on me, before we ever talk money. If it's good you'll know in ten seconds. If it isn't, you've lost nothing.

Say yes and it's yours by Friday.

[Sender Name]
Bothmade","Subject: Sarasota Landscaping and Design — built it

Here it is.

Projects filterable by style, scale and budget band, with the design process spelled out — so the brief that reaches you already knows what it's asking for.

It's a design, not a build — nothing clicks yet. Didn't want to fake a demo.

One question: would publishing a design fee range help you or cost you?

[Sender Name]","design-led buyers choose from images and yours cannot be narrowed by style, scale or budget",info@ on their own domain — the convention. Worth a quick check before a big send.,field-run-006;landscape-design-build;FL;convention-email,75,9000,"$5,000","$16,000",06082026
Schmidt Family DDS,info@schmidtfamilydds.com,Cosmetic dentistry,Cincinnati,OH,USA,https://schmidtfamilydds.com,cold-outreach,researched,"Subject: one case a month

Hi [First Name],

A smile-makeover patient researches for months, alone, at night, on a phone. I did that to Schmidt Family DDS. Got as far as a phone number and a form.

That's the biggest case of the month deciding not to call you.

Cases first, filterable, a price range said out loud, and a booking that works at 9pm.

I'd like to build it and show you. One homepage, designed for Schmidt Family DDS, free. Not a template with your logo on it. The real thing, and it's yours whether we work together or not.

Should I send it over?

[Sender Name]
Bothmade","Subject: built it

Here it is — Schmidt Family DDS, as promised.

Cases at the top, filterable by treatment. The range stated in real numbers. Booking that doesn't need your front desk awake.

It's a design, not a build — nothing clicks yet. Didn't want to fake a demo.

One thing I'd want your read on: veneers or implants — which pays you better?

[Sender Name]",the cases and the price range are the two things a $15k patient wants and the two hardest things to reach,info@ on their own domain — the convention. Worth a quick check before a big send.,field-run-006;cosmetic-dentistry;OH;convention-email,75,12000,"$6,000","$22,000",06082026
Scottsdale Landscape LLC,info@scottsdalelandscapellc.com,Landscape design build,Scottsdale,AZ,USA,https://scottsdalelandscapellc.com,cold-outreach,researched,"Subject: design fee, unsaid

Hi [First Name],

Your gardens are genuinely good. A design-led client chooses from images and yours can't be narrowed, so they never find the one that looks like their lot.

So the client who wanted exactly what you do never works out that you do it.

Projects filterable by style, scale and budget. The design process spelled out so the brief arrives specific.

Here's my offer. I'll design that page for Scottsdale Landscape LLC and send it over. No charge, no meeting to get it, no invoice at the end. Keep it either way — I'd rather you saw the work than read about it.

Want me to build it?

[Sender Name]
Bothmade","Subject: Scottsdale Landscape LLC — built it

Here it is.

Projects filterable by style, scale and budget band, with the design process spelled out — so the brief that reaches you already knows what it's asking for.

Static design, so nothing on it works yet. I'd rather show you the real idea than a fake demo.

One question: would publishing a design fee range help you or cost you?

[Sender Name]","design-led buyers choose from images and yours cannot be narrowed by style, scale or budget",info@ on their own domain — the convention. Worth a quick check before a big send.,field-run-006;landscape-design-build;AZ;convention-email,75,9000,"$5,000","$16,000",06082026
Scottsdale Landscaping,info@scottsdalelandscaping.net,Landscape design build,Scottsdale,AZ,USA,https://scottsdalelandscaping.net,cold-outreach,researched,"Subject: the inquiry that arrives vague

Hi [First Name],

Your gardens are genuinely good. A design-led client chooses from images and yours can't be narrowed, so they never find the one that looks like their lot.

So the client who wanted exactly what you do never works out that you do it.

Projects filterable by style, scale and budget. The design process spelled out so the brief arrives specific.

So here's what I'll do. I'll build Scottsdale Landscaping that homepage. Free. Not a slide, not a proposal — the actual page, designed for your business. Yours to keep whether you hire me or not.

Should I send it over?

[Sender Name]
Bothmade","Subject: Scottsdale Landscaping — built it

Here it is — Scottsdale Landscaping, as promised.

Projects filterable by style, scale and budget band, with the design process spelled out — so the brief that reaches you already knows what it's asking for.

Static design, so nothing on it works yet. I'd rather show you the real idea than a fake demo.

One question: would publishing a design fee range help you or cost you?

[Sender Name]","design-led buyers choose from images and yours cannot be narrowed by style, scale or budget",info@ on their own domain — the convention. Worth a quick check before a big send.,field-run-006;landscape-design-build;AZ;convention-email,75,9000,"$5,000","$16,000",06082026
Shertok Smiles,info@shertoksmiles.com,Cosmetic dentistry,Cincinnati,OH,USA,https://shertoksmiles.com,cold-outreach,researched,"Subject: one case a month

Hi [First Name],

Went looking for veneers in Cincinnati the way a patient does. Nine at night, on a phone, three years of putting it off. Found Shertok Smiles. Couldn't find a case that looked like mine, couldn't find a price, couldn't book.

One case a month lost that way costs more than a website. Several times over.

Cases first, filterable, a price range said out loud, and a booking that works at 9pm.

Let me build it for you. A real homepage for Shertok Smiles, on me, before we ever talk money. If it's good you'll know in ten seconds. If it isn't, you've lost nothing.

Worth a look? One word back and I'll start.

[Sender Name]
Bothmade","Subject: here it is

Here it is — Shertok Smiles, as promised.

Cases at the top, filterable by treatment. The range stated in real numbers. Booking that doesn't need your front desk awake.

It's a design, not a build — nothing clicks yet. Didn't want to fake a demo.

One thing I'd want your read on: veneers or implants — which pays you better?

[Sender Name]",the cases and the price range are the two things a $15k patient wants and the two hardest things to reach,info@ on their own domain — the convention. Worth a quick check before a big send.,field-run-006;cosmetic-dentistry;OH;convention-email,75,12000,"$6,000","$22,000",06082026
Sho-Pro of Indiana,info@sho-proinc.com,Kitchen and bath remodeling,Indianapolis,IN,USA,https://sho-proinc.com,cold-outreach,researched,"Subject: your before-and-afters

Hi [First Name],

Your before-and-afters sell this. They're in a small gallery you can't filter, so the woman with a galley kitchen never finds your galley kitchen.

So you spend Tuesday evening quoting jobs that were never real, and the real one went to whoever answered first.

Projects filterable by room, style and budget. A form that asks about the job, so it arrives ready to quote.

Here's my offer. I'll design that page for Sho-Pro of Indiana and send it over. No charge, no meeting to get it, no invoice at the end. Keep it either way — I'd rather you saw the work than read about it.

Should I send it over?

[Sender Name]
Bothmade","Subject: here it is

Built it. Here.

Before-and-afters filterable by room, style and budget band. The inquiry asks about the room, the scope and the timing — so it lands ready to quote instead of ready to interview.

Static design, so nothing on it works yet. I'd rather show you the real idea than a fake demo.

One question: what do you wish every inquiry told you before you called them back?

[Sender Name]",before-and-afters are what sell this and they sit in a gallery nobody can filter,info@ on their own domain — the convention. Worth a quick check before a big send.,field-run-006;kitchen-and-bath-remodeling;IN;convention-email,75,8500,"$4,000","$15,000",06082026
Signature Smiles Greenville,info@signaturesmilesgreenville.com,Cosmetic dentistry,Greenville,SC,USA,https://signaturesmilesgreenville.com,cold-outreach,researched,"Subject: one case a month

Hi [First Name],

A smile-makeover patient researches for months, alone, at night, on a phone. I did that to Signature Smiles Greenville. Got as far as a phone number and a form.

That's the biggest case of the month deciding not to call you.

Cases first, filterable, a price range said out loud, and a booking that works at 9pm.

I'd like to build it and show you. One homepage, designed for Signature Smiles Greenville, free. Not a template with your logo on it. The real thing, and it's yours whether we work together or not.

Say yes and it's yours by Friday.

[Sender Name]
Bothmade","Subject: built it

Here it is.

Cases at the top, filterable by treatment. The range stated in real numbers. Booking that doesn't need your front desk awake.

It's a design, not a build — nothing clicks yet. Didn't want to fake a demo.

One thing I'd want your read on: veneers or implants — which pays you better?

[Sender Name]",the cases and the price range are the two things a $15k patient wants and the two hardest things to reach,info@ on their own domain — the convention. Worth a quick check before a big send.,field-run-006;cosmetic-dentistry;SC;convention-email,75,12000,"$6,000","$22,000",06082026
