company,email,painPoints,painPoint1,painPoint2,painPoint3,essentialPoint1,essentialPoint2,essentialPoint3,upsellPoint1,upsellPoint2
12 Oaks Dental,,"no-booking,not-mobile-friendly,outdated-design","Case work buried: a smile-makeover patient researches for months alone at night, and the before-and-afters are two menus deep.",No price range anywhere: the biggest case of the month wants a number before they will pick up the phone.,Booking that needs the front desk awake: the consult request that would have come in at nine at night never comes in at all.,"Case gallery up front: filterable by treatment, sized for a phone.","A price range said out loud: in real numbers, with financing mentioned before they ask.",Consult booking on the same screen: not behind a form that goes to an inbox.,Financing pre-qualification: the objection handled before the call.,"Automated recall and reactivation: the patients you already have, coming back."
41 West,info@41west.com,"not-mobile-friendly,outdated-design,weak-branding",The portfolio is the entire sale and it is presented badly: a phone-sized gallery of finished homes is what wins a build.,No price band anywhere: a client with a budget cannot tell whether you are their builder or twice their budget.,"Nothing about how the process works: the fear with a custom build is the unknown, not the price.","Portfolio built for a phone: full-bleed, fast, filterable by style and size.","A price band stated out loud: per square foot or per project, so the wrong enquiries stop.",The process explained: what happens between the first meeting and the keys.,Client build portal: selections and progress without the weekly phone call.,Land and lot listings: the enquiry that starts before there is a plan.
4Ever Young Med Spa & Wellness,,"no-booking,not-mobile-friendly,outdated-design","No booking after hours: the decision to book happens at nine at night on a phone, and the only way in is a front desk that shut at five.","Treatments with no prices: she has to ring and ask what tox costs, which is the one call a first-timer will not make.",Reviews doing the selling on the wrong page: the thing that closes her is two clicks from where she lands.,"Booking on the homepage: live at midnight, two taps, no phone call.",Treatment menu with prices: stated plainly so nobody has to ring to find out.,Reviews beside the booking button: the proof and the action on one screen.,Membership signup online: recurring revenue that does not need the front desk.,Automated reminders and rebooking: fewer no-shows without anybody chasing.
61Five Health & Wellness,,"no-booking,not-mobile-friendly,outdated-design","No booking after hours: the decision to book happens at nine at night on a phone, and the only way in is a front desk that shut at five.","Treatments with no prices: she has to ring and ask what tox costs, which is the one call a first-timer will not make.",Reviews doing the selling on the wrong page: the thing that closes her is two clicks from where she lands.,"Booking on the homepage: live at midnight, two taps, no phone call.",Treatment menu with prices: stated plainly so nobody has to ring to find out.,Reviews beside the booking button: the proof and the action on one screen.,Membership signup online: recurring revenue that does not need the front desk.,Automated reminders and rebooking: fewer no-shows without anybody chasing.
A1 Building Concepts,,"not-mobile-friendly,outdated-design,no-booking",Before-and-afters are the whole pitch and they are hard to reach: a remodel is bought with the eyes.,No budget guidance at all: every enquiry starts with a conversation about whether they can afford you.,No way to book a consultation: the form goes to an inbox and the momentum dies over the weekend.,"Before-and-after galleries by room: sized for a phone, quick to scroll.","Budget ranges stated: typical spend for a kitchen and for a bath, plainly.",Consultation booking online: while they are still looking at the photos.,"Design questionnaire before the visit: a shorter, better first meeting.",Financing pre-qualification: the objection handled before you drive out there.
AIR Kitchen and Bath,info@airkitchenandbath.com,"not-mobile-friendly,outdated-design,no-booking",Before-and-afters are the whole pitch and they are hard to reach: a remodel is bought with the eyes.,No budget guidance at all: every enquiry starts with a conversation about whether they can afford you.,No way to book a consultation: the form goes to an inbox and the momentum dies over the weekend.,"Before-and-after galleries by room: sized for a phone, quick to scroll.","Budget ranges stated: typical spend for a kitchen and for a bath, plainly.",Consultation booking online: while they are still looking at the photos.,"Design questionnaire before the visit: a shorter, better first meeting.",Financing pre-qualification: the objection handled before you drive out there.
Advanced Fertility Center of Chicago,info@advancedfertility.com,"no-booking,not-mobile-friendly,outdated-design",Success rates hard to find: it is the only number a patient is actually comparing you on.,"Costs not stated: the single biggest source of anxiety, left to a phone call they are afraid to make.","Consult booking behind a form: read on Monday, by which point they have booked elsewhere.","Success rates stated plainly: by age band, where a patient can find them.","Costs and financing up front: what a cycle runs to, said out loud.",Consult booking online: at the hour people actually research this.,Patient portal: paperwork and results without the phone tag.,Automated nurture for enquiries: the months between first look and first cycle.
Aeris Plastic Surgery,info@aeris.co,"no-booking,not-mobile-friendly,outdated-design",The gallery is the whole sale and it is buried: results sit three taps deep in a viewer that fights a phone.,"Consult requests only in office hours: the decision is live for about four minutes, at eleven at night.","Nothing filterable by procedure: she wants her procedure, on her body type, and gets a slideshow.","Results first: filterable by procedure, built for a phone because that is the device.","Consult request on every screen: no phone call, no waiting for Monday.","Procedure pages that answer the real questions: recovery, cost, who is a candidate.","Virtual consult booking: a paid consult taken online, before they cool off.",Financing pre-qualification: the objection handled before the call.
Aesthetica Med Spa,,"no-booking,not-mobile-friendly,outdated-design","No booking after hours: the decision to book happens at nine at night on a phone, and the only way in is a front desk that shut at five.","Treatments with no prices: she has to ring and ask what tox costs, which is the one call a first-timer will not make.",Reviews doing the selling on the wrong page: the thing that closes her is two clicks from where she lands.,"Booking on the homepage: live at midnight, two taps, no phone call.",Treatment menu with prices: stated plainly so nobody has to ring to find out.,Reviews beside the booking button: the proof and the action on one screen.,Membership signup online: recurring revenue that does not need the front desk.,Automated reminders and rebooking: fewer no-shows without anybody chasing.
Alair Homes Dallas,,"not-mobile-friendly,outdated-design,weak-branding",The portfolio is the entire sale and it is presented badly: a phone-sized gallery of finished homes is what wins a build.,No price band anywhere: a client with a budget cannot tell whether you are their builder or twice their budget.,"Nothing about how the process works: the fear with a custom build is the unknown, not the price.","Portfolio built for a phone: full-bleed, fast, filterable by style and size.","A price band stated out loud: per square foot or per project, so the wrong enquiries stop.",The process explained: what happens between the first meeting and the keys.,Client build portal: selections and progress without the weekly phone call.,Land and lot listings: the enquiry that starts before there is a plan.
Alani Skin MD,,"no-booking,not-mobile-friendly,outdated-design","No booking after hours: the decision to book happens at nine at night on a phone, and the only way in is a front desk that shut at five.","Treatments with no prices: she has to ring and ask what tox costs, which is the one call a first-timer will not make.",Reviews doing the selling on the wrong page: the thing that closes her is two clicks from where she lands.,"Booking on the homepage: live at midnight, two taps, no phone call.",Treatment menu with prices: stated plainly so nobody has to ring to find out.,Reviews beside the booking button: the proof and the action on one screen.,Membership signup online: recurring revenue that does not need the front desk.,Automated reminders and rebooking: fewer no-shows without anybody chasing.
Alford Homes,info@alfordhomes.com,"not-mobile-friendly,outdated-design,weak-branding",The portfolio is the entire sale and it is presented badly: a phone-sized gallery of finished homes is what wins a build.,No price band anywhere: a client with a budget cannot tell whether you are their builder or twice their budget.,"Nothing about how the process works: the fear with a custom build is the unknown, not the price.","Portfolio built for a phone: full-bleed, fast, filterable by style and size.","A price band stated out loud: per square foot or per project, so the wrong enquiries stop.",The process explained: what happens between the first meeting and the keys.,Client build portal: selections and progress without the weekly phone call.,Land and lot listings: the enquiry that starts before there is a plan.
Alpers Family & Cosmetic Dentistry,info@alpersdentistry.com,"no-booking,not-mobile-friendly,outdated-design","Case work buried: a smile-makeover patient researches for months alone at night, and the before-and-afters are two menus deep.",No price range anywhere: the biggest case of the month wants a number before they will pick up the phone.,Booking that needs the front desk awake: the consult request that would have come in at nine at night never comes in at all.,"Case gallery up front: filterable by treatment, sized for a phone.","A price range said out loud: in real numbers, with financing mentioned before they ask.",Consult booking on the same screen: not behind a form that goes to an inbox.,Financing pre-qualification: the objection handled before the call.,"Automated recall and reactivation: the patients you already have, coming back."
Alterra Landscape Design,info@alterradesignllc.com,"not-mobile-friendly,outdated-design,weak-branding",The portfolio does not look like the work: high-end landscape is bought on images and the images are small and slow.,No project budget guidance: the difference between a planting plan and a full build is fifty thousand dollars and the site says neither.,No way to start a conversation properly: a contact form for a six-figure project.,"Portfolio that does the work justice: large, fast, phone-first, by project type.",Project budget bands stated: so the enquiries match the work you want.,Consultation booking with the right questions asked up front.,Design package sold online: a paid first step that qualifies hard.,Maintenance contracts online: recurring revenue off the builds you already did.
Amaka Aesthetics,,"no-booking,not-mobile-friendly,outdated-design","No booking after hours: the decision to book happens at nine at night on a phone, and the only way in is a front desk that shut at five.","Treatments with no prices: she has to ring and ask what tox costs, which is the one call a first-timer will not make.",Reviews doing the selling on the wrong page: the thing that closes her is two clicks from where she lands.,"Booking on the homepage: live at midnight, two taps, no phone call.",Treatment menu with prices: stated plainly so nobody has to ring to find out.,Reviews beside the booking button: the proof and the action on one screen.,Membership signup online: recurring revenue that does not need the front desk.,Automated reminders and rebooking: fewer no-shows without anybody chasing.
Angel Reyes & Associates,,"not-mobile-friendly,outdated-design,poor-seo",Case results not up front: the only thing that separates you from the firm advertising on the same billboard.,No way to make contact at the hour it happens: an accident is not a nine-to-five event.,The site fights a phone: which is the only device somebody in a hospital bed has.,"Case results and settlements front and centre: real numbers, real cases.","Contact that works at any hour: click to call, text, and a form that gets answered.",Built for a phone first: because that is where every one of these enquiries starts.,Intake automation: qualifying the enquiry before it reaches a paralegal.,Local landing pages by practice area: the searches you are currently invisible for.
Ann Webb Skin Clinic,,"no-booking,not-mobile-friendly,outdated-design","No booking after hours: the decision to book happens at nine at night on a phone, and the only way in is a front desk that shut at five.","Treatments with no prices: she has to ring and ask what tox costs, which is the one call a first-timer will not make.",Reviews doing the selling on the wrong page: the thing that closes her is two clicks from where she lands.,"Booking on the homepage: live at midnight, two taps, no phone call.",Treatment menu with prices: stated plainly so nobody has to ring to find out.,Reviews beside the booking button: the proof and the action on one screen.,Membership signup online: recurring revenue that does not need the front desk.,Automated reminders and rebooking: fewer no-shows without anybody chasing.
Anthony & Sylvan Pools,info@anthonysylvan.com,"not-mobile-friendly,outdated-design,weak-branding",The build gallery is what sells and it is buried: nobody buys a pool from a spec list.,No price band anywhere: a homeowner has no idea whether you build forty-thousand pools or hundred-and-forty.,"A season-long sales cycle with nothing to hold the enquiry: they look in February and buy in May, from whoever stayed in front of them.","Build gallery front and centre: full-bleed, phone-first, filterable by style.",A starting price said out loud: so the enquiries you get are ones you want.,Consultation booking online: at the hour people daydream about this.,Design visualiser or 3D walkthrough: the thing that closes the February looker.,Service and maintenance signup: revenue after the build is paid for.
Apex Homes,,"not-mobile-friendly,outdated-design,weak-branding",The portfolio is the entire sale and it is presented badly: a phone-sized gallery of finished homes is what wins a build.,No price band anywhere: a client with a budget cannot tell whether you are their builder or twice their budget.,"Nothing about how the process works: the fear with a custom build is the unknown, not the price.","Portfolio built for a phone: full-bleed, fast, filterable by style and size.","A price band stated out loud: per square foot or per project, so the wrong enquiries stop.",The process explained: what happens between the first meeting and the keys.,Client build portal: selections and progress without the weekly phone call.,Land and lot listings: the enquiry that starts before there is a plan.
AquaPools,,"not-mobile-friendly,outdated-design,weak-branding",The build gallery is what sells and it is buried: nobody buys a pool from a spec list.,No price band anywhere: a homeowner has no idea whether you build forty-thousand pools or hundred-and-forty.,"A season-long sales cycle with nothing to hold the enquiry: they look in February and buy in May, from whoever stayed in front of them.","Build gallery front and centre: full-bleed, phone-first, filterable by style.",A starting price said out loud: so the enquiries you get are ones you want.,Consultation booking online: at the hour people daydream about this.,Design visualiser or 3D walkthrough: the thing that closes the February looker.,Service and maintenance signup: revenue after the build is paid for.
Aquatic Pools and Spas,info@aquaticpoolaz.com,"not-mobile-friendly,outdated-design,weak-branding",The build gallery is what sells and it is buried: nobody buys a pool from a spec list.,No price band anywhere: a homeowner has no idea whether you build forty-thousand pools or hundred-and-forty.,"A season-long sales cycle with nothing to hold the enquiry: they look in February and buy in May, from whoever stayed in front of them.","Build gallery front and centre: full-bleed, phone-first, filterable by style.",A starting price said out loud: so the enquiries you get are ones you want.,Consultation booking online: at the hour people daydream about this.,Design visualiser or 3D walkthrough: the thing that closes the February looker.,Service and maintenance signup: revenue after the build is paid for.
Arcadia Custom Builders,info@arcadiabuildersllc.com,"not-mobile-friendly,outdated-design,weak-branding",The portfolio is the entire sale and it is presented badly: a phone-sized gallery of finished homes is what wins a build.,No price band anywhere: a client with a budget cannot tell whether you are their builder or twice their budget.,"Nothing about how the process works: the fear with a custom build is the unknown, not the price.","Portfolio built for a phone: full-bleed, fast, filterable by style and size.","A price band stated out loud: per square foot or per project, so the wrong enquiries stop.",The process explained: what happens between the first meeting and the keys.,Client build portal: selections and progress without the weekly phone call.,Land and lot listings: the enquiry that starts before there is a plan.
Arizona Injury Law Group,,"not-mobile-friendly,outdated-design,poor-seo",Case results not up front: the only thing that separates you from the firm advertising on the same billboard.,No way to make contact at the hour it happens: an accident is not a nine-to-five event.,The site fights a phone: which is the only device somebody in a hospital bed has.,"Case results and settlements front and centre: real numbers, real cases.","Contact that works at any hour: click to call, text, and a form that gets answered.",Built for a phone first: because that is where every one of these enquiries starts.,Intake automation: qualifying the enquiry before it reaches a paralegal.,Local landing pages by practice area: the searches you are currently invisible for.
Ary Krau MD,info@arykraumd.com,"no-booking,not-mobile-friendly,outdated-design",The gallery is the whole sale and it is buried: results sit three taps deep in a viewer that fights a phone.,"Consult requests only in office hours: the decision is live for about four minutes, at eleven at night.","Nothing filterable by procedure: she wants her procedure, on her body type, and gets a slideshow.","Results first: filterable by procedure, built for a phone because that is the device.","Consult request on every screen: no phone call, no waiting for Monday.","Procedure pages that answer the real questions: recovery, cost, who is a candidate.","Virtual consult booking: a paid consult taken online, before they cool off.",Financing pre-qualification: the objection handled before the call.
Aspire Dental Wellness,info@aspiredw.com,"no-booking,not-mobile-friendly,outdated-design","Case work buried: a smile-makeover patient researches for months alone at night, and the before-and-afters are two menus deep.",No price range anywhere: the biggest case of the month wants a number before they will pick up the phone.,Booking that needs the front desk awake: the consult request that would have come in at nine at night never comes in at all.,"Case gallery up front: filterable by treatment, sized for a phone.","A price range said out loud: in real numbers, with financing mentioned before they ask.",Consult booking on the same screen: not behind a form that goes to an inbox.,Financing pre-qualification: the objection handled before the call.,"Automated recall and reactivation: the patients you already have, coming back."
Athena Pools,,"not-mobile-friendly,outdated-design,weak-branding",The build gallery is what sells and it is buried: nobody buys a pool from a spec list.,No price band anywhere: a homeowner has no idea whether you build forty-thousand pools or hundred-and-forty.,"A season-long sales cycle with nothing to hold the enquiry: they look in February and buy in May, from whoever stayed in front of them.","Build gallery front and centre: full-bleed, phone-first, filterable by style.",A starting price said out loud: so the enquiries you get are ones you want.,Consultation booking online: at the hour people daydream about this.,Design visualiser or 3D walkthrough: the thing that closes the February looker.,Service and maintenance signup: revenue after the build is paid for.
Atlanta Plastic & Reconstructive Specialists,,"no-booking,not-mobile-friendly,outdated-design",The gallery is the whole sale and it is buried: results sit three taps deep in a viewer that fights a phone.,"Consult requests only in office hours: the decision is live for about four minutes, at eleven at night.","Nothing filterable by procedure: she wants her procedure, on her body type, and gets a slideshow.","Results first: filterable by procedure, built for a phone because that is the device.","Consult request on every screen: no phone call, no waiting for Monday.","Procedure pages that answer the real questions: recovery, cost, who is a candidate.","Virtual consult booking: a paid consult taken online, before they cool off.",Financing pre-qualification: the objection handled before the call.
Austin Artistic Dental,,"no-booking,not-mobile-friendly,outdated-design","Case work buried: a smile-makeover patient researches for months alone at night, and the before-and-afters are two menus deep.",No price range anywhere: the biggest case of the month wants a number before they will pick up the phone.,Booking that needs the front desk awake: the consult request that would have come in at nine at night never comes in at all.,"Case gallery up front: filterable by treatment, sized for a phone.","A price range said out loud: in real numbers, with financing mentioned before they ask.",Consult booking on the same screen: not behind a form that goes to an inbox.,Financing pre-qualification: the objection handled before the call.,"Automated recall and reactivation: the patients you already have, coming back."
Austin Cosmetic Dentistry,,"no-booking,not-mobile-friendly,outdated-design","Case work buried: a smile-makeover patient researches for months alone at night, and the before-and-afters are two menus deep.",No price range anywhere: the biggest case of the month wants a number before they will pick up the phone.,Booking that needs the front desk awake: the consult request that would have come in at nine at night never comes in at all.,"Case gallery up front: filterable by treatment, sized for a phone.","A price range said out loud: in real numbers, with financing mentioned before they ask.",Consult booking on the same screen: not behind a form that goes to an inbox.,Financing pre-qualification: the objection handled before the call.,"Automated recall and reactivation: the patients you already have, coming back."
Austin Kitchen and Bath,,"not-mobile-friendly,outdated-design,no-booking",Before-and-afters are the whole pitch and they are hard to reach: a remodel is bought with the eyes.,No budget guidance at all: every enquiry starts with a conversation about whether they can afford you.,No way to book a consultation: the form goes to an inbox and the momentum dies over the weekend.,"Before-and-after galleries by room: sized for a phone, quick to scroll.","Budget ranges stated: typical spend for a kitchen and for a bath, plainly.",Consultation booking online: while they are still looking at the photos.,"Design questionnaire before the visit: a shorter, better first meeting.",Financing pre-qualification: the objection handled before you drive out there.
Avana Plastic Surgery,,"no-booking,not-mobile-friendly,outdated-design",The gallery is the whole sale and it is buried: results sit three taps deep in a viewer that fights a phone.,"Consult requests only in office hours: the decision is live for about four minutes, at eleven at night.","Nothing filterable by procedure: she wants her procedure, on her body type, and gets a slideshow.","Results first: filterable by procedure, built for a phone because that is the device.","Consult request on every screen: no phone call, no waiting for Monday.","Procedure pages that answer the real questions: recovery, cost, who is a candidate.","Virtual consult booking: a paid consult taken online, before they cool off.",Financing pre-qualification: the objection handled before the call.
BCB Homes,info@bcbhomes.com,"not-mobile-friendly,outdated-design,weak-branding",The portfolio is the entire sale and it is presented badly: a phone-sized gallery of finished homes is what wins a build.,No price band anywhere: a client with a budget cannot tell whether you are their builder or twice their budget.,"Nothing about how the process works: the fear with a custom build is the unknown, not the price.","Portfolio built for a phone: full-bleed, fast, filterable by style and size.","A price band stated out loud: per square foot or per project, so the wrong enquiries stop.",The process explained: what happens between the first meeting and the keys.,Client build portal: selections and progress without the weekly phone call.,Land and lot listings: the enquiry that starts before there is a plan.
BLUE Landscape & Outdoor Solutions,info@bluelandscape.com,"not-mobile-friendly,outdated-design,weak-branding",The portfolio does not look like the work: high-end landscape is bought on images and the images are small and slow.,No project budget guidance: the difference between a planting plan and a full build is fifty thousand dollars and the site says neither.,No way to start a conversation properly: a contact form for a six-figure project.,"Portfolio that does the work justice: large, fast, phone-first, by project type.",Project budget bands stated: so the enquiries match the work you want.,Consultation booking with the right questions asked up front.,Design package sold online: a paid first step that qualifies hard.,Maintenance contracts online: recurring revenue off the builds you already did.
Ballantyne Center for Dentistry,,"no-booking,not-mobile-friendly,outdated-design","Case work buried: a smile-makeover patient researches for months alone at night, and the before-and-afters are two menus deep.",No price range anywhere: the biggest case of the month wants a number before they will pick up the phone.,Booking that needs the front desk awake: the consult request that would have come in at nine at night never comes in at all.,"Case gallery up front: filterable by treatment, sized for a phone.","A price range said out loud: in real numbers, with financing mentioned before they ask.",Consult booking on the same screen: not behind a form that goes to an inbox.,Financing pre-qualification: the objection handled before the call.,"Automated recall and reactivation: the patients you already have, coming back."
Beautify Spa,info@lovebeautify.com,"no-booking,not-mobile-friendly,outdated-design","No booking after hours: the decision to book happens at nine at night on a phone, and the only way in is a front desk that shut at five.","Treatments with no prices: she has to ring and ask what tox costs, which is the one call a first-timer will not make.",Reviews doing the selling on the wrong page: the thing that closes her is two clicks from where she lands.,"Booking on the homepage: live at midnight, two taps, no phone call.",Treatment menu with prices: stated plainly so nobody has to ring to find out.,Reviews beside the booking button: the proof and the action on one screen.,Membership signup online: recurring revenue that does not need the front desk.,Automated reminders and rebooking: fewer no-shows without anybody chasing.
Beauty Boost Med Spa,info@beautyboostmedspa.com,"no-booking,not-mobile-friendly,outdated-design","No booking after hours: the decision to book happens at nine at night on a phone, and the only way in is a front desk that shut at five.","Treatments with no prices: she has to ring and ask what tox costs, which is the one call a first-timer will not make.",Reviews doing the selling on the wrong page: the thing that closes her is two clicks from where she lands.,"Booking on the homepage: live at midnight, two taps, no phone call.",Treatment menu with prices: stated plainly so nobody has to ring to find out.,Reviews beside the booking button: the proof and the action on one screen.,Membership signup online: recurring revenue that does not need the front desk.,Automated reminders and rebooking: fewer no-shows without anybody chasing.
Beck Building Company,,"not-mobile-friendly,outdated-design,weak-branding",The portfolio is the entire sale and it is presented badly: a phone-sized gallery of finished homes is what wins a build.,No price band anywhere: a client with a budget cannot tell whether you are their builder or twice their budget.,"Nothing about how the process works: the fear with a custom build is the unknown, not the price.","Portfolio built for a phone: full-bleed, fast, filterable by style and size.","A price band stated out loud: per square foot or per project, so the wrong enquiries stop.",The process explained: what happens between the first meeting and the keys.,Client build portal: selections and progress without the weekly phone call.,Land and lot listings: the enquiry that starts before there is a plan.
Bella Custom Homes,,"not-mobile-friendly,outdated-design,weak-branding",The portfolio is the entire sale and it is presented badly: a phone-sized gallery of finished homes is what wins a build.,No price band anywhere: a client with a budget cannot tell whether you are their builder or twice their budget.,"Nothing about how the process works: the fear with a custom build is the unknown, not the price.","Portfolio built for a phone: full-bleed, fast, filterable by style and size.","A price band stated out loud: per square foot or per project, so the wrong enquiries stop.",The process explained: what happens between the first meeting and the keys.,Client build portal: selections and progress without the weekly phone call.,Land and lot listings: the enquiry that starts before there is a plan.
Belle Meade Medical Spa,,"no-booking,not-mobile-friendly,outdated-design","No booking after hours: the decision to book happens at nine at night on a phone, and the only way in is a front desk that shut at five.","Treatments with no prices: she has to ring and ask what tox costs, which is the one call a first-timer will not make.",Reviews doing the selling on the wrong page: the thing that closes her is two clicks from where she lands.,"Booking on the homepage: live at midnight, two taps, no phone call.",Treatment menu with prices: stated plainly so nobody has to ring to find out.,Reviews beside the booking button: the proof and the action on one screen.,Membership signup online: recurring revenue that does not need the front desk.,Automated reminders and rebooking: fewer no-shows without anybody chasing.
Belterra Dental,info@belterradentalatx.com,"no-booking,not-mobile-friendly,outdated-design","Case work buried: a smile-makeover patient researches for months alone at night, and the before-and-afters are two menus deep.",No price range anywhere: the biggest case of the month wants a number before they will pick up the phone.,Booking that needs the front desk awake: the consult request that would have come in at nine at night never comes in at all.,"Case gallery up front: filterable by treatment, sized for a phone.","A price range said out loud: in real numbers, with financing mentioned before they ask.",Consult booking on the same screen: not behind a form that goes to an inbox.,Financing pre-qualification: the objection handled before the call.,"Automated recall and reactivation: the patients you already have, coming back."
BioSpa,,"no-booking,not-mobile-friendly,outdated-design","No booking after hours: the decision to book happens at nine at night on a phone, and the only way in is a front desk that shut at five.","Treatments with no prices: she has to ring and ask what tox costs, which is the one call a first-timer will not make.",Reviews doing the selling on the wrong page: the thing that closes her is two clicks from where she lands.,"Booking on the homepage: live at midnight, two taps, no phone call.",Treatment menu with prices: stated plainly so nobody has to ring to find out.,Reviews beside the booking button: the proof and the action on one screen.,Membership signup online: recurring revenue that does not need the front desk.,Automated reminders and rebooking: fewer no-shows without anybody chasing.
Blue Horse Construction,,"not-mobile-friendly,outdated-design,no-booking",Before-and-afters are the whole pitch and they are hard to reach: a remodel is bought with the eyes.,No budget guidance at all: every enquiry starts with a conversation about whether they can afford you.,No way to book a consultation: the form goes to an inbox and the momentum dies over the weekend.,"Before-and-after galleries by room: sized for a phone, quick to scroll.","Budget ranges stated: typical spend for a kitchen and for a bath, plainly.",Consultation booking online: while they are still looking at the photos.,"Design questionnaire before the visit: a shorter, better first meeting.",Financing pre-qualification: the objection handled before you drive out there.
Blume Skin & Body,,"no-booking,not-mobile-friendly,outdated-design","No booking after hours: the decision to book happens at nine at night on a phone, and the only way in is a front desk that shut at five.","Treatments with no prices: she has to ring and ask what tox costs, which is the one call a first-timer will not make.",Reviews doing the selling on the wrong page: the thing that closes her is two clicks from where she lands.,"Booking on the homepage: live at midnight, two taps, no phone call.",Treatment menu with prices: stated plainly so nobody has to ring to find out.,Reviews beside the booking button: the proof and the action on one screen.,Membership signup online: recurring revenue that does not need the front desk.,Automated reminders and rebooking: fewer no-shows without anybody chasing.
Body Tonic Aesthetics & Wellness,,"no-booking,not-mobile-friendly,outdated-design","No booking after hours: the decision to book happens at nine at night on a phone, and the only way in is a front desk that shut at five.","Treatments with no prices: she has to ring and ask what tox costs, which is the one call a first-timer will not make.",Reviews doing the selling on the wrong page: the thing that closes her is two clicks from where she lands.,"Booking on the homepage: live at midnight, two taps, no phone call.",Treatment menu with prices: stated plainly so nobody has to ring to find out.,Reviews beside the booking button: the proof and the action on one screen.,Membership signup online: recurring revenue that does not need the front desk.,Automated reminders and rebooking: fewer no-shows without anybody chasing.
Borelli Construction of Naples,info@borelliconstructionofnaples.com,"not-mobile-friendly,outdated-design,weak-branding",The portfolio is the entire sale and it is presented badly: a phone-sized gallery of finished homes is what wins a build.,No price band anywhere: a client with a budget cannot tell whether you are their builder or twice their budget.,"Nothing about how the process works: the fear with a custom build is the unknown, not the price.","Portfolio built for a phone: full-bleed, fast, filterable by style and size.","A price band stated out loud: per square foot or per project, so the wrong enquiries stop.",The process explained: what happens between the first meeting and the keys.,Client build portal: selections and progress without the weekly phone call.,Land and lot listings: the enquiry that starts before there is a plan.
Boxwell Homes,info@boxwellhomes.com,"not-mobile-friendly,outdated-design,weak-branding",The portfolio is the entire sale and it is presented badly: a phone-sized gallery of finished homes is what wins a build.,No price band anywhere: a client with a budget cannot tell whether you are their builder or twice their budget.,"Nothing about how the process works: the fear with a custom build is the unknown, not the price.","Portfolio built for a phone: full-bleed, fast, filterable by style and size.","A price band stated out loud: per square foot or per project, so the wrong enquiries stop.",The process explained: what happens between the first meeting and the keys.,Client build portal: selections and progress without the weekly phone call.,Land and lot listings: the enquiry that starts before there is a plan.
Boys Arnold Wealth Management,,"outdated-design,weak-branding,not-mobile-friendly",The site looks smaller than the practice: somebody handing over eight figures is reading it for reassurance and not finding any.,No clear sense of who you are for: a prospect cannot tell in ten seconds whether they are your client.,No way to start a conversation: an introduction meeting is the only product and it is behind a phone number.,A site that matches the size of the money: credibility is the entire job here.,"Who you serve, stated plainly: the client you want, described so they recognise themselves.","Introduction meetings bookable online: the first step, made easy.",Client portal and reporting: what the big firms have and you are compared against.,Insight publishing that gets read: the reason a prospect comes back before they call.
Brady Family Dentistry,info@bradyfamilydentistry.com,"no-booking,not-mobile-friendly,outdated-design","Case work buried: a smile-makeover patient researches for months alone at night, and the before-and-afters are two menus deep.",No price range anywhere: the biggest case of the month wants a number before they will pick up the phone.,Booking that needs the front desk awake: the consult request that would have come in at nine at night never comes in at all.,"Case gallery up front: filterable by treatment, sized for a phone.","A price range said out loud: in real numbers, with financing mentioned before they ask.",Consult booking on the same screen: not behind a form that goes to an inbox.,Financing pre-qualification: the objection handled before the call.,"Automated recall and reactivation: the patients you already have, coming back."
Bragg Financial Advisors,,"outdated-design,weak-branding,not-mobile-friendly",The site looks smaller than the practice: somebody handing over eight figures is reading it for reassurance and not finding any.,No clear sense of who you are for: a prospect cannot tell in ten seconds whether they are your client.,No way to start a conversation: an introduction meeting is the only product and it is behind a phone number.,A site that matches the size of the money: credibility is the entire job here.,"Who you serve, stated plainly: the client you want, described so they recognise themselves.","Introduction meetings bookable online: the first step, made easy.",Client portal and reporting: what the big firms have and you are compared against.,Insight publishing that gets read: the reason a prospect comes back before they call.
Buckhead Plastic Surgery,,"no-booking,not-mobile-friendly,outdated-design",The gallery is the whole sale and it is buried: results sit three taps deep in a viewer that fights a phone.,"Consult requests only in office hours: the decision is live for about four minutes, at eleven at night.","Nothing filterable by procedure: she wants her procedure, on her body type, and gets a slideshow.","Results first: filterable by procedure, built for a phone because that is the device.","Consult request on every screen: no phone call, no waiting for Monday.","Procedure pages that answer the real questions: recovery, cost, who is a candidate.","Virtual consult booking: a paid consult taken online, before they cool off.",Financing pre-qualification: the objection handled before the call.
Butler Kahn,,"not-mobile-friendly,outdated-design,poor-seo",Case results not up front: the only thing that separates you from the firm advertising on the same billboard.,No way to make contact at the hour it happens: an accident is not a nine-to-five event.,The site fights a phone: which is the only device somebody in a hospital bed has.,"Case results and settlements front and centre: real numbers, real cases.","Contact that works at any hour: click to call, text, and a form that gets answered.",Built for a phone first: because that is where every one of these enquiries starts.,Intake automation: qualifying the enquiry before it reaches a paralegal.,Local landing pages by practice area: the searches you are currently invisible for.
CG Cosmetic Surgery,info@cgcosmetic.com,"no-booking,not-mobile-friendly,outdated-design",The gallery is the whole sale and it is buried: results sit three taps deep in a viewer that fights a phone.,"Consult requests only in office hours: the decision is live for about four minutes, at eleven at night.","Nothing filterable by procedure: she wants her procedure, on her body type, and gets a slideshow.","Results first: filterable by procedure, built for a phone because that is the device.","Consult request on every screen: no phone call, no waiting for Monday.","Procedure pages that answer the real questions: recovery, cost, who is a candidate.","Virtual consult booking: a paid consult taken online, before they cool off.",Financing pre-qualification: the objection handled before the call.
Cadre General Contractors,,"not-mobile-friendly,outdated-design,weak-branding",The portfolio is the entire sale and it is presented badly: a phone-sized gallery of finished homes is what wins a build.,No price band anywhere: a client with a budget cannot tell whether you are their builder or twice their budget.,"Nothing about how the process works: the fear with a custom build is the unknown, not the price.","Portfolio built for a phone: full-bleed, fast, filterable by style and size.","A price band stated out loud: per square foot or per project, so the wrong enquiries stop.",The process explained: what happens between the first meeting and the keys.,Client build portal: selections and progress without the weekly phone call.,Land and lot listings: the enquiry that starts before there is a plan.
California Pools & Landscape,,"not-mobile-friendly,outdated-design,weak-branding",The build gallery is what sells and it is buried: nobody buys a pool from a spec list.,No price band anywhere: a homeowner has no idea whether you build forty-thousand pools or hundred-and-forty.,"A season-long sales cycle with nothing to hold the enquiry: they look in February and buy in May, from whoever stayed in front of them.","Build gallery front and centre: full-bleed, phone-first, filterable by style.",A starting price said out loud: so the enquiries you get are ones you want.,Consultation booking online: at the hour people daydream about this.,Design visualiser or 3D walkthrough: the thing that closes the February looker.,Service and maintenance signup: revenue after the build is paid for.
Calvis Wyant Luxury Homes,info@calviswyant.com,"not-mobile-friendly,outdated-design,weak-branding",The portfolio is the entire sale and it is presented badly: a phone-sized gallery of finished homes is what wins a build.,No price band anywhere: a client with a budget cannot tell whether you are their builder or twice their budget.,"Nothing about how the process works: the fear with a custom build is the unknown, not the price.","Portfolio built for a phone: full-bleed, fast, filterable by style and size.","A price band stated out loud: per square foot or per project, so the wrong enquiries stop.",The process explained: what happens between the first meeting and the keys.,Client build portal: selections and progress without the weekly phone call.,Land and lot listings: the enquiry that starts before there is a plan.
Campanile Plastic Surgery,,"no-booking,not-mobile-friendly,outdated-design",The gallery is the whole sale and it is buried: results sit three taps deep in a viewer that fights a phone.,"Consult requests only in office hours: the decision is live for about four minutes, at eleven at night.","Nothing filterable by procedure: she wants her procedure, on her body type, and gets a slideshow.","Results first: filterable by procedure, built for a phone because that is the device.","Consult request on every screen: no phone call, no waiting for Monday.","Procedure pages that answer the real questions: recovery, cost, who is a candidate.","Virtual consult booking: a paid consult taken online, before they cool off.",Financing pre-qualification: the objection handled before the call.
Canvas Skin,,"no-booking,not-mobile-friendly,outdated-design","No booking after hours: the decision to book happens at nine at night on a phone, and the only way in is a front desk that shut at five.","Treatments with no prices: she has to ring and ask what tox costs, which is the one call a first-timer will not make.",Reviews doing the selling on the wrong page: the thing that closes her is two clicks from where she lands.,"Booking on the homepage: live at midnight, two taps, no phone call.",Treatment menu with prices: stated plainly so nobody has to ring to find out.,Reviews beside the booking button: the proof and the action on one screen.,Membership signup online: recurring revenue that does not need the front desk.,Automated reminders and rebooking: fewer no-shows without anybody chasing.
Capital State Remodel,,"not-mobile-friendly,outdated-design,no-booking",Before-and-afters are the whole pitch and they are hard to reach: a remodel is bought with the eyes.,No budget guidance at all: every enquiry starts with a conversation about whether they can afford you.,No way to book a consultation: the form goes to an inbox and the momentum dies over the weekend.,"Before-and-after galleries by room: sized for a phone, quick to scroll.","Budget ranges stated: typical spend for a kitchen and for a bath, plainly.",Consultation booking online: while they are still looking at the photos.,"Design questionnaire before the visit: a shorter, better first meeting.",Financing pre-qualification: the objection handled before you drive out there.
Capraro Plastic Surgery,,"no-booking,not-mobile-friendly,outdated-design",The gallery is the whole sale and it is buried: results sit three taps deep in a viewer that fights a phone.,"Consult requests only in office hours: the decision is live for about four minutes, at eleven at night.","Nothing filterable by procedure: she wants her procedure, on her body type, and gets a slideshow.","Results first: filterable by procedure, built for a phone because that is the device.","Consult request on every screen: no phone call, no waiting for Monday.","Procedure pages that answer the real questions: recovery, cost, who is a candidate.","Virtual consult booking: a paid consult taken online, before they cool off.",Financing pre-qualification: the objection handled before the call.
Carmel Homes Design Group,info@luxuryhomebuildersscottsdale.com,"not-mobile-friendly,outdated-design,weak-branding",The portfolio is the entire sale and it is presented badly: a phone-sized gallery of finished homes is what wins a build.,No price band anywhere: a client with a budget cannot tell whether you are their builder or twice their budget.,"Nothing about how the process works: the fear with a custom build is the unknown, not the price.","Portfolio built for a phone: full-bleed, fast, filterable by style and size.","A price band stated out loud: per square foot or per project, so the wrong enquiries stop.",The process explained: what happens between the first meeting and the keys.,Client build portal: selections and progress without the weekly phone call.,Land and lot listings: the enquiry that starts before there is a plan.
Cascade Custom Pools,,"not-mobile-friendly,outdated-design,weak-branding",The build gallery is what sells and it is buried: nobody buys a pool from a spec list.,No price band anywhere: a homeowner has no idea whether you build forty-thousand pools or hundred-and-forty.,"A season-long sales cycle with nothing to hold the enquiry: they look in February and buy in May, from whoever stayed in front of them.","Build gallery front and centre: full-bleed, phone-first, filterable by style.",A starting price said out loud: so the enquiries you get are ones you want.,Consultation booking online: at the hour people daydream about this.,Design visualiser or 3D walkthrough: the thing that closes the February looker.,Service and maintenance signup: revenue after the build is paid for.
Castle Homes,,"not-mobile-friendly,outdated-design,weak-branding",The portfolio is the entire sale and it is presented badly: a phone-sized gallery of finished homes is what wins a build.,No price band anywhere: a client with a budget cannot tell whether you are their builder or twice their budget.,"Nothing about how the process works: the fear with a custom build is the unknown, not the price.","Portfolio built for a phone: full-bleed, fast, filterable by style and size.","A price band stated out loud: per square foot or per project, so the wrong enquiries stop.",The process explained: what happens between the first meeting and the keys.,Client build portal: selections and progress without the weekly phone call.,Land and lot listings: the enquiry that starts before there is a plan.
Catalyst Construction,,"not-mobile-friendly,outdated-design,no-booking",Before-and-afters are the whole pitch and they are hard to reach: a remodel is bought with the eyes.,No budget guidance at all: every enquiry starts with a conversation about whether they can afford you.,No way to book a consultation: the form goes to an inbox and the momentum dies over the weekend.,"Before-and-after galleries by room: sized for a phone, quick to scroll.","Budget ranges stated: typical spend for a kitchen and for a bath, plainly.",Consultation booking online: while they are still looking at the photos.,"Design questionnaire before the visit: a shorter, better first meeting.",Financing pre-qualification: the objection handled before you drive out there.
Celebrity Homes,,"not-mobile-friendly,outdated-design,weak-branding",The portfolio is the entire sale and it is presented badly: a phone-sized gallery of finished homes is what wins a build.,No price band anywhere: a client with a budget cannot tell whether you are their builder or twice their budget.,"Nothing about how the process works: the fear with a custom build is the unknown, not the price.","Portfolio built for a phone: full-bleed, fast, filterable by style and size.","A price band stated out loud: per square foot or per project, so the wrong enquiries stop.",The process explained: what happens between the first meeting and the keys.,Client build portal: selections and progress without the weekly phone call.,Land and lot listings: the enquiry that starts before there is a plan.
Charlotte Center for Cosmetic Dentistry,,"no-booking,not-mobile-friendly,outdated-design","Case work buried: a smile-makeover patient researches for months alone at night, and the before-and-afters are two menus deep.",No price range anywhere: the biggest case of the month wants a number before they will pick up the phone.,Booking that needs the front desk awake: the consult request that would have come in at nine at night never comes in at all.,"Case gallery up front: filterable by treatment, sized for a phone.","A price range said out loud: in real numbers, with financing mentioned before they ask.",Consult booking on the same screen: not behind a form that goes to an inbox.,Financing pre-qualification: the objection handled before the call.,"Automated recall and reactivation: the patients you already have, coming back."
Charlotte Dental Arts,info@charlottedentalarts.com,"no-booking,not-mobile-friendly,outdated-design","Case work buried: a smile-makeover patient researches for months alone at night, and the before-and-afters are two menus deep.",No price range anywhere: the biggest case of the month wants a number before they will pick up the phone.,Booking that needs the front desk awake: the consult request that would have come in at nine at night never comes in at all.,"Case gallery up front: filterable by treatment, sized for a phone.","A price range said out loud: in real numbers, with financing mentioned before they ask.",Consult booking on the same screen: not behind a form that goes to an inbox.,Financing pre-qualification: the objection handled before the call.,"Automated recall and reactivation: the patients you already have, coming back."
Charlotte Skin & Laser,,"no-booking,not-mobile-friendly,outdated-design","No booking after hours: the decision to book happens at nine at night on a phone, and the only way in is a front desk that shut at five.","Treatments with no prices: she has to ring and ask what tox costs, which is the one call a first-timer will not make.",Reviews doing the selling on the wrong page: the thing that closes her is two clicks from where she lands.,"Booking on the homepage: live at midnight, two taps, no phone call.",Treatment menu with prices: stated plainly so nobody has to ring to find out.,Reviews beside the booking button: the proof and the action on one screen.,Membership signup online: recurring revenue that does not need the front desk.,Automated reminders and rebooking: fewer no-shows without anybody chasing.
Chicago IVF,info@chicagoivf.com,"no-booking,not-mobile-friendly,outdated-design",Success rates hard to find: it is the only number a patient is actually comparing you on.,"Costs not stated: the single biggest source of anxiety, left to a phone call they are afraid to make.","Consult booking behind a form: read on Monday, by which point they have booked elsewhere.","Success rates stated plainly: by age band, where a patient can find them.","Costs and financing up front: what a cycle runs to, said out loud.",Consult booking online: at the hour people actually research this.,Patient portal: paperwork and results without the phone tag.,Automated nurture for enquiries: the months between first look and first cycle.
Classica Homes,info@classicahomes.com,"not-mobile-friendly,outdated-design,weak-branding",The portfolio is the entire sale and it is presented badly: a phone-sized gallery of finished homes is what wins a build.,No price band anywhere: a client with a budget cannot tell whether you are their builder or twice their budget.,"Nothing about how the process works: the fear with a custom build is the unknown, not the price.","Portfolio built for a phone: full-bleed, fast, filterable by style and size.","A price band stated out loud: per square foot or per project, so the wrong enquiries stop.",The process explained: what happens between the first meeting and the keys.,Client build portal: selections and progress without the weekly phone call.,Land and lot listings: the enquiry that starts before there is a plan.
Clint Newman DDS,info@clintnewmandds.com,"no-booking,not-mobile-friendly,outdated-design","Case work buried: a smile-makeover patient researches for months alone at night, and the before-and-afters are two menus deep.",No price range anywhere: the biggest case of the month wants a number before they will pick up the phone.,Booking that needs the front desk awake: the consult request that would have come in at nine at night never comes in at all.,"Case gallery up front: filterable by treatment, sized for a phone.","A price range said out loud: in real numbers, with financing mentioned before they ask.",Consult booking on the same screen: not behind a form that goes to an inbox.,Financing pre-qualification: the objection handled before the call.,"Automated recall and reactivation: the patients you already have, coming back."
Cody Pools,info@codypools.com,"not-mobile-friendly,outdated-design,weak-branding",The build gallery is what sells and it is buried: nobody buys a pool from a spec list.,No price band anywhere: a homeowner has no idea whether you build forty-thousand pools or hundred-and-forty.,"A season-long sales cycle with nothing to hold the enquiry: they look in February and buy in May, from whoever stayed in front of them.","Build gallery front and centre: full-bleed, phone-first, filterable by style.",A starting price said out loud: so the enquiries you get are ones you want.,Consultation booking online: at the hour people daydream about this.,Design visualiser or 3D walkthrough: the thing that closes the February looker.,Service and maintenance signup: revenue after the build is paid for.
Cole Cosmetic Surgery,info@atlplasticsurgeon.com,"no-booking,not-mobile-friendly,outdated-design",The gallery is the whole sale and it is buried: results sit three taps deep in a viewer that fights a phone.,"Consult requests only in office hours: the decision is live for about four minutes, at eleven at night.","Nothing filterable by procedure: she wants her procedure, on her body type, and gets a slideshow.","Results first: filterable by procedure, built for a phone because that is the device.","Consult request on every screen: no phone call, no waiting for Monday.","Procedure pages that answer the real questions: recovery, cost, who is a candidate.","Virtual consult booking: a paid consult taken online, before they cool off.",Financing pre-qualification: the objection handled before the call.
Colony Family Offices,,"outdated-design,weak-branding,not-mobile-friendly",The site looks smaller than the practice: somebody handing over eight figures is reading it for reassurance and not finding any.,No clear sense of who you are for: a prospect cannot tell in ten seconds whether they are your client.,No way to start a conversation: an introduction meeting is the only product and it is behind a phone number.,A site that matches the size of the money: credibility is the entire job here.,"Who you serve, stated plainly: the client you want, described so they recognise themselves.","Introduction meetings bookable online: the first step, made easy.",Client portal and reporting: what the big firms have and you are compared against.,Insight publishing that gets read: the reason a prospect comes back before they call.
Colorado Facial Plastic Surgery,info@cofps.com,"no-booking,not-mobile-friendly,outdated-design",The gallery is the whole sale and it is buried: results sit three taps deep in a viewer that fights a phone.,"Consult requests only in office hours: the decision is live for about four minutes, at eleven at night.","Nothing filterable by procedure: she wants her procedure, on her body type, and gets a slideshow.","Results first: filterable by procedure, built for a phone because that is the device.","Consult request on every screen: no phone call, no waiting for Monday.","Procedure pages that answer the real questions: recovery, cost, who is a candidate.","Virtual consult booking: a paid consult taken online, before they cool off.",Financing pre-qualification: the objection handled before the call.
Copper Builders,,"not-mobile-friendly,outdated-design,weak-branding",The portfolio is the entire sale and it is presented badly: a phone-sized gallery of finished homes is what wins a build.,No price band anywhere: a client with a budget cannot tell whether you are their builder or twice their budget.,"Nothing about how the process works: the fear with a custom build is the unknown, not the price.","Portfolio built for a phone: full-bleed, fast, filterable by style and size.","A price band stated out loud: per square foot or per project, so the wrong enquiries stop.",The process explained: what happens between the first meeting and the keys.,Client build portal: selections and progress without the weekly phone call.,Land and lot listings: the enquiry that starts before there is a plan.
Coral Gables Cosmetic Dentist,info@coralgablescosmeticdentist.com,"no-booking,not-mobile-friendly,outdated-design","Case work buried: a smile-makeover patient researches for months alone at night, and the before-and-afters are two menus deep.",No price range anywhere: the biggest case of the month wants a number before they will pick up the phone.,Booking that needs the front desk awake: the consult request that would have come in at nine at night never comes in at all.,"Case gallery up front: filterable by treatment, sized for a phone.","A price range said out loud: in real numbers, with financing mentioned before they ask.",Consult booking on the same screen: not behind a form that goes to an inbox.,Financing pre-qualification: the objection handled before the call.,"Automated recall and reactivation: the patients you already have, coming back."
Coral Gables Dentistry,info@coralgablesdentistry.com,"no-booking,not-mobile-friendly,outdated-design","Case work buried: a smile-makeover patient researches for months alone at night, and the before-and-afters are two menus deep.",No price range anywhere: the biggest case of the month wants a number before they will pick up the phone.,Booking that needs the front desk awake: the consult request that would have come in at nine at night never comes in at all.,"Case gallery up front: filterable by treatment, sized for a phone.","A price range said out loud: in real numbers, with financing mentioned before they ask.",Consult booking on the same screen: not behind a form that goes to an inbox.,Financing pre-qualification: the objection handled before the call.,"Automated recall and reactivation: the patients you already have, coming back."
Cosmetic Dentistry of the Carolinas,info@cosmeticdentistofcharlotte.com,"no-booking,not-mobile-friendly,outdated-design","Case work buried: a smile-makeover patient researches for months alone at night, and the before-and-afters are two menus deep.",No price range anywhere: the biggest case of the month wants a number before they will pick up the phone.,Booking that needs the front desk awake: the consult request that would have come in at nine at night never comes in at all.,"Case gallery up front: filterable by treatment, sized for a phone.","A price range said out loud: in real numbers, with financing mentioned before they ask.",Consult booking on the same screen: not behind a form that goes to an inbox.,Financing pre-qualification: the objection handled before the call.,"Automated recall and reactivation: the patients you already have, coming back."
Crestone Capital,,"outdated-design,weak-branding,not-mobile-friendly",The site looks smaller than the practice: somebody handing over eight figures is reading it for reassurance and not finding any.,No clear sense of who you are for: a prospect cannot tell in ten seconds whether they are your client.,No way to start a conversation: an introduction meeting is the only product and it is behind a phone number.,A site that matches the size of the money: credibility is the entire job here.,"Who you serve, stated plainly: the client you want, described so they recognise themselves.","Introduction meetings bookable online: the first step, made easy.",Client portal and reporting: what the big firms have and you are compared against.,Insight publishing that gets read: the reason a prospect comes back before they call.
Crites Custom Pools,,"not-mobile-friendly,outdated-design,weak-branding",The build gallery is what sells and it is buried: nobody buys a pool from a spec list.,No price band anywhere: a homeowner has no idea whether you build forty-thousand pools or hundred-and-forty.,"A season-long sales cycle with nothing to hold the enquiry: they look in February and buy in May, from whoever stayed in front of them.","Build gallery front and centre: full-bleed, phone-first, filterable by style.",A starting price said out loud: so the enquiries you get are ones you want.,Consultation booking online: at the hour people daydream about this.,Design visualiser or 3D walkthrough: the thing that closes the February looker.,Service and maintenance signup: revenue after the build is paid for.
DHH Med Spa,info@dhhmedspa.com,"no-booking,not-mobile-friendly,outdated-design","No booking after hours: the decision to book happens at nine at night on a phone, and the only way in is a front desk that shut at five.","Treatments with no prices: she has to ring and ask what tox costs, which is the one call a first-timer will not make.",Reviews doing the selling on the wrong page: the thing that closes her is two clicks from where she lands.,"Booking on the homepage: live at midnight, two taps, no phone call.",Treatment menu with prices: stated plainly so nobody has to ring to find out.,Reviews beside the booking button: the proof and the action on one screen.,Membership signup online: recurring revenue that does not need the front desk.,Automated reminders and rebooking: fewer no-shows without anybody chasing.
Dallas Laser Dentistry,info@dallascosmeticdentist.us,"no-booking,not-mobile-friendly,outdated-design","Case work buried: a smile-makeover patient researches for months alone at night, and the before-and-afters are two menus deep.",No price range anywhere: the biggest case of the month wants a number before they will pick up the phone.,Booking that needs the front desk awake: the consult request that would have come in at nine at night never comes in at all.,"Case gallery up front: filterable by treatment, sized for a phone.","A price range said out loud: in real numbers, with financing mentioned before they ask.",Consult booking on the same screen: not behind a form that goes to an inbox.,Financing pre-qualification: the objection handled before the call.,"Automated recall and reactivation: the patients you already have, coming back."
Dallas Plastic Surgery Institute,,"no-booking,not-mobile-friendly,outdated-design",The gallery is the whole sale and it is buried: results sit three taps deep in a viewer that fights a phone.,"Consult requests only in office hours: the decision is live for about four minutes, at eleven at night.","Nothing filterable by procedure: she wants her procedure, on her body type, and gets a slideshow.","Results first: filterable by procedure, built for a phone because that is the device.","Consult request on every screen: no phone call, no waiting for Monday.","Procedure pages that answer the real questions: recovery, cost, who is a candidate.","Virtual consult booking: a paid consult taken online, before they cool off.",Financing pre-qualification: the objection handled before the call.
Davis Properties,,"not-mobile-friendly,outdated-design,weak-branding",The portfolio is the entire sale and it is presented badly: a phone-sized gallery of finished homes is what wins a build.,No price band anywhere: a client with a budget cannot tell whether you are their builder or twice their budget.,"Nothing about how the process works: the fear with a custom build is the unknown, not the price.","Portfolio built for a phone: full-bleed, fast, filterable by style and size.","A price band stated out loud: per square foot or per project, so the wrong enquiries stop.",The process explained: what happens between the first meeting and the keys.,Client build portal: selections and progress without the weekly phone call.,Land and lot listings: the enquiry that starts before there is a plan.
DeLozier Cosmetic Surgery Center,,"no-booking,not-mobile-friendly,outdated-design",The gallery is the whole sale and it is buried: results sit three taps deep in a viewer that fights a phone.,"Consult requests only in office hours: the decision is live for about four minutes, at eleven at night.","Nothing filterable by procedure: she wants her procedure, on her body type, and gets a slideshow.","Results first: filterable by procedure, built for a phone because that is the device.","Consult request on every screen: no phone call, no waiting for Monday.","Procedure pages that answer the real questions: recovery, cost, who is a candidate.","Virtual consult booking: a paid consult taken online, before they cool off.",Financing pre-qualification: the objection handled before the call.
DeSanctis Homes,info@desanctishomes.com,"not-mobile-friendly,outdated-design,weak-branding",The portfolio is the entire sale and it is presented badly: a phone-sized gallery of finished homes is what wins a build.,No price band anywhere: a client with a budget cannot tell whether you are their builder or twice their budget.,"Nothing about how the process works: the fear with a custom build is the unknown, not the price.","Portfolio built for a phone: full-bleed, fast, filterable by style and size.","A price band stated out loud: per square foot or per project, so the wrong enquiries stop.",The process explained: what happens between the first meeting and the keys.,Client build portal: selections and progress without the weekly phone call.,Land and lot listings: the enquiry that starts before there is a plan.
Dental Cosmetic Spa,info@dentalcosmeticspa.com,"no-booking,not-mobile-friendly,outdated-design","Case work buried: a smile-makeover patient researches for months alone at night, and the before-and-afters are two menus deep.",No price range anywhere: the biggest case of the month wants a number before they will pick up the phone.,Booking that needs the front desk awake: the consult request that would have come in at nine at night never comes in at all.,"Case gallery up front: filterable by treatment, sized for a phone.","A price range said out loud: in real numbers, with financing mentioned before they ask.",Consult booking on the same screen: not behind a form that goes to an inbox.,Financing pre-qualification: the objection handled before the call.,"Automated recall and reactivation: the patients you already have, coming back."
Dental Studio 101,info@dentalstudio101.com,"no-booking,not-mobile-friendly,outdated-design","Case work buried: a smile-makeover patient researches for months alone at night, and the before-and-afters are two menus deep.",No price range anywhere: the biggest case of the month wants a number before they will pick up the phone.,Booking that needs the front desk awake: the consult request that would have come in at nine at night never comes in at all.,"Case gallery up front: filterable by treatment, sized for a phone.","A price range said out loud: in real numbers, with financing mentioned before they ask.",Consult booking on the same screen: not behind a form that goes to an inbox.,Financing pre-qualification: the objection handled before the call.,"Automated recall and reactivation: the patients you already have, coming back."
DermFx,,"no-booking,not-mobile-friendly,outdated-design","No booking after hours: the decision to book happens at nine at night on a phone, and the only way in is a front desk that shut at five.","Treatments with no prices: she has to ring and ask what tox costs, which is the one call a first-timer will not make.",Reviews doing the selling on the wrong page: the thing that closes her is two clicks from where she lands.,"Booking on the homepage: live at midnight, two taps, no phone call.",Treatment menu with prices: stated plainly so nobody has to ring to find out.,Reviews beside the booking button: the proof and the action on one screen.,Membership signup online: recurring revenue that does not need the front desk.,Automated reminders and rebooking: fewer no-shows without anybody chasing.
DermPartners Boca Raton,info@dermpartnersbocaraton.com,"no-booking,not-mobile-friendly,outdated-design",Cosmetic work hidden behind the medical practice: the patient paying cash cannot tell you do what she wants.,No booking after hours: she decides at night and books wherever the button is.,"No prices on anything: the first question every cosmetic patient has, unanswered.","A cosmetic side to the site: separate from medical dermatology, with its own booking.","Treatments priced and bookable: two taps, working at midnight.",Before-and-afters by concern: not by treatment name nobody searches for.,Membership or package signup online: recurring revenue without the front desk.,Automated reminders and rebooking: fewer gaps in the diary.
Derma Health Skin & Laser,,"no-booking,not-mobile-friendly,outdated-design","No booking after hours: the decision to book happens at nine at night on a phone, and the only way in is a front desk that shut at five.","Treatments with no prices: she has to ring and ask what tox costs, which is the one call a first-timer will not make.",Reviews doing the selling on the wrong page: the thing that closes her is two clicks from where she lands.,"Booking on the homepage: live at midnight, two taps, no phone call.",Treatment menu with prices: stated plainly so nobody has to ring to find out.,Reviews beside the booking button: the proof and the action on one screen.,Membership signup online: recurring revenue that does not need the front desk.,Automated reminders and rebooking: fewer no-shows without anybody chasing.
Desco Fine Homes,info@descohomes.com,"not-mobile-friendly,outdated-design,weak-branding",The portfolio is the entire sale and it is presented badly: a phone-sized gallery of finished homes is what wins a build.,No price band anywhere: a client with a budget cannot tell whether you are their builder or twice their budget.,"Nothing about how the process works: the fear with a custom build is the unknown, not the price.","Portfolio built for a phone: full-bleed, fast, filterable by style and size.","A price band stated out loud: per square foot or per project, so the wrong enquiries stop.",The process explained: what happens between the first meeting and the keys.,Client build portal: selections and progress without the weekly phone call.,Land and lot listings: the enquiry that starts before there is a plan.
Desert Star Construction,info@desertstarconstruction.com,"not-mobile-friendly,outdated-design,weak-branding",The portfolio is the entire sale and it is presented badly: a phone-sized gallery of finished homes is what wins a build.,No price band anywhere: a client with a budget cannot tell whether you are their builder or twice their budget.,"Nothing about how the process works: the fear with a custom build is the unknown, not the price.","Portfolio built for a phone: full-bleed, fast, filterable by style and size.","A price band stated out loud: per square foot or per project, so the wrong enquiries stop.",The process explained: what happens between the first meeting and the keys.,Client build portal: selections and progress without the weekly phone call.,Land and lot listings: the enquiry that starts before there is a plan.
Devenir Aesthetics,,"no-booking,not-mobile-friendly,outdated-design","No booking after hours: the decision to book happens at nine at night on a phone, and the only way in is a front desk that shut at five.","Treatments with no prices: she has to ring and ask what tox costs, which is the one call a first-timer will not make.",Reviews doing the selling on the wrong page: the thing that closes her is two clicks from where she lands.,"Booking on the homepage: live at midnight, two taps, no phone call.",Treatment menu with prices: stated plainly so nobody has to ring to find out.,Reviews beside the booking button: the proof and the action on one screen.,Membership signup online: recurring revenue that does not need the front desk.,Automated reminders and rebooking: fewer no-shows without anybody chasing.
Dilworth Dermatology & Laser,,"no-booking,not-mobile-friendly,outdated-design","No booking after hours: the decision to book happens at nine at night on a phone, and the only way in is a front desk that shut at five.","Treatments with no prices: she has to ring and ask what tox costs, which is the one call a first-timer will not make.",Reviews doing the selling on the wrong page: the thing that closes her is two clicks from where she lands.,"Booking on the homepage: live at midnight, two taps, no phone call.",Treatment menu with prices: stated plainly so nobody has to ring to find out.,Reviews beside the booking button: the proof and the action on one screen.,Membership signup online: recurring revenue that does not need the front desk.,Automated reminders and rebooking: fewer no-shows without anybody chasing.
Divorce and Family Solutions,,"not-mobile-friendly,outdated-design,poor-seo",No sense of the person behind the firm: family law is chosen on trust and the site is a list of services.,Consultations only by phone: at the exact moment somebody does not want to say it out loud.,Fees never mentioned: the question every single enquiry has and nobody will ask first.,"The people, properly: who you are, in a way that earns a hard phone call.","Consultation booking online: discreet, at the hour people research this.","Fee structure explained: not a number necessarily, but how it works.",Secure client portal: documents without email attachments.,Automated intake and screening: fewer consultations that were never going to convert.
Dolphin Pools Construction,info@dolphinpools.us,"not-mobile-friendly,outdated-design,weak-branding",The build gallery is what sells and it is buried: nobody buys a pool from a spec list.,No price band anywhere: a homeowner has no idea whether you build forty-thousand pools or hundred-and-forty.,"A season-long sales cycle with nothing to hold the enquiry: they look in February and buy in May, from whoever stayed in front of them.","Build gallery front and centre: full-bleed, phone-first, filterable by style.",A starting price said out loud: so the enquiries you get are ones you want.,Consultation booking online: at the hour people daydream about this.,Design visualiser or 3D walkthrough: the thing that closes the February looker.,Service and maintenance signup: revenue after the build is paid for.
Douglas Family Dentistry,info@douglasfamilydentistry.com,"no-booking,not-mobile-friendly,outdated-design","Case work buried: a smile-makeover patient researches for months alone at night, and the before-and-afters are two menus deep.",No price range anywhere: the biggest case of the month wants a number before they will pick up the phone.,Booking that needs the front desk awake: the consult request that would have come in at nine at night never comes in at all.,"Case gallery up front: filterable by treatment, sized for a phone.","A price range said out loud: in real numbers, with financing mentioned before they ask.",Consult booking on the same screen: not behind a form that goes to an inbox.,Financing pre-qualification: the objection handled before the call.,"Automated recall and reactivation: the patients you already have, coming back."
Dr. Amy Alderman Plastic Surgery,info@dramyalderman.com,"no-booking,not-mobile-friendly,outdated-design",The gallery is the whole sale and it is buried: results sit three taps deep in a viewer that fights a phone.,"Consult requests only in office hours: the decision is live for about four minutes, at eleven at night.","Nothing filterable by procedure: she wants her procedure, on her body type, and gets a slideshow.","Results first: filterable by procedure, built for a phone because that is the device.","Consult request on every screen: no phone call, no waiting for Monday.","Procedure pages that answer the real questions: recovery, cost, who is a candidate.","Virtual consult booking: a paid consult taken online, before they cool off.",Financing pre-qualification: the objection handled before the call.
Dr. J. J. Wendel Plastic Surgery,info@drjjwendel.com,"no-booking,not-mobile-friendly,outdated-design",The gallery is the whole sale and it is buried: results sit three taps deep in a viewer that fights a phone.,"Consult requests only in office hours: the decision is live for about four minutes, at eleven at night.","Nothing filterable by procedure: she wants her procedure, on her body type, and gets a slideshow.","Results first: filterable by procedure, built for a phone because that is the device.","Consult request on every screen: no phone call, no waiting for Monday.","Procedure pages that answer the real questions: recovery, cost, who is a candidate.","Virtual consult booking: a paid consult taken online, before they cool off.",Financing pre-qualification: the objection handled before the call.
Dr. Mark Plastic Surgery,info@drmarkplasticsurgery.com,"no-booking,not-mobile-friendly,outdated-design",The gallery is the whole sale and it is buried: results sit three taps deep in a viewer that fights a phone.,"Consult requests only in office hours: the decision is live for about four minutes, at eleven at night.","Nothing filterable by procedure: she wants her procedure, on her body type, and gets a slideshow.","Results first: filterable by procedure, built for a phone because that is the device.","Consult request on every screen: no phone call, no waiting for Monday.","Procedure pages that answer the real questions: recovery, cost, who is a candidate.","Virtual consult booking: a paid consult taken online, before they cool off.",Financing pre-qualification: the objection handled before the call.
Dvida Spa,,"no-booking,not-mobile-friendly,outdated-design","No booking after hours: the decision to book happens at nine at night on a phone, and the only way in is a front desk that shut at five.","Treatments with no prices: she has to ring and ask what tox costs, which is the one call a first-timer will not make.",Reviews doing the selling on the wrong page: the thing that closes her is two clicks from where she lands.,"Booking on the homepage: live at midnight, two taps, no phone call.",Treatment menu with prices: stated plainly so nobody has to ring to find out.,Reviews beside the booking button: the proof and the action on one screen.,Membership signup online: recurring revenue that does not need the front desk.,Automated reminders and rebooking: fewer no-shows without anybody chasing.
East Nashville Aesthetic and Implant Dentistry,info@eastnashvilledentistry.com,"no-booking,not-mobile-friendly,outdated-design","Case work buried: a smile-makeover patient researches for months alone at night, and the before-and-afters are two menus deep.",No price range anywhere: the biggest case of the month wants a number before they will pick up the phone.,Booking that needs the front desk awake: the consult request that would have come in at nine at night never comes in at all.,"Case gallery up front: filterable by treatment, sized for a phone.","A price range said out loud: in real numbers, with financing mentioned before they ask.",Consult booking on the same screen: not behind a form that goes to an inbox.,Financing pre-qualification: the objection handled before the call.,"Automated recall and reactivation: the patients you already have, coming back."
ElaMar Nashville,,"no-booking,not-mobile-friendly,outdated-design","No booking after hours: the decision to book happens at nine at night on a phone, and the only way in is a front desk that shut at five.","Treatments with no prices: she has to ring and ask what tox costs, which is the one call a first-timer will not make.",Reviews doing the selling on the wrong page: the thing that closes her is two clicks from where she lands.,"Booking on the homepage: live at midnight, two taps, no phone call.",Treatment menu with prices: stated plainly so nobody has to ring to find out.,Reviews beside the booking button: the proof and the action on one screen.,Membership signup online: recurring revenue that does not need the front desk.,Automated reminders and rebooking: fewer no-shows without anybody chasing.
Enamel Dentistry South Lamar,,"no-booking,not-mobile-friendly,outdated-design","Case work buried: a smile-makeover patient researches for months alone at night, and the before-and-afters are two menus deep.",No price range anywhere: the biggest case of the month wants a number before they will pick up the phone.,Booking that needs the front desk awake: the consult request that would have come in at nine at night never comes in at all.,"Case gallery up front: filterable by treatment, sized for a phone.","A price range said out loud: in real numbers, with financing mentioned before they ask.",Consult booking on the same screen: not behind a form that goes to an inbox.,Financing pre-qualification: the objection handled before the call.,"Automated recall and reactivation: the patients you already have, coming back."
Envision Family Law,info@envisionfamilylaw.com,"not-mobile-friendly,outdated-design,poor-seo",No sense of the person behind the firm: family law is chosen on trust and the site is a list of services.,Consultations only by phone: at the exact moment somebody does not want to say it out loud.,Fees never mentioned: the question every single enquiry has and nobody will ask first.,"The people, properly: who you are, in a way that earns a hard phone call.","Consultation booking online: discreet, at the hour people research this.","Fee structure explained: not a number necessarily, but how it works.",Secure client portal: documents without email attachments.,Automated intake and screening: fewer consultations that were never going to convert.
Everett Custom Homes,,"not-mobile-friendly,outdated-design,weak-branding",The portfolio is the entire sale and it is presented badly: a phone-sized gallery of finished homes is what wins a build.,No price band anywhere: a client with a budget cannot tell whether you are their builder or twice their budget.,"Nothing about how the process works: the fear with a custom build is the unknown, not the price.","Portfolio built for a phone: full-bleed, fast, filterable by style and size.","A price band stated out loud: per square foot or per project, so the wrong enquiries stop.",The process explained: what happens between the first meeting and the keys.,Client build portal: selections and progress without the weekly phone call.,Land and lot listings: the enquiry that starts before there is a plan.
FD Remodeling Atlanta,,"not-mobile-friendly,outdated-design,no-booking",Before-and-afters are the whole pitch and they are hard to reach: a remodel is bought with the eyes.,No budget guidance at all: every enquiry starts with a conversation about whether they can afford you.,No way to book a consultation: the form goes to an inbox and the momentum dies over the weekend.,"Before-and-after galleries by room: sized for a phone, quick to scroll.","Budget ranges stated: typical spend for a kitchen and for a bath, plainly.",Consultation booking online: while they are still looking at the photos.,"Design questionnaire before the visit: a shorter, better first meeting.",Financing pre-qualification: the objection handled before you drive out there.
Factor Design Build,info@factordesignbuild.com,"not-mobile-friendly,outdated-design,weak-branding",The portfolio is the entire sale and it is presented badly: a phone-sized gallery of finished homes is what wins a build.,No price band anywhere: a client with a budget cannot tell whether you are their builder or twice their budget.,"Nothing about how the process works: the fear with a custom build is the unknown, not the price.","Portfolio built for a phone: full-bleed, fast, filterable by style and size.","A price band stated out loud: per square foot or per project, so the wrong enquiries stop.",The process explained: what happens between the first meeting and the keys.,Client build portal: selections and progress without the weekly phone call.,Land and lot listings: the enquiry that starts before there is a plan.
Farber Plastic Surgery,info@farberplasticsurgery.com,"no-booking,not-mobile-friendly,outdated-design",The gallery is the whole sale and it is buried: results sit three taps deep in a viewer that fights a phone.,"Consult requests only in office hours: the decision is live for about four minutes, at eleven at night.","Nothing filterable by procedure: she wants her procedure, on her body type, and gets a slideshow.","Results first: filterable by procedure, built for a phone because that is the device.","Consult request on every screen: no phone call, no waiting for Monday.","Procedure pages that answer the real questions: recovery, cost, who is a candidate.","Virtual consult booking: a paid consult taken online, before they cool off.",Financing pre-qualification: the objection handled before the call.
Ferrer & Gonzalez,,"not-mobile-friendly,outdated-design,poor-seo",Case results not up front: the only thing that separates you from the firm advertising on the same billboard.,No way to make contact at the hour it happens: an accident is not a nine-to-five event.,The site fights a phone: which is the only device somebody in a hospital bed has.,"Case results and settlements front and centre: real numbers, real cases.","Contact that works at any hour: click to call, text, and a form that gets answered.",Built for a phone first: because that is where every one of these enquiries starts.,Intake automation: qualifying the enquiry before it reaches a paralegal.,Local landing pages by practice area: the searches you are currently invisible for.
Floridian Pools,info@floridianinc.com,"not-mobile-friendly,outdated-design,weak-branding",The build gallery is what sells and it is buried: nobody buys a pool from a spec list.,No price band anywhere: a homeowner has no idea whether you build forty-thousand pools or hundred-and-forty.,"A season-long sales cycle with nothing to hold the enquiry: they look in February and buy in May, from whoever stayed in front of them.","Build gallery front and centre: full-bleed, phone-first, filterable by style.",A starting price said out loud: so the enquiries you get are ones you want.,Consultation booking online: at the hour people daydream about this.,Design visualiser or 3D walkthrough: the thing that closes the February looker.,Service and maintenance signup: revenue after the build is paid for.
Fox Injury Law,,"not-mobile-friendly,outdated-design,poor-seo",Case results not up front: the only thing that separates you from the firm advertising on the same billboard.,No way to make contact at the hour it happens: an accident is not a nine-to-five event.,The site fights a phone: which is the only device somebody in a hospital bed has.,"Case results and settlements front and centre: real numbers, real cases.","Contact that works at any hour: click to call, text, and a form that gets answered.",Built for a phone first: because that is where every one of these enquiries starts.,Intake automation: qualifying the enquiry before it reaches a paralegal.,Local landing pages by practice area: the searches you are currently invisible for.
Fratantoni Luxury Estates,info@fratantoniluxuryestates.com,"not-mobile-friendly,outdated-design,weak-branding",The portfolio is the entire sale and it is presented badly: a phone-sized gallery of finished homes is what wins a build.,No price band anywhere: a client with a budget cannot tell whether you are their builder or twice their budget.,"Nothing about how the process works: the fear with a custom build is the unknown, not the price.","Portfolio built for a phone: full-bleed, fast, filterable by style and size.","A price band stated out loud: per square foot or per project, so the wrong enquiries stop.",The process explained: what happens between the first meeting and the keys.,Client build portal: selections and progress without the weekly phone call.,Land and lot listings: the enquiry that starts before there is a plan.
Frieder Dermatology,info@friederdermatology.com,"no-booking,not-mobile-friendly,outdated-design",Cosmetic work hidden behind the medical practice: the patient paying cash cannot tell you do what she wants.,No booking after hours: she decides at night and books wherever the button is.,"No prices on anything: the first question every cosmetic patient has, unanswered.","A cosmetic side to the site: separate from medical dermatology, with its own booking.","Treatments priced and bookable: two taps, working at midnight.",Before-and-afters by concern: not by treatment name nobody searches for.,Membership or package signup online: recurring revenue without the front desk.,Automated reminders and rebooking: fewer gaps in the diary.
Gallardo Law Firm,,"not-mobile-friendly,outdated-design,poor-seo",Case results not up front: the only thing that separates you from the firm advertising on the same billboard.,No way to make contact at the hour it happens: an accident is not a nine-to-five event.,The site fights a phone: which is the only device somebody in a hospital bed has.,"Case results and settlements front and centre: real numbers, real cases.","Contact that works at any hour: click to call, text, and a form that gets answered.",Built for a phone first: because that is where every one of these enquiries starts.,Intake automation: qualifying the enquiry before it reaches a paralegal.,Local landing pages by practice area: the searches you are currently invisible for.
Garcia-Mayoral Dentistry,info@garciamayoraldentistry.com,"no-booking,not-mobile-friendly,outdated-design","Case work buried: a smile-makeover patient researches for months alone at night, and the before-and-afters are two menus deep.",No price range anywhere: the biggest case of the month wants a number before they will pick up the phone.,Booking that needs the front desk awake: the consult request that would have come in at nine at night never comes in at all.,"Case gallery up front: filterable by treatment, sized for a phone.","A price range said out loud: in real numbers, with financing mentioned before they ask.",Consult booking on the same screen: not behind a form that goes to an inbox.,Financing pre-qualification: the objection handled before the call.,"Automated recall and reactivation: the patients you already have, coming back."
Gather & Spruce,,"not-mobile-friendly,outdated-design,no-booking",Before-and-afters are the whole pitch and they are hard to reach: a remodel is bought with the eyes.,No budget guidance at all: every enquiry starts with a conversation about whether they can afford you.,No way to book a consultation: the form goes to an inbox and the momentum dies over the weekend.,"Before-and-after galleries by room: sized for a phone, quick to scroll.","Budget ranges stated: typical spend for a kitchen and for a bath, plainly.",Consultation booking online: while they are still looking at the photos.,"Design questionnaire before the visit: a shorter, better first meeting.",Financing pre-qualification: the objection handled before you drive out there.
Georgia In Home Services,,"not-mobile-friendly,outdated-design,no-booking",Before-and-afters are the whole pitch and they are hard to reach: a remodel is bought with the eyes.,No budget guidance at all: every enquiry starts with a conversation about whether they can afford you.,No way to book a consultation: the form goes to an inbox and the momentum dies over the weekend.,"Before-and-after galleries by room: sized for a phone, quick to scroll.","Budget ranges stated: typical spend for a kitchen and for a bath, plainly.",Consultation booking online: while they are still looking at the photos.,"Design questionnaire before the visit: a shorter, better first meeting.",Financing pre-qualification: the objection handled before you drive out there.
Gerson & Schwartz,,"not-mobile-friendly,outdated-design,poor-seo",Case results not up front: the only thing that separates you from the firm advertising on the same billboard.,No way to make contact at the hour it happens: an accident is not a nine-to-five event.,The site fights a phone: which is the only device somebody in a hospital bed has.,"Case results and settlements front and centre: real numbers, real cases.","Contact that works at any hour: click to call, text, and a form that gets answered.",Built for a phone first: because that is where every one of these enquiries starts.,Intake automation: qualifying the enquiry before it reaches a paralegal.,Local landing pages by practice area: the searches you are currently invisible for.
Glamor Medical,,"no-booking,not-mobile-friendly,outdated-design","No booking after hours: the decision to book happens at nine at night on a phone, and the only way in is a front desk that shut at five.","Treatments with no prices: she has to ring and ask what tox costs, which is the one call a first-timer will not make.",Reviews doing the selling on the wrong page: the thing that closes her is two clicks from where she lands.,"Booking on the homepage: live at midnight, two taps, no phone call.",Treatment menu with prices: stated plainly so nobody has to ring to find out.,Reviews beside the booking button: the proof and the action on one screen.,Membership signup online: recurring revenue that does not need the front desk.,Automated reminders and rebooking: fewer no-shows without anybody chasing.
Glo Medspa,,"no-booking,not-mobile-friendly,outdated-design","No booking after hours: the decision to book happens at nine at night on a phone, and the only way in is a front desk that shut at five.","Treatments with no prices: she has to ring and ask what tox costs, which is the one call a first-timer will not make.",Reviews doing the selling on the wrong page: the thing that closes her is two clicks from where she lands.,"Booking on the homepage: live at midnight, two taps, no phone call.",Treatment menu with prices: stated plainly so nobody has to ring to find out.,Reviews beside the booking button: the proof and the action on one screen.,Membership signup online: recurring revenue that does not need the front desk.,Automated reminders and rebooking: fewer no-shows without anybody chasing.
Goldberg & Rosen,info@goldbergandrosen.com,"not-mobile-friendly,outdated-design,poor-seo",Case results not up front: the only thing that separates you from the firm advertising on the same billboard.,No way to make contact at the hour it happens: an accident is not a nine-to-five event.,The site fights a phone: which is the only device somebody in a hospital bed has.,"Case results and settlements front and centre: real numbers, real cases.","Contact that works at any hour: click to call, text, and a form that gets answered.",Built for a phone first: because that is where every one of these enquiries starts.,Intake automation: qualifying the enquiry before it reaches a paralegal.,Local landing pages by practice area: the searches you are currently invisible for.
Grand Endeavor Homes,info@grandendeavorhomes.com,"not-mobile-friendly,outdated-design,weak-branding",The portfolio is the entire sale and it is presented badly: a phone-sized gallery of finished homes is what wins a build.,No price band anywhere: a client with a budget cannot tell whether you are their builder or twice their budget.,"Nothing about how the process works: the fear with a custom build is the unknown, not the price.","Portfolio built for a phone: full-bleed, fast, filterable by style and size.","A price band stated out loud: per square foot or per project, so the wrong enquiries stop.",The process explained: what happens between the first meeting and the keys.,Client build portal: selections and progress without the weekly phone call.,Land and lot listings: the enquiry that starts before there is a plan.
Green Hills Plastic Surgery,,"no-booking,not-mobile-friendly,outdated-design",The gallery is the whole sale and it is buried: results sit three taps deep in a viewer that fights a phone.,"Consult requests only in office hours: the decision is live for about four minutes, at eleven at night.","Nothing filterable by procedure: she wants her procedure, on her body type, and gets a slideshow.","Results first: filterable by procedure, built for a phone because that is the device.","Consult request on every screen: no phone call, no waiting for Monday.","Procedure pages that answer the real questions: recovery, cost, who is a candidate.","Virtual consult booking: a paid consult taken online, before they cool off.",Financing pre-qualification: the objection handled before the call.
Grossman Law Offices,,"not-mobile-friendly,outdated-design,poor-seo",Case results not up front: the only thing that separates you from the firm advertising on the same billboard.,No way to make contact at the hour it happens: an accident is not a nine-to-five event.,The site fights a phone: which is the only device somebody in a hospital bed has.,"Case results and settlements front and centre: real numbers, real cases.","Contact that works at any hour: click to call, text, and a form that gets answered.",Built for a phone first: because that is where every one of these enquiries starts.,Intake automation: qualifying the enquiry before it reaches a paralegal.,Local landing pages by practice area: the searches you are currently invisible for.
Grove Park Construction,,"not-mobile-friendly,outdated-design,weak-branding",The portfolio is the entire sale and it is presented badly: a phone-sized gallery of finished homes is what wins a build.,No price band anywhere: a client with a budget cannot tell whether you are their builder or twice their budget.,"Nothing about how the process works: the fear with a custom build is the unknown, not the price.","Portfolio built for a phone: full-bleed, fast, filterable by style and size.","A price band stated out loud: per square foot or per project, so the wrong enquiries stop.",The process explained: what happens between the first meeting and the keys.,Client build portal: selections and progress without the weekly phone call.,Land and lot listings: the enquiry that starts before there is a plan.
Guevara Renovations,,"not-mobile-friendly,outdated-design,no-booking",Before-and-afters are the whole pitch and they are hard to reach: a remodel is bought with the eyes.,No budget guidance at all: every enquiry starts with a conversation about whether they can afford you.,No way to book a consultation: the form goes to an inbox and the momentum dies over the weekend.,"Before-and-after galleries by room: sized for a phone, quick to scroll.","Budget ranges stated: typical spend for a kitchen and for a bath, plainly.",Consultation booking online: while they are still looking at the photos.,"Design questionnaire before the visit: a shorter, better first meeting.",Financing pre-qualification: the objection handled before you drive out there.
Haley Custom Homes,info@haleycustomhomes.com,"not-mobile-friendly,outdated-design,weak-branding",The portfolio is the entire sale and it is presented badly: a phone-sized gallery of finished homes is what wins a build.,No price band anywhere: a client with a budget cannot tell whether you are their builder or twice their budget.,"Nothing about how the process works: the fear with a custom build is the unknown, not the price.","Portfolio built for a phone: full-bleed, fast, filterable by style and size.","A price band stated out loud: per square foot or per project, so the wrong enquiries stop.",The process explained: what happens between the first meeting and the keys.,Client build portal: selections and progress without the weekly phone call.,Land and lot listings: the enquiry that starts before there is a plan.
Hamilton Wingo,info@hamiltonwingo.com,"not-mobile-friendly,outdated-design,poor-seo",Case results not up front: the only thing that separates you from the firm advertising on the same billboard.,No way to make contact at the hour it happens: an accident is not a nine-to-five event.,The site fights a phone: which is the only device somebody in a hospital bed has.,"Case results and settlements front and centre: real numbers, real cases.","Contact that works at any hour: click to call, text, and a form that gets answered.",Built for a phone first: because that is where every one of these enquiries starts.,Intake automation: qualifying the enquiry before it reaches a paralegal.,Local landing pages by practice area: the searches you are currently invisible for.
Harold Leidner Landscape Architects,,"not-mobile-friendly,outdated-design,weak-branding",The portfolio does not look like the work: high-end landscape is bought on images and the images are small and slow.,No project budget guidance: the difference between a planting plan and a full build is fifty thousand dollars and the site says neither.,No way to start a conversation properly: a contact form for a six-figure project.,"Portfolio that does the work justice: large, fast, phone-first, by project type.",Project budget bands stated: so the enquiries match the work you want.,Consultation booking with the right questions asked up front.,Design package sold online: a paid first step that qualifies hard.,Maintenance contracts online: recurring revenue off the builds you already did.
Harris Injury Law,,"not-mobile-friendly,outdated-design,poor-seo",Case results not up front: the only thing that separates you from the firm advertising on the same billboard.,No way to make contact at the hour it happens: an accident is not a nine-to-five event.,The site fights a phone: which is the only device somebody in a hospital bed has.,"Case results and settlements front and centre: real numbers, real cases.","Contact that works at any hour: click to call, text, and a form that gets answered.",Built for a phone first: because that is where every one of these enquiries starts.,Intake automation: qualifying the enquiry before it reaches a paralegal.,Local landing pages by practice area: the searches you are currently invisible for.
Hawkins-Welwood Homes,,"not-mobile-friendly,outdated-design,weak-branding",The portfolio is the entire sale and it is presented badly: a phone-sized gallery of finished homes is what wins a build.,No price band anywhere: a client with a budget cannot tell whether you are their builder or twice their budget.,"Nothing about how the process works: the fear with a custom build is the unknown, not the price.","Portfolio built for a phone: full-bleed, fast, filterable by style and size.","A price band stated out loud: per square foot or per project, so the wrong enquiries stop.",The process explained: what happens between the first meeting and the keys.,Client build portal: selections and progress without the weekly phone call.,Land and lot listings: the enquiry that starts before there is a plan.
Hayes Luxe Homes,,"not-mobile-friendly,outdated-design,weak-branding",The portfolio is the entire sale and it is presented badly: a phone-sized gallery of finished homes is what wins a build.,No price band anywhere: a client with a budget cannot tell whether you are their builder or twice their budget.,"Nothing about how the process works: the fear with a custom build is the unknown, not the price.","Portfolio built for a phone: full-bleed, fast, filterable by style and size.","A price band stated out loud: per square foot or per project, so the wrong enquiries stop.",The process explained: what happens between the first meeting and the keys.,Client build portal: selections and progress without the weekly phone call.,Land and lot listings: the enquiry that starts before there is a plan.
Hi Finch,,"no-booking,not-mobile-friendly,outdated-design","No booking after hours: the decision to book happens at nine at night on a phone, and the only way in is a front desk that shut at five.","Treatments with no prices: she has to ring and ask what tox costs, which is the one call a first-timer will not make.",Reviews doing the selling on the wrong page: the thing that closes her is two clicks from where she lands.,"Booking on the homepage: live at midnight, two taps, no phone call.",Treatment menu with prices: stated plainly so nobody has to ring to find out.,Reviews beside the booking button: the proof and the action on one screen.,Membership signup online: recurring revenue that does not need the front desk.,Automated reminders and rebooking: fewer no-shows without anybody chasing.
Hickey Law Firm,,"not-mobile-friendly,outdated-design,poor-seo",Case results not up front: the only thing that separates you from the firm advertising on the same billboard.,No way to make contact at the hour it happens: an accident is not a nine-to-five event.,The site fights a phone: which is the only device somebody in a hospital bed has.,"Case results and settlements front and centre: real numbers, real cases.","Contact that works at any hour: click to call, text, and a form that gets answered.",Built for a phone first: because that is where every one of these enquiries starts.,Intake automation: qualifying the enquiry before it reaches a paralegal.,Local landing pages by practice area: the searches you are currently invisible for.
Hidden Valley Homes,,"not-mobile-friendly,outdated-design,weak-branding",The portfolio is the entire sale and it is presented badly: a phone-sized gallery of finished homes is what wins a build.,No price band anywhere: a client with a budget cannot tell whether you are their builder or twice their budget.,"Nothing about how the process works: the fear with a custom build is the unknown, not the price.","Portfolio built for a phone: full-bleed, fast, filterable by style and size.","A price band stated out loud: per square foot or per project, so the wrong enquiries stop.",The process explained: what happens between the first meeting and the keys.,Client build portal: selections and progress without the weekly phone call.,Land and lot listings: the enquiry that starts before there is a plan.
Highland Park Dental,,"no-booking,not-mobile-friendly,outdated-design","Case work buried: a smile-makeover patient researches for months alone at night, and the before-and-afters are two menus deep.",No price range anywhere: the biggest case of the month wants a number before they will pick up the phone.,Booking that needs the front desk awake: the consult request that would have come in at nine at night never comes in at all.,"Case gallery up front: filterable by treatment, sized for a phone.","A price range said out loud: in real numbers, with financing mentioned before they ask.",Consult booking on the same screen: not behind a form that goes to an inbox.,Financing pre-qualification: the objection handled before the call.,"Automated recall and reactivation: the patients you already have, coming back."
Hillsboro Village Dental,info@hillsborovillagedental.com,"no-booking,not-mobile-friendly,outdated-design","Case work buried: a smile-makeover patient researches for months alone at night, and the before-and-afters are two menus deep.",No price range anywhere: the biggest case of the month wants a number before they will pick up the phone.,Booking that needs the front desk awake: the consult request that would have come in at nine at night never comes in at all.,"Case gallery up front: filterable by treatment, sized for a phone.","A price range said out loud: in real numbers, with financing mentioned before they ask.",Consult booking on the same screen: not behind a form that goes to an inbox.,Financing pre-qualification: the objection handled before the call.,"Automated recall and reactivation: the patients you already have, coming back."
Hobgood Facial Plastic Surgery,info@toddhobgood.com,"no-booking,not-mobile-friendly,outdated-design",The gallery is the whole sale and it is buried: results sit three taps deep in a viewer that fights a phone.,"Consult requests only in office hours: the decision is live for about four minutes, at eleven at night.","Nothing filterable by procedure: she wants her procedure, on her body type, and gets a slideshow.","Results first: filterable by procedure, built for a phone because that is the device.","Consult request on every screen: no phone call, no waiting for Monday.","Procedure pages that answer the real questions: recovery, cost, who is a candidate.","Virtual consult booking: a paid consult taken online, before they cool off.",Financing pre-qualification: the objection handled before the call.
Horizon Investments,,"outdated-design,weak-branding,not-mobile-friendly",The site looks smaller than the practice: somebody handing over eight figures is reading it for reassurance and not finding any.,No clear sense of who you are for: a prospect cannot tell in ten seconds whether they are your client.,No way to start a conversation: an introduction meeting is the only product and it is behind a phone number.,A site that matches the size of the money: credibility is the entire job here.,"Who you serve, stated plainly: the client you want, described so they recognise themselves.","Introduction meetings bookable online: the first step, made easy.",Client portal and reporting: what the big firms have and you are compared against.,Insight publishing that gets read: the reason a prospect comes back before they call.
Howarth Plastic Surgery,info@howarthplasticsurgery.com,"no-booking,not-mobile-friendly,outdated-design",The gallery is the whole sale and it is buried: results sit three taps deep in a viewer that fights a phone.,"Consult requests only in office hours: the decision is live for about four minutes, at eleven at night.","Nothing filterable by procedure: she wants her procedure, on her body type, and gets a slideshow.","Results first: filterable by procedure, built for a phone because that is the device.","Consult request on every screen: no phone call, no waiting for Monday.","Procedure pages that answer the real questions: recovery, cost, who is a candidate.","Virtual consult booking: a paid consult taken online, before they cool off.",Financing pre-qualification: the objection handled before the call.
Hydrate Medical,,"no-booking,not-mobile-friendly,outdated-design","No booking after hours: the decision to book happens at nine at night on a phone, and the only way in is a front desk that shut at five.","Treatments with no prices: she has to ring and ask what tox costs, which is the one call a first-timer will not make.",Reviews doing the selling on the wrong page: the thing that closes her is two clicks from where she lands.,"Booking on the homepage: live at midnight, two taps, no phone call.",Treatment menu with prices: stated plainly so nobody has to ring to find out.,Reviews beside the booking button: the proof and the action on one screen.,Membership signup online: recurring revenue that does not need the front desk.,Automated reminders and rebooking: fewer no-shows without anybody chasing.
IGG Kitchen & Bathroom Remodeling,,"not-mobile-friendly,outdated-design,no-booking",Before-and-afters are the whole pitch and they are hard to reach: a remodel is bought with the eyes.,No budget guidance at all: every enquiry starts with a conversation about whether they can afford you.,No way to book a consultation: the form goes to an inbox and the momentum dies over the weekend.,"Before-and-after galleries by room: sized for a phone, quick to scroll.","Budget ranges stated: typical spend for a kitchen and for a bath, plainly.",Consultation booking online: while they are still looking at the photos.,"Design questionnaire before the visit: a shorter, better first meeting.",Financing pre-qualification: the objection handled before you drive out there.
Icon MD Medical Spa + Laser Center,,"no-booking,not-mobile-friendly,outdated-design","No booking after hours: the decision to book happens at nine at night on a phone, and the only way in is a front desk that shut at five.","Treatments with no prices: she has to ring and ask what tox costs, which is the one call a first-timer will not make.",Reviews doing the selling on the wrong page: the thing that closes her is two clicks from where she lands.,"Booking on the homepage: live at midnight, two taps, no phone call.",Treatment menu with prices: stated plainly so nobody has to ring to find out.,Reviews beside the booking button: the proof and the action on one screen.,Membership signup online: recurring revenue that does not need the front desk.,Automated reminders and rebooking: fewer no-shows without anybody chasing.
InVia Fertility,info@inviafertility.com,"no-booking,not-mobile-friendly,outdated-design",Success rates hard to find: it is the only number a patient is actually comparing you on.,"Costs not stated: the single biggest source of anxiety, left to a phone call they are afraid to make.","Consult booking behind a form: read on Monday, by which point they have booked elsewhere.","Success rates stated plainly: by age band, where a patient can find them.","Costs and financing up front: what a cycle runs to, said out loud.",Consult booking online: at the hour people actually research this.,Patient portal: paperwork and results without the phone tag.,Automated nurture for enquiries: the months between first look and first cycle.
Infinity Medspa & Wellness,,"no-booking,not-mobile-friendly,outdated-design","No booking after hours: the decision to book happens at nine at night on a phone, and the only way in is a front desk that shut at five.","Treatments with no prices: she has to ring and ask what tox costs, which is the one call a first-timer will not make.",Reviews doing the selling on the wrong page: the thing that closes her is two clicks from where she lands.,"Booking on the homepage: live at midnight, two taps, no phone call.",Treatment menu with prices: stated plainly so nobody has to ring to find out.,Reviews beside the booking button: the proof and the action on one screen.,Membership signup online: recurring revenue that does not need the front desk.,Automated reminders and rebooking: fewer no-shows without anybody chasing.
Ingram Cosmetic Surgery,,"no-booking,not-mobile-friendly,outdated-design",The gallery is the whole sale and it is buried: results sit three taps deep in a viewer that fights a phone.,"Consult requests only in office hours: the decision is live for about four minutes, at eleven at night.","Nothing filterable by procedure: she wants her procedure, on her body type, and gets a slideshow.","Results first: filterable by procedure, built for a phone because that is the device.","Consult request on every screen: no phone call, no waiting for Monday.","Procedure pages that answer the real questions: recovery, cost, who is a candidate.","Virtual consult booking: a paid consult taken online, before they cool off.",Financing pre-qualification: the objection handled before the call.
Integrity Luxury Homes,,"not-mobile-friendly,outdated-design,weak-branding",The portfolio is the entire sale and it is presented badly: a phone-sized gallery of finished homes is what wins a build.,No price band anywhere: a client with a budget cannot tell whether you are their builder or twice their budget.,"Nothing about how the process works: the fear with a custom build is the unknown, not the price.","Portfolio built for a phone: full-bleed, fast, filterable by style and size.","A price band stated out loud: per square foot or per project, so the wrong enquiries stop.",The process explained: what happens between the first meeting and the keys.,Client build portal: selections and progress without the weekly phone call.,Land and lot listings: the enquiry that starts before there is a plan.
J. Angelo Design Build,info@jangelodesignbuild.com,"not-mobile-friendly,outdated-design,weak-branding",The portfolio is the entire sale and it is presented badly: a phone-sized gallery of finished homes is what wins a build.,No price band anywhere: a client with a budget cannot tell whether you are their builder or twice their budget.,"Nothing about how the process works: the fear with a custom build is the unknown, not the price.","Portfolio built for a phone: full-bleed, fast, filterable by style and size.","A price band stated out loud: per square foot or per project, so the wrong enquiries stop.",The process explained: what happens between the first meeting and the keys.,Client build portal: selections and progress without the weekly phone call.,Land and lot listings: the enquiry that starts before there is a plan.
JASPER Builds,,"not-mobile-friendly,outdated-design,weak-branding",The portfolio is the entire sale and it is presented badly: a phone-sized gallery of finished homes is what wins a build.,No price band anywhere: a client with a budget cannot tell whether you are their builder or twice their budget.,"Nothing about how the process works: the fear with a custom build is the unknown, not the price.","Portfolio built for a phone: full-bleed, fast, filterable by style and size.","A price band stated out loud: per square foot or per project, so the wrong enquiries stop.",The process explained: what happens between the first meeting and the keys.,Client build portal: selections and progress without the weekly phone call.,Land and lot listings: the enquiry that starts before there is a plan.
Janiczek Wealth Management,,"outdated-design,weak-branding,not-mobile-friendly",The site looks smaller than the practice: somebody handing over eight figures is reading it for reassurance and not finding any.,No clear sense of who you are for: a prospect cannot tell in ten seconds whether they are your client.,No way to start a conversation: an introduction meeting is the only product and it is behind a phone number.,A site that matches the size of the money: credibility is the entire job here.,"Who you serve, stated plainly: the client you want, described so they recognise themselves.","Introduction meetings bookable online: the first step, made easy.",Client portal and reporting: what the big firms have and you are compared against.,Insight publishing that gets read: the reason a prospect comes back before they call.
John Foy & Associates,,"not-mobile-friendly,outdated-design,poor-seo",Case results not up front: the only thing that separates you from the firm advertising on the same billboard.,No way to make contact at the hour it happens: an accident is not a nine-to-five event.,The site fights a phone: which is the only device somebody in a hospital bed has.,"Case results and settlements front and centre: real numbers, real cases.","Contact that works at any hour: click to call, text, and a form that gets answered.",Built for a phone first: because that is where every one of these enquiries starts.,Intake automation: qualifying the enquiry before it reaches a paralegal.,Local landing pages by practice area: the searches you are currently invisible for.
Jon Ric Medical Spa & Wellness Center,,"no-booking,not-mobile-friendly,outdated-design","No booking after hours: the decision to book happens at nine at night on a phone, and the only way in is a front desk that shut at five.","Treatments with no prices: she has to ring and ask what tox costs, which is the one call a first-timer will not make.",Reviews doing the selling on the wrong page: the thing that closes her is two clicks from where she lands.,"Booking on the homepage: live at midnight, two taps, no phone call.",Treatment menu with prices: stated plainly so nobody has to ring to find out.,Reviews beside the booking button: the proof and the action on one screen.,Membership signup online: recurring revenue that does not need the front desk.,Automated reminders and rebooking: fewer no-shows without anybody chasing.
KDO Kitchens and Remodeling,info@kdokitchensandremodeling.com,"not-mobile-friendly,outdated-design,no-booking",Before-and-afters are the whole pitch and they are hard to reach: a remodel is bought with the eyes.,No budget guidance at all: every enquiry starts with a conversation about whether they can afford you.,No way to book a consultation: the form goes to an inbox and the momentum dies over the weekend.,"Before-and-after galleries by room: sized for a phone, quick to scroll.","Budget ranges stated: typical spend for a kitchen and for a bath, plainly.",Consultation booking online: while they are still looking at the photos.,"Design questionnaire before the visit: a shorter, better first meeting.",Financing pre-qualification: the objection handled before you drive out there.
Kaire & Heffernan,,"not-mobile-friendly,outdated-design,poor-seo",Case results not up front: the only thing that separates you from the firm advertising on the same billboard.,No way to make contact at the hour it happens: an accident is not a nine-to-five event.,The site fights a phone: which is the only device somebody in a hospital bed has.,"Case results and settlements front and centre: real numbers, real cases.","Contact that works at any hour: click to call, text, and a form that gets answered.",Built for a phone first: because that is where every one of these enquiries starts.,Intake automation: qualifying the enquiry before it reaches a paralegal.,Local landing pages by practice area: the searches you are currently invisible for.
Kamper & Estrada,,"not-mobile-friendly,outdated-design,poor-seo",Case results not up front: the only thing that separates you from the firm advertising on the same billboard.,No way to make contact at the hour it happens: an accident is not a nine-to-five event.,The site fights a phone: which is the only device somebody in a hospital bed has.,"Case results and settlements front and centre: real numbers, real cases.","Contact that works at any hour: click to call, text, and a form that gets answered.",Built for a phone first: because that is where every one of these enquiries starts.,Intake automation: qualifying the enquiry before it reaches a paralegal.,Local landing pages by practice area: the searches you are currently invisible for.
Katz Builders,,"not-mobile-friendly,outdated-design,weak-branding",The portfolio is the entire sale and it is presented badly: a phone-sized gallery of finished homes is what wins a build.,No price band anywhere: a client with a budget cannot tell whether you are their builder or twice their budget.,"Nothing about how the process works: the fear with a custom build is the unknown, not the price.","Portfolio built for a phone: full-bleed, fast, filterable by style and size.","A price band stated out loud: per square foot or per project, so the wrong enquiries stop.",The process explained: what happens between the first meeting and the keys.,Client build portal: selections and progress without the weekly phone call.,Land and lot listings: the enquiry that starts before there is a plan.
Kaye Lifestyle Homes,,"not-mobile-friendly,outdated-design,weak-branding",The portfolio is the entire sale and it is presented badly: a phone-sized gallery of finished homes is what wins a build.,No price band anywhere: a client with a budget cannot tell whether you are their builder or twice their budget.,"Nothing about how the process works: the fear with a custom build is the unknown, not the price.","Portfolio built for a phone: full-bleed, fast, filterable by style and size.","A price band stated out loud: per square foot or per project, so the wrong enquiries stop.",The process explained: what happens between the first meeting and the keys.,Client build portal: selections and progress without the weekly phone call.,Land and lot listings: the enquiry that starts before there is a plan.
Kelly Law Team,,"not-mobile-friendly,outdated-design,poor-seo",Case results not up front: the only thing that separates you from the firm advertising on the same billboard.,No way to make contact at the hour it happens: an accident is not a nine-to-five event.,The site fights a phone: which is the only device somebody in a hospital bed has.,"Case results and settlements front and centre: real numbers, real cases.","Contact that works at any hour: click to call, text, and a form that gets answered.",Built for a phone first: because that is where every one of these enquiries starts.,Intake automation: qualifying the enquiry before it reaches a paralegal.,Local landing pages by practice area: the searches you are currently invisible for.
LFM Construction & Remodeling,,"not-mobile-friendly,outdated-design,no-booking",Before-and-afters are the whole pitch and they are hard to reach: a remodel is bought with the eyes.,No budget guidance at all: every enquiry starts with a conversation about whether they can afford you.,No way to book a consultation: the form goes to an inbox and the momentum dies over the weekend.,"Before-and-after galleries by room: sized for a phone, quick to scroll.","Budget ranges stated: typical spend for a kitchen and for a bath, plainly.",Consultation booking online: while they are still looking at the photos.,"Design questionnaire before the visit: a shorter, better first meeting.",Financing pre-qualification: the objection handled before you drive out there.
Lake Highlands Dental,,"no-booking,not-mobile-friendly,outdated-design","Case work buried: a smile-makeover patient researches for months alone at night, and the before-and-afters are two menus deep.",No price range anywhere: the biggest case of the month wants a number before they will pick up the phone.,Booking that needs the front desk awake: the consult request that would have come in at nine at night never comes in at all.,"Case gallery up front: filterable by treatment, sized for a phone.","A price range said out loud: in real numbers, with financing mentioned before they ask.",Consult booking on the same screen: not behind a form that goes to an inbox.,Financing pre-qualification: the objection handled before the call.,"Automated recall and reactivation: the patients you already have, coming back."
Landscapes of Naples,info@landscapesofnaples.com,"not-mobile-friendly,outdated-design,weak-branding",The portfolio does not look like the work: high-end landscape is bought on images and the images are small and slow.,No project budget guidance: the difference between a planting plan and a full build is fifty thousand dollars and the site says neither.,No way to start a conversation properly: a contact form for a six-figure project.,"Portfolio that does the work justice: large, fast, phone-first, by project type.",Project budget bands stated: so the enquiries match the work you want.,Consultation booking with the right questions asked up front.,Design package sold online: a paid first step that qualifies hard.,Maintenance contracts online: recurring revenue off the builds you already did.
Law Offices of Molly B. Kenny,,"not-mobile-friendly,outdated-design,poor-seo",No sense of the person behind the firm: family law is chosen on trust and the site is a list of services.,Consultations only by phone: at the exact moment somebody does not want to say it out loud.,Fees never mentioned: the question every single enquiry has and nobody will ask first.,"The people, properly: who you are, in a way that earns a hard phone call.","Consultation booking online: discreet, at the hour people research this.","Fee structure explained: not a number necessarily, but how it works.",Secure client portal: documents without email attachments.,Automated intake and screening: fewer consultations that were never going to convert.
Legend Homes,,"not-mobile-friendly,outdated-design,weak-branding",The portfolio is the entire sale and it is presented badly: a phone-sized gallery of finished homes is what wins a build.,No price band anywhere: a client with a budget cannot tell whether you are their builder or twice their budget.,"Nothing about how the process works: the fear with a custom build is the unknown, not the price.","Portfolio built for a phone: full-bleed, fast, filterable by style and size.","A price band stated out loud: per square foot or per project, so the wrong enquiries stop.",The process explained: what happens between the first meeting and the keys.,Client build portal: selections and progress without the weekly phone call.,Land and lot listings: the enquiry that starts before there is a plan.
Lombardo Landscaping,info@lombardolandscaping.com,"not-mobile-friendly,outdated-design,weak-branding",The portfolio does not look like the work: high-end landscape is bought on images and the images are small and slow.,No project budget guidance: the difference between a planting plan and a full build is fifty thousand dollars and the site says neither.,No way to start a conversation properly: a contact form for a six-figure project.,"Portfolio that does the work justice: large, fast, phone-first, by project type.",Project budget bands stated: so the enquiries match the work you want.,Consultation booking with the right questions asked up front.,Design package sold online: a paid first step that qualifies hard.,Maintenance contracts online: recurring revenue off the builds you already did.
Louis Pools,,"not-mobile-friendly,outdated-design,weak-branding",The build gallery is what sells and it is buried: nobody buys a pool from a spec list.,No price band anywhere: a homeowner has no idea whether you build forty-thousand pools or hundred-and-forty.,"A season-long sales cycle with nothing to hold the enquiry: they look in February and buy in May, from whoever stayed in front of them.","Build gallery front and centre: full-bleed, phone-first, filterable by style.",A starting price said out loud: so the enquiries you get are ones you want.,Consultation booking online: at the hour people daydream about this.,Design visualiser or 3D walkthrough: the thing that closes the February looker.,Service and maintenance signup: revenue after the build is paid for.
Luxury on Lovers,,"no-booking,not-mobile-friendly,outdated-design","No booking after hours: the decision to book happens at nine at night on a phone, and the only way in is a front desk that shut at five.","Treatments with no prices: she has to ring and ask what tox costs, which is the one call a first-timer will not make.",Reviews doing the selling on the wrong page: the thing that closes her is two clicks from where she lands.,"Booking on the homepage: live at midnight, two taps, no phone call.",Treatment menu with prices: stated plainly so nobody has to ring to find out.,Reviews beside the booking button: the proof and the action on one screen.,Membership signup online: recurring revenue that does not need the front desk.,Automated reminders and rebooking: fewer no-shows without anybody chasing.
MDSkin Lounge,,"no-booking,not-mobile-friendly,outdated-design","No booking after hours: the decision to book happens at nine at night on a phone, and the only way in is a front desk that shut at five.","Treatments with no prices: she has to ring and ask what tox costs, which is the one call a first-timer will not make.",Reviews doing the selling on the wrong page: the thing that closes her is two clicks from where she lands.,"Booking on the homepage: live at midnight, two taps, no phone call.",Treatment menu with prices: stated plainly so nobody has to ring to find out.,Reviews beside the booking button: the proof and the action on one screen.,Membership signup online: recurring revenue that does not need the front desk.,Automated reminders and rebooking: fewer no-shows without anybody chasing.
Maia Wealth,,"outdated-design,weak-branding,not-mobile-friendly",The site looks smaller than the practice: somebody handing over eight figures is reading it for reassurance and not finding any.,No clear sense of who you are for: a prospect cannot tell in ten seconds whether they are your client.,No way to start a conversation: an introduction meeting is the only product and it is behind a phone number.,A site that matches the size of the money: credibility is the entire job here.,"Who you serve, stated plainly: the client you want, described so they recognise themselves.","Introduction meetings bookable online: the first step, made easy.",Client portal and reporting: what the big firms have and you are compared against.,Insight publishing that gets read: the reason a prospect comes back before they call.
Mara's Med Spa Uptown,,"no-booking,not-mobile-friendly,outdated-design","No booking after hours: the decision to book happens at nine at night on a phone, and the only way in is a front desk that shut at five.","Treatments with no prices: she has to ring and ask what tox costs, which is the one call a first-timer will not make.",Reviews doing the selling on the wrong page: the thing that closes her is two clicks from where she lands.,"Booking on the homepage: live at midnight, two taps, no phone call.",Treatment menu with prices: stated plainly so nobody has to ring to find out.,Reviews beside the booking button: the proof and the action on one screen.,Membership signup online: recurring revenue that does not need the front desk.,Automated reminders and rebooking: fewer no-shows without anybody chasing.
MasterAZscapes,info@landscaper-phoenix.com,"not-mobile-friendly,outdated-design,weak-branding",The build gallery is what sells and it is buried: nobody buys a pool from a spec list.,No price band anywhere: a homeowner has no idea whether you build forty-thousand pools or hundred-and-forty.,"A season-long sales cycle with nothing to hold the enquiry: they look in February and buy in May, from whoever stayed in front of them.","Build gallery front and centre: full-bleed, phone-first, filterable by style.",A starting price said out loud: so the enquiries you get are ones you want.,Consultation booking online: at the hour people daydream about this.,Design visualiser or 3D walkthrough: the thing that closes the February looker.,Service and maintenance signup: revenue after the build is paid for.
Med Boutique,,"no-booking,not-mobile-friendly,outdated-design","No booking after hours: the decision to book happens at nine at night on a phone, and the only way in is a front desk that shut at five.","Treatments with no prices: she has to ring and ask what tox costs, which is the one call a first-timer will not make.",Reviews doing the selling on the wrong page: the thing that closes her is two clicks from where she lands.,"Booking on the homepage: live at midnight, two taps, no phone call.",Treatment menu with prices: stated plainly so nobody has to ring to find out.,Reviews beside the booking button: the proof and the action on one screen.,Membership signup online: recurring revenue that does not need the front desk.,Automated reminders and rebooking: fewer no-shows without anybody chasing.
Miami Designer Smiles,info@miamidesignersmiles.com,"no-booking,not-mobile-friendly,outdated-design","Case work buried: a smile-makeover patient researches for months alone at night, and the before-and-afters are two menus deep.",No price range anywhere: the biggest case of the month wants a number before they will pick up the phone.,Booking that needs the front desk awake: the consult request that would have come in at nine at night never comes in at all.,"Case gallery up front: filterable by treatment, sized for a phone.","A price range said out loud: in real numbers, with financing mentioned before they ask.",Consult booking on the same screen: not behind a form that goes to an inbox.,Financing pre-qualification: the objection handled before the call.,"Automated recall and reactivation: the patients you already have, coming back."
Midtown Family Dentistry of Dallas,,"no-booking,not-mobile-friendly,outdated-design","Case work buried: a smile-makeover patient researches for months alone at night, and the before-and-afters are two menus deep.",No price range anywhere: the biggest case of the month wants a number before they will pick up the phone.,Booking that needs the front desk awake: the consult request that would have come in at nine at night never comes in at all.,"Case gallery up front: filterable by treatment, sized for a phone.","A price range said out loud: in real numbers, with financing mentioned before they ask.",Consult booking on the same screen: not behind a form that goes to an inbox.,Financing pre-qualification: the objection handled before the call.,"Automated recall and reactivation: the patients you already have, coming back."
Midtown Smiles,info@midtownsmilestn.com,"no-booking,not-mobile-friendly,outdated-design","Case work buried: a smile-makeover patient researches for months alone at night, and the before-and-afters are two menus deep.",No price range anywhere: the biggest case of the month wants a number before they will pick up the phone.,Booking that needs the front desk awake: the consult request that would have come in at nine at night never comes in at all.,"Case gallery up front: filterable by treatment, sized for a phone.","A price range said out loud: in real numbers, with financing mentioned before they ask.",Consult booking on the same screen: not behind a form that goes to an inbox.,Financing pre-qualification: the objection handled before the call.,"Automated recall and reactivation: the patients you already have, coming back."
Moderne Medical,info@modernemedical.com,"no-booking,not-mobile-friendly,outdated-design","No booking after hours: the decision to book happens at nine at night on a phone, and the only way in is a front desk that shut at five.","Treatments with no prices: she has to ring and ask what tox costs, which is the one call a first-timer will not make.",Reviews doing the selling on the wrong page: the thing that closes her is two clicks from where she lands.,"Booking on the homepage: live at midnight, two taps, no phone call.",Treatment menu with prices: stated plainly so nobody has to ring to find out.,Reviews beside the booking button: the proof and the action on one screen.,Membership signup online: recurring revenue that does not need the front desk.,Automated reminders and rebooking: fewer no-shows without anybody chasing.
Moore Injury Law,,"not-mobile-friendly,outdated-design,poor-seo",Case results not up front: the only thing that separates you from the firm advertising on the same billboard.,No way to make contact at the hour it happens: an accident is not a nine-to-five event.,The site fights a phone: which is the only device somebody in a hospital bed has.,"Case results and settlements front and centre: real numbers, real cases.","Contact that works at any hour: click to call, text, and a form that gets answered.",Built for a phone first: because that is where every one of these enquiries starts.,Intake automation: qualifying the enquiry before it reaches a paralegal.,Local landing pages by practice area: the searches you are currently invisible for.
Moore Landscaping,info@naplesluxurylandscaper.com,"not-mobile-friendly,outdated-design,weak-branding",The portfolio does not look like the work: high-end landscape is bought on images and the images are small and slow.,No project budget guidance: the difference between a planting plan and a full build is fifty thousand dollars and the site says neither.,No way to start a conversation properly: a contact form for a six-figure project.,"Portfolio that does the work justice: large, fast, phone-first, by project type.",Project budget bands stated: so the enquiries match the work you want.,Consultation booking with the right questions asked up front.,Design package sold online: a paid first step that qualifies hard.,Maintenance contracts online: recurring revenue off the builds you already did.
Morrison & Hughes Law,,"not-mobile-friendly,outdated-design,poor-seo",Case results not up front: the only thing that separates you from the firm advertising on the same billboard.,No way to make contact at the hour it happens: an accident is not a nine-to-five event.,The site fights a phone: which is the only device somebody in a hospital bed has.,"Case results and settlements front and centre: real numbers, real cases.","Contact that works at any hour: click to call, text, and a form that gets answered.",Built for a phone first: because that is where every one of these enquiries starts.,Intake automation: qualifying the enquiry before it reaches a paralegal.,Local landing pages by practice area: the searches you are currently invisible for.
Mullen & Mullen Law Firm,info@mullenandmullen.com,"not-mobile-friendly,outdated-design,poor-seo",Case results not up front: the only thing that separates you from the firm advertising on the same billboard.,No way to make contact at the hour it happens: an accident is not a nine-to-five event.,The site fights a phone: which is the only device somebody in a hospital bed has.,"Case results and settlements front and centre: real numbers, real cases.","Contact that works at any hour: click to call, text, and a form that gets answered.",Built for a phone first: because that is where every one of these enquiries starts.,Intake automation: qualifying the enquiry before it reaches a paralegal.,Local landing pages by practice area: the searches you are currently invisible for.
MyBath Colorado,info@mybathcolorado.com,"not-mobile-friendly,outdated-design,no-booking",Before-and-afters are the whole pitch and they are hard to reach: a remodel is bought with the eyes.,No budget guidance at all: every enquiry starts with a conversation about whether they can afford you.,No way to book a consultation: the form goes to an inbox and the momentum dies over the weekend.,"Before-and-after galleries by room: sized for a phone, quick to scroll.","Budget ranges stated: typical spend for a kitchen and for a bath, plainly.",Consultation booking online: while they are still looking at the photos.,"Design questionnaire before the visit: a shorter, better first meeting.",Financing pre-qualification: the objection handled before you drive out there.
Nashville Aesthetic Dentistry,,"no-booking,not-mobile-friendly,outdated-design","Case work buried: a smile-makeover patient researches for months alone at night, and the before-and-afters are two menus deep.",No price range anywhere: the biggest case of the month wants a number before they will pick up the phone.,Booking that needs the front desk awake: the consult request that would have come in at nine at night never comes in at all.,"Case gallery up front: filterable by treatment, sized for a phone.","A price range said out loud: in real numbers, with financing mentioned before they ask.",Consult booking on the same screen: not behind a form that goes to an inbox.,Financing pre-qualification: the objection handled before the call.,"Automated recall and reactivation: the patients you already have, coming back."
Nashville Med Spa NSI,,"no-booking,not-mobile-friendly,outdated-design","No booking after hours: the decision to book happens at nine at night on a phone, and the only way in is a front desk that shut at five.","Treatments with no prices: she has to ring and ask what tox costs, which is the one call a first-timer will not make.",Reviews doing the selling on the wrong page: the thing that closes her is two clicks from where she lands.,"Booking on the homepage: live at midnight, two taps, no phone call.",Treatment menu with prices: stated plainly so nobody has to ring to find out.,Reviews beside the booking button: the proof and the action on one screen.,Membership signup online: recurring revenue that does not need the front desk.,Automated reminders and rebooking: fewer no-shows without anybody chasing.
Nashville Restorative Dentistry,info@nashvillerestorativedentistry.com,"no-booking,not-mobile-friendly,outdated-design","Case work buried: a smile-makeover patient researches for months alone at night, and the before-and-afters are two menus deep.",No price range anywhere: the biggest case of the month wants a number before they will pick up the phone.,Booking that needs the front desk awake: the consult request that would have come in at nine at night never comes in at all.,"Case gallery up front: filterable by treatment, sized for a phone.","A price range said out loud: in real numbers, with financing mentioned before they ask.",Consult booking on the same screen: not behind a form that goes to an inbox.,Financing pre-qualification: the objection handled before the call.,"Automated recall and reactivation: the patients you already have, coming back."
Nashville Skin Society,,"no-booking,not-mobile-friendly,outdated-design","No booking after hours: the decision to book happens at nine at night on a phone, and the only way in is a front desk that shut at five.","Treatments with no prices: she has to ring and ask what tox costs, which is the one call a first-timer will not make.",Reviews doing the selling on the wrong page: the thing that closes her is two clicks from where she lands.,"Booking on the homepage: live at midnight, two taps, no phone call.",Treatment menu with prices: stated plainly so nobody has to ring to find out.,Reviews beside the booking button: the proof and the action on one screen.,Membership signup online: recurring revenue that does not need the front desk.,Automated reminders and rebooking: fewer no-shows without anybody chasing.
Nassau Pools,info@nassaupools.com,"not-mobile-friendly,outdated-design,weak-branding",The build gallery is what sells and it is buried: nobody buys a pool from a spec list.,No price band anywhere: a homeowner has no idea whether you build forty-thousand pools or hundred-and-forty.,"A season-long sales cycle with nothing to hold the enquiry: they look in February and buy in May, from whoever stayed in front of them.","Build gallery front and centre: full-bleed, phone-first, filterable by style.",A starting price said out loud: so the enquiries you get are ones you want.,Consultation booking online: at the hour people daydream about this.,Design visualiser or 3D walkthrough: the thing that closes the February looker.,Service and maintenance signup: revenue after the build is paid for.
New Life Plastic Surgery,,"no-booking,not-mobile-friendly,outdated-design",The gallery is the whole sale and it is buried: results sit three taps deep in a viewer that fights a phone.,"Consult requests only in office hours: the decision is live for about four minutes, at eleven at night.","Nothing filterable by procedure: she wants her procedure, on her body type, and gets a slideshow.","Results first: filterable by procedure, built for a phone because that is the device.","Consult request on every screen: no phone call, no waiting for Monday.","Procedure pages that answer the real questions: recovery, cost, who is a candidate.","Virtual consult booking: a paid consult taken online, before they cool off.",Financing pre-qualification: the objection handled before the call.
Nicholas Custom Homes,,"not-mobile-friendly,outdated-design,weak-branding",The portfolio is the entire sale and it is presented badly: a phone-sized gallery of finished homes is what wins a build.,No price band anywhere: a client with a budget cannot tell whether you are their builder or twice their budget.,"Nothing about how the process works: the fear with a custom build is the unknown, not the price.","Portfolio built for a phone: full-bleed, fast, filterable by style and size.","A price band stated out loud: per square foot or per project, so the wrong enquiries stop.",The process explained: what happens between the first meeting and the keys.,Client build portal: selections and progress without the weekly phone call.,Land and lot listings: the enquiry that starts before there is a plan.
North Dallas Family Dental,,"no-booking,not-mobile-friendly,outdated-design","Case work buried: a smile-makeover patient researches for months alone at night, and the before-and-afters are two menus deep.",No price range anywhere: the biggest case of the month wants a number before they will pick up the phone.,Booking that needs the front desk awake: the consult request that would have come in at nine at night never comes in at all.,"Case gallery up front: filterable by treatment, sized for a phone.","A price range said out loud: in real numbers, with financing mentioned before they ask.",Consult booking on the same screen: not behind a form that goes to an inbox.,Financing pre-qualification: the objection handled before the call.,"Automated recall and reactivation: the patients you already have, coming back."
North Texas Plastic Surgery,info@northtexasplasticsurgery.com,"no-booking,not-mobile-friendly,outdated-design",The gallery is the whole sale and it is buried: results sit three taps deep in a viewer that fights a phone.,"Consult requests only in office hours: the decision is live for about four minutes, at eleven at night.","Nothing filterable by procedure: she wants her procedure, on her body type, and gets a slideshow.","Results first: filterable by procedure, built for a phone because that is the device.","Consult request on every screen: no phone call, no waiting for Monday.","Procedure pages that answer the real questions: recovery, cost, who is a candidate.","Virtual consult booking: a paid consult taken online, before they cool off.",Financing pre-qualification: the objection handled before the call.
Nova Homes of South Florida,,"not-mobile-friendly,outdated-design,weak-branding",The portfolio is the entire sale and it is presented badly: a phone-sized gallery of finished homes is what wins a build.,No price band anywhere: a client with a budget cannot tell whether you are their builder or twice their budget.,"Nothing about how the process works: the fear with a custom build is the unknown, not the price.","Portfolio built for a phone: full-bleed, fast, filterable by style and size.","A price band stated out loud: per square foot or per project, so the wrong enquiries stop.",The process explained: what happens between the first meeting and the keys.,Client build portal: selections and progress without the weekly phone call.,Land and lot listings: the enquiry that starts before there is a plan.
Novare Capital Management,,"outdated-design,weak-branding,not-mobile-friendly",The site looks smaller than the practice: somebody handing over eight figures is reading it for reassurance and not finding any.,No clear sense of who you are for: a prospect cannot tell in ten seconds whether they are your client.,No way to start a conversation: an introduction meeting is the only product and it is behind a phone number.,A site that matches the size of the money: credibility is the entire job here.,"Who you serve, stated plainly: the client you want, described so they recognise themselves.","Introduction meetings bookable online: the first step, made easy.",Client portal and reporting: what the big firms have and you are compared against.,Insight publishing that gets read: the reason a prospect comes back before they call.
Nuli Studios,,"no-booking,not-mobile-friendly,outdated-design","No booking after hours: the decision to book happens at nine at night on a phone, and the only way in is a front desk that shut at five.","Treatments with no prices: she has to ring and ask what tox costs, which is the one call a first-timer will not make.",Reviews doing the selling on the wrong page: the thing that closes her is two clicks from where she lands.,"Booking on the homepage: live at midnight, two taps, no phone call.",Treatment menu with prices: stated plainly so nobody has to ring to find out.,Reviews beside the booking button: the proof and the action on one screen.,Membership signup online: recurring revenue that does not need the front desk.,Automated reminders and rebooking: fewer no-shows without anybody chasing.
OC Skin Care Center,,"no-booking,not-mobile-friendly,outdated-design","No booking after hours: the decision to book happens at nine at night on a phone, and the only way in is a front desk that shut at five.","Treatments with no prices: she has to ring and ask what tox costs, which is the one call a first-timer will not make.",Reviews doing the selling on the wrong page: the thing that closes her is two clicks from where she lands.,"Booking on the homepage: live at midnight, two taps, no phone call.",Treatment menu with prices: stated plainly so nobody has to ring to find out.,Reviews beside the booking button: the proof and the action on one screen.,Membership signup online: recurring revenue that does not need the front desk.,Automated reminders and rebooking: fewer no-shows without anybody chasing.
Okland Facial Plastic Surgery,,"no-booking,not-mobile-friendly,outdated-design",The gallery is the whole sale and it is buried: results sit three taps deep in a viewer that fights a phone.,"Consult requests only in office hours: the decision is live for about four minutes, at eleven at night.","Nothing filterable by procedure: she wants her procedure, on her body type, and gets a slideshow.","Results first: filterable by procedure, built for a phone because that is the device.","Consult request on every screen: no phone call, no waiting for Monday.","Procedure pages that answer the real questions: recovery, cost, who is a candidate.","Virtual consult booking: a paid consult taken online, before they cool off.",Financing pre-qualification: the objection handled before the call.
Original Landscape Concepts,info@originallandscapeconcepts.com,"not-mobile-friendly,outdated-design,weak-branding",The portfolio does not look like the work: high-end landscape is bought on images and the images are small and slow.,No project budget guidance: the difference between a planting plan and a full build is fifty thousand dollars and the site says neither.,No way to start a conversation properly: a contact form for a six-figure project.,"Portfolio that does the work justice: large, fast, phone-first, by project type.",Project budget bands stated: so the enquiries match the work you want.,Consultation booking with the right questions asked up front.,Design package sold online: a paid first step that qualifies hard.,Maintenance contracts online: recurring revenue off the builds you already did.
Outside Productions,info@opidesign.net,"not-mobile-friendly,outdated-design,weak-branding",The portfolio does not look like the work: high-end landscape is bought on images and the images are small and slow.,No project budget guidance: the difference between a planting plan and a full build is fifty thousand dollars and the site says neither.,No way to start a conversation properly: a contact form for a six-figure project.,"Portfolio that does the work justice: large, fast, phone-first, by project type.",Project budget bands stated: so the enquiries match the work you want.,Consultation booking with the right questions asked up front.,Design package sold online: a paid first step that qualifies hard.,Maintenance contracts online: recurring revenue off the builds you already did.
PR Builders,info@pr.builders,"not-mobile-friendly,outdated-design,weak-branding",The portfolio is the entire sale and it is presented badly: a phone-sized gallery of finished homes is what wins a build.,No price band anywhere: a client with a budget cannot tell whether you are their builder or twice their budget.,"Nothing about how the process works: the fear with a custom build is the unknown, not the price.","Portfolio built for a phone: full-bleed, fast, filterable by style and size.","A price band stated out loud: per square foot or per project, so the wrong enquiries stop.",The process explained: what happens between the first meeting and the keys.,Client build portal: selections and progress without the weekly phone call.,Land and lot listings: the enquiry that starts before there is a plan.
PURE Medical Spa,,"no-booking,not-mobile-friendly,outdated-design","No booking after hours: the decision to book happens at nine at night on a phone, and the only way in is a front desk that shut at five.","Treatments with no prices: she has to ring and ask what tox costs, which is the one call a first-timer will not make.",Reviews doing the selling on the wrong page: the thing that closes her is two clicks from where she lands.,"Booking on the homepage: live at midnight, two taps, no phone call.",Treatment menu with prices: stated plainly so nobody has to ring to find out.,Reviews beside the booking button: the proof and the action on one screen.,Membership signup online: recurring revenue that does not need the front desk.,Automated reminders and rebooking: fewer no-shows without anybody chasing.
Parsec Financial Management,,"outdated-design,weak-branding,not-mobile-friendly",The site looks smaller than the practice: somebody handing over eight figures is reading it for reassurance and not finding any.,No clear sense of who you are for: a prospect cannot tell in ten seconds whether they are your client.,No way to start a conversation: an introduction meeting is the only product and it is behind a phone number.,A site that matches the size of the money: credibility is the entire job here.,"Who you serve, stated plainly: the client you want, described so they recognise themselves.","Introduction meetings bookable online: the first step, made easy.",Client portal and reporting: what the big firms have and you are compared against.,Insight publishing that gets read: the reason a prospect comes back before they call.
Peace Love Med Aesthetic Rejuvenation,,"no-booking,not-mobile-friendly,outdated-design","No booking after hours: the decision to book happens at nine at night on a phone, and the only way in is a front desk that shut at five.","Treatments with no prices: she has to ring and ask what tox costs, which is the one call a first-timer will not make.",Reviews doing the selling on the wrong page: the thing that closes her is two clicks from where she lands.,"Booking on the homepage: live at midnight, two taps, no phone call.",Treatment menu with prices: stated plainly so nobody has to ring to find out.,Reviews beside the booking button: the proof and the action on one screen.,Membership signup online: recurring revenue that does not need the front desk.,Automated reminders and rebooking: fewer no-shows without anybody chasing.
Pendergrass Law,,"not-mobile-friendly,outdated-design,poor-seo",Case results not up front: the only thing that separates you from the firm advertising on the same billboard.,No way to make contact at the hour it happens: an accident is not a nine-to-five event.,The site fights a phone: which is the only device somebody in a hospital bed has.,"Case results and settlements front and centre: real numbers, real cases.","Contact that works at any hour: click to call, text, and a form that gets answered.",Built for a phone first: because that is where every one of these enquiries starts.,Intake automation: qualifying the enquiry before it reaches a paralegal.,Local landing pages by practice area: the searches you are currently invisible for.
Penn Carpentry,,"not-mobile-friendly,outdated-design,no-booking",Before-and-afters are the whole pitch and they are hard to reach: a remodel is bought with the eyes.,No budget guidance at all: every enquiry starts with a conversation about whether they can afford you.,No way to book a consultation: the form goes to an inbox and the momentum dies over the weekend.,"Before-and-after galleries by room: sized for a phone, quick to scroll.","Budget ranges stated: typical spend for a kitchen and for a bath, plainly.",Consultation booking online: while they are still looking at the photos.,"Design questionnaire before the visit: a shorter, better first meeting.",Financing pre-qualification: the objection handled before you drive out there.
Perimeter Plastic Surgery,info@perimeterplasticsurgery.com,"no-booking,not-mobile-friendly,outdated-design",The gallery is the whole sale and it is buried: results sit three taps deep in a viewer that fights a phone.,"Consult requests only in office hours: the decision is live for about four minutes, at eleven at night.","Nothing filterable by procedure: she wants her procedure, on her body type, and gets a slideshow.","Results first: filterable by procedure, built for a phone because that is the device.","Consult request on every screen: no phone call, no waiting for Monday.","Procedure pages that answer the real questions: recovery, cost, who is a candidate.","Virtual consult booking: a paid consult taken online, before they cool off.",Financing pre-qualification: the objection handled before the call.
Peters Custom Homes,info@peterscustomhomes.com,"not-mobile-friendly,outdated-design,weak-branding",The portfolio is the entire sale and it is presented badly: a phone-sized gallery of finished homes is what wins a build.,No price band anywhere: a client with a budget cannot tell whether you are their builder or twice their budget.,"Nothing about how the process works: the fear with a custom build is the unknown, not the price.","Portfolio built for a phone: full-bleed, fast, filterable by style and size.","A price band stated out loud: per square foot or per project, so the wrong enquiries stop.",The process explained: what happens between the first meeting and the keys.,Client build portal: selections and progress without the weekly phone call.,Land and lot listings: the enquiry that starts before there is a plan.
Phillips Law Group,info@phillipslaw.com,"not-mobile-friendly,outdated-design,poor-seo",Case results not up front: the only thing that separates you from the firm advertising on the same billboard.,No way to make contact at the hour it happens: an accident is not a nine-to-five event.,The site fights a phone: which is the only device somebody in a hospital bed has.,"Case results and settlements front and centre: real numbers, real cases.","Contact that works at any hour: click to call, text, and a form that gets answered.",Built for a phone first: because that is where every one of these enquiries starts.,Intake automation: qualifying the enquiry before it reaches a paralegal.,Local landing pages by practice area: the searches you are currently invisible for.
Phoenix Cosmetic Dental Care,info@phoenixcosmeticdentalcare.com,"no-booking,not-mobile-friendly,outdated-design","Case work buried: a smile-makeover patient researches for months alone at night, and the before-and-afters are two menus deep.",No price range anywhere: the biggest case of the month wants a number before they will pick up the phone.,Booking that needs the front desk awake: the consult request that would have come in at nine at night never comes in at all.,"Case gallery up front: filterable by treatment, sized for a phone.","A price range said out loud: in real numbers, with financing mentioned before they ask.",Consult booking on the same screen: not behind a form that goes to an inbox.,Financing pre-qualification: the objection handled before the call.,"Automated recall and reactivation: the patients you already have, coming back."
Pike Properties,,"not-mobile-friendly,outdated-design,weak-branding",The portfolio is the entire sale and it is presented badly: a phone-sized gallery of finished homes is what wins a build.,No price band anywhere: a client with a budget cannot tell whether you are their builder or twice their budget.,"Nothing about how the process works: the fear with a custom build is the unknown, not the price.","Portfolio built for a phone: full-bleed, fast, filterable by style and size.","A price band stated out loud: per square foot or per project, so the wrong enquiries stop.",The process explained: what happens between the first meeting and the keys.,Client build portal: selections and progress without the weekly phone call.,Land and lot listings: the enquiry that starts before there is a plan.
Platinum Series Homes,,"not-mobile-friendly,outdated-design,weak-branding",The portfolio is the entire sale and it is presented badly: a phone-sized gallery of finished homes is what wins a build.,No price band anywhere: a client with a budget cannot tell whether you are their builder or twice their budget.,"Nothing about how the process works: the fear with a custom build is the unknown, not the price.","Portfolio built for a phone: full-bleed, fast, filterable by style and size.","A price band stated out loud: per square foot or per project, so the wrong enquiries stop.",The process explained: what happens between the first meeting and the keys.,Client build portal: selections and progress without the weekly phone call.,Land and lot listings: the enquiry that starts before there is a plan.
Prestige Med Spa,,"no-booking,not-mobile-friendly,outdated-design","No booking after hours: the decision to book happens at nine at night on a phone, and the only way in is a front desk that shut at five.","Treatments with no prices: she has to ring and ask what tox costs, which is the one call a first-timer will not make.",Reviews doing the selling on the wrong page: the thing that closes her is two clicks from where she lands.,"Booking on the homepage: live at midnight, two taps, no phone call.",Treatment menu with prices: stated plainly so nobody has to ring to find out.,Reviews beside the booking button: the proof and the action on one screen.,Membership signup online: recurring revenue that does not need the front desk.,Automated reminders and rebooking: fewer no-shows without anybody chasing.
Providence Dentistry,,"no-booking,not-mobile-friendly,outdated-design","Case work buried: a smile-makeover patient researches for months alone at night, and the before-and-afters are two menus deep.",No price range anywhere: the biggest case of the month wants a number before they will pick up the phone.,Booking that needs the front desk awake: the consult request that would have come in at nine at night never comes in at all.,"Case gallery up front: filterable by treatment, sized for a phone.","A price range said out loud: in real numbers, with financing mentioned before they ask.",Consult booking on the same screen: not behind a form that goes to an inbox.,Financing pre-qualification: the objection handled before the call.,"Automated recall and reactivation: the patients you already have, coming back."
Pure Plastic Surgery,,"no-booking,not-mobile-friendly,outdated-design",The gallery is the whole sale and it is buried: results sit three taps deep in a viewer that fights a phone.,"Consult requests only in office hours: the decision is live for about four minutes, at eleven at night.","Nothing filterable by procedure: she wants her procedure, on her body type, and gets a slideshow.","Results first: filterable by procedure, built for a phone because that is the device.","Consult request on every screen: no phone call, no waiting for Monday.","Procedure pages that answer the real questions: recovery, cost, who is a candidate.","Virtual consult booking: a paid consult taken online, before they cool off.",Financing pre-qualification: the objection handled before the call.
R&R Construction And Renovation,,"not-mobile-friendly,outdated-design,no-booking",Before-and-afters are the whole pitch and they are hard to reach: a remodel is bought with the eyes.,No budget guidance at all: every enquiry starts with a conversation about whether they can afford you.,No way to book a consultation: the form goes to an inbox and the momentum dies over the weekend.,"Before-and-after galleries by room: sized for a phone, quick to scroll.","Budget ranges stated: typical spend for a kitchen and for a bath, plainly.",Consultation booking online: while they are still looking at the photos.,"Design questionnaire before the visit: a shorter, better first meeting.",Financing pre-qualification: the objection handled before you drive out there.
Rafterhouse,info@rafterhouse.com,"not-mobile-friendly,outdated-design,weak-branding",The portfolio is the entire sale and it is presented badly: a phone-sized gallery of finished homes is what wins a build.,No price band anywhere: a client with a budget cannot tell whether you are their builder or twice their budget.,"Nothing about how the process works: the fear with a custom build is the unknown, not the price.","Portfolio built for a phone: full-bleed, fast, filterable by style and size.","A price band stated out loud: per square foot or per project, so the wrong enquiries stop.",The process explained: what happens between the first meeting and the keys.,Client build portal: selections and progress without the weekly phone call.,Land and lot listings: the enquiry that starts before there is a plan.
Ralph's Remodeling & Painting,,"not-mobile-friendly,outdated-design,no-booking",Before-and-afters are the whole pitch and they are hard to reach: a remodel is bought with the eyes.,No budget guidance at all: every enquiry starts with a conversation about whether they can afford you.,No way to book a consultation: the form goes to an inbox and the momentum dies over the weekend.,"Before-and-after galleries by room: sized for a phone, quick to scroll.","Budget ranges stated: typical spend for a kitchen and for a bath, plainly.",Consultation booking online: while they are still looking at the photos.,"Design questionnaire before the visit: a shorter, better first meeting.",Financing pre-qualification: the objection handled before you drive out there.
Redux Remodeling,info@reduxremodeling.com,"not-mobile-friendly,outdated-design,no-booking",Before-and-afters are the whole pitch and they are hard to reach: a remodel is bought with the eyes.,No budget guidance at all: every enquiry starts with a conversation about whether they can afford you.,No way to book a consultation: the form goes to an inbox and the momentum dies over the weekend.,"Before-and-after galleries by room: sized for a phone, quick to scroll.","Budget ranges stated: typical spend for a kitchen and for a bath, plainly.",Consultation booking online: while they are still looking at the photos.,"Design questionnaire before the visit: a shorter, better first meeting.",Financing pre-qualification: the objection handled before you drive out there.
Refine Aesthetics,,"no-booking,not-mobile-friendly,outdated-design","No booking after hours: the decision to book happens at nine at night on a phone, and the only way in is a front desk that shut at five.","Treatments with no prices: she has to ring and ask what tox costs, which is the one call a first-timer will not make.",Reviews doing the selling on the wrong page: the thing that closes her is two clicks from where she lands.,"Booking on the homepage: live at midnight, two taps, no phone call.",Treatment menu with prices: stated plainly so nobody has to ring to find out.,Reviews beside the booking button: the proof and the action on one screen.,Membership signup online: recurring revenue that does not need the front desk.,Automated reminders and rebooking: fewer no-shows without anybody chasing.
Rejuvenate Austin,,"no-booking,not-mobile-friendly,outdated-design","No booking after hours: the decision to book happens at nine at night on a phone, and the only way in is a front desk that shut at five.","Treatments with no prices: she has to ring and ask what tox costs, which is the one call a first-timer will not make.",Reviews doing the selling on the wrong page: the thing that closes her is two clicks from where she lands.,"Booking on the homepage: live at midnight, two taps, no phone call.",Treatment menu with prices: stated plainly so nobody has to ring to find out.,Reviews beside the booking button: the proof and the action on one screen.,Membership signup online: recurring revenue that does not need the front desk.,Automated reminders and rebooking: fewer no-shows without anybody chasing.
Renaissance Plastic Surgery,,"no-booking,not-mobile-friendly,outdated-design",The gallery is the whole sale and it is buried: results sit three taps deep in a viewer that fights a phone.,"Consult requests only in office hours: the decision is live for about four minutes, at eleven at night.","Nothing filterable by procedure: she wants her procedure, on her body type, and gets a slideshow.","Results first: filterable by procedure, built for a phone because that is the device.","Consult request on every screen: no phone call, no waiting for Monday.","Procedure pages that answer the real questions: recovery, cost, who is a candidate.","Virtual consult booking: a paid consult taken online, before they cool off.",Financing pre-qualification: the objection handled before the call.
Reproductive Medicine Institute,info@reproductivemedicineinstitute.com,"no-booking,not-mobile-friendly,outdated-design",Success rates hard to find: it is the only number a patient is actually comparing you on.,"Costs not stated: the single biggest source of anxiety, left to a phone call they are afraid to make.","Consult booking behind a form: read on Monday, by which point they have booked elsewhere.","Success rates stated plainly: by age band, where a patient can find them.","Costs and financing up front: what a cycle runs to, said out loud.",Consult booking online: at the hour people actually research this.,Patient portal: paperwork and results without the phone tag.,Automated nurture for enquiries: the months between first look and first cycle.
Roach Family Dentistry & Associates,,"no-booking,not-mobile-friendly,outdated-design","Case work buried: a smile-makeover patient researches for months alone at night, and the before-and-afters are two menus deep.",No price range anywhere: the biggest case of the month wants a number before they will pick up the phone.,Booking that needs the front desk awake: the consult request that would have come in at nine at night never comes in at all.,"Case gallery up front: filterable by treatment, sized for a phone.","A price range said out loud: in real numbers, with financing mentioned before they ask.",Consult booking on the same screen: not behind a form that goes to an inbox.,Financing pre-qualification: the objection handled before the call.,"Automated recall and reactivation: the patients you already have, coming back."
Robbins Plastic Surgery,,"no-booking,not-mobile-friendly,outdated-design",The gallery is the whole sale and it is buried: results sit three taps deep in a viewer that fights a phone.,"Consult requests only in office hours: the decision is live for about four minutes, at eleven at night.","Nothing filterable by procedure: she wants her procedure, on her body type, and gets a slideshow.","Results first: filterable by procedure, built for a phone because that is the device.","Consult request on every screen: no phone call, no waiting for Monday.","Procedure pages that answer the real questions: recovery, cost, who is a candidate.","Virtual consult booking: a paid consult taken online, before they cool off.",Financing pre-qualification: the objection handled before the call.
Ron Davis Custom Homes,info@rondaviscustomhomes.com,"not-mobile-friendly,outdated-design,weak-branding",The portfolio is the entire sale and it is presented badly: a phone-sized gallery of finished homes is what wins a build.,No price band anywhere: a client with a budget cannot tell whether you are their builder or twice their budget.,"Nothing about how the process works: the fear with a custom build is the unknown, not the price.","Portfolio built for a phone: full-bleed, fast, filterable by style and size.","A price band stated out loud: per square foot or per project, so the wrong enquiries stop.",The process explained: what happens between the first meeting and the keys.,Client build portal: selections and progress without the weekly phone call.,Land and lot listings: the enquiry that starts before there is a plan.
Rubenstein Law,,"not-mobile-friendly,outdated-design,poor-seo",Case results not up front: the only thing that separates you from the firm advertising on the same billboard.,No way to make contact at the hour it happens: an accident is not a nine-to-five event.,The site fights a phone: which is the only device somebody in a hospital bed has.,"Case results and settlements front and centre: real numbers, real cases.","Contact that works at any hour: click to call, text, and a form that gets answered.",Built for a phone first: because that is where every one of these enquiries starts.,Intake automation: qualifying the enquiry before it reaches a paralegal.,Local landing pages by practice area: the searches you are currently invisible for.
SHJ Wealth Advisors,,"outdated-design,weak-branding,not-mobile-friendly",The site looks smaller than the practice: somebody handing over eight figures is reading it for reassurance and not finding any.,No clear sense of who you are for: a prospect cannot tell in ten seconds whether they are your client.,No way to start a conversation: an introduction meeting is the only product and it is behind a phone number.,A site that matches the size of the money: credibility is the entire job here.,"Who you serve, stated plainly: the client you want, described so they recognise themselves.","Introduction meetings bookable online: the first step, made easy.",Client portal and reporting: what the big firms have and you are compared against.,Insight publishing that gets read: the reason a prospect comes back before they call.
Sanjiva Medical Spa,,"no-booking,not-mobile-friendly,outdated-design","No booking after hours: the decision to book happens at nine at night on a phone, and the only way in is a front desk that shut at five.","Treatments with no prices: she has to ring and ask what tox costs, which is the one call a first-timer will not make.",Reviews doing the selling on the wrong page: the thing that closes her is two clicks from where she lands.,"Booking on the homepage: live at midnight, two taps, no phone call.",Treatment menu with prices: stated plainly so nobody has to ring to find out.,Reviews beside the booking button: the proof and the action on one screen.,Membership signup online: recurring revenue that does not need the front desk.,Automated reminders and rebooking: fewer no-shows without anybody chasing.
Scott Pryor Law Group,info@scottpryorlaw.com,"not-mobile-friendly,outdated-design,poor-seo",Case results not up front: the only thing that separates you from the firm advertising on the same billboard.,No way to make contact at the hour it happens: an accident is not a nine-to-five event.,The site fights a phone: which is the only device somebody in a hospital bed has.,"Case results and settlements front and centre: real numbers, real cases.","Contact that works at any hour: click to call, text, and a form that gets answered.",Built for a phone first: because that is where every one of these enquiries starts.,Intake automation: qualifying the enquiry before it reaches a paralegal.,Local landing pages by practice area: the searches you are currently invisible for.
Scottsdale Center for Plastic Surgery,info@scottsdalecenterforplasticsurgery.com,"no-booking,not-mobile-friendly,outdated-design",The gallery is the whole sale and it is buried: results sit three taps deep in a viewer that fights a phone.,"Consult requests only in office hours: the decision is live for about four minutes, at eleven at night.","Nothing filterable by procedure: she wants her procedure, on her body type, and gets a slideshow.","Results first: filterable by procedure, built for a phone because that is the device.","Consult request on every screen: no phone call, no waiting for Monday.","Procedure pages that answer the real questions: recovery, cost, who is a candidate.","Virtual consult booking: a paid consult taken online, before they cool off.",Financing pre-qualification: the objection handled before the call.
Scottsdale Smile Center,info@scottsdalesmile.com,"no-booking,not-mobile-friendly,outdated-design","Case work buried: a smile-makeover patient researches for months alone at night, and the before-and-afters are two menus deep.",No price range anywhere: the biggest case of the month wants a number before they will pick up the phone.,Booking that needs the front desk awake: the consult request that would have come in at nine at night never comes in at all.,"Case gallery up front: filterable by treatment, sized for a phone.","A price range said out loud: in real numbers, with financing mentioned before they ask.",Consult booking on the same screen: not behind a form that goes to an inbox.,Financing pre-qualification: the objection handled before the call.,"Automated recall and reactivation: the patients you already have, coming back."
Sean Simon MD Plastic Surgery,,"no-booking,not-mobile-friendly,outdated-design",The gallery is the whole sale and it is buried: results sit three taps deep in a viewer that fights a phone.,"Consult requests only in office hours: the decision is live for about four minutes, at eleven at night.","Nothing filterable by procedure: she wants her procedure, on her body type, and gets a slideshow.","Results first: filterable by procedure, built for a phone because that is the device.","Consult request on every screen: no phone call, no waiting for Monday.","Procedure pages that answer the real questions: recovery, cost, who is a candidate.","Virtual consult booking: a paid consult taken online, before they cool off.",Financing pre-qualification: the objection handled before the call.
Seven Custom Homes,info@sevencustomhomes.com,"not-mobile-friendly,outdated-design,weak-branding",The portfolio is the entire sale and it is presented badly: a phone-sized gallery of finished homes is what wins a build.,No price band anywhere: a client with a budget cannot tell whether you are their builder or twice their budget.,"Nothing about how the process works: the fear with a custom build is the unknown, not the price.","Portfolio built for a phone: full-bleed, fast, filterable by style and size.","A price band stated out loud: per square foot or per project, so the wrong enquiries stop.",The process explained: what happens between the first meeting and the keys.,Client build portal: selections and progress without the weekly phone call.,Land and lot listings: the enquiry that starts before there is a plan.
Shapiro Plastic Surgery,info@shapiroplasticsurgery.com,"no-booking,not-mobile-friendly,outdated-design",The gallery is the whole sale and it is buried: results sit three taps deep in a viewer that fights a phone.,"Consult requests only in office hours: the decision is live for about four minutes, at eleven at night.","Nothing filterable by procedure: she wants her procedure, on her body type, and gets a slideshow.","Results first: filterable by procedure, built for a phone because that is the device.","Consult request on every screen: no phone call, no waiting for Monday.","Procedure pages that answer the real questions: recovery, cost, who is a candidate.","Virtual consult booking: a paid consult taken online, before they cool off.",Financing pre-qualification: the objection handled before the call.
Shaun Parson Plastic Surgery and Skin Center,,"no-booking,not-mobile-friendly,outdated-design",The gallery is the whole sale and it is buried: results sit three taps deep in a viewer that fights a phone.,"Consult requests only in office hours: the decision is live for about four minutes, at eleven at night.","Nothing filterable by procedure: she wants her procedure, on her body type, and gets a slideshow.","Results first: filterable by procedure, built for a phone because that is the device.","Consult request on every screen: no phone call, no waiting for Monday.","Procedure pages that answer the real questions: recovery, cost, who is a candidate.","Virtual consult booking: a paid consult taken online, before they cool off.",Financing pre-qualification: the objection handled before the call.
Sheffield Homes,info@sheffieldhomes.com,"not-mobile-friendly,outdated-design,weak-branding",The portfolio is the entire sale and it is presented badly: a phone-sized gallery of finished homes is what wins a build.,No price band anywhere: a client with a budget cannot tell whether you are their builder or twice their budget.,"Nothing about how the process works: the fear with a custom build is the unknown, not the price.","Portfolio built for a phone: full-bleed, fast, filterable by style and size.","A price band stated out loud: per square foot or per project, so the wrong enquiries stop.",The process explained: what happens between the first meeting and the keys.,Client build portal: selections and progress without the weekly phone call.,Land and lot listings: the enquiry that starts before there is a plan.
Sieveking Plastic Surgery,,"no-booking,not-mobile-friendly,outdated-design",The gallery is the whole sale and it is buried: results sit three taps deep in a viewer that fights a phone.,"Consult requests only in office hours: the decision is live for about four minutes, at eleven at night.","Nothing filterable by procedure: she wants her procedure, on her body type, and gets a slideshow.","Results first: filterable by procedure, built for a phone because that is the device.","Consult request on every screen: no phone call, no waiting for Monday.","Procedure pages that answer the real questions: recovery, cost, who is a candidate.","Virtual consult booking: a paid consult taken online, before they cool off.",Financing pre-qualification: the objection handled before the call.
Simonini Homes,info@simonini.com,"not-mobile-friendly,outdated-design,weak-branding",The portfolio is the entire sale and it is presented badly: a phone-sized gallery of finished homes is what wins a build.,No price band anywhere: a client with a budget cannot tell whether you are their builder or twice their budget.,"Nothing about how the process works: the fear with a custom build is the unknown, not the price.","Portfolio built for a phone: full-bleed, fast, filterable by style and size.","A price band stated out loud: per square foot or per project, so the wrong enquiries stop.",The process explained: what happens between the first meeting and the keys.,Client build portal: selections and progress without the weekly phone call.,Land and lot listings: the enquiry that starts before there is a plan.
Skin Envy Austin,,"no-booking,not-mobile-friendly,outdated-design","No booking after hours: the decision to book happens at nine at night on a phone, and the only way in is a front desk that shut at five.","Treatments with no prices: she has to ring and ask what tox costs, which is the one call a first-timer will not make.",Reviews doing the selling on the wrong page: the thing that closes her is two clicks from where she lands.,"Booking on the homepage: live at midnight, two taps, no phone call.",Treatment menu with prices: stated plainly so nobody has to ring to find out.,Reviews beside the booking button: the proof and the action on one screen.,Membership signup online: recurring revenue that does not need the front desk.,Automated reminders and rebooking: fewer no-shows without anybody chasing.
Skin and Cancer Associates,info@skinandcancerassociates.com,"no-booking,not-mobile-friendly,outdated-design",Cosmetic work hidden behind the medical practice: the patient paying cash cannot tell you do what she wants.,No booking after hours: she decides at night and books wherever the button is.,"No prices on anything: the first question every cosmetic patient has, unanswered.","A cosmetic side to the site: separate from medical dermatology, with its own booking.","Treatments priced and bookable: two taps, working at midnight.",Before-and-afters by concern: not by treatment name nobody searches for.,Membership or package signup online: recurring revenue without the front desk.,Automated reminders and rebooking: fewer gaps in the diary.
Skyview Dentistry,,"no-booking,not-mobile-friendly,outdated-design","Case work buried: a smile-makeover patient researches for months alone at night, and the before-and-afters are two menus deep.",No price range anywhere: the biggest case of the month wants a number before they will pick up the phone.,Booking that needs the front desk awake: the consult request that would have come in at nine at night never comes in at all.,"Case gallery up front: filterable by treatment, sized for a phone.","A price range said out loud: in real numbers, with financing mentioned before they ask.",Consult booking on the same screen: not behind a form that goes to an inbox.,Financing pre-qualification: the objection handled before the call.,"Automated recall and reactivation: the patients you already have, coming back."
Smile on Nashville,,"no-booking,not-mobile-friendly,outdated-design","Case work buried: a smile-makeover patient researches for months alone at night, and the before-and-afters are two menus deep.",No price range anywhere: the biggest case of the month wants a number before they will pick up the phone.,Booking that needs the front desk awake: the consult request that would have come in at nine at night never comes in at all.,"Case gallery up front: filterable by treatment, sized for a phone.","A price range said out loud: in real numbers, with financing mentioned before they ask.",Consult booking on the same screen: not behind a form that goes to an inbox.,Financing pre-qualification: the objection handled before the call.,"Automated recall and reactivation: the patients you already have, coming back."
Sopris Homes,,"not-mobile-friendly,outdated-design,weak-branding",The portfolio is the entire sale and it is presented badly: a phone-sized gallery of finished homes is what wins a build.,No price band anywhere: a client with a budget cannot tell whether you are their builder or twice their budget.,"Nothing about how the process works: the fear with a custom build is the unknown, not the price.","Portfolio built for a phone: full-bleed, fast, filterable by style and size.","A price band stated out loud: per square foot or per project, so the wrong enquiries stop.",The process explained: what happens between the first meeting and the keys.,Client build portal: selections and progress without the weekly phone call.,Land and lot listings: the enquiry that starts before there is a plan.
South Coast MedSpa,,"no-booking,not-mobile-friendly,outdated-design","No booking after hours: the decision to book happens at nine at night on a phone, and the only way in is a front desk that shut at five.","Treatments with no prices: she has to ring and ask what tox costs, which is the one call a first-timer will not make.",Reviews doing the selling on the wrong page: the thing that closes her is two clicks from where she lands.,"Booking on the homepage: live at midnight, two taps, no phone call.",Treatment menu with prices: stated plainly so nobody has to ring to find out.,Reviews beside the booking button: the proof and the action on one screen.,Membership signup online: recurring revenue that does not need the front desk.,Automated reminders and rebooking: fewer no-shows without anybody chasing.
South Gables Dental,info@southgablesdental.com,"no-booking,not-mobile-friendly,outdated-design","Case work buried: a smile-makeover patient researches for months alone at night, and the before-and-afters are two menus deep.",No price range anywhere: the biggest case of the month wants a number before they will pick up the phone.,Booking that needs the front desk awake: the consult request that would have come in at nine at night never comes in at all.,"Case gallery up front: filterable by treatment, sized for a phone.","A price range said out loud: in real numbers, with financing mentioned before they ask.",Consult booking on the same screen: not behind a form that goes to an inbox.,Financing pre-qualification: the objection handled before the call.,"Automated recall and reactivation: the patients you already have, coming back."
SouthView Cosmetic Dentistry,info@southviewdentistrycharlotte.com,"no-booking,not-mobile-friendly,outdated-design","Case work buried: a smile-makeover patient researches for months alone at night, and the before-and-afters are two menus deep.",No price range anywhere: the biggest case of the month wants a number before they will pick up the phone.,Booking that needs the front desk awake: the consult request that would have come in at nine at night never comes in at all.,"Case gallery up front: filterable by treatment, sized for a phone.","A price range said out loud: in real numbers, with financing mentioned before they ask.",Consult booking on the same screen: not behind a form that goes to an inbox.,Financing pre-qualification: the objection handled before the call.,"Automated recall and reactivation: the patients you already have, coming back."
Southern Design & Build,info@southerndesignbuild.com,"not-mobile-friendly,outdated-design,weak-branding",The portfolio does not look like the work: high-end landscape is bought on images and the images are small and slow.,No project budget guidance: the difference between a planting plan and a full build is fifty thousand dollars and the site says neither.,No way to start a conversation properly: a contact form for a six-figure project.,"Portfolio that does the work justice: large, fast, phone-first, by project type.",Project budget bands stated: so the enquiries match the work you want.,Consultation booking with the right questions asked up front.,Design package sold online: a paid first step that qualifies hard.,Maintenance contracts online: recurring revenue off the builds you already did.
SpaDerma,,"no-booking,not-mobile-friendly,outdated-design","No booking after hours: the decision to book happens at nine at night on a phone, and the only way in is a front desk that shut at five.","Treatments with no prices: she has to ring and ask what tox costs, which is the one call a first-timer will not make.",Reviews doing the selling on the wrong page: the thing that closes her is two clicks from where she lands.,"Booking on the homepage: live at midnight, two taps, no phone call.",Treatment menu with prices: stated plainly so nobody has to ring to find out.,Reviews beside the booking button: the proof and the action on one screen.,Membership signup online: recurring revenue that does not need the front desk.,Automated reminders and rebooking: fewer no-shows without anybody chasing.
Springdale Custom Builders,info@springdalecharlotte.com,"not-mobile-friendly,outdated-design,weak-branding",The portfolio is the entire sale and it is presented badly: a phone-sized gallery of finished homes is what wins a build.,No price band anywhere: a client with a budget cannot tell whether you are their builder or twice their budget.,"Nothing about how the process works: the fear with a custom build is the unknown, not the price.","Portfolio built for a phone: full-bleed, fast, filterable by style and size.","A price band stated out loud: per square foot or per project, so the wrong enquiries stop.",The process explained: what happens between the first meeting and the keys.,Client build portal: selections and progress without the weekly phone call.,Land and lot listings: the enquiry that starts before there is a plan.
Stacey Folk MD,,"no-booking,not-mobile-friendly,outdated-design",The gallery is the whole sale and it is buried: results sit three taps deep in a viewer that fights a phone.,"Consult requests only in office hours: the decision is live for about four minutes, at eleven at night.","Nothing filterable by procedure: she wants her procedure, on her body type, and gets a slideshow.","Results first: filterable by procedure, built for a phone because that is the device.","Consult request on every screen: no phone call, no waiting for Monday.","Procedure pages that answer the real questions: recovery, cost, who is a candidate.","Virtual consult booking: a paid consult taken online, before they cool off.",Financing pre-qualification: the objection handled before the call.
Starkman Facial Plastic Surgery,info@scottsdalefacialplastics.com,"no-booking,not-mobile-friendly,outdated-design",The gallery is the whole sale and it is buried: results sit three taps deep in a viewer that fights a phone.,"Consult requests only in office hours: the decision is live for about four minutes, at eleven at night.","Nothing filterable by procedure: she wants her procedure, on her body type, and gets a slideshow.","Results first: filterable by procedure, built for a phone because that is the device.","Consult request on every screen: no phone call, no waiting for Monday.","Procedure pages that answer the real questions: recovery, cost, who is a candidate.","Virtual consult booking: a paid consult taken online, before they cool off.",Financing pre-qualification: the objection handled before the call.
Sterling Custom Homes,,"not-mobile-friendly,outdated-design,weak-branding",The portfolio is the entire sale and it is presented badly: a phone-sized gallery of finished homes is what wins a build.,No price band anywhere: a client with a budget cannot tell whether you are their builder or twice their budget.,"Nothing about how the process works: the fear with a custom build is the unknown, not the price.","Portfolio built for a phone: full-bleed, fast, filterable by style and size.","A price band stated out loud: per square foot or per project, so the wrong enquiries stop.",The process explained: what happens between the first meeting and the keys.,Client build portal: selections and progress without the weekly phone call.,Land and lot listings: the enquiry that starts before there is a plan.
Stewart Miller Simmons Trial Attorneys,info@smstrial.com,"not-mobile-friendly,outdated-design,poor-seo",Case results not up front: the only thing that separates you from the firm advertising on the same billboard.,No way to make contact at the hour it happens: an accident is not a nine-to-five event.,The site fights a phone: which is the only device somebody in a hospital bed has.,"Case results and settlements front and centre: real numbers, real cases.","Contact that works at any hour: click to call, text, and a form that gets answered.",Built for a phone first: because that is where every one of these enquiries starts.,Intake automation: qualifying the enquiry before it reaches a paralegal.,Local landing pages by practice area: the searches you are currently invisible for.
Stock Custom Homes,,"not-mobile-friendly,outdated-design,weak-branding",The portfolio is the entire sale and it is presented badly: a phone-sized gallery of finished homes is what wins a build.,No price band anywhere: a client with a budget cannot tell whether you are their builder or twice their budget.,"Nothing about how the process works: the fear with a custom build is the unknown, not the price.","Portfolio built for a phone: full-bleed, fast, filterable by style and size.","A price band stated out loud: per square foot or per project, so the wrong enquiries stop.",The process explained: what happens between the first meeting and the keys.,Client build portal: selections and progress without the weekly phone call.,Land and lot listings: the enquiry that starts before there is a plan.
Suncoast Custom Pools,info@sccpools.com,"not-mobile-friendly,outdated-design,weak-branding",The build gallery is what sells and it is buried: nobody buys a pool from a spec list.,No price band anywhere: a homeowner has no idea whether you build forty-thousand pools or hundred-and-forty.,"A season-long sales cycle with nothing to hold the enquiry: they look in February and buy in May, from whoever stayed in front of them.","Build gallery front and centre: full-bleed, phone-first, filterable by style.",A starting price said out loud: so the enquiries you get are ones you want.,Consultation booking online: at the hour people daydream about this.,Design visualiser or 3D walkthrough: the thing that closes the February looker.,Service and maintenance signup: revenue after the build is paid for.
Superior Pools of Southwest Florida,info@superiorpools.com,"not-mobile-friendly,outdated-design,weak-branding",The build gallery is what sells and it is buried: nobody buys a pool from a spec list.,No price band anywhere: a homeowner has no idea whether you build forty-thousand pools or hundred-and-forty.,"A season-long sales cycle with nothing to hold the enquiry: they look in February and buy in May, from whoever stayed in front of them.","Build gallery front and centre: full-bleed, phone-first, filterable by style.",A starting price said out loud: so the enquiries you get are ones you want.,Consultation booking online: at the hour people daydream about this.,Design visualiser or 3D walkthrough: the thing that closes the February looker.,Service and maintenance signup: revenue after the build is paid for.
TIEV Medical Spa,,"no-booking,not-mobile-friendly,outdated-design","No booking after hours: the decision to book happens at nine at night on a phone, and the only way in is a front desk that shut at five.","Treatments with no prices: she has to ring and ask what tox costs, which is the one call a first-timer will not make.",Reviews doing the selling on the wrong page: the thing that closes her is two clicks from where she lands.,"Booking on the homepage: live at midnight, two taps, no phone call.",Treatment menu with prices: stated plainly so nobody has to ring to find out.,Reviews beside the booking button: the proof and the action on one screen.,Membership signup online: recurring revenue that does not need the front desk.,Automated reminders and rebooking: fewer no-shows without anybody chasing.
Tennessee Valley Homes,info@tennesseevalleyhomes.com,"not-mobile-friendly,outdated-design,weak-branding",The portfolio is the entire sale and it is presented badly: a phone-sized gallery of finished homes is what wins a build.,No price band anywhere: a client with a budget cannot tell whether you are their builder or twice their budget.,"Nothing about how the process works: the fear with a custom build is the unknown, not the price.","Portfolio built for a phone: full-bleed, fast, filterable by style and size.","A price band stated out loud: per square foot or per project, so the wrong enquiries stop.",The process explained: what happens between the first meeting and the keys.,Client build portal: selections and progress without the weekly phone call.,Land and lot listings: the enquiry that starts before there is a plan.
The Center for Cosmetic Surgery,info@thecenterforcosmeticsurgery.net,"no-booking,not-mobile-friendly,outdated-design",The gallery is the whole sale and it is buried: results sit three taps deep in a viewer that fights a phone.,"Consult requests only in office hours: the decision is live for about four minutes, at eleven at night.","Nothing filterable by procedure: she wants her procedure, on her body type, and gets a slideshow.","Results first: filterable by procedure, built for a phone because that is the device.","Consult request on every screen: no phone call, no waiting for Monday.","Procedure pages that answer the real questions: recovery, cost, who is a candidate.","Virtual consult booking: a paid consult taken online, before they cool off.",Financing pre-qualification: the objection handled before the call.
The Center for Plastic Surgery at MetroDerm,,"no-booking,not-mobile-friendly,outdated-design",The gallery is the whole sale and it is buried: results sit three taps deep in a viewer that fights a phone.,"Consult requests only in office hours: the decision is live for about four minutes, at eleven at night.","Nothing filterable by procedure: she wants her procedure, on her body type, and gets a slideshow.","Results first: filterable by procedure, built for a phone because that is the device.","Consult request on every screen: no phone call, no waiting for Monday.","Procedure pages that answer the real questions: recovery, cost, who is a candidate.","Virtual consult booking: a paid consult taken online, before they cool off.",Financing pre-qualification: the objection handled before the call.
The Cosmetic Dentists of Austin,,"no-booking,not-mobile-friendly,outdated-design","Case work buried: a smile-makeover patient researches for months alone at night, and the before-and-afters are two menus deep.",No price range anywhere: the biggest case of the month wants a number before they will pick up the phone.,Booking that needs the front desk awake: the consult request that would have come in at nine at night never comes in at all.,"Case gallery up front: filterable by treatment, sized for a phone.","A price range said out loud: in real numbers, with financing mentioned before they ask.",Consult booking on the same screen: not behind a form that goes to an inbox.,Financing pre-qualification: the objection handled before the call.,"Automated recall and reactivation: the patients you already have, coming back."
The Flawless Lab Medspa,,"no-booking,not-mobile-friendly,outdated-design","No booking after hours: the decision to book happens at nine at night on a phone, and the only way in is a front desk that shut at five.","Treatments with no prices: she has to ring and ask what tox costs, which is the one call a first-timer will not make.",Reviews doing the selling on the wrong page: the thing that closes her is two clicks from where she lands.,"Booking on the homepage: live at midnight, two taps, no phone call.",Treatment menu with prices: stated plainly so nobody has to ring to find out.,Reviews beside the booking button: the proof and the action on one screen.,Membership signup online: recurring revenue that does not need the front desk.,Automated reminders and rebooking: fewer no-shows without anybody chasing.
The Glendale Group,,"not-mobile-friendly,outdated-design,weak-branding",The portfolio is the entire sale and it is presented badly: a phone-sized gallery of finished homes is what wins a build.,No price band anywhere: a client with a budget cannot tell whether you are their builder or twice their budget.,"Nothing about how the process works: the fear with a custom build is the unknown, not the price.","Portfolio built for a phone: full-bleed, fast, filterable by style and size.","A price band stated out loud: per square foot or per project, so the wrong enquiries stop.",The process explained: what happens between the first meeting and the keys.,Client build portal: selections and progress without the weekly phone call.,Land and lot listings: the enquiry that starts before there is a plan.
The Husband & Wife Law Team,,"not-mobile-friendly,outdated-design,poor-seo",Case results not up front: the only thing that separates you from the firm advertising on the same billboard.,No way to make contact at the hour it happens: an accident is not a nine-to-five event.,The site fights a phone: which is the only device somebody in a hospital bed has.,"Case results and settlements front and centre: real numbers, real cases.","Contact that works at any hour: click to call, text, and a form that gets answered.",Built for a phone first: because that is where every one of these enquiries starts.,Intake automation: qualifying the enquiry before it reaches a paralegal.,Local landing pages by practice area: the searches you are currently invisible for.
The Injection Room,,"no-booking,not-mobile-friendly,outdated-design","No booking after hours: the decision to book happens at nine at night on a phone, and the only way in is a front desk that shut at five.","Treatments with no prices: she has to ring and ask what tox costs, which is the one call a first-timer will not make.",Reviews doing the selling on the wrong page: the thing that closes her is two clicks from where she lands.,"Booking on the homepage: live at midnight, two taps, no phone call.",Treatment menu with prices: stated plainly so nobody has to ring to find out.,Reviews beside the booking button: the proof and the action on one screen.,Membership signup online: recurring revenue that does not need the front desk.,Automated reminders and rebooking: fewer no-shows without anybody chasing.
The Look Aesthetics,,"no-booking,not-mobile-friendly,outdated-design","No booking after hours: the decision to book happens at nine at night on a phone, and the only way in is a front desk that shut at five.","Treatments with no prices: she has to ring and ask what tox costs, which is the one call a first-timer will not make.",Reviews doing the selling on the wrong page: the thing that closes her is two clicks from where she lands.,"Booking on the homepage: live at midnight, two taps, no phone call.",Treatment menu with prices: stated plainly so nobody has to ring to find out.,Reviews beside the booking button: the proof and the action on one screen.,Membership signup online: recurring revenue that does not need the front desk.,Automated reminders and rebooking: fewer no-shows without anybody chasing.
The Mabra Law Firm,,"not-mobile-friendly,outdated-design,poor-seo",Case results not up front: the only thing that separates you from the firm advertising on the same billboard.,No way to make contact at the hour it happens: an accident is not a nine-to-five event.,The site fights a phone: which is the only device somebody in a hospital bed has.,"Case results and settlements front and centre: real numbers, real cases.","Contact that works at any hour: click to call, text, and a form that gets answered.",Built for a phone first: because that is where every one of these enquiries starts.,Intake automation: qualifying the enquiry before it reaches a paralegal.,Local landing pages by practice area: the searches you are currently invisible for.
The McArthur Law Firm,,"not-mobile-friendly,outdated-design,poor-seo",Case results not up front: the only thing that separates you from the firm advertising on the same billboard.,No way to make contact at the hour it happens: an accident is not a nine-to-five event.,The site fights a phone: which is the only device somebody in a hospital bed has.,"Case results and settlements front and centre: real numbers, real cases.","Contact that works at any hour: click to call, text, and a form that gets answered.",Built for a phone first: because that is where every one of these enquiries starts.,Intake automation: qualifying the enquiry before it reaches a paralegal.,Local landing pages by practice area: the searches you are currently invisible for.
The Nathan Clinic,info@drnathan.com,"no-booking,not-mobile-friendly,outdated-design",The gallery is the whole sale and it is buried: results sit three taps deep in a viewer that fights a phone.,"Consult requests only in office hours: the decision is live for about four minutes, at eleven at night.","Nothing filterable by procedure: she wants her procedure, on her body type, and gets a slideshow.","Results first: filterable by procedure, built for a phone because that is the device.","Consult request on every screen: no phone call, no waiting for Monday.","Procedure pages that answer the real questions: recovery, cost, who is a candidate.","Virtual consult booking: a paid consult taken online, before they cool off.",Financing pre-qualification: the objection handled before the call.
The Plastic Surgery Center of Nashville,,"no-booking,not-mobile-friendly,outdated-design",The gallery is the whole sale and it is buried: results sit three taps deep in a viewer that fights a phone.,"Consult requests only in office hours: the decision is live for about four minutes, at eleven at night.","Nothing filterable by procedure: she wants her procedure, on her body type, and gets a slideshow.","Results first: filterable by procedure, built for a phone because that is the device.","Consult request on every screen: no phone call, no waiting for Monday.","Procedure pages that answer the real questions: recovery, cost, who is a candidate.","Virtual consult booking: a paid consult taken online, before they cool off.",Financing pre-qualification: the objection handled before the call.
Thompson Law,,"not-mobile-friendly,outdated-design,poor-seo",Case results not up front: the only thing that separates you from the firm advertising on the same billboard.,No way to make contact at the hour it happens: an accident is not a nine-to-five event.,The site fights a phone: which is the only device somebody in a hospital bed has.,"Case results and settlements front and centre: real numbers, real cases.","Contact that works at any hour: click to call, text, and a form that gets answered.",Built for a phone first: because that is where every one of these enquiries starts.,Intake automation: qualifying the enquiry before it reaches a paralegal.,Local landing pages by practice area: the searches you are currently invisible for.
Timber Ridge Properties,,"not-mobile-friendly,outdated-design,no-booking",Before-and-afters are the whole pitch and they are hard to reach: a remodel is bought with the eyes.,No budget guidance at all: every enquiry starts with a conversation about whether they can afford you.,No way to book a consultation: the form goes to an inbox and the momentum dies over the weekend.,"Before-and-after galleries by room: sized for a phone, quick to scroll.","Budget ranges stated: typical spend for a kitchen and for a bath, plainly.",Consultation booking online: while they are still looking at the photos.,"Design questionnaire before the visit: a shorter, better first meeting.",Financing pre-qualification: the objection handled before you drive out there.
Todd Mabry DDS,info@toddmabrydds.com,"no-booking,not-mobile-friendly,outdated-design","Case work buried: a smile-makeover patient researches for months alone at night, and the before-and-afters are two menus deep.",No price range anywhere: the biggest case of the month wants a number before they will pick up the phone.,Booking that needs the front desk awake: the consult request that would have come in at nine at night never comes in at all.,"Case gallery up front: filterable by treatment, sized for a phone.","A price range said out loud: in real numbers, with financing mentioned before they ask.",Consult booking on the same screen: not behind a form that goes to an inbox.,Financing pre-qualification: the objection handled before the call.,"Automated recall and reactivation: the patients you already have, coming back."
Together Design and Build,,"not-mobile-friendly,outdated-design,no-booking",Before-and-afters are the whole pitch and they are hard to reach: a remodel is bought with the eyes.,No budget guidance at all: every enquiry starts with a conversation about whether they can afford you.,No way to book a consultation: the form goes to an inbox and the momentum dies over the weekend.,"Before-and-after galleries by room: sized for a phone, quick to scroll.","Budget ranges stated: typical spend for a kitchen and for a bath, plainly.",Consultation booking online: while they are still looking at the photos.,"Design questionnaire before the visit: a shorter, better first meeting.",Financing pre-qualification: the objection handled before you drive out there.
Total Med Solutions,,"no-booking,not-mobile-friendly,outdated-design","No booking after hours: the decision to book happens at nine at night on a phone, and the only way in is a front desk that shut at five.","Treatments with no prices: she has to ring and ask what tox costs, which is the one call a first-timer will not make.",Reviews doing the selling on the wrong page: the thing that closes her is two clicks from where she lands.,"Booking on the homepage: live at midnight, two taps, no phone call.",Treatment menu with prices: stated plainly so nobody has to ring to find out.,Reviews beside the booking button: the proof and the action on one screen.,Membership signup online: recurring revenue that does not need the front desk.,Automated reminders and rebooking: fewer no-shows without anybody chasing.
Trimelogic USA,,"not-mobile-friendly,outdated-design,no-booking",Before-and-afters are the whole pitch and they are hard to reach: a remodel is bought with the eyes.,No budget guidance at all: every enquiry starts with a conversation about whether they can afford you.,No way to book a consultation: the form goes to an inbox and the momentum dies over the weekend.,"Before-and-after galleries by room: sized for a phone, quick to scroll.","Budget ranges stated: typical spend for a kitchen and for a bath, plainly.",Consultation booking online: while they are still looking at the photos.,"Design questionnaire before the visit: a shorter, better first meeting.",Financing pre-qualification: the objection handled before you drive out there.
Triumph Capital Management,,"outdated-design,weak-branding,not-mobile-friendly",The site looks smaller than the practice: somebody handing over eight figures is reading it for reassurance and not finding any.,No clear sense of who you are for: a prospect cannot tell in ten seconds whether they are your client.,No way to start a conversation: an introduction meeting is the only product and it is behind a phone number.,A site that matches the size of the money: credibility is the entire job here.,"Who you serve, stated plainly: the client you want, described so they recognise themselves.","Introduction meetings bookable online: the first step, made easy.",Client portal and reporting: what the big firms have and you are compared against.,Insight publishing that gets read: the reason a prospect comes back before they call.
Tropical Creations by Oliver,info@tropicalcreationsoliver.com,"not-mobile-friendly,outdated-design,weak-branding",The portfolio does not look like the work: high-end landscape is bought on images and the images are small and slow.,No project budget guidance: the difference between a planting plan and a full build is fifty thousand dollars and the site says neither.,No way to start a conversation properly: a contact form for a six-figure project.,"Portfolio that does the work justice: large, fast, phone-first, by project type.",Project budget bands stated: so the enquiries match the work you want.,Consultation booking with the right questions asked up front.,Design package sold online: a paid first step that qualifies hard.,Maintenance contracts online: recurring revenue off the builds you already did.
USA Plastic Surgery,info@usaplasticsurgery.com,"no-booking,not-mobile-friendly,outdated-design",The gallery is the whole sale and it is buried: results sit three taps deep in a viewer that fights a phone.,"Consult requests only in office hours: the decision is live for about four minutes, at eleven at night.","Nothing filterable by procedure: she wants her procedure, on her body type, and gets a slideshow.","Results first: filterable by procedure, built for a phone because that is the device.","Consult request on every screen: no phone call, no waiting for Monday.","Procedure pages that answer the real questions: recovery, cost, who is a candidate.","Virtual consult booking: a paid consult taken online, before they cool off.",Financing pre-qualification: the objection handled before the call.
Ultimate Image MedSpa,info@ultimateimagemedspa.com,"no-booking,not-mobile-friendly,outdated-design","No booking after hours: the decision to book happens at nine at night on a phone, and the only way in is a front desk that shut at five.","Treatments with no prices: she has to ring and ask what tox costs, which is the one call a first-timer will not make.",Reviews doing the selling on the wrong page: the thing that closes her is two clicks from where she lands.,"Booking on the homepage: live at midnight, two taps, no phone call.",Treatment menu with prices: stated plainly so nobody has to ring to find out.,Reviews beside the booking button: the proof and the action on one screen.,Membership signup online: recurring revenue that does not need the front desk.,Automated reminders and rebooking: fewer no-shows without anybody chasing.
Van Wey Law,,"not-mobile-friendly,outdated-design,poor-seo",Case results not up front: the only thing that separates you from the firm advertising on the same billboard.,No way to make contact at the hour it happens: an accident is not a nine-to-five event.,The site fights a phone: which is the only device somebody in a hospital bed has.,"Case results and settlements front and centre: real numbers, real cases.","Contact that works at any hour: click to call, text, and a form that gets answered.",Built for a phone first: because that is where every one of these enquiries starts.,Intake automation: qualifying the enquiry before it reaches a paralegal.,Local landing pages by practice area: the searches you are currently invisible for.
Venturi Private Wealth,,"outdated-design,weak-branding,not-mobile-friendly",The site looks smaller than the practice: somebody handing over eight figures is reading it for reassurance and not finding any.,No clear sense of who you are for: a prospect cannot tell in ten seconds whether they are your client.,No way to start a conversation: an introduction meeting is the only product and it is behind a phone number.,A site that matches the size of the money: credibility is the entire job here.,"Who you serve, stated plainly: the client you want, described so they recognise themselves.","Introduction meetings bookable online: the first step, made easy.",Client portal and reporting: what the big firms have and you are compared against.,Insight publishing that gets read: the reason a prospect comes back before they call.
Verde Builders Custom Homes,info@verdebuildersaustin.com,"not-mobile-friendly,outdated-design,weak-branding",The portfolio is the entire sale and it is presented badly: a phone-sized gallery of finished homes is what wins a build.,No price band anywhere: a client with a budget cannot tell whether you are their builder or twice their budget.,"Nothing about how the process works: the fear with a custom build is the unknown, not the price.","Portfolio built for a phone: full-bleed, fast, filterable by style and size.","A price band stated out loud: per square foot or per project, so the wrong enquiries stop.",The process explained: what happens between the first meeting and the keys.,Client build portal: selections and progress without the weekly phone call.,Land and lot listings: the enquiry that starts before there is a plan.
Vixen Plastic Surgery,,"no-booking,not-mobile-friendly,outdated-design",The gallery is the whole sale and it is buried: results sit three taps deep in a viewer that fights a phone.,"Consult requests only in office hours: the decision is live for about four minutes, at eleven at night.","Nothing filterable by procedure: she wants her procedure, on her body type, and gets a slideshow.","Results first: filterable by procedure, built for a phone because that is the device.","Consult request on every screen: no phone call, no waiting for Monday.","Procedure pages that answer the real questions: recovery, cost, who is a candidate.","Virtual consult booking: a paid consult taken online, before they cool off.",Financing pre-qualification: the objection handled before the call.
Walden Dental,,"no-booking,not-mobile-friendly,outdated-design","Case work buried: a smile-makeover patient researches for months alone at night, and the before-and-afters are two menus deep.",No price range anywhere: the biggest case of the month wants a number before they will pick up the phone.,Booking that needs the front desk awake: the consult request that would have come in at nine at night never comes in at all.,"Case gallery up front: filterable by treatment, sized for a phone.","A price range said out loud: in real numbers, with financing mentioned before they ask.",Consult booking on the same screen: not behind a form that goes to an inbox.,Financing pre-qualification: the objection handled before the call.,"Automated recall and reactivation: the patients you already have, coming back."
Waters Kraus Paul & Siegel,,"not-mobile-friendly,outdated-design,poor-seo",Case results not up front: the only thing that separates you from the firm advertising on the same billboard.,No way to make contact at the hour it happens: an accident is not a nine-to-five event.,The site fights a phone: which is the only device somebody in a hospital bed has.,"Case results and settlements front and centre: real numbers, real cases.","Contact that works at any hour: click to call, text, and a form that gets answered.",Built for a phone first: because that is where every one of these enquiries starts.,Intake automation: qualifying the enquiry before it reaches a paralegal.,Local landing pages by practice area: the searches you are currently invisible for.
Weisz Selection Outdoor Living Specialists,,"not-mobile-friendly,outdated-design,weak-branding",The portfolio does not look like the work: high-end landscape is bought on images and the images are small and slow.,No project budget guidance: the difference between a planting plan and a full build is fifty thousand dollars and the site says neither.,No way to start a conversation properly: a contact form for a six-figure project.,"Portfolio that does the work justice: large, fast, phone-first, by project type.",Project budget bands stated: so the enquiries match the work you want.,Consultation booking with the right questions asked up front.,Design package sold online: a paid first step that qualifies hard.,Maintenance contracts online: recurring revenue off the builds you already did.
WestEnd Advisors,,"outdated-design,weak-branding,not-mobile-friendly",The site looks smaller than the practice: somebody handing over eight figures is reading it for reassurance and not finding any.,No clear sense of who you are for: a prospect cannot tell in ten seconds whether they are your client.,No way to start a conversation: an introduction meeting is the only product and it is behind a phone number.,A site that matches the size of the money: credibility is the entire job here.,"Who you serve, stated plainly: the client you want, described so they recognise themselves.","Introduction meetings bookable online: the first step, made easy.",Client portal and reporting: what the big firms have and you are compared against.,Insight publishing that gets read: the reason a prospect comes back before they call.
Whitlock Builders,,"not-mobile-friendly,outdated-design,weak-branding",The portfolio is the entire sale and it is presented badly: a phone-sized gallery of finished homes is what wins a build.,No price band anywhere: a client with a budget cannot tell whether you are their builder or twice their budget.,"Nothing about how the process works: the fear with a custom build is the unknown, not the price.","Portfolio built for a phone: full-bleed, fast, filterable by style and size.","A price band stated out loud: per square foot or per project, so the wrong enquiries stop.",The process explained: what happens between the first meeting and the keys.,Client build portal: selections and progress without the weekly phone call.,Land and lot listings: the enquiry that starts before there is a plan.
Wildrose Aesthetics,,"no-booking,not-mobile-friendly,outdated-design","No booking after hours: the decision to book happens at nine at night on a phone, and the only way in is a front desk that shut at five.","Treatments with no prices: she has to ring and ask what tox costs, which is the one call a first-timer will not make.",Reviews doing the selling on the wrong page: the thing that closes her is two clicks from where she lands.,"Booking on the homepage: live at midnight, two taps, no phone call.",Treatment menu with prices: stated plainly so nobody has to ring to find out.,Reviews beside the booking button: the proof and the action on one screen.,Membership signup online: recurring revenue that does not need the front desk.,Automated reminders and rebooking: fewer no-shows without anybody chasing.
Wolfson & Leon,,"not-mobile-friendly,outdated-design,poor-seo",Case results not up front: the only thing that separates you from the firm advertising on the same billboard.,No way to make contact at the hour it happens: an accident is not a nine-to-five event.,The site fights a phone: which is the only device somebody in a hospital bed has.,"Case results and settlements front and centre: real numbers, real cases.","Contact that works at any hour: click to call, text, and a form that gets answered.",Built for a phone first: because that is where every one of these enquiries starts.,Intake automation: qualifying the enquiry before it reaches a paralegal.,Local landing pages by practice area: the searches you are currently invisible for.
Young Facial Plastic Surgery Center,,"no-booking,not-mobile-friendly,outdated-design",The gallery is the whole sale and it is buried: results sit three taps deep in a viewer that fights a phone.,"Consult requests only in office hours: the decision is live for about four minutes, at eleven at night.","Nothing filterable by procedure: she wants her procedure, on her body type, and gets a slideshow.","Results first: filterable by procedure, built for a phone because that is the device.","Consult request on every screen: no phone call, no waiting for Monday.","Procedure pages that answer the real questions: recovery, cost, who is a candidate.","Virtual consult booking: a paid consult taken online, before they cool off.",Financing pre-qualification: the objection handled before the call.
ZONA Med Spa,,"no-booking,not-mobile-friendly,outdated-design","No booking after hours: the decision to book happens at nine at night on a phone, and the only way in is a front desk that shut at five.","Treatments with no prices: she has to ring and ask what tox costs, which is the one call a first-timer will not make.",Reviews doing the selling on the wrong page: the thing that closes her is two clicks from where she lands.,"Booking on the homepage: live at midnight, two taps, no phone call.",Treatment menu with prices: stated plainly so nobody has to ring to find out.,Reviews beside the booking button: the proof and the action on one screen.,Membership signup online: recurring revenue that does not need the front desk.,Automated reminders and rebooking: fewer no-shows without anybody chasing.
Zbranek & Holt Custom Homes,info@zhcustomhomes.com,"not-mobile-friendly,outdated-design,weak-branding",The portfolio is the entire sale and it is presented badly: a phone-sized gallery of finished homes is what wins a build.,No price band anywhere: a client with a budget cannot tell whether you are their builder or twice their budget.,"Nothing about how the process works: the fear with a custom build is the unknown, not the price.","Portfolio built for a phone: full-bleed, fast, filterable by style and size.","A price band stated out loud: per square foot or per project, so the wrong enquiries stop.",The process explained: what happens between the first meeting and the keys.,Client build portal: selections and progress without the weekly phone call.,Land and lot listings: the enquiry that starts before there is a plan.
Zuri Plastic Surgery,info@zuriplasticsurgery.com,"no-booking,not-mobile-friendly,outdated-design",The gallery is the whole sale and it is buried: results sit three taps deep in a viewer that fights a phone.,"Consult requests only in office hours: the decision is live for about four minutes, at eleven at night.","Nothing filterable by procedure: she wants her procedure, on her body type, and gets a slideshow.","Results first: filterable by procedure, built for a phone because that is the device.","Consult request on every screen: no phone call, no waiting for Monday.","Procedure pages that answer the real questions: recovery, cost, who is a candidate.","Virtual consult booking: a paid consult taken online, before they cool off.",Financing pre-qualification: the objection handled before the call.
123 Remodeling AZ,sales@123remodeling.com,"not-mobile-friendly,outdated-design,no-booking",Before-and-afters are the whole pitch and they are hard to reach: a remodel is bought with the eyes.,No budget guidance at all: every enquiry starts with a conversation about whether they can afford you.,No way to book a consultation: the form goes to an inbox and the momentum dies over the weekend.,"Before-and-after galleries by room: sized for a phone, quick to scroll.","Budget ranges stated: typical spend for a kitchen and for a bath, plainly.",Consultation booking online: while they are still looking at the photos.,"Design questionnaire before the visit: a shorter, better first meeting.",Financing pre-qualification: the objection handled before you drive out there.
AZ Remodel Pros,azremodelpros@gmail.com,"not-mobile-friendly,outdated-design,no-booking",Before-and-afters are the whole pitch and they are hard to reach: a remodel is bought with the eyes.,No budget guidance at all: every enquiry starts with a conversation about whether they can afford you.,No way to book a consultation: the form goes to an inbox and the momentum dies over the weekend.,"Before-and-after galleries by room: sized for a phone, quick to scroll.","Budget ranges stated: typical spend for a kitchen and for a bath, plainly.",Consultation booking online: while they are still looking at the photos.,"Design questionnaire before the visit: a shorter, better first meeting.",Financing pre-qualification: the objection handled before you drive out there.
All State Homes,sales@allstatehomes.com,"not-mobile-friendly,outdated-design,weak-branding",The portfolio is the entire sale and it is presented badly: a phone-sized gallery of finished homes is what wins a build.,No price band anywhere: a client with a budget cannot tell whether you are their builder or twice their budget.,"Nothing about how the process works: the fear with a custom build is the unknown, not the price.","Portfolio built for a phone: full-bleed, fast, filterable by style and size.","A price band stated out loud: per square foot or per project, so the wrong enquiries stop.",The process explained: what happens between the first meeting and the keys.,Client build portal: selections and progress without the weekly phone call.,Land and lot listings: the enquiry that starts before there is a plan.
Arnett Custom Homes,office@arnettconstructionsc.com,"not-mobile-friendly,outdated-design,weak-branding",The portfolio is the entire sale and it is presented badly: a phone-sized gallery of finished homes is what wins a build.,No price band anywhere: a client with a budget cannot tell whether you are their builder or twice their budget.,"Nothing about how the process works: the fear with a custom build is the unknown, not the price.","Portfolio built for a phone: full-bleed, fast, filterable by style and size.","A price band stated out loud: per square foot or per project, so the wrong enquiries stop.",The process explained: what happens between the first meeting and the keys.,Client build portal: selections and progress without the weekly phone call.,Land and lot listings: the enquiry that starts before there is a plan.
Arterra Landscape Design Build,info@arterralandscaping.com,"not-mobile-friendly,outdated-design,weak-branding",The portfolio does not look like the work: high-end landscape is bought on images and the images are small and slow.,No project budget guidance: the difference between a planting plan and a full build is fifty thousand dollars and the site says neither.,No way to start a conversation properly: a contact form for a six-figure project.,"Portfolio that does the work justice: large, fast, phone-first, by project type.",Project budget bands stated: so the enquiries match the work you want.,Consultation booking with the right questions asked up front.,Design package sold online: a paid first step that qualifies hard.,Maintenance contracts online: recurring revenue off the builds you already did.
Austin Pools,admin@austinpools.com,"not-mobile-friendly,outdated-design,weak-branding",The build gallery is what sells and it is buried: nobody buys a pool from a spec list.,No price band anywhere: a homeowner has no idea whether you build forty-thousand pools or hundred-and-forty.,"A season-long sales cycle with nothing to hold the enquiry: they look in February and buy in May, from whoever stayed in front of them.","Build gallery front and centre: full-bleed, phone-first, filterable by style.",A starting price said out loud: so the enquiries you get are ones you want.,Consultation booking online: at the hour people daydream about this.,Design visualiser or 3D walkthrough: the thing that closes the February looker.,Service and maintenance signup: revenue after the build is paid for.
B&J Custom Homes,info@bjcustomhomes.com,"not-mobile-friendly,outdated-design,weak-branding",The portfolio is the entire sale and it is presented badly: a phone-sized gallery of finished homes is what wins a build.,No price band anywhere: a client with a budget cannot tell whether you are their builder or twice their budget.,"Nothing about how the process works: the fear with a custom build is the unknown, not the price.","Portfolio built for a phone: full-bleed, fast, filterable by style and size.","A price band stated out loud: per square foot or per project, so the wrong enquiries stop.",The process explained: what happens between the first meeting and the keys.,Client build portal: selections and progress without the weekly phone call.,Land and lot listings: the enquiry that starts before there is a plan.
Ballroom Baths & Home Design,info@ballroombathschicago.com,"not-mobile-friendly,outdated-design,no-booking",Before-and-afters are the whole pitch and they are hard to reach: a remodel is bought with the eyes.,No budget guidance at all: every enquiry starts with a conversation about whether they can afford you.,No way to book a consultation: the form goes to an inbox and the momentum dies over the weekend.,"Before-and-after galleries by room: sized for a phone, quick to scroll.","Budget ranges stated: typical spend for a kitchen and for a bath, plainly.",Consultation booking online: while they are still looking at the photos.,"Design questionnaire before the visit: a shorter, better first meeting.",Financing pre-qualification: the objection handled before you drive out there.
Becker Custom Builders,info@beckercustombuilders.com,"not-mobile-friendly,outdated-design,weak-branding",The portfolio is the entire sale and it is presented badly: a phone-sized gallery of finished homes is what wins a build.,No price band anywhere: a client with a budget cannot tell whether you are their builder or twice their budget.,"Nothing about how the process works: the fear with a custom build is the unknown, not the price.","Portfolio built for a phone: full-bleed, fast, filterable by style and size.","A price band stated out loud: per square foot or per project, so the wrong enquiries stop.",The process explained: what happens between the first meeting and the keys.,Client build portal: selections and progress without the weekly phone call.,Land and lot listings: the enquiry that starts before there is a plan.
Bellwether Landscape Architects,info@bellwetherla.com,"not-mobile-friendly,outdated-design,weak-branding",The portfolio does not look like the work: high-end landscape is bought on images and the images are small and slow.,No project budget guidance: the difference between a planting plan and a full build is fifty thousand dollars and the site says neither.,No way to start a conversation properly: a contact form for a six-figure project.,"Portfolio that does the work justice: large, fast, phone-first, by project type.",Project budget bands stated: so the enquiries match the work you want.,Consultation booking with the right questions asked up front.,Design package sold online: a paid first step that qualifies hard.,Maintenance contracts online: recurring revenue off the builds you already did.
Cogdill Builders of Florida,cogdill.builders@gmail.com,"not-mobile-friendly,outdated-design,weak-branding",The portfolio is the entire sale and it is presented badly: a phone-sized gallery of finished homes is what wins a build.,No price band anywhere: a client with a budget cannot tell whether you are their builder or twice their budget.,"Nothing about how the process works: the fear with a custom build is the unknown, not the price.","Portfolio built for a phone: full-bleed, fast, filterable by style and size.","A price band stated out loud: per square foot or per project, so the wrong enquiries stop.",The process explained: what happens between the first meeting and the keys.,Client build portal: selections and progress without the weekly phone call.,Land and lot listings: the enquiry that starts before there is a plan.
Colorado Landscape Denver,info@coloradolandscapedenver.com,"not-mobile-friendly,outdated-design,weak-branding",The portfolio does not look like the work: high-end landscape is bought on images and the images are small and slow.,No project budget guidance: the difference between a planting plan and a full build is fifty thousand dollars and the site says neither.,No way to start a conversation properly: a contact form for a six-figure project.,"Portfolio that does the work justice: large, fast, phone-first, by project type.",Project budget bands stated: so the enquiries match the work you want.,Consultation booking with the right questions asked up front.,Design package sold online: a paid first step that qualifies hard.,Maintenance contracts online: recurring revenue off the builds you already did.
Covenant Homes,info@mycovenanthomes.com,"not-mobile-friendly,outdated-design,weak-branding",The portfolio is the entire sale and it is presented badly: a phone-sized gallery of finished homes is what wins a build.,No price band anywhere: a client with a budget cannot tell whether you are their builder or twice their budget.,"Nothing about how the process works: the fear with a custom build is the unknown, not the price.","Portfolio built for a phone: full-bleed, fast, filterable by style and size.","A price band stated out loud: per square foot or per project, so the wrong enquiries stop.",The process explained: what happens between the first meeting and the keys.,Client build portal: selections and progress without the weekly phone call.,Land and lot listings: the enquiry that starts before there is a plan.
Eden Med Spa,edenspanaples@gmail.com,"no-booking,not-mobile-friendly,outdated-design","No booking after hours: the decision to book happens at nine at night on a phone, and the only way in is a front desk that shut at five.","Treatments with no prices: she has to ring and ask what tox costs, which is the one call a first-timer will not make.",Reviews doing the selling on the wrong page: the thing that closes her is two clicks from where she lands.,"Booking on the homepage: live at midnight, two taps, no phone call.",Treatment menu with prices: stated plainly so nobody has to ring to find out.,Reviews beside the booking button: the proof and the action on one screen.,Membership signup online: recurring revenue that does not need the front desk.,Automated reminders and rebooking: fewer no-shows without anybody chasing.
Elysian MedSpa & Wellness,info@elysianmedspalv.com,"no-booking,not-mobile-friendly,outdated-design","No booking after hours: the decision to book happens at nine at night on a phone, and the only way in is a front desk that shut at five.","Treatments with no prices: she has to ring and ask what tox costs, which is the one call a first-timer will not make.",Reviews doing the selling on the wrong page: the thing that closes her is two clicks from where she lands.,"Booking on the homepage: live at midnight, two taps, no phone call.",Treatment menu with prices: stated plainly so nobody has to ring to find out.,Reviews beside the booking button: the proof and the action on one screen.,Membership signup online: recurring revenue that does not need the front desk.,Automated reminders and rebooking: fewer no-shows without anybody chasing.
Empire Built,info@empirebuiltinc.com,"not-mobile-friendly,outdated-design,weak-branding",The portfolio is the entire sale and it is presented badly: a phone-sized gallery of finished homes is what wins a build.,No price band anywhere: a client with a budget cannot tell whether you are their builder or twice their budget.,"Nothing about how the process works: the fear with a custom build is the unknown, not the price.","Portfolio built for a phone: full-bleed, fast, filterable by style and size.","A price band stated out loud: per square foot or per project, so the wrong enquiries stop.",The process explained: what happens between the first meeting and the keys.,Client build portal: selections and progress without the weekly phone call.,Land and lot listings: the enquiry that starts before there is a plan.
GBIV Designs,info@gbivdesigns.com,"not-mobile-friendly,outdated-design,weak-branding",The build gallery is what sells and it is buried: nobody buys a pool from a spec list.,No price band anywhere: a homeowner has no idea whether you build forty-thousand pools or hundred-and-forty.,"A season-long sales cycle with nothing to hold the enquiry: they look in February and buy in May, from whoever stayed in front of them.","Build gallery front and centre: full-bleed, phone-first, filterable by style.",A starting price said out loud: so the enquiries you get are ones you want.,Consultation booking online: at the hour people daydream about this.,Design visualiser or 3D walkthrough: the thing that closes the February looker.,Service and maintenance signup: revenue after the build is paid for.
Genuine Home Builders,info@genuinehomebuilders.net,"not-mobile-friendly,outdated-design,weak-branding",The portfolio is the entire sale and it is presented badly: a phone-sized gallery of finished homes is what wins a build.,No price band anywhere: a client with a budget cannot tell whether you are their builder or twice their budget.,"Nothing about how the process works: the fear with a custom build is the unknown, not the price.","Portfolio built for a phone: full-bleed, fast, filterable by style and size.","A price band stated out loud: per square foot or per project, so the wrong enquiries stop.",The process explained: what happens between the first meeting and the keys.,Client build portal: selections and progress without the weekly phone call.,Land and lot listings: the enquiry that starts before there is a plan.
Gulfshore Homes,info@gulfshorehomes.com,"not-mobile-friendly,outdated-design,weak-branding",The portfolio is the entire sale and it is presented badly: a phone-sized gallery of finished homes is what wins a build.,No price band anywhere: a client with a budget cannot tell whether you are their builder or twice their budget.,"Nothing about how the process works: the fear with a custom build is the unknown, not the price.","Portfolio built for a phone: full-bleed, fast, filterable by style and size.","A price band stated out loud: per square foot or per project, so the wrong enquiries stop.",The process explained: what happens between the first meeting and the keys.,Client build portal: selections and progress without the weekly phone call.,Land and lot listings: the enquiry that starts before there is a plan.
Innovative Pools and Spas,innovativepools@sbcglobal.com,"not-mobile-friendly,outdated-design,weak-branding",The build gallery is what sells and it is buried: nobody buys a pool from a spec list.,No price band anywhere: a homeowner has no idea whether you build forty-thousand pools or hundred-and-forty.,"A season-long sales cycle with nothing to hold the enquiry: they look in February and buy in May, from whoever stayed in front of them.","Build gallery front and centre: full-bleed, phone-first, filterable by style.",A starting price said out loud: so the enquiries you get are ones you want.,Consultation booking online: at the hour people daydream about this.,Design visualiser or 3D walkthrough: the thing that closes the February looker.,Service and maintenance signup: revenue after the build is paid for.
Jeff Kull Construction Development,jeff@jkcdinc.com,"not-mobile-friendly,outdated-design,weak-branding",The portfolio is the entire sale and it is presented badly: a phone-sized gallery of finished homes is what wins a build.,No price band anywhere: a client with a budget cannot tell whether you are their builder or twice their budget.,"Nothing about how the process works: the fear with a custom build is the unknown, not the price.","Portfolio built for a phone: full-bleed, fast, filterable by style and size.","A price band stated out loud: per square foot or per project, so the wrong enquiries stop.",The process explained: what happens between the first meeting and the keys.,Client build portal: selections and progress without the weekly phone call.,Land and lot listings: the enquiry that starts before there is a plan.
Love Your Body Medical Spa,lybms@aol.com,"no-booking,not-mobile-friendly,outdated-design","No booking after hours: the decision to book happens at nine at night on a phone, and the only way in is a front desk that shut at five.","Treatments with no prices: she has to ring and ask what tox costs, which is the one call a first-timer will not make.",Reviews doing the selling on the wrong page: the thing that closes her is two clicks from where she lands.,"Booking on the homepage: live at midnight, two taps, no phone call.",Treatment menu with prices: stated plainly so nobody has to ring to find out.,Reviews beside the booking button: the proof and the action on one screen.,Membership signup online: recurring revenue that does not need the front desk.,Automated reminders and rebooking: fewer no-shows without anybody chasing.
MD Health Spa,info@ymdhealthspa.com,"no-booking,not-mobile-friendly,outdated-design","No booking after hours: the decision to book happens at nine at night on a phone, and the only way in is a front desk that shut at five.","Treatments with no prices: she has to ring and ask what tox costs, which is the one call a first-timer will not make.",Reviews doing the selling on the wrong page: the thing that closes her is two clicks from where she lands.,"Booking on the homepage: live at midnight, two taps, no phone call.",Treatment menu with prices: stated plainly so nobody has to ring to find out.,Reviews beside the booking button: the proof and the action on one screen.,Membership signup online: recurring revenue that does not need the front desk.,Automated reminders and rebooking: fewer no-shows without anybody chasing.
San Diego Remodeling Pros,mike@sdrpros.com,"not-mobile-friendly,outdated-design,no-booking",Before-and-afters are the whole pitch and they are hard to reach: a remodel is bought with the eyes.,No budget guidance at all: every enquiry starts with a conversation about whether they can afford you.,No way to book a consultation: the form goes to an inbox and the momentum dies over the weekend.,"Before-and-after galleries by room: sized for a phone, quick to scroll.","Budget ranges stated: typical spend for a kitchen and for a bath, plainly.",Consultation booking online: while they are still looking at the photos.,"Design questionnaire before the visit: a shorter, better first meeting.",Financing pre-qualification: the objection handled before you drive out there.
Shaddock Custom,todd@shaddockcustom.com,"not-mobile-friendly,outdated-design,weak-branding",The portfolio is the entire sale and it is presented badly: a phone-sized gallery of finished homes is what wins a build.,No price band anywhere: a client with a budget cannot tell whether you are their builder or twice their budget.,"Nothing about how the process works: the fear with a custom build is the unknown, not the price.","Portfolio built for a phone: full-bleed, fast, filterable by style and size.","A price band stated out loud: per square foot or per project, so the wrong enquiries stop.",The process explained: what happens between the first meeting and the keys.,Client build portal: selections and progress without the weekly phone call.,Land and lot listings: the enquiry that starts before there is a plan.
Smith Custom Homes,info@schfla.com,"not-mobile-friendly,outdated-design,weak-branding",The portfolio is the entire sale and it is presented badly: a phone-sized gallery of finished homes is what wins a build.,No price band anywhere: a client with a budget cannot tell whether you are their builder or twice their budget.,"Nothing about how the process works: the fear with a custom build is the unknown, not the price.","Portfolio built for a phone: full-bleed, fast, filterable by style and size.","A price band stated out loud: per square foot or per project, so the wrong enquiries stop.",The process explained: what happens between the first meeting and the keys.,Client build portal: selections and progress without the weekly phone call.,Land and lot listings: the enquiry that starts before there is a plan.
The Med Spa Las Vegas,themedspalasvegas@gmail.com,"no-booking,not-mobile-friendly,outdated-design","No booking after hours: the decision to book happens at nine at night on a phone, and the only way in is a front desk that shut at five.","Treatments with no prices: she has to ring and ask what tox costs, which is the one call a first-timer will not make.",Reviews doing the selling on the wrong page: the thing that closes her is two clicks from where she lands.,"Booking on the homepage: live at midnight, two taps, no phone call.",Treatment menu with prices: stated plainly so nobody has to ring to find out.,Reviews beside the booking button: the proof and the action on one screen.,Membership signup online: recurring revenue that does not need the front desk.,Automated reminders and rebooking: fewer no-shows without anybody chasing.
Urban Family Dental,hello@urbanfamilydental.com,"no-booking,not-mobile-friendly,outdated-design","Case work buried: a smile-makeover patient researches for months alone at night, and the before-and-afters are two menus deep.",No price range anywhere: the biggest case of the month wants a number before they will pick up the phone.,Booking that needs the front desk awake: the consult request that would have come in at nine at night never comes in at all.,"Case gallery up front: filterable by treatment, sized for a phone.","A price range said out loud: in real numbers, with financing mentioned before they ask.",Consult booking on the same screen: not behind a form that goes to an inbox.,Financing pre-qualification: the objection handled before the call.,"Automated recall and reactivation: the patients you already have, coming back."
Valcon General Contractors,info@valcongeneral.com,"not-mobile-friendly,outdated-design,no-booking",Before-and-afters are the whole pitch and they are hard to reach: a remodel is bought with the eyes.,No budget guidance at all: every enquiry starts with a conversation about whether they can afford you.,No way to book a consultation: the form goes to an inbox and the momentum dies over the weekend.,"Before-and-after galleries by room: sized for a phone, quick to scroll.","Budget ranges stated: typical spend for a kitchen and for a bath, plainly.",Consultation booking online: while they are still looking at the photos.,"Design questionnaire before the visit: a shorter, better first meeting.",Financing pre-qualification: the objection handled before you drive out there.
Wardell Builders,info@wardellbuilders.com,"not-mobile-friendly,outdated-design,weak-branding",The portfolio is the entire sale and it is presented badly: a phone-sized gallery of finished homes is what wins a build.,No price band anywhere: a client with a budget cannot tell whether you are their builder or twice their budget.,"Nothing about how the process works: the fear with a custom build is the unknown, not the price.","Portfolio built for a phone: full-bleed, fast, filterable by style and size.","A price band stated out loud: per square foot or per project, so the wrong enquiries stop.",The process explained: what happens between the first meeting and the keys.,Client build portal: selections and progress without the weekly phone call.,Land and lot listings: the enquiry that starts before there is a plan.
Wilson Bros Landscape,wilsonbroslandscape@gmail.com,"not-mobile-friendly,outdated-design,weak-branding",The portfolio does not look like the work: high-end landscape is bought on images and the images are small and slow.,No project budget guidance: the difference between a planting plan and a full build is fifty thousand dollars and the site says neither.,No way to start a conversation properly: a contact form for a six-figure project.,"Portfolio that does the work justice: large, fast, phone-first, by project type.",Project budget bands stated: so the enquiries match the work you want.,Consultation booking with the right questions asked up front.,Design package sold online: a paid first step that qualifies hard.,Maintenance contracts online: recurring revenue off the builds you already did.
312 Kitchen & Bath,info@312kitchenbath.com,"not-mobile-friendly,outdated-design,no-booking",Before-and-afters are the whole pitch and they are hard to reach: a remodel is bought with the eyes.,No budget guidance at all: every enquiry starts with a conversation about whether they can afford you.,No way to book a consultation: the form goes to an inbox and the momentum dies over the weekend.,"Before-and-after galleries by room: sized for a phone, quick to scroll.","Budget ranges stated: typical spend for a kitchen and for a bath, plainly.",Consultation booking online: while they are still looking at the photos.,"Design questionnaire before the visit: a shorter, better first meeting.",Financing pre-qualification: the objection handled before you drive out there.
Advanced Aesthetics Las Vegas,info@advancedaestheticslv.com,"no-booking,not-mobile-friendly,outdated-design","No booking after hours: the decision to book happens at nine at night on a phone, and the only way in is a front desk that shut at five.","Treatments with no prices: she has to ring and ask what tox costs, which is the one call a first-timer will not make.",Reviews doing the selling on the wrong page: the thing that closes her is two clicks from where she lands.,"Booking on the homepage: live at midnight, two taps, no phone call.",Treatment menu with prices: stated plainly so nobody has to ring to find out.,Reviews beside the booking button: the proof and the action on one screen.,Membership signup online: recurring revenue that does not need the front desk.,Automated reminders and rebooking: fewer no-shows without anybody chasing.
Allure Baths and Kitchens,info@allurebathsandkitchens.com,"not-mobile-friendly,outdated-design,no-booking",Before-and-afters are the whole pitch and they are hard to reach: a remodel is bought with the eyes.,No budget guidance at all: every enquiry starts with a conversation about whether they can afford you.,No way to book a consultation: the form goes to an inbox and the momentum dies over the weekend.,"Before-and-after galleries by room: sized for a phone, quick to scroll.","Budget ranges stated: typical spend for a kitchen and for a bath, plainly.",Consultation booking online: while they are still looking at the photos.,"Design questionnaire before the visit: a shorter, better first meeting.",Financing pre-qualification: the objection handled before you drive out there.
Alvarez Homes,info@alvarezhomes.com,"not-mobile-friendly,outdated-design,weak-branding",The portfolio is the entire sale and it is presented badly: a phone-sized gallery of finished homes is what wins a build.,No price band anywhere: a client with a budget cannot tell whether you are their builder or twice their budget.,"Nothing about how the process works: the fear with a custom build is the unknown, not the price.","Portfolio built for a phone: full-bleed, fast, filterable by style and size.","A price band stated out loud: per square foot or per project, so the wrong enquiries stop.",The process explained: what happens between the first meeting and the keys.,Client build portal: selections and progress without the weekly phone call.,Land and lot listings: the enquiry that starts before there is a plan.
Artisan Build Construct,info@artisanbuildconstruct.com,"not-mobile-friendly,outdated-design,no-booking",Before-and-afters are the whole pitch and they are hard to reach: a remodel is bought with the eyes.,No budget guidance at all: every enquiry starts with a conversation about whether they can afford you.,No way to book a consultation: the form goes to an inbox and the momentum dies over the weekend.,"Before-and-after galleries by room: sized for a phone, quick to scroll.","Budget ranges stated: typical spend for a kitchen and for a bath, plainly.",Consultation booking online: while they are still looking at the photos.,"Design questionnaire before the visit: a shorter, better first meeting.",Financing pre-qualification: the objection handled before you drive out there.
Austin Pool Designs,info@austinpooldesigns.com,"not-mobile-friendly,outdated-design,weak-branding",The build gallery is what sells and it is buried: nobody buys a pool from a spec list.,No price band anywhere: a homeowner has no idea whether you build forty-thousand pools or hundred-and-forty.,"A season-long sales cycle with nothing to hold the enquiry: they look in February and buy in May, from whoever stayed in front of them.","Build gallery front and centre: full-bleed, phone-first, filterable by style.",A starting price said out loud: so the enquiries you get are ones you want.,Consultation booking online: at the hour people daydream about this.,Design visualiser or 3D walkthrough: the thing that closes the February looker.,Service and maintenance signup: revenue after the build is paid for.
Ballantyne Dentistry,info@ballantynedentistry.com,"no-booking,not-mobile-friendly,outdated-design","Case work buried: a smile-makeover patient researches for months alone at night, and the before-and-afters are two menus deep.",No price range anywhere: the biggest case of the month wants a number before they will pick up the phone.,Booking that needs the front desk awake: the consult request that would have come in at nine at night never comes in at all.,"Case gallery up front: filterable by treatment, sized for a phone.","A price range said out loud: in real numbers, with financing mentioned before they ask.",Consult booking on the same screen: not behind a form that goes to an inbox.,Financing pre-qualification: the objection handled before the call.,"Automated recall and reactivation: the patients you already have, coming back."
Boca Dental,info@bocadental.com,"no-booking,not-mobile-friendly,outdated-design","Case work buried: a smile-makeover patient researches for months alone at night, and the before-and-afters are two menus deep.",No price range anywhere: the biggest case of the month wants a number before they will pick up the phone.,Booking that needs the front desk awake: the consult request that would have come in at nine at night never comes in at all.,"Case gallery up front: filterable by treatment, sized for a phone.","A price range said out loud: in real numbers, with financing mentioned before they ask.",Consult booking on the same screen: not behind a form that goes to an inbox.,Financing pre-qualification: the objection handled before the call.,"Automated recall and reactivation: the patients you already have, coming back."
Boca Raton Cosmetic Dentist,info@bocaratoncosmeticdentist.com,"no-booking,not-mobile-friendly,outdated-design","Case work buried: a smile-makeover patient researches for months alone at night, and the before-and-afters are two menus deep.",No price range anywhere: the biggest case of the month wants a number before they will pick up the phone.,Booking that needs the front desk awake: the consult request that would have come in at nine at night never comes in at all.,"Case gallery up front: filterable by treatment, sized for a phone.","A price range said out loud: in real numbers, with financing mentioned before they ask.",Consult booking on the same screen: not behind a form that goes to an inbox.,Financing pre-qualification: the objection handled before the call.,"Automated recall and reactivation: the patients you already have, coming back."
Bulldog Kitchen & Bath Remodel,info@bulldogkitchenandbath.com,"not-mobile-friendly,outdated-design,no-booking",Before-and-afters are the whole pitch and they are hard to reach: a remodel is bought with the eyes.,No budget guidance at all: every enquiry starts with a conversation about whether they can afford you.,No way to book a consultation: the form goes to an inbox and the momentum dies over the weekend.,"Before-and-after galleries by room: sized for a phone, quick to scroll.","Budget ranges stated: typical spend for a kitchen and for a bath, plainly.",Consultation booking online: while they are still looking at the photos.,"Design questionnaire before the visit: a shorter, better first meeting.",Financing pre-qualification: the objection handled before you drive out there.
CBG Custom Homes,info@cbgcustomhomes.com,"not-mobile-friendly,outdated-design,no-booking",Before-and-afters are the whole pitch and they are hard to reach: a remodel is bought with the eyes.,No budget guidance at all: every enquiry starts with a conversation about whether they can afford you.,No way to book a consultation: the form goes to an inbox and the momentum dies over the weekend.,"Before-and-after galleries by room: sized for a phone, quick to scroll.","Budget ranges stated: typical spend for a kitchen and for a bath, plainly.",Consultation booking online: while they are still looking at the photos.,"Design questionnaire before the visit: a shorter, better first meeting.",Financing pre-qualification: the objection handled before you drive out there.
Charlotte Dentistry,info@charlottedentistry.com,"no-booking,not-mobile-friendly,outdated-design","Case work buried: a smile-makeover patient researches for months alone at night, and the before-and-afters are two menus deep.",No price range anywhere: the biggest case of the month wants a number before they will pick up the phone.,Booking that needs the front desk awake: the consult request that would have come in at nine at night never comes in at all.,"Case gallery up front: filterable by treatment, sized for a phone.","A price range said out loud: in real numbers, with financing mentioned before they ask.",Consult booking on the same screen: not behind a form that goes to an inbox.,Financing pre-qualification: the objection handled before the call.,"Automated recall and reactivation: the patients you already have, coming back."
Charlotte Family Dentistry,info@cltfamilydentistry.com,"no-booking,not-mobile-friendly,outdated-design","Case work buried: a smile-makeover patient researches for months alone at night, and the before-and-afters are two menus deep.",No price range anywhere: the biggest case of the month wants a number before they will pick up the phone.,Booking that needs the front desk awake: the consult request that would have come in at nine at night never comes in at all.,"Case gallery up front: filterable by treatment, sized for a phone.","A price range said out loud: in real numbers, with financing mentioned before they ask.",Consult booking on the same screen: not behind a form that goes to an inbox.,Financing pre-qualification: the objection handled before the call.,"Automated recall and reactivation: the patients you already have, coming back."
Chic la Vie Med Spa,info@chiclavie.com,"no-booking,not-mobile-friendly,outdated-design","No booking after hours: the decision to book happens at nine at night on a phone, and the only way in is a front desk that shut at five.","Treatments with no prices: she has to ring and ask what tox costs, which is the one call a first-timer will not make.",Reviews doing the selling on the wrong page: the thing that closes her is two clicks from where she lands.,"Booking on the homepage: live at midnight, two taps, no phone call.",Treatment menu with prices: stated plainly so nobody has to ring to find out.,Reviews beside the booking button: the proof and the action on one screen.,Membership signup online: recurring revenue that does not need the front desk.,Automated reminders and rebooking: fewer no-shows without anybody chasing.
Colorado Native Landscapes,info@coloradonativelandscapes.com,"not-mobile-friendly,outdated-design,weak-branding",The portfolio does not look like the work: high-end landscape is bought on images and the images are small and slow.,No project budget guidance: the difference between a planting plan and a full build is fifty thousand dollars and the site says neither.,No way to start a conversation properly: a contact form for a six-figure project.,"Portfolio that does the work justice: large, fast, phone-first, by project type.",Project budget bands stated: so the enquiries match the work you want.,Consultation booking with the right questions asked up front.,Design package sold online: a paid first step that qualifies hard.,Maintenance contracts online: recurring revenue off the builds you already did.
Craftsman Home Builders,info@craftsmanhb.com,"not-mobile-friendly,outdated-design,weak-branding",The portfolio is the entire sale and it is presented badly: a phone-sized gallery of finished homes is what wins a build.,No price band anywhere: a client with a budget cannot tell whether you are their builder or twice their budget.,"Nothing about how the process works: the fear with a custom build is the unknown, not the price.","Portfolio built for a phone: full-bleed, fast, filterable by style and size.","A price band stated out loud: per square foot or per project, so the wrong enquiries stop.",The process explained: what happens between the first meeting and the keys.,Client build portal: selections and progress without the weekly phone call.,Land and lot listings: the enquiry that starts before there is a plan.
DKV Tampa Homes,info@dkvtampahomes.com,"not-mobile-friendly,outdated-design,weak-branding",The portfolio is the entire sale and it is presented badly: a phone-sized gallery of finished homes is what wins a build.,No price band anywhere: a client with a budget cannot tell whether you are their builder or twice their budget.,"Nothing about how the process works: the fear with a custom build is the unknown, not the price.","Portfolio built for a phone: full-bleed, fast, filterable by style and size.","A price band stated out loud: per square foot or per project, so the wrong enquiries stop.",The process explained: what happens between the first meeting and the keys.,Client build portal: selections and progress without the weekly phone call.,Land and lot listings: the enquiry that starts before there is a plan.
Davila's Remodeling & Construction,info@davilasremodelingandconstruction.com,"not-mobile-friendly,outdated-design,no-booking",Before-and-afters are the whole pitch and they are hard to reach: a remodel is bought with the eyes.,No budget guidance at all: every enquiry starts with a conversation about whether they can afford you.,No way to book a consultation: the form goes to an inbox and the momentum dies over the weekend.,"Before-and-after galleries by room: sized for a phone, quick to scroll.","Budget ranges stated: typical spend for a kitchen and for a bath, plainly.",Consultation booking online: while they are still looking at the photos.,"Design questionnaire before the visit: a shorter, better first meeting.",Financing pre-qualification: the objection handled before you drive out there.
Designed Landscapes,info@designedlandscapes.com,"not-mobile-friendly,outdated-design,weak-branding",The portfolio does not look like the work: high-end landscape is bought on images and the images are small and slow.,No project budget guidance: the difference between a planting plan and a full build is fifty thousand dollars and the site says neither.,No way to start a conversation properly: a contact form for a six-figure project.,"Portfolio that does the work justice: large, fast, phone-first, by project type.",Project budget bands stated: so the enquiries match the work you want.,Consultation booking with the right questions asked up front.,Design package sold online: a paid first step that qualifies hard.,Maintenance contracts online: recurring revenue off the builds you already did.
Divco Custom Homes,info@divcohomes.com,"not-mobile-friendly,outdated-design,weak-branding",The portfolio is the entire sale and it is presented badly: a phone-sized gallery of finished homes is what wins a build.,No price band anywhere: a client with a budget cannot tell whether you are their builder or twice their budget.,"Nothing about how the process works: the fear with a custom build is the unknown, not the price.","Portfolio built for a phone: full-bleed, fast, filterable by style and size.","A price band stated out loud: per square foot or per project, so the wrong enquiries stop.",The process explained: what happens between the first meeting and the keys.,Client build portal: selections and progress without the weekly phone call.,Land and lot listings: the enquiry that starts before there is a plan.
Dr. Alex Rossitch Dentistry,info@dralexrossitch.com,"no-booking,not-mobile-friendly,outdated-design","Case work buried: a smile-makeover patient researches for months alone at night, and the before-and-afters are two menus deep.",No price range anywhere: the biggest case of the month wants a number before they will pick up the phone.,Booking that needs the front desk awake: the consult request that would have come in at nine at night never comes in at all.,"Case gallery up front: filterable by treatment, sized for a phone.","A price range said out loud: in real numbers, with financing mentioned before they ask.",Consult booking on the same screen: not behind a form that goes to an inbox.,Financing pre-qualification: the objection handled before the call.,"Automated recall and reactivation: the patients you already have, coming back."
Dynamic Custom Pools,info@dynamiccustompools.com,"not-mobile-friendly,outdated-design,weak-branding",The build gallery is what sells and it is buried: nobody buys a pool from a spec list.,No price band anywhere: a homeowner has no idea whether you build forty-thousand pools or hundred-and-forty.,"A season-long sales cycle with nothing to hold the enquiry: they look in February and buy in May, from whoever stayed in front of them.","Build gallery front and centre: full-bleed, phone-first, filterable by style.",A starting price said out loud: so the enquiries you get are ones you want.,Consultation booking online: at the hour people daydream about this.,Design visualiser or 3D walkthrough: the thing that closes the February looker.,Service and maintenance signup: revenue after the build is paid for.
East Boca Dental,info@eastbocadental.com,"no-booking,not-mobile-friendly,outdated-design","Case work buried: a smile-makeover patient researches for months alone at night, and the before-and-afters are two menus deep.",No price range anywhere: the biggest case of the month wants a number before they will pick up the phone.,Booking that needs the front desk awake: the consult request that would have come in at nine at night never comes in at all.,"Case gallery up front: filterable by treatment, sized for a phone.","A price range said out loud: in real numbers, with financing mentioned before they ask.",Consult booking on the same screen: not behind a form that goes to an inbox.,Financing pre-qualification: the objection handled before the call.,"Automated recall and reactivation: the patients you already have, coming back."
First Choice Home Builders,info@1homebuilders.com,"not-mobile-friendly,outdated-design,weak-branding",The portfolio is the entire sale and it is presented badly: a phone-sized gallery of finished homes is what wins a build.,No price band anywhere: a client with a budget cannot tell whether you are their builder or twice their budget.,"Nothing about how the process works: the fear with a custom build is the unknown, not the price.","Portfolio built for a phone: full-bleed, fast, filterable by style and size.","A price band stated out loud: per square foot or per project, so the wrong enquiries stop.",The process explained: what happens between the first meeting and the keys.,Client build portal: selections and progress without the weekly phone call.,Land and lot listings: the enquiry that starts before there is a plan.
Generation Homes SC,info@generationhomessc.com,"not-mobile-friendly,outdated-design,weak-branding",The portfolio is the entire sale and it is presented badly: a phone-sized gallery of finished homes is what wins a build.,No price band anywhere: a client with a budget cannot tell whether you are their builder or twice their budget.,"Nothing about how the process works: the fear with a custom build is the unknown, not the price.","Portfolio built for a phone: full-bleed, fast, filterable by style and size.","A price band stated out loud: per square foot or per project, so the wrong enquiries stop.",The process explained: what happens between the first meeting and the keys.,Client build portal: selections and progress without the weekly phone call.,Land and lot listings: the enquiry that starts before there is a plan.
Georgian Landscape,info@georgianlandscape.com,"not-mobile-friendly,outdated-design,weak-branding",The portfolio does not look like the work: high-end landscape is bought on images and the images are small and slow.,No project budget guidance: the difference between a planting plan and a full build is fifty thousand dollars and the site says neither.,No way to start a conversation properly: a contact form for a six-figure project.,"Portfolio that does the work justice: large, fast, phone-first, by project type.",Project budget bands stated: so the enquiries match the work you want.,Consultation booking with the right questions asked up front.,Design package sold online: a paid first step that qualifies hard.,Maintenance contracts online: recurring revenue off the builds you already did.
Hermitage Kitchen Design Gallery,info@designsbyhermitage.com,"not-mobile-friendly,outdated-design,no-booking",Before-and-afters are the whole pitch and they are hard to reach: a remodel is bought with the eyes.,No budget guidance at all: every enquiry starts with a conversation about whether they can afford you.,No way to book a consultation: the form goes to an inbox and the momentum dies over the weekend.,"Before-and-after galleries by room: sized for a phone, quick to scroll.","Budget ranges stated: typical spend for a kitchen and for a bath, plainly.",Consultation booking online: while they are still looking at the photos.,"Design questionnaire before the visit: a shorter, better first meeting.",Financing pre-qualification: the objection handled before you drive out there.
Home Builders Services,info@homebuildersservices.net,"not-mobile-friendly,outdated-design,weak-branding",The portfolio is the entire sale and it is presented badly: a phone-sized gallery of finished homes is what wins a build.,No price band anywhere: a client with a budget cannot tell whether you are their builder or twice their budget.,"Nothing about how the process works: the fear with a custom build is the unknown, not the price.","Portfolio built for a phone: full-bleed, fast, filterable by style and size.","A price band stated out loud: per square foot or per project, so the wrong enquiries stop.",The process explained: what happens between the first meeting and the keys.,Client build portal: selections and progress without the weekly phone call.,Land and lot listings: the enquiry that starts before there is a plan.
Houston Cool Pools,info@houstoncoolpools.com,"not-mobile-friendly,outdated-design,weak-branding",The build gallery is what sells and it is buried: nobody buys a pool from a spec list.,No price band anywhere: a homeowner has no idea whether you build forty-thousand pools or hundred-and-forty.,"A season-long sales cycle with nothing to hold the enquiry: they look in February and buy in May, from whoever stayed in front of them.","Build gallery front and centre: full-bleed, phone-first, filterable by style.",A starting price said out loud: so the enquiries you get are ones you want.,Consultation booking online: at the hour people daydream about this.,Design visualiser or 3D walkthrough: the thing that closes the February looker.,Service and maintenance signup: revenue after the build is paid for.
Hunter Quinn Homes,info@hunterquinnhomes.com,"not-mobile-friendly,outdated-design,weak-branding",The portfolio is the entire sale and it is presented badly: a phone-sized gallery of finished homes is what wins a build.,No price band anywhere: a client with a budget cannot tell whether you are their builder or twice their budget.,"Nothing about how the process works: the fear with a custom build is the unknown, not the price.","Portfolio built for a phone: full-bleed, fast, filterable by style and size.","A price band stated out loud: per square foot or per project, so the wrong enquiries stop.",The process explained: what happens between the first meeting and the keys.,Client build portal: selections and progress without the weekly phone call.,Land and lot listings: the enquiry that starts before there is a plan.
Inspired Dentistry of Charlotte,info@inspireddoc.com,"no-booking,not-mobile-friendly,outdated-design","Case work buried: a smile-makeover patient researches for months alone at night, and the before-and-afters are two menus deep.",No price range anywhere: the biggest case of the month wants a number before they will pick up the phone.,Booking that needs the front desk awake: the consult request that would have come in at nine at night never comes in at all.,"Case gallery up front: filterable by treatment, sized for a phone.","A price range said out loud: in real numbers, with financing mentioned before they ask.",Consult booking on the same screen: not behind a form that goes to an inbox.,Financing pre-qualification: the objection handled before the call.,"Automated recall and reactivation: the patients you already have, coming back."
Kent V. Hasen MD Aesthetic Plastic Surgery,info@drhasen.com,"no-booking,not-mobile-friendly,outdated-design",The gallery is the whole sale and it is buried: results sit three taps deep in a viewer that fights a phone.,"Consult requests only in office hours: the decision is live for about four minutes, at eleven at night.","Nothing filterable by procedure: she wants her procedure, on her body type, and gets a slideshow.","Results first: filterable by procedure, built for a phone because that is the device.","Consult request on every screen: no phone call, no waiting for Monday.","Procedure pages that answer the real questions: recovery, cost, who is a candidate.","Virtual consult booking: a paid consult taken online, before they cool off.",Financing pre-qualification: the objection handled before the call.
Kenzi MedSpa,info@kenzispa.com,"no-booking,not-mobile-friendly,outdated-design","No booking after hours: the decision to book happens at nine at night on a phone, and the only way in is a front desk that shut at five.","Treatments with no prices: she has to ring and ask what tox costs, which is the one call a first-timer will not make.",Reviews doing the selling on the wrong page: the thing that closes her is two clicks from where she lands.,"Booking on the homepage: live at midnight, two taps, no phone call.",Treatment menu with prices: stated plainly so nobody has to ring to find out.,Reviews beside the booking button: the proof and the action on one screen.,Membership signup online: recurring revenue that does not need the front desk.,Automated reminders and rebooking: fewer no-shows without anybody chasing.
Kitchen and Bath Phoenix,info@kitchenandbathphoenix.com,"not-mobile-friendly,outdated-design,no-booking",Before-and-afters are the whole pitch and they are hard to reach: a remodel is bought with the eyes.,No budget guidance at all: every enquiry starts with a conversation about whether they can afford you.,No way to book a consultation: the form goes to an inbox and the momentum dies over the weekend.,"Before-and-after galleries by room: sized for a phone, quick to scroll.","Budget ranges stated: typical spend for a kitchen and for a bath, plainly.",Consultation booking online: while they are still looking at the photos.,"Design questionnaire before the visit: a shorter, better first meeting.",Financing pre-qualification: the objection handled before you drive out there.
Kohr Construction,info@kohrconstructionsc.com,"not-mobile-friendly,outdated-design,weak-branding",The portfolio is the entire sale and it is presented badly: a phone-sized gallery of finished homes is what wins a build.,No price band anywhere: a client with a budget cannot tell whether you are their builder or twice their budget.,"Nothing about how the process works: the fear with a custom build is the unknown, not the price.","Portfolio built for a phone: full-bleed, fast, filterable by style and size.","A price band stated out loud: per square foot or per project, so the wrong enquiries stop.",The process explained: what happens between the first meeting and the keys.,Client build portal: selections and progress without the weekly phone call.,Land and lot listings: the enquiry that starts before there is a plan.
Landscape Connection,info@landscapeconnection.net,"not-mobile-friendly,outdated-design,weak-branding",The portfolio does not look like the work: high-end landscape is bought on images and the images are small and slow.,No project budget guidance: the difference between a planting plan and a full build is fifty thousand dollars and the site says neither.,No way to start a conversation properly: a contact form for a six-figure project.,"Portfolio that does the work justice: large, fast, phone-first, by project type.",Project budget bands stated: so the enquiries match the work you want.,Consultation booking with the right questions asked up front.,Design package sold online: a paid first step that qualifies hard.,Maintenance contracts online: recurring revenue off the builds you already did.
Master Home Builder,info@master-homebuilder.com,"not-mobile-friendly,outdated-design,weak-branding",The portfolio is the entire sale and it is presented badly: a phone-sized gallery of finished homes is what wins a build.,No price band anywhere: a client with a budget cannot tell whether you are their builder or twice their budget.,"Nothing about how the process works: the fear with a custom build is the unknown, not the price.","Portfolio built for a phone: full-bleed, fast, filterable by style and size.","A price band stated out loud: per square foot or per project, so the wrong enquiries stop.",The process explained: what happens between the first meeting and the keys.,Client build portal: selections and progress without the weekly phone call.,Land and lot listings: the enquiry that starts before there is a plan.
Masters Kitchen & Bath,info@masterskitchenbath.com,"not-mobile-friendly,outdated-design,no-booking",Before-and-afters are the whole pitch and they are hard to reach: a remodel is bought with the eyes.,No budget guidance at all: every enquiry starts with a conversation about whether they can afford you.,No way to book a consultation: the form goes to an inbox and the momentum dies over the weekend.,"Before-and-after galleries by room: sized for a phone, quick to scroll.","Budget ranges stated: typical spend for a kitchen and for a bath, plainly.",Consultation booking online: while they are still looking at the photos.,"Design questionnaire before the visit: a shorter, better first meeting.",Financing pre-qualification: the objection handled before you drive out there.
Med Spa on 5th,info@medspaon5th.com,"no-booking,not-mobile-friendly,outdated-design","No booking after hours: the decision to book happens at nine at night on a phone, and the only way in is a front desk that shut at five.","Treatments with no prices: she has to ring and ask what tox costs, which is the one call a first-timer will not make.",Reviews doing the selling on the wrong page: the thing that closes her is two clicks from where she lands.,"Booking on the homepage: live at midnight, two taps, no phone call.",Treatment menu with prices: stated plainly so nobody has to ring to find out.,Reviews beside the booking button: the proof and the action on one screen.,Membership signup online: recurring revenue that does not need the front desk.,Automated reminders and rebooking: fewer no-shows without anybody chasing.
MedSpa 810 Scottsdale,info@medspa810scottsdale.com,"no-booking,not-mobile-friendly,outdated-design","No booking after hours: the decision to book happens at nine at night on a phone, and the only way in is a front desk that shut at five.","Treatments with no prices: she has to ring and ask what tox costs, which is the one call a first-timer will not make.",Reviews doing the selling on the wrong page: the thing that closes her is two clicks from where she lands.,"Booking on the homepage: live at midnight, two taps, no phone call.",Treatment menu with prices: stated plainly so nobody has to ring to find out.,Reviews beside the booking button: the proof and the action on one screen.,Membership signup online: recurring revenue that does not need the front desk.,Automated reminders and rebooking: fewer no-shows without anybody chasing.
Medspa of Las Vegas,info@medspaoflasvegas.com,"no-booking,not-mobile-friendly,outdated-design","No booking after hours: the decision to book happens at nine at night on a phone, and the only way in is a front desk that shut at five.","Treatments with no prices: she has to ring and ask what tox costs, which is the one call a first-timer will not make.",Reviews doing the selling on the wrong page: the thing that closes her is two clicks from where she lands.,"Booking on the homepage: live at midnight, two taps, no phone call.",Treatment menu with prices: stated plainly so nobody has to ring to find out.,Reviews beside the booking button: the proof and the action on one screen.,Membership signup online: recurring revenue that does not need the front desk.,Automated reminders and rebooking: fewer no-shows without anybody chasing.
Medspa-LV,info@medspa-lv.com,"no-booking,not-mobile-friendly,outdated-design","No booking after hours: the decision to book happens at nine at night on a phone, and the only way in is a front desk that shut at five.","Treatments with no prices: she has to ring and ask what tox costs, which is the one call a first-timer will not make.",Reviews doing the selling on the wrong page: the thing that closes her is two clicks from where she lands.,"Booking on the homepage: live at midnight, two taps, no phone call.",Treatment menu with prices: stated plainly so nobody has to ring to find out.,Reviews beside the booking button: the proof and the action on one screen.,Membership signup online: recurring revenue that does not need the front desk.,Automated reminders and rebooking: fewer no-shows without anybody chasing.
Midtown General & Cosmetic Dentistry,info@charlottemidtowndentistry.com,"no-booking,not-mobile-friendly,outdated-design","Case work buried: a smile-makeover patient researches for months alone at night, and the before-and-afters are two menus deep.",No price range anywhere: the biggest case of the month wants a number before they will pick up the phone.,Booking that needs the front desk awake: the consult request that would have come in at nine at night never comes in at all.,"Case gallery up front: filterable by treatment, sized for a phone.","A price range said out loud: in real numbers, with financing mentioned before they ask.",Consult booking on the same screen: not behind a form that goes to an inbox.,Financing pre-qualification: the objection handled before the call.,"Automated recall and reactivation: the patients you already have, coming back."
Naples Custom Homes,info@naplesch.com,"not-mobile-friendly,outdated-design,weak-branding",The portfolio is the entire sale and it is presented badly: a phone-sized gallery of finished homes is what wins a build.,No price band anywhere: a client with a budget cannot tell whether you are their builder or twice their budget.,"Nothing about how the process works: the fear with a custom build is the unknown, not the price.","Portfolio built for a phone: full-bleed, fast, filterable by style and size.","A price band stated out loud: per square foot or per project, so the wrong enquiries stop.",The process explained: what happens between the first meeting and the keys.,Client build portal: selections and progress without the weekly phone call.,Land and lot listings: the enquiry that starts before there is a plan.
NexGen Constructors,info@nexgenconstructors.com,"not-mobile-friendly,outdated-design,weak-branding",The portfolio is the entire sale and it is presented badly: a phone-sized gallery of finished homes is what wins a build.,No price band anywhere: a client with a budget cannot tell whether you are their builder or twice their budget.,"Nothing about how the process works: the fear with a custom build is the unknown, not the price.","Portfolio built for a phone: full-bleed, fast, filterable by style and size.","A price band stated out loud: per square foot or per project, so the wrong enquiries stop.",The process explained: what happens between the first meeting and the keys.,Client build portal: selections and progress without the weekly phone call.,Land and lot listings: the enquiry that starts before there is a plan.
Normandy Remodeling,info@normandyremodeling.com,"not-mobile-friendly,outdated-design,no-booking",Before-and-afters are the whole pitch and they are hard to reach: a remodel is bought with the eyes.,No budget guidance at all: every enquiry starts with a conversation about whether they can afford you.,No way to book a consultation: the form goes to an inbox and the momentum dies over the weekend.,"Before-and-after galleries by room: sized for a phone, quick to scroll.","Budget ranges stated: typical spend for a kitchen and for a bath, plainly.",Consultation booking online: while they are still looking at the photos.,"Design questionnaire before the visit: a shorter, better first meeting.",Financing pre-qualification: the objection handled before you drive out there.
Nuve Clinic Med Spa,info@nuvelifestyle.com,"no-booking,not-mobile-friendly,outdated-design","No booking after hours: the decision to book happens at nine at night on a phone, and the only way in is a front desk that shut at five.","Treatments with no prices: she has to ring and ask what tox costs, which is the one call a first-timer will not make.",Reviews doing the selling on the wrong page: the thing that closes her is two clicks from where she lands.,"Booking on the homepage: live at midnight, two taps, no phone call.",Treatment menu with prices: stated plainly so nobody has to ring to find out.,Reviews beside the booking button: the proof and the action on one screen.,Membership signup online: recurring revenue that does not need the front desk.,Automated reminders and rebooking: fewer no-shows without anybody chasing.
Oasis Landscapes & Irrigation,info@oasislandscape.com,"not-mobile-friendly,outdated-design,weak-branding",The portfolio does not look like the work: high-end landscape is bought on images and the images are small and slow.,No project budget guidance: the difference between a planting plan and a full build is fifty thousand dollars and the site says neither.,No way to start a conversation properly: a contact form for a six-figure project.,"Portfolio that does the work justice: large, fast, phone-first, by project type.",Project budget bands stated: so the enquiries match the work you want.,Consultation booking with the right questions asked up front.,Design package sold online: a paid first step that qualifies hard.,Maintenance contracts online: recurring revenue off the builds you already did.
Pearl Medspa,info@pearlmedspa.com,"no-booking,not-mobile-friendly,outdated-design","No booking after hours: the decision to book happens at nine at night on a phone, and the only way in is a front desk that shut at five.","Treatments with no prices: she has to ring and ask what tox costs, which is the one call a first-timer will not make.",Reviews doing the selling on the wrong page: the thing that closes her is two clicks from where she lands.,"Booking on the homepage: live at midnight, two taps, no phone call.",Treatment menu with prices: stated plainly so nobody has to ring to find out.,Reviews beside the booking button: the proof and the action on one screen.,Membership signup online: recurring revenue that does not need the front desk.,Automated reminders and rebooking: fewer no-shows without anybody chasing.
Providence Dentistry Charlotte,info@providencedentistrycharlotte.com,"no-booking,not-mobile-friendly,outdated-design","Case work buried: a smile-makeover patient researches for months alone at night, and the before-and-afters are two menus deep.",No price range anywhere: the biggest case of the month wants a number before they will pick up the phone.,Booking that needs the front desk awake: the consult request that would have come in at nine at night never comes in at all.,"Case gallery up front: filterable by treatment, sized for a phone.","A price range said out loud: in real numbers, with financing mentioned before they ask.",Consult booking on the same screen: not behind a form that goes to an inbox.,Financing pre-qualification: the objection handled before the call.,"Automated recall and reactivation: the patients you already have, coming back."
RRR Med Spa Naples,info@rrrmedspanaples.com,"no-booking,not-mobile-friendly,outdated-design","No booking after hours: the decision to book happens at nine at night on a phone, and the only way in is a front desk that shut at five.","Treatments with no prices: she has to ring and ask what tox costs, which is the one call a first-timer will not make.",Reviews doing the selling on the wrong page: the thing that closes her is two clicks from where she lands.,"Booking on the homepage: live at midnight, two taps, no phone call.",Treatment menu with prices: stated plainly so nobody has to ring to find out.,Reviews beside the booking button: the proof and the action on one screen.,Membership signup online: recurring revenue that does not need the front desk.,Automated reminders and rebooking: fewer no-shows without anybody chasing.
Regal Pools,info@regalpooldesign.com,"not-mobile-friendly,outdated-design,weak-branding",The build gallery is what sells and it is buried: nobody buys a pool from a spec list.,No price band anywhere: a homeowner has no idea whether you build forty-thousand pools or hundred-and-forty.,"A season-long sales cycle with nothing to hold the enquiry: they look in February and buy in May, from whoever stayed in front of them.","Build gallery front and centre: full-bleed, phone-first, filterable by style.",A starting price said out loud: so the enquiries you get are ones you want.,Consultation booking online: at the hour people daydream about this.,Design visualiser or 3D walkthrough: the thing that closes the February looker.,Service and maintenance signup: revenue after the build is paid for.
Regency Home Remodeling,info@regencyhomeremodeling.com,"not-mobile-friendly,outdated-design,no-booking",Before-and-afters are the whole pitch and they are hard to reach: a remodel is bought with the eyes.,No budget guidance at all: every enquiry starts with a conversation about whether they can afford you.,No way to book a consultation: the form goes to an inbox and the momentum dies over the weekend.,"Before-and-after galleries by room: sized for a phone, quick to scroll.","Budget ranges stated: typical spend for a kitchen and for a bath, plainly.",Consultation booking online: while they are still looking at the photos.,"Design questionnaire before the visit: a shorter, better first meeting.",Financing pre-qualification: the objection handled before you drive out there.
Richard's Total Backyard Solutions,info@richardstbs.com,"not-mobile-friendly,outdated-design,weak-branding",The build gallery is what sells and it is buried: nobody buys a pool from a spec list.,No price band anywhere: a homeowner has no idea whether you build forty-thousand pools or hundred-and-forty.,"A season-long sales cycle with nothing to hold the enquiry: they look in February and buy in May, from whoever stayed in front of them.","Build gallery front and centre: full-bleed, phone-first, filterable by style.",A starting price said out loud: so the enquiries you get are ones you want.,Consultation booking online: at the hour people daydream about this.,Design visualiser or 3D walkthrough: the thing that closes the February looker.,Service and maintenance signup: revenue after the build is paid for.
Sea Island Builders,info@seaislandbuilders.com,"not-mobile-friendly,outdated-design,weak-branding",The portfolio is the entire sale and it is presented badly: a phone-sized gallery of finished homes is what wins a build.,No price band anywhere: a client with a budget cannot tell whether you are their builder or twice their budget.,"Nothing about how the process works: the fear with a custom build is the unknown, not the price.","Portfolio built for a phone: full-bleed, fast, filterable by style and size.","A price band stated out loud: per square foot or per project, so the wrong enquiries stop.",The process explained: what happens between the first meeting and the keys.,Client build portal: selections and progress without the weekly phone call.,Land and lot listings: the enquiry that starts before there is a plan.
Southern & Traditional Homes,info@snthomes.com,"not-mobile-friendly,outdated-design,weak-branding",The portfolio is the entire sale and it is presented badly: a phone-sized gallery of finished homes is what wins a build.,No price band anywhere: a client with a budget cannot tell whether you are their builder or twice their budget.,"Nothing about how the process works: the fear with a custom build is the unknown, not the price.","Portfolio built for a phone: full-bleed, fast, filterable by style and size.","A price band stated out loud: per square foot or per project, so the wrong enquiries stop.",The process explained: what happens between the first meeting and the keys.,Client build portal: selections and progress without the weekly phone call.,Land and lot listings: the enquiry that starts before there is a plan.
Southern Texas Pools,info@southerntexaspools.com,"not-mobile-friendly,outdated-design,weak-branding",The build gallery is what sells and it is buried: nobody buys a pool from a spec list.,No price band anywhere: a homeowner has no idea whether you build forty-thousand pools or hundred-and-forty.,"A season-long sales cycle with nothing to hold the enquiry: they look in February and buy in May, from whoever stayed in front of them.","Build gallery front and centre: full-bleed, phone-first, filterable by style.",A starting price said out loud: so the enquiries you get are ones you want.,Consultation booking online: at the hour people daydream about this.,Design visualiser or 3D walkthrough: the thing that closes the February looker.,Service and maintenance signup: revenue after the build is paid for.
Sweetwater Pools,info@sweetwaterpoolsinc.com,"not-mobile-friendly,outdated-design,weak-branding",The build gallery is what sells and it is buried: nobody buys a pool from a spec list.,No price band anywhere: a homeowner has no idea whether you build forty-thousand pools or hundred-and-forty.,"A season-long sales cycle with nothing to hold the enquiry: they look in February and buy in May, from whoever stayed in front of them.","Build gallery front and centre: full-bleed, phone-first, filterable by style.",A starting price said out loud: so the enquiries you get are ones you want.,Consultation booking online: at the hour people daydream about this.,Design visualiser or 3D walkthrough: the thing that closes the February looker.,Service and maintenance signup: revenue after the build is paid for.
TWD Arizona,info@twdaz.com,"not-mobile-friendly,outdated-design,no-booking",Before-and-afters are the whole pitch and they are hard to reach: a remodel is bought with the eyes.,No budget guidance at all: every enquiry starts with a conversation about whether they can afford you.,No way to book a consultation: the form goes to an inbox and the momentum dies over the weekend.,"Before-and-after galleries by room: sized for a phone, quick to scroll.","Budget ranges stated: typical spend for a kitchen and for a bath, plainly.",Consultation booking online: while they are still looking at the photos.,"Design questionnaire before the visit: a shorter, better first meeting.",Financing pre-qualification: the objection handled before you drive out there.
Terra Designs,info@terra-designs.com,"not-mobile-friendly,outdated-design,weak-branding",The portfolio does not look like the work: high-end landscape is bought on images and the images are small and slow.,No project budget guidance: the difference between a planting plan and a full build is fifty thousand dollars and the site says neither.,No way to start a conversation properly: a contact form for a six-figure project.,"Portfolio that does the work justice: large, fast, phone-first, by project type.",Project budget bands stated: so the enquiries match the work you want.,Consultation booking with the right questions asked up front.,Design package sold online: a paid first step that qualifies hard.,Maintenance contracts online: recurring revenue off the builds you already did.
Texas Pools,info@texaspools.com,"not-mobile-friendly,outdated-design,weak-branding",The build gallery is what sells and it is buried: nobody buys a pool from a spec list.,No price band anywhere: a homeowner has no idea whether you build forty-thousand pools or hundred-and-forty.,"A season-long sales cycle with nothing to hold the enquiry: they look in February and buy in May, from whoever stayed in front of them.","Build gallery front and centre: full-bleed, phone-first, filterable by style.",A starting price said out loud: so the enquiries you get are ones you want.,Consultation booking online: at the hour people daydream about this.,Design visualiser or 3D walkthrough: the thing that closes the February looker.,Service and maintenance signup: revenue after the build is paid for.
The Austin Pool Builders,info@theaustinpoolbuilders.com,"not-mobile-friendly,outdated-design,weak-branding",The build gallery is what sells and it is buried: nobody buys a pool from a spec list.,No price band anywhere: a homeowner has no idea whether you build forty-thousand pools or hundred-and-forty.,"A season-long sales cycle with nothing to hold the enquiry: they look in February and buy in May, from whoever stayed in front of them.","Build gallery front and centre: full-bleed, phone-first, filterable by style.",A starting price said out loud: so the enquiries you get are ones you want.,Consultation booking online: at the hour people daydream about this.,Design visualiser or 3D walkthrough: the thing that closes the February looker.,Service and maintenance signup: revenue after the build is paid for.
The Dan Company,info@dancompany.net,"not-mobile-friendly,outdated-design,no-booking",Before-and-afters are the whole pitch and they are hard to reach: a remodel is bought with the eyes.,No budget guidance at all: every enquiry starts with a conversation about whether they can afford you.,No way to book a consultation: the form goes to an inbox and the momentum dies over the weekend.,"Before-and-after galleries by room: sized for a phone, quick to scroll.","Budget ranges stated: typical spend for a kitchen and for a bath, plainly.",Consultation booking online: while they are still looking at the photos.,"Design questionnaire before the visit: a shorter, better first meeting.",Financing pre-qualification: the objection handled before you drive out there.
The Dreamscapes,info@thedreamscapes.com,"not-mobile-friendly,outdated-design,weak-branding",The portfolio does not look like the work: high-end landscape is bought on images and the images are small and slow.,No project budget guidance: the difference between a planting plan and a full build is fifty thousand dollars and the site says neither.,No way to start a conversation properly: a contact form for a six-figure project.,"Portfolio that does the work justice: large, fast, phone-first, by project type.",Project budget bands stated: so the enquiries match the work you want.,Consultation booking with the right questions asked up front.,Design package sold online: a paid first step that qualifies hard.,Maintenance contracts online: recurring revenue off the builds you already did.
The Laser Lounge Spa North Naples,info@thelaserloungespa.com,"no-booking,not-mobile-friendly,outdated-design","No booking after hours: the decision to book happens at nine at night on a phone, and the only way in is a front desk that shut at five.","Treatments with no prices: she has to ring and ask what tox costs, which is the one call a first-timer will not make.",Reviews doing the selling on the wrong page: the thing that closes her is two clicks from where she lands.,"Booking on the homepage: live at midnight, two taps, no phone call.",Treatment menu with prices: stated plainly so nobody has to ring to find out.,Reviews beside the booking button: the proof and the action on one screen.,Membership signup online: recurring revenue that does not need the front desk.,Automated reminders and rebooking: fewer no-shows without anybody chasing.
The Look Med Spa,info@thelookmedspalv.com,"no-booking,not-mobile-friendly,outdated-design","No booking after hours: the decision to book happens at nine at night on a phone, and the only way in is a front desk that shut at five.","Treatments with no prices: she has to ring and ask what tox costs, which is the one call a first-timer will not make.",Reviews doing the selling on the wrong page: the thing that closes her is two clicks from where she lands.,"Booking on the homepage: live at midnight, two taps, no phone call.",Treatment menu with prices: stated plainly so nobody has to ring to find out.,Reviews beside the booking button: the proof and the action on one screen.,Membership signup online: recurring revenue that does not need the front desk.,Automated reminders and rebooking: fewer no-shows without anybody chasing.
The Sindledecker Center,info@mybocadentist.com,"no-booking,not-mobile-friendly,outdated-design","Case work buried: a smile-makeover patient researches for months alone at night, and the before-and-afters are two menus deep.",No price range anywhere: the biggest case of the month wants a number before they will pick up the phone.,Booking that needs the front desk awake: the consult request that would have come in at nine at night never comes in at all.,"Case gallery up front: filterable by treatment, sized for a phone.","A price range said out loud: in real numbers, with financing mentioned before they ask.",Consult booking on the same screen: not behind a form that goes to an inbox.,Financing pre-qualification: the objection handled before the call.,"Automated recall and reactivation: the patients you already have, coming back."
The Skin Shop Medspa,info@theskinshopmedspascottsdale.com,"no-booking,not-mobile-friendly,outdated-design","No booking after hours: the decision to book happens at nine at night on a phone, and the only way in is a front desk that shut at five.","Treatments with no prices: she has to ring and ask what tox costs, which is the one call a first-timer will not make.",Reviews doing the selling on the wrong page: the thing that closes her is two clicks from where she lands.,"Booking on the homepage: live at midnight, two taps, no phone call.",Treatment menu with prices: stated plainly so nobody has to ring to find out.,Reviews beside the booking button: the proof and the action on one screen.,Membership signup online: recurring revenue that does not need the front desk.,Automated reminders and rebooking: fewer no-shows without anybody chasing.
The Well Med Spa,info@thewellmedspa.com,"no-booking,not-mobile-friendly,outdated-design","No booking after hours: the decision to book happens at nine at night on a phone, and the only way in is a front desk that shut at five.","Treatments with no prices: she has to ring and ask what tox costs, which is the one call a first-timer will not make.",Reviews doing the selling on the wrong page: the thing that closes her is two clicks from where she lands.,"Booking on the homepage: live at midnight, two taps, no phone call.",Treatment menu with prices: stated plainly so nobody has to ring to find out.,Reviews beside the booking button: the proof and the action on one screen.,Membership signup online: recurring revenue that does not need the front desk.,Automated reminders and rebooking: fewer no-shows without anybody chasing.
Acadia Building Co,info@acadiabc.com,"not-mobile-friendly,outdated-design,weak-branding",The portfolio is the entire sale and it is presented badly: a phone-sized gallery of finished homes is what wins a build.,No price band anywhere: a client with a budget cannot tell whether you are their builder or twice their budget.,"Nothing about how the process works: the fear with a custom build is the unknown, not the price.","Portfolio built for a phone: full-bleed, fast, filterable by style and size.","A price band stated out loud: per square foot or per project, so the wrong enquiries stop.",The process explained: what happens between the first meeting and the keys.,Client build portal: selections and progress without the weekly phone call.,Land and lot listings: the enquiry that starts before there is a plan.
All Seasons Pools,admin@allseasonspools.com,"not-mobile-friendly,outdated-design,weak-branding",The build gallery is what sells and it is buried: nobody buys a pool from a spec list.,No price band anywhere: a homeowner has no idea whether you build forty-thousand pools or hundred-and-forty.,"A season-long sales cycle with nothing to hold the enquiry: they look in February and buy in May, from whoever stayed in front of them.","Build gallery front and centre: full-bleed, phone-first, filterable by style.",A starting price said out loud: so the enquiries you get are ones you want.,Consultation booking online: at the hour people daydream about this.,Design visualiser or 3D walkthrough: the thing that closes the February looker.,Service and maintenance signup: revenue after the build is paid for.
Backyard Lagoons,backyardlagoons@gmail.com,"not-mobile-friendly,outdated-design,weak-branding",The build gallery is what sells and it is buried: nobody buys a pool from a spec list.,No price band anywhere: a homeowner has no idea whether you build forty-thousand pools or hundred-and-forty.,"A season-long sales cycle with nothing to hold the enquiry: they look in February and buy in May, from whoever stayed in front of them.","Build gallery front and centre: full-bleed, phone-first, filterable by style.",A starting price said out loud: so the enquiries you get are ones you want.,Consultation booking online: at the hour people daydream about this.,Design visualiser or 3D walkthrough: the thing that closes the February looker.,Service and maintenance signup: revenue after the build is paid for.
Coogan's Design-Build,office@coogansdesignbuild.com,"not-mobile-friendly,outdated-design,weak-branding",The portfolio does not look like the work: high-end landscape is bought on images and the images are small and slow.,No project budget guidance: the difference between a planting plan and a full build is fifty thousand dollars and the site says neither.,No way to start a conversation properly: a contact form for a six-figure project.,"Portfolio that does the work justice: large, fast, phone-first, by project type.",Project budget bands stated: so the enquiries match the work you want.,Consultation booking with the right questions asked up front.,Design package sold online: a paid first step that qualifies hard.,Maintenance contracts online: recurring revenue off the builds you already did.
G&G Landscape Solutions,info@gandglandscape.net,"not-mobile-friendly,outdated-design,weak-branding",The portfolio does not look like the work: high-end landscape is bought on images and the images are small and slow.,No project budget guidance: the difference between a planting plan and a full build is fifty thousand dollars and the site says neither.,No way to start a conversation properly: a contact form for a six-figure project.,"Portfolio that does the work justice: large, fast, phone-first, by project type.",Project budget bands stated: so the enquiries match the work you want.,Consultation booking with the right questions asked up front.,Design package sold online: a paid first step that qualifies hard.,Maintenance contracts online: recurring revenue off the builds you already did.
GBR Kitchen and Bathroom Remodeling,appointments@gbrkitchenbath.com,"not-mobile-friendly,outdated-design,no-booking",Before-and-afters are the whole pitch and they are hard to reach: a remodel is bought with the eyes.,No budget guidance at all: every enquiry starts with a conversation about whether they can afford you.,No way to book a consultation: the form goes to an inbox and the momentum dies over the weekend.,"Before-and-after galleries by room: sized for a phone, quick to scroll.","Budget ranges stated: typical spend for a kitchen and for a bath, plainly.",Consultation booking online: while they are still looking at the photos.,"Design questionnaire before the visit: a shorter, better first meeting.",Financing pre-qualification: the objection handled before you drive out there.
GRUNIT Pools,info@grunit.com,"not-mobile-friendly,outdated-design,weak-branding",The build gallery is what sells and it is buried: nobody buys a pool from a spec list.,No price band anywhere: a homeowner has no idea whether you build forty-thousand pools or hundred-and-forty.,"A season-long sales cycle with nothing to hold the enquiry: they look in February and buy in May, from whoever stayed in front of them.","Build gallery front and centre: full-bleed, phone-first, filterable by style.",A starting price said out loud: so the enquiries you get are ones you want.,Consultation booking online: at the hour people daydream about this.,Design visualiser or 3D walkthrough: the thing that closes the February looker.,Service and maintenance signup: revenue after the build is paid for.
Gifford Homes,giffordandgifford@gmail.com,"not-mobile-friendly,outdated-design,weak-branding",The portfolio is the entire sale and it is presented badly: a phone-sized gallery of finished homes is what wins a build.,No price band anywhere: a client with a budget cannot tell whether you are their builder or twice their budget.,"Nothing about how the process works: the fear with a custom build is the unknown, not the price.","Portfolio built for a phone: full-bleed, fast, filterable by style and size.","A price band stated out loud: per square foot or per project, so the wrong enquiries stop.",The process explained: what happens between the first meeting and the keys.,Client build portal: selections and progress without the weekly phone call.,Land and lot listings: the enquiry that starts before there is a plan.
Glo Med Spa KC,glo.medspa.kc@gmail.com,"no-booking,not-mobile-friendly,outdated-design","No booking after hours: the decision to book happens at nine at night on a phone, and the only way in is a front desk that shut at five.","Treatments with no prices: she has to ring and ask what tox costs, which is the one call a first-timer will not make.",Reviews doing the selling on the wrong page: the thing that closes her is two clicks from where she lands.,"Booking on the homepage: live at midnight, two taps, no phone call.",Treatment menu with prices: stated plainly so nobody has to ring to find out.,Reviews beside the booking button: the proof and the action on one screen.,Membership signup online: recurring revenue that does not need the front desk.,Automated reminders and rebooking: fewer no-shows without anybody chasing.
Hampden Dentistry and Orthodontics,info@hampdendentist.com,"no-booking,not-mobile-friendly,outdated-design","Case work buried: a smile-makeover patient researches for months alone at night, and the before-and-afters are two menus deep.",No price range anywhere: the biggest case of the month wants a number before they will pick up the phone.,Booking that needs the front desk awake: the consult request that would have come in at nine at night never comes in at all.,"Case gallery up front: filterable by treatment, sized for a phone.","A price range said out loud: in real numbers, with financing mentioned before they ask.",Consult booking on the same screen: not behind a form that goes to an inbox.,Financing pre-qualification: the objection handled before the call.,"Automated recall and reactivation: the patients you already have, coming back."
Kansas City Wellness Center,info@kansascitywellnesscenter.com,"no-booking,not-mobile-friendly,outdated-design","No booking after hours: the decision to book happens at nine at night on a phone, and the only way in is a front desk that shut at five.","Treatments with no prices: she has to ring and ask what tox costs, which is the one call a first-timer will not make.",Reviews doing the selling on the wrong page: the thing that closes her is two clicks from where she lands.,"Booking on the homepage: live at midnight, two taps, no phone call.",Treatment menu with prices: stated plainly so nobody has to ring to find out.,Reviews beside the booking button: the proof and the action on one screen.,Membership signup online: recurring revenue that does not need the front desk.,Automated reminders and rebooking: fewer no-shows without anybody chasing.
Louisa Gallegos DDS,frontoffice@happysmileeat.com,"no-booking,not-mobile-friendly,outdated-design","Case work buried: a smile-makeover patient researches for months alone at night, and the before-and-afters are two menus deep.",No price range anywhere: the biggest case of the month wants a number before they will pick up the phone.,Booking that needs the front desk awake: the consult request that would have come in at nine at night never comes in at all.,"Case gallery up front: filterable by treatment, sized for a phone.","A price range said out loud: in real numbers, with financing mentioned before they ask.",Consult booking on the same screen: not behind a form that goes to an inbox.,Financing pre-qualification: the objection handled before the call.,"Automated recall and reactivation: the patients you already have, coming back."
New Day Construction,hello@newdayconstruction.co,"not-mobile-friendly,outdated-design,weak-branding",The portfolio is the entire sale and it is presented badly: a phone-sized gallery of finished homes is what wins a build.,No price band anywhere: a client with a budget cannot tell whether you are their builder or twice their budget.,"Nothing about how the process works: the fear with a custom build is the unknown, not the price.","Portfolio built for a phone: full-bleed, fast, filterable by style and size.","A price band stated out loud: per square foot or per project, so the wrong enquiries stop.",The process explained: what happens between the first meeting and the keys.,Client build portal: selections and progress without the weekly phone call.,Land and lot listings: the enquiry that starts before there is a plan.
Ruffner Remodeling and Repair,ruffnerremodeling@gmail.com,"not-mobile-friendly,outdated-design,no-booking",Before-and-afters are the whole pitch and they are hard to reach: a remodel is bought with the eyes.,No budget guidance at all: every enquiry starts with a conversation about whether they can afford you.,No way to book a consultation: the form goes to an inbox and the momentum dies over the weekend.,"Before-and-after galleries by room: sized for a phone, quick to scroll.","Budget ranges stated: typical spend for a kitchen and for a bath, plainly.",Consultation booking online: while they are still looking at the photos.,"Design questionnaire before the visit: a shorter, better first meeting.",Financing pre-qualification: the objection handled before you drive out there.
Scott Hedrick Construction,scott@scotthedrick.com,"not-mobile-friendly,outdated-design,weak-branding",The portfolio is the entire sale and it is presented badly: a phone-sized gallery of finished homes is what wins a build.,No price band anywhere: a client with a budget cannot tell whether you are their builder or twice their budget.,"Nothing about how the process works: the fear with a custom build is the unknown, not the price.","Portfolio built for a phone: full-bleed, fast, filterable by style and size.","A price band stated out loud: per square foot or per project, so the wrong enquiries stop.",The process explained: what happens between the first meeting and the keys.,Client build portal: selections and progress without the weekly phone call.,Land and lot listings: the enquiry that starts before there is a plan.
Scottsdale Cosmetic Dentistry,info@scdclark.com,"no-booking,not-mobile-friendly,outdated-design","Case work buried: a smile-makeover patient researches for months alone at night, and the before-and-afters are two menus deep.",No price range anywhere: the biggest case of the month wants a number before they will pick up the phone.,Booking that needs the front desk awake: the consult request that would have come in at nine at night never comes in at all.,"Case gallery up front: filterable by treatment, sized for a phone.","A price range said out loud: in real numbers, with financing mentioned before they ask.",Consult booking on the same screen: not behind a form that goes to an inbox.,Financing pre-qualification: the objection handled before the call.,"Automated recall and reactivation: the patients you already have, coming back."
Stone Turtle Pools,stoneturtlepools@gmail.com,"not-mobile-friendly,outdated-design,weak-branding",The build gallery is what sells and it is buried: nobody buys a pool from a spec list.,No price band anywhere: a homeowner has no idea whether you build forty-thousand pools or hundred-and-forty.,"A season-long sales cycle with nothing to hold the enquiry: they look in February and buy in May, from whoever stayed in front of them.","Build gallery front and centre: full-bleed, phone-first, filterable by style.",A starting price said out loud: so the enquiries you get are ones you want.,Consultation booking online: at the hour people daydream about this.,Design visualiser or 3D walkthrough: the thing that closes the February looker.,Service and maintenance signup: revenue after the build is paid for.
Tampa Bay Pools,tbpinfo@tampabaypools.com,"not-mobile-friendly,outdated-design,weak-branding",The build gallery is what sells and it is buried: nobody buys a pool from a spec list.,No price band anywhere: a homeowner has no idea whether you build forty-thousand pools or hundred-and-forty.,"A season-long sales cycle with nothing to hold the enquiry: they look in February and buy in May, from whoever stayed in front of them.","Build gallery front and centre: full-bleed, phone-first, filterable by style.",A starting price said out loud: so the enquiries you get are ones you want.,Consultation booking online: at the hour people daydream about this.,Design visualiser or 3D walkthrough: the thing that closes the February looker.,Service and maintenance signup: revenue after the build is paid for.
The Retreat Wellness,info@theretreatwellness.com,"no-booking,not-mobile-friendly,outdated-design","No booking after hours: the decision to book happens at nine at night on a phone, and the only way in is a front desk that shut at five.","Treatments with no prices: she has to ring and ask what tox costs, which is the one call a first-timer will not make.",Reviews doing the selling on the wrong page: the thing that closes her is two clicks from where she lands.,"Booking on the homepage: live at midnight, two taps, no phone call.",Treatment menu with prices: stated plainly so nobody has to ring to find out.,Reviews beside the booking button: the proof and the action on one screen.,Membership signup online: recurring revenue that does not need the front desk.,Automated reminders and rebooking: fewer no-shows without anybody chasing.
Thrive Landscape and Design,info@thrivelandscapedesign.com,"not-mobile-friendly,outdated-design,weak-branding",The portfolio does not look like the work: high-end landscape is bought on images and the images are small and slow.,No project budget guidance: the difference between a planting plan and a full build is fifty thousand dollars and the site says neither.,No way to start a conversation properly: a contact form for a six-figure project.,"Portfolio that does the work justice: large, fast, phone-first, by project type.",Project budget bands stated: so the enquiries match the work you want.,Consultation booking with the right questions asked up front.,Design package sold online: a paid first step that qualifies hard.,Maintenance contracts online: recurring revenue off the builds you already did.
22 Spa MD,info@22spamd.com,"no-booking,not-mobile-friendly,outdated-design","No booking after hours: the decision to book happens at nine at night on a phone, and the only way in is a front desk that shut at five.","Treatments with no prices: she has to ring and ask what tox costs, which is the one call a first-timer will not make.",Reviews doing the selling on the wrong page: the thing that closes her is two clicks from where she lands.,"Booking on the homepage: live at midnight, two taps, no phone call.",Treatment menu with prices: stated plainly so nobody has to ring to find out.,Reviews beside the booking button: the proof and the action on one screen.,Membership signup online: recurring revenue that does not need the front desk.,Automated reminders and rebooking: fewer no-shows without anybody chasing.
816 Med Spa,info@816medspa.com,"no-booking,not-mobile-friendly,outdated-design","No booking after hours: the decision to book happens at nine at night on a phone, and the only way in is a front desk that shut at five.","Treatments with no prices: she has to ring and ask what tox costs, which is the one call a first-timer will not make.",Reviews doing the selling on the wrong page: the thing that closes her is two clicks from where she lands.,"Booking on the homepage: live at midnight, two taps, no phone call.",Treatment menu with prices: stated plainly so nobody has to ring to find out.,Reviews beside the booking button: the proof and the action on one screen.,Membership signup online: recurring revenue that does not need the front desk.,Automated reminders and rebooking: fewer no-shows without anybody chasing.
ADLA Studio,info@adlastudio.com,"not-mobile-friendly,outdated-design,weak-branding",The portfolio does not look like the work: high-end landscape is bought on images and the images are small and slow.,No project budget guidance: the difference between a planting plan and a full build is fifty thousand dollars and the site says neither.,No way to start a conversation properly: a contact form for a six-figure project.,"Portfolio that does the work justice: large, fast, phone-first, by project type.",Project budget bands stated: so the enquiries match the work you want.,Consultation booking with the right questions asked up front.,Design package sold online: a paid first step that qualifies hard.,Maintenance contracts online: recurring revenue off the builds you already did.
AesthetiCare Medspa,info@greatskinkc.com,"no-booking,not-mobile-friendly,outdated-design","No booking after hours: the decision to book happens at nine at night on a phone, and the only way in is a front desk that shut at five.","Treatments with no prices: she has to ring and ask what tox costs, which is the one call a first-timer will not make.",Reviews doing the selling on the wrong page: the thing that closes her is two clicks from where she lands.,"Booking on the homepage: live at midnight, two taps, no phone call.",Treatment menu with prices: stated plainly so nobody has to ring to find out.,Reviews beside the booking button: the proof and the action on one screen.,Membership signup online: recurring revenue that does not need the front desk.,Automated reminders and rebooking: fewer no-shows without anybody chasing.
Affordable Kitchens MN,info@affordablekitchensmn.com,"not-mobile-friendly,outdated-design,no-booking",Before-and-afters are the whole pitch and they are hard to reach: a remodel is bought with the eyes.,No budget guidance at all: every enquiry starts with a conversation about whether they can afford you.,No way to book a consultation: the form goes to an inbox and the momentum dies over the weekend.,"Before-and-after galleries by room: sized for a phone, quick to scroll.","Budget ranges stated: typical spend for a kitchen and for a bath, plainly.",Consultation booking online: while they are still looking at the photos.,"Design questionnaire before the visit: a shorter, better first meeting.",Financing pre-qualification: the objection handled before you drive out there.
Alex's Lawnscape,info@alexslawnscape.com,"not-mobile-friendly,outdated-design,weak-branding",The portfolio does not look like the work: high-end landscape is bought on images and the images are small and slow.,No project budget guidance: the difference between a planting plan and a full build is fifty thousand dollars and the site says neither.,No way to start a conversation properly: a contact form for a six-figure project.,"Portfolio that does the work justice: large, fast, phone-first, by project type.",Project budget bands stated: so the enquiries match the work you want.,Consultation booking with the right questions asked up front.,Design package sold online: a paid first step that qualifies hard.,Maintenance contracts online: recurring revenue off the builds you already did.
Almeida and Bell Dental,info@almeidabelldental.com,"no-booking,not-mobile-friendly,outdated-design","Case work buried: a smile-makeover patient researches for months alone at night, and the before-and-afters are two menus deep.",No price range anywhere: the biggest case of the month wants a number before they will pick up the phone.,Booking that needs the front desk awake: the consult request that would have come in at nine at night never comes in at all.,"Case gallery up front: filterable by treatment, sized for a phone.","A price range said out loud: in real numbers, with financing mentioned before they ask.",Consult booking on the same screen: not behind a form that goes to an inbox.,Financing pre-qualification: the objection handled before the call.,"Automated recall and reactivation: the patients you already have, coming back."
Altitude Medspa,info@altitudemedspa.com,"no-booking,not-mobile-friendly,outdated-design","No booking after hours: the decision to book happens at nine at night on a phone, and the only way in is a front desk that shut at five.","Treatments with no prices: she has to ring and ask what tox costs, which is the one call a first-timer will not make.",Reviews doing the selling on the wrong page: the thing that closes her is two clicks from where she lands.,"Booking on the homepage: live at midnight, two taps, no phone call.",Treatment menu with prices: stated plainly so nobody has to ring to find out.,Reviews beside the booking button: the proof and the action on one screen.,Membership signup online: recurring revenue that does not need the front desk.,Automated reminders and rebooking: fewer no-shows without anybody chasing.
Aqua Pool Builders Sarasota,info@aquapoolbuilderssarasota.com,"not-mobile-friendly,outdated-design,weak-branding",The build gallery is what sells and it is buried: nobody buys a pool from a spec list.,No price band anywhere: a homeowner has no idea whether you build forty-thousand pools or hundred-and-forty.,"A season-long sales cycle with nothing to hold the enquiry: they look in February and buy in May, from whoever stayed in front of them.","Build gallery front and centre: full-bleed, phone-first, filterable by style.",A starting price said out loud: so the enquiries you get are ones you want.,Consultation booking online: at the hour people daydream about this.,Design visualiser or 3D walkthrough: the thing that closes the February looker.,Service and maintenance signup: revenue after the build is paid for.
Atera Homes,info@aterahomes.com,"not-mobile-friendly,outdated-design,weak-branding",The portfolio is the entire sale and it is presented badly: a phone-sized gallery of finished homes is what wins a build.,No price band anywhere: a client with a budget cannot tell whether you are their builder or twice their budget.,"Nothing about how the process works: the fear with a custom build is the unknown, not the price.","Portfolio built for a phone: full-bleed, fast, filterable by style and size.","A price band stated out loud: per square foot or per project, so the wrong enquiries stop.",The process explained: what happens between the first meeting and the keys.,Client build portal: selections and progress without the weekly phone call.,Land and lot listings: the enquiry that starts before there is a plan.
Aurora Builders,info@aurorabuilders.com,"not-mobile-friendly,outdated-design,weak-branding",The portfolio is the entire sale and it is presented badly: a phone-sized gallery of finished homes is what wins a build.,No price band anywhere: a client with a budget cannot tell whether you are their builder or twice their budget.,"Nothing about how the process works: the fear with a custom build is the unknown, not the price.","Portfolio built for a phone: full-bleed, fast, filterable by style and size.","A price band stated out loud: per square foot or per project, so the wrong enquiries stop.",The process explained: what happens between the first meeting and the keys.,Client build portal: selections and progress without the weekly phone call.,Land and lot listings: the enquiry that starts before there is a plan.
Austin Living Landscapes,info@austinlivinglandscapes.com,"not-mobile-friendly,outdated-design,weak-branding",The portfolio does not look like the work: high-end landscape is bought on images and the images are small and slow.,No project budget guidance: the difference between a planting plan and a full build is fifty thousand dollars and the site says neither.,No way to start a conversation properly: a contact form for a six-figure project.,"Portfolio that does the work justice: large, fast, phone-first, by project type.",Project budget bands stated: so the enquiries match the work you want.,Consultation booking with the right questions asked up front.,Design package sold online: a paid first step that qualifies hard.,Maintenance contracts online: recurring revenue off the builds you already did.
Austin Native Landscaping,info@austinnativelandscaping.com,"not-mobile-friendly,outdated-design,weak-branding",The portfolio does not look like the work: high-end landscape is bought on images and the images are small and slow.,No project budget guidance: the difference between a planting plan and a full build is fifty thousand dollars and the site says neither.,No way to start a conversation properly: a contact form for a six-figure project.,"Portfolio that does the work justice: large, fast, phone-first, by project type.",Project budget bands stated: so the enquiries match the work you want.,Consultation booking with the right questions asked up front.,Design package sold online: a paid first step that qualifies hard.,Maintenance contracts online: recurring revenue off the builds you already did.
Bailey's Remodeling,info@baileysremodeling.com,"not-mobile-friendly,outdated-design,no-booking",Before-and-afters are the whole pitch and they are hard to reach: a remodel is bought with the eyes.,No budget guidance at all: every enquiry starts with a conversation about whether they can afford you.,No way to book a consultation: the form goes to an inbox and the momentum dies over the weekend.,"Before-and-after galleries by room: sized for a phone, quick to scroll.","Budget ranges stated: typical spend for a kitchen and for a bath, plainly.",Consultation booking online: while they are still looking at the photos.,"Design questionnaire before the visit: a shorter, better first meeting.",Financing pre-qualification: the objection handled before you drive out there.
Beyond Newport,info@beyondnewport.com,"no-booking,not-mobile-friendly,outdated-design","No booking after hours: the decision to book happens at nine at night on a phone, and the only way in is a front desk that shut at five.","Treatments with no prices: she has to ring and ask what tox costs, which is the one call a first-timer will not make.",Reviews doing the selling on the wrong page: the thing that closes her is two clicks from where she lands.,"Booking on the homepage: live at midnight, two taps, no phone call.",Treatment menu with prices: stated plainly so nobody has to ring to find out.,Reviews beside the booking button: the proof and the action on one screen.,Membership signup online: recurring revenue that does not need the front desk.,Automated reminders and rebooking: fewer no-shows without anybody chasing.
Big Visions Landscaping,info@bigvisionslandscaping.com,"not-mobile-friendly,outdated-design,weak-branding",The portfolio does not look like the work: high-end landscape is bought on images and the images are small and slow.,No project budget guidance: the difference between a planting plan and a full build is fifty thousand dollars and the site says neither.,No way to start a conversation properly: a contact form for a six-figure project.,"Portfolio that does the work justice: large, fast, phone-first, by project type.",Project budget bands stated: so the enquiries match the work you want.,Consultation booking with the right questions asked up front.,Design package sold online: a paid first step that qualifies hard.,Maintenance contracts online: recurring revenue off the builds you already did.
Bob's Pools and Screens,info@bobspoolsandscreens.com,"not-mobile-friendly,outdated-design,weak-branding",The build gallery is what sells and it is buried: nobody buys a pool from a spec list.,No price band anywhere: a homeowner has no idea whether you build forty-thousand pools or hundred-and-forty.,"A season-long sales cycle with nothing to hold the enquiry: they look in February and buy in May, from whoever stayed in front of them.","Build gallery front and centre: full-bleed, phone-first, filterable by style.",A starting price said out loud: so the enquiries you get are ones you want.,Consultation booking online: at the hour people daydream about this.,Design visualiser or 3D walkthrough: the thing that closes the February looker.,Service and maintenance signup: revenue after the build is paid for.
Brutsky Builds,info@brutskybuilds.com,"not-mobile-friendly,outdated-design,weak-branding",The portfolio is the entire sale and it is presented badly: a phone-sized gallery of finished homes is what wins a build.,No price band anywhere: a client with a budget cannot tell whether you are their builder or twice their budget.,"Nothing about how the process works: the fear with a custom build is the unknown, not the price.","Portfolio built for a phone: full-bleed, fast, filterable by style and size.","A price band stated out loud: per square foot or per project, so the wrong enquiries stop.",The process explained: what happens between the first meeting and the keys.,Client build portal: selections and progress without the weekly phone call.,Land and lot listings: the enquiry that starts before there is a plan.
Carolina Dream Kitchen and Bath,info@carolinadreamknb.com,"not-mobile-friendly,outdated-design,no-booking",Before-and-afters are the whole pitch and they are hard to reach: a remodel is bought with the eyes.,No budget guidance at all: every enquiry starts with a conversation about whether they can afford you.,No way to book a consultation: the form goes to an inbox and the momentum dies over the weekend.,"Before-and-after galleries by room: sized for a phone, quick to scroll.","Budget ranges stated: typical spend for a kitchen and for a bath, plainly.",Consultation booking online: while they are still looking at the photos.,"Design questionnaire before the visit: a shorter, better first meeting.",Financing pre-qualification: the objection handled before you drive out there.
Columbus Kitchen and Bath,info@columbuskitchenbaths.com,"not-mobile-friendly,outdated-design,no-booking",Before-and-afters are the whole pitch and they are hard to reach: a remodel is bought with the eyes.,No budget guidance at all: every enquiry starts with a conversation about whether they can afford you.,No way to book a consultation: the form goes to an inbox and the momentum dies over the weekend.,"Before-and-after galleries by room: sized for a phone, quick to scroll.","Budget ranges stated: typical spend for a kitchen and for a bath, plainly.",Consultation booking online: while they are still looking at the photos.,"Design questionnaire before the visit: a shorter, better first meeting.",Financing pre-qualification: the objection handled before you drive out there.
Cosmetic Dentist in Scottsdale,info@cosmeticdentistinscottsdale.com,"no-booking,not-mobile-friendly,outdated-design","Case work buried: a smile-makeover patient researches for months alone at night, and the before-and-afters are two menus deep.",No price range anywhere: the biggest case of the month wants a number before they will pick up the phone.,Booking that needs the front desk awake: the consult request that would have come in at nine at night never comes in at all.,"Case gallery up front: filterable by treatment, sized for a phone.","A price range said out loud: in real numbers, with financing mentioned before they ask.",Consult booking on the same screen: not behind a form that goes to an inbox.,Financing pre-qualification: the objection handled before the call.,"Automated recall and reactivation: the patients you already have, coming back."
Crystal Kitchen and Bath,info@crystalkitchen.com,"not-mobile-friendly,outdated-design,no-booking",Before-and-afters are the whole pitch and they are hard to reach: a remodel is bought with the eyes.,No budget guidance at all: every enquiry starts with a conversation about whether they can afford you.,No way to book a consultation: the form goes to an inbox and the momentum dies over the weekend.,"Before-and-after galleries by room: sized for a phone, quick to scroll.","Budget ranges stated: typical spend for a kitchen and for a bath, plainly.",Consultation booking online: while they are still looking at the photos.,"Design questionnaire before the visit: a shorter, better first meeting.",Financing pre-qualification: the objection handled before you drive out there.
DC Building,info@dcbuilding.com,"not-mobile-friendly,outdated-design,weak-branding",The portfolio is the entire sale and it is presented badly: a phone-sized gallery of finished homes is what wins a build.,No price band anywhere: a client with a budget cannot tell whether you are their builder or twice their budget.,"Nothing about how the process works: the fear with a custom build is the unknown, not the price.","Portfolio built for a phone: full-bleed, fast, filterable by style and size.","A price band stated out loud: per square foot or per project, so the wrong enquiries stop.",The process explained: what happens between the first meeting and the keys.,Client build portal: selections and progress without the weekly phone call.,Land and lot listings: the enquiry that starts before there is a plan.
Dave Fox Remodeling,info@davefox.com,"not-mobile-friendly,outdated-design,no-booking",Before-and-afters are the whole pitch and they are hard to reach: a remodel is bought with the eyes.,No budget guidance at all: every enquiry starts with a conversation about whether they can afford you.,No way to book a consultation: the form goes to an inbox and the momentum dies over the weekend.,"Before-and-after galleries by room: sized for a phone, quick to scroll.","Budget ranges stated: typical spend for a kitchen and for a bath, plainly.",Consultation booking online: while they are still looking at the photos.,"Design questionnaire before the visit: a shorter, better first meeting.",Financing pre-qualification: the objection handled before you drive out there.
Dentist Tampa,info@dentisttampa.com,"no-booking,not-mobile-friendly,outdated-design","Case work buried: a smile-makeover patient researches for months alone at night, and the before-and-afters are two menus deep.",No price range anywhere: the biggest case of the month wants a number before they will pick up the phone.,Booking that needs the front desk awake: the consult request that would have come in at nine at night never comes in at all.,"Case gallery up front: filterable by treatment, sized for a phone.","A price range said out loud: in real numbers, with financing mentioned before they ask.",Consult booking on the same screen: not behind a form that goes to an inbox.,Financing pre-qualification: the objection handled before the call.,"Automated recall and reactivation: the patients you already have, coming back."
Dentistry of Old Town Scottsdale,info@dentistryofoldtownscottsdale.com,"no-booking,not-mobile-friendly,outdated-design","Case work buried: a smile-makeover patient researches for months alone at night, and the before-and-afters are two menus deep.",No price range anywhere: the biggest case of the month wants a number before they will pick up the phone.,Booking that needs the front desk awake: the consult request that would have come in at nine at night never comes in at all.,"Case gallery up front: filterable by treatment, sized for a phone.","A price range said out loud: in real numbers, with financing mentioned before they ask.",Consult booking on the same screen: not behind a form that goes to an inbox.,Financing pre-qualification: the objection handled before the call.,"Automated recall and reactivation: the patients you already have, coming back."
Florida Family Pools,info@floridafamilypools.com,"not-mobile-friendly,outdated-design,weak-branding",The build gallery is what sells and it is buried: nobody buys a pool from a spec list.,No price band anywhere: a homeowner has no idea whether you build forty-thousand pools or hundred-and-forty.,"A season-long sales cycle with nothing to hold the enquiry: they look in February and buy in May, from whoever stayed in front of them.","Build gallery front and centre: full-bleed, phone-first, filterable by style.",A starting price said out loud: so the enquiries you get are ones you want.,Consultation booking online: at the hour people daydream about this.,Design visualiser or 3D walkthrough: the thing that closes the February looker.,Service and maintenance signup: revenue after the build is paid for.
Gallagher Co. Construction,info@gallagherco.net,"not-mobile-friendly,outdated-design,weak-branding",The portfolio is the entire sale and it is presented badly: a phone-sized gallery of finished homes is what wins a build.,No price band anywhere: a client with a budget cannot tell whether you are their builder or twice their budget.,"Nothing about how the process works: the fear with a custom build is the unknown, not the price.","Portfolio built for a phone: full-bleed, fast, filterable by style and size.","A price band stated out loud: per square foot or per project, so the wrong enquiries stop.",The process explained: what happens between the first meeting and the keys.,Client build portal: selections and progress without the weekly phone call.,Land and lot listings: the enquiry that starts before there is a plan.
General and Cosmetic Dentistry of Tampa,info@tampacosmeticdentist.com,"no-booking,not-mobile-friendly,outdated-design","Case work buried: a smile-makeover patient researches for months alone at night, and the before-and-afters are two menus deep.",No price range anywhere: the biggest case of the month wants a number before they will pick up the phone.,Booking that needs the front desk awake: the consult request that would have come in at nine at night never comes in at all.,"Case gallery up front: filterable by treatment, sized for a phone.","A price range said out loud: in real numbers, with financing mentioned before they ask.",Consult booking on the same screen: not behind a form that goes to an inbox.,Financing pre-qualification: the objection handled before the call.,"Automated recall and reactivation: the patients you already have, coming back."
Gentle Dentistry Tampa,info@gentledentistrytampa.com,"no-booking,not-mobile-friendly,outdated-design","Case work buried: a smile-makeover patient researches for months alone at night, and the before-and-afters are two menus deep.",No price range anywhere: the biggest case of the month wants a number before they will pick up the phone.,Booking that needs the front desk awake: the consult request that would have come in at nine at night never comes in at all.,"Case gallery up front: filterable by treatment, sized for a phone.","A price range said out loud: in real numbers, with financing mentioned before they ask.",Consult booking on the same screen: not behind a form that goes to an inbox.,Financing pre-qualification: the objection handled before the call.,"Automated recall and reactivation: the patients you already have, coming back."
Gentle Smiles of Colorado,info@gentlesmilesofcolorado.com,"no-booking,not-mobile-friendly,outdated-design","Case work buried: a smile-makeover patient researches for months alone at night, and the before-and-afters are two menus deep.",No price range anywhere: the biggest case of the month wants a number before they will pick up the phone.,Booking that needs the front desk awake: the consult request that would have come in at nine at night never comes in at all.,"Case gallery up front: filterable by treatment, sized for a phone.","A price range said out loud: in real numbers, with financing mentioned before they ask.",Consult booking on the same screen: not behind a form that goes to an inbox.,Financing pre-qualification: the objection handled before the call.,"Automated recall and reactivation: the patients you already have, coming back."
Hallmark Pool and Spa World,info@hallmarkpool.com,"not-mobile-friendly,outdated-design,weak-branding",The build gallery is what sells and it is buried: nobody buys a pool from a spec list.,No price band anywhere: a homeowner has no idea whether you build forty-thousand pools or hundred-and-forty.,"A season-long sales cycle with nothing to hold the enquiry: they look in February and buy in May, from whoever stayed in front of them.","Build gallery front and centre: full-bleed, phone-first, filterable by style.",A starting price said out loud: so the enquiries you get are ones you want.,Consultation booking online: at the hour people daydream about this.,Design visualiser or 3D walkthrough: the thing that closes the February looker.,Service and maintenance signup: revenue after the build is paid for.
Haus of Aesthetics,info@hausofaesthetics.com,"no-booking,not-mobile-friendly,outdated-design","No booking after hours: the decision to book happens at nine at night on a phone, and the only way in is a front desk that shut at five.","Treatments with no prices: she has to ring and ask what tox costs, which is the one call a first-timer will not make.",Reviews doing the selling on the wrong page: the thing that closes her is two clicks from where she lands.,"Booking on the homepage: live at midnight, two taps, no phone call.",Treatment menu with prices: stated plainly so nobody has to ring to find out.,Reviews beside the booking button: the proof and the action on one screen.,Membership signup online: recurring revenue that does not need the front desk.,Automated reminders and rebooking: fewer no-shows without anybody chasing.
Hollyday Med Spa and Aesthetics,info@hollydayspa.com,"no-booking,not-mobile-friendly,outdated-design","No booking after hours: the decision to book happens at nine at night on a phone, and the only way in is a front desk that shut at five.","Treatments with no prices: she has to ring and ask what tox costs, which is the one call a first-timer will not make.",Reviews doing the selling on the wrong page: the thing that closes her is two clicks from where she lands.,"Booking on the homepage: live at midnight, two taps, no phone call.",Treatment menu with prices: stated plainly so nobody has to ring to find out.,Reviews beside the booking button: the proof and the action on one screen.,Membership signup online: recurring revenue that does not need the front desk.,Automated reminders and rebooking: fewer no-shows without anybody chasing.
Home Improvements Unlimited,info@homeimprovementsunlimited.net,"not-mobile-friendly,outdated-design,no-booking",Before-and-afters are the whole pitch and they are hard to reach: a remodel is bought with the eyes.,No budget guidance at all: every enquiry starts with a conversation about whether they can afford you.,No way to book a consultation: the form goes to an inbox and the momentum dies over the weekend.,"Before-and-after galleries by room: sized for a phone, quick to scroll.","Budget ranges stated: typical spend for a kitchen and for a bath, plainly.",Consultation booking online: while they are still looking at the photos.,"Design questionnaire before the visit: a shorter, better first meeting.",Financing pre-qualification: the objection handled before you drive out there.
Inspire Medical Spa,info@inspiremedicalspas.com,"no-booking,not-mobile-friendly,outdated-design","No booking after hours: the decision to book happens at nine at night on a phone, and the only way in is a front desk that shut at five.","Treatments with no prices: she has to ring and ask what tox costs, which is the one call a first-timer will not make.",Reviews doing the selling on the wrong page: the thing that closes her is two clicks from where she lands.,"Booking on the homepage: live at midnight, two taps, no phone call.",Treatment menu with prices: stated plainly so nobody has to ring to find out.,Reviews beside the booking button: the proof and the action on one screen.,Membership signup online: recurring revenue that does not need the front desk.,Automated reminders and rebooking: fewer no-shows without anybody chasing.
Jack Lee Construction,info@jackleeconstruction.net,"not-mobile-friendly,outdated-design,weak-branding",The portfolio is the entire sale and it is presented badly: a phone-sized gallery of finished homes is what wins a build.,No price band anywhere: a client with a budget cannot tell whether you are their builder or twice their budget.,"Nothing about how the process works: the fear with a custom build is the unknown, not the price.","Portfolio built for a phone: full-bleed, fast, filterable by style and size.","A price band stated out loud: per square foot or per project, so the wrong enquiries stop.",The process explained: what happens between the first meeting and the keys.,Client build portal: selections and progress without the weekly phone call.,Land and lot listings: the enquiry that starts before there is a plan.
Jacksonville Custom Builders,info@jacksonvillecustombuilders.com,"not-mobile-friendly,outdated-design,weak-branding",The portfolio is the entire sale and it is presented badly: a phone-sized gallery of finished homes is what wins a build.,No price band anywhere: a client with a budget cannot tell whether you are their builder or twice their budget.,"Nothing about how the process works: the fear with a custom build is the unknown, not the price.","Portfolio built for a phone: full-bleed, fast, filterable by style and size.","A price band stated out loud: per square foot or per project, so the wrong enquiries stop.",The process explained: what happens between the first meeting and the keys.,Client build portal: selections and progress without the weekly phone call.,Land and lot listings: the enquiry that starts before there is a plan.
KJ Custom Builders,info@kjcustombuilders.com,"not-mobile-friendly,outdated-design,weak-branding",The portfolio is the entire sale and it is presented badly: a phone-sized gallery of finished homes is what wins a build.,No price band anywhere: a client with a budget cannot tell whether you are their builder or twice their budget.,"Nothing about how the process works: the fear with a custom build is the unknown, not the price.","Portfolio built for a phone: full-bleed, fast, filterable by style and size.","A price band stated out loud: per square foot or per project, so the wrong enquiries stop.",The process explained: what happens between the first meeting and the keys.,Client build portal: selections and progress without the weekly phone call.,Land and lot listings: the enquiry that starts before there is a plan.
Keith Zars Pools,info@keithzarspools.com,"not-mobile-friendly,outdated-design,weak-branding",The build gallery is what sells and it is buried: nobody buys a pool from a spec list.,No price band anywhere: a homeowner has no idea whether you build forty-thousand pools or hundred-and-forty.,"A season-long sales cycle with nothing to hold the enquiry: they look in February and buy in May, from whoever stayed in front of them.","Build gallery front and centre: full-bleed, phone-first, filterable by style.",A starting price said out loud: so the enquiries you get are ones you want.,Consultation booking online: at the hour people daydream about this.,Design visualiser or 3D walkthrough: the thing that closes the February looker.,Service and maintenance signup: revenue after the build is paid for.
Kitchen and Bath Shop,info@kitchenandbathshop.com,"not-mobile-friendly,outdated-design,no-booking",Before-and-afters are the whole pitch and they are hard to reach: a remodel is bought with the eyes.,No budget guidance at all: every enquiry starts with a conversation about whether they can afford you.,No way to book a consultation: the form goes to an inbox and the momentum dies over the weekend.,"Before-and-after galleries by room: sized for a phone, quick to scroll.","Budget ranges stated: typical spend for a kitchen and for a bath, plainly.",Consultation booking online: while they are still looking at the photos.,"Design questionnaire before the visit: a shorter, better first meeting.",Financing pre-qualification: the objection handled before you drive out there.
Litvak and Woller Dentistry,info@litvakwollerdds.com,"no-booking,not-mobile-friendly,outdated-design","Case work buried: a smile-makeover patient researches for months alone at night, and the before-and-afters are two menus deep.",No price range anywhere: the biggest case of the month wants a number before they will pick up the phone.,Booking that needs the front desk awake: the consult request that would have come in at nine at night never comes in at all.,"Case gallery up front: filterable by treatment, sized for a phone.","A price range said out loud: in real numbers, with financing mentioned before they ask.",Consult booking on the same screen: not behind a form that goes to an inbox.,Financing pre-qualification: the objection handled before the call.,"Automated recall and reactivation: the patients you already have, coming back."
Lutton Co,info@luttonco.com,"not-mobile-friendly,outdated-design,no-booking",Before-and-afters are the whole pitch and they are hard to reach: a remodel is bought with the eyes.,No budget guidance at all: every enquiry starts with a conversation about whether they can afford you.,No way to book a consultation: the form goes to an inbox and the momentum dies over the weekend.,"Before-and-after galleries by room: sized for a phone, quick to scroll.","Budget ranges stated: typical spend for a kitchen and for a bath, plainly.",Consultation booking online: while they are still looking at the photos.,"Design questionnaire before the visit: a shorter, better first meeting.",Financing pre-qualification: the objection handled before you drive out there.
Matlock Bath,info@matlockbathonline.com,"not-mobile-friendly,outdated-design,no-booking",Before-and-afters are the whole pitch and they are hard to reach: a remodel is bought with the eyes.,No budget guidance at all: every enquiry starts with a conversation about whether they can afford you.,No way to book a consultation: the form goes to an inbox and the momentum dies over the weekend.,"Before-and-after galleries by room: sized for a phone, quick to scroll.","Budget ranges stated: typical spend for a kitchen and for a bath, plainly.",Consultation booking online: while they are still looking at the photos.,"Design questionnaire before the visit: a shorter, better first meeting.",Financing pre-qualification: the objection handled before you drive out there.
Newport Beach MedSpa,info@newportbeachmedspa.com,"no-booking,not-mobile-friendly,outdated-design","No booking after hours: the decision to book happens at nine at night on a phone, and the only way in is a front desk that shut at five.","Treatments with no prices: she has to ring and ask what tox costs, which is the one call a first-timer will not make.",Reviews doing the selling on the wrong page: the thing that closes her is two clicks from where she lands.,"Booking on the homepage: live at midnight, two taps, no phone call.",Treatment menu with prices: stated plainly so nobody has to ring to find out.,Reviews beside the booking button: the proof and the action on one screen.,Membership signup online: recurring revenue that does not need the front desk.,Automated reminders and rebooking: fewer no-shows without anybody chasing.
PCH MedSpa,info@pchmedspa.com,"no-booking,not-mobile-friendly,outdated-design","No booking after hours: the decision to book happens at nine at night on a phone, and the only way in is a front desk that shut at five.","Treatments with no prices: she has to ring and ask what tox costs, which is the one call a first-timer will not make.",Reviews doing the selling on the wrong page: the thing that closes her is two clicks from where she lands.,"Booking on the homepage: live at midnight, two taps, no phone call.",Treatment menu with prices: stated plainly so nobody has to ring to find out.,Reviews beside the booking button: the proof and the action on one screen.,Membership signup online: recurring revenue that does not need the front desk.,Automated reminders and rebooking: fewer no-shows without anybody chasing.
Perfect Bath,info@perfectbath.org,"not-mobile-friendly,outdated-design,no-booking",Before-and-afters are the whole pitch and they are hard to reach: a remodel is bought with the eyes.,No budget guidance at all: every enquiry starts with a conversation about whether they can afford you.,No way to book a consultation: the form goes to an inbox and the momentum dies over the weekend.,"Before-and-after galleries by room: sized for a phone, quick to scroll.","Budget ranges stated: typical spend for a kitchen and for a bath, plainly.",Consultation booking online: while they are still looking at the photos.,"Design questionnaire before the visit: a shorter, better first meeting.",Financing pre-qualification: the objection handled before you drive out there.
Pool Concepts by Pete Ordaz,info@pool-concepts.com,"not-mobile-friendly,outdated-design,weak-branding",The build gallery is what sells and it is buried: nobody buys a pool from a spec list.,No price band anywhere: a homeowner has no idea whether you build forty-thousand pools or hundred-and-forty.,"A season-long sales cycle with nothing to hold the enquiry: they look in February and buy in May, from whoever stayed in front of them.","Build gallery front and centre: full-bleed, phone-first, filterable by style.",A starting price said out loud: so the enquiries you get are ones you want.,Consultation booking online: at the hour people daydream about this.,Design visualiser or 3D walkthrough: the thing that closes the February looker.,Service and maintenance signup: revenue after the build is paid for.
Pool Creations,info@poolcreationsfl.com,"not-mobile-friendly,outdated-design,weak-branding",The build gallery is what sells and it is buried: nobody buys a pool from a spec list.,No price band anywhere: a homeowner has no idea whether you build forty-thousand pools or hundred-and-forty.,"A season-long sales cycle with nothing to hold the enquiry: they look in February and buy in May, from whoever stayed in front of them.","Build gallery front and centre: full-bleed, phone-first, filterable by style.",A starting price said out loud: so the enquiries you get are ones you want.,Consultation booking online: at the hour people daydream about this.,Design visualiser or 3D walkthrough: the thing that closes the February looker.,Service and maintenance signup: revenue after the build is paid for.
Providence Homes,info@providencehomesinc.com,"not-mobile-friendly,outdated-design,weak-branding",The portfolio is the entire sale and it is presented badly: a phone-sized gallery of finished homes is what wins a build.,No price band anywhere: a client with a budget cannot tell whether you are their builder or twice their budget.,"Nothing about how the process works: the fear with a custom build is the unknown, not the price.","Portfolio built for a phone: full-bleed, fast, filterable by style and size.","A price band stated out loud: per square foot or per project, so the wrong enquiries stop.",The process explained: what happens between the first meeting and the keys.,Client build portal: selections and progress without the weekly phone call.,Land and lot listings: the enquiry that starts before there is a plan.
RER Remodeling,info@rerremodeling.com,"not-mobile-friendly,outdated-design,no-booking",Before-and-afters are the whole pitch and they are hard to reach: a remodel is bought with the eyes.,No budget guidance at all: every enquiry starts with a conversation about whether they can afford you.,No way to book a consultation: the form goes to an inbox and the momentum dies over the weekend.,"Before-and-after galleries by room: sized for a phone, quick to scroll.","Budget ranges stated: typical spend for a kitchen and for a bath, plainly.",Consultation booking online: while they are still looking at the photos.,"Design questionnaire before the visit: a shorter, better first meeting.",Financing pre-qualification: the objection handled before you drive out there.
RSVP Med Spa,info@rsvpmedspa.com,"no-booking,not-mobile-friendly,outdated-design","No booking after hours: the decision to book happens at nine at night on a phone, and the only way in is a front desk that shut at five.","Treatments with no prices: she has to ring and ask what tox costs, which is the one call a first-timer will not make.",Reviews doing the selling on the wrong page: the thing that closes her is two clicks from where she lands.,"Booking on the homepage: live at midnight, two taps, no phone call.",Treatment menu with prices: stated plainly so nobody has to ring to find out.,Reviews beside the booking button: the proof and the action on one screen.,Membership signup online: recurring revenue that does not need the front desk.,Automated reminders and rebooking: fewer no-shows without anybody chasing.
Rajeunir Medical Spa,info@rmedspa.com,"no-booking,not-mobile-friendly,outdated-design","No booking after hours: the decision to book happens at nine at night on a phone, and the only way in is a front desk that shut at five.","Treatments with no prices: she has to ring and ask what tox costs, which is the one call a first-timer will not make.",Reviews doing the selling on the wrong page: the thing that closes her is two clicks from where she lands.,"Booking on the homepage: live at midnight, two taps, no phone call.",Treatment menu with prices: stated plainly so nobody has to ring to find out.,Reviews beside the booking button: the proof and the action on one screen.,Membership signup online: recurring revenue that does not need the front desk.,Automated reminders and rebooking: fewer no-shows without anybody chasing.
Raleigh Bath Remodel,info@raleighbathremodel.com,"not-mobile-friendly,outdated-design,no-booking",Before-and-afters are the whole pitch and they are hard to reach: a remodel is bought with the eyes.,No budget guidance at all: every enquiry starts with a conversation about whether they can afford you.,No way to book a consultation: the form goes to an inbox and the momentum dies over the weekend.,"Before-and-after galleries by room: sized for a phone, quick to scroll.","Budget ranges stated: typical spend for a kitchen and for a bath, plainly.",Consultation booking online: while they are still looking at the photos.,"Design questionnaire before the visit: a shorter, better first meeting.",Financing pre-qualification: the objection handled before you drive out there.
Renov8,info@renov8co.com,"not-mobile-friendly,outdated-design,no-booking",Before-and-afters are the whole pitch and they are hard to reach: a remodel is bought with the eyes.,No budget guidance at all: every enquiry starts with a conversation about whether they can afford you.,No way to book a consultation: the form goes to an inbox and the momentum dies over the weekend.,"Before-and-after galleries by room: sized for a phone, quick to scroll.","Budget ranges stated: typical spend for a kitchen and for a bath, plainly.",Consultation booking online: while they are still looking at the photos.,"Design questionnaire before the visit: a shorter, better first meeting.",Financing pre-qualification: the objection handled before you drive out there.
Revive RX Med Spa,info@reviverxmedspa.com,"no-booking,not-mobile-friendly,outdated-design","No booking after hours: the decision to book happens at nine at night on a phone, and the only way in is a front desk that shut at five.","Treatments with no prices: she has to ring and ask what tox costs, which is the one call a first-timer will not make.",Reviews doing the selling on the wrong page: the thing that closes her is two clicks from where she lands.,"Booking on the homepage: live at midnight, two taps, no phone call.",Treatment menu with prices: stated plainly so nobody has to ring to find out.,Reviews beside the booking button: the proof and the action on one screen.,Membership signup online: recurring revenue that does not need the front desk.,Automated reminders and rebooking: fewer no-shows without anybody chasing.
Richland MD,info@richlandmd.com,"no-booking,not-mobile-friendly,outdated-design","No booking after hours: the decision to book happens at nine at night on a phone, and the only way in is a front desk that shut at five.","Treatments with no prices: she has to ring and ask what tox costs, which is the one call a first-timer will not make.",Reviews doing the selling on the wrong page: the thing that closes her is two clicks from where she lands.,"Booking on the homepage: live at midnight, two taps, no phone call.",Treatment menu with prices: stated plainly so nobody has to ring to find out.,Reviews beside the booking button: the proof and the action on one screen.,Membership signup online: recurring revenue that does not need the front desk.,Automated reminders and rebooking: fewer no-shows without anybody chasing.
Rigg Construction,info@riggcon.com,"not-mobile-friendly,outdated-design,weak-branding",The portfolio is the entire sale and it is presented badly: a phone-sized gallery of finished homes is what wins a build.,No price band anywhere: a client with a budget cannot tell whether you are their builder or twice their budget.,"Nothing about how the process works: the fear with a custom build is the unknown, not the price.","Portfolio built for a phone: full-bleed, fast, filterable by style and size.","A price band stated out loud: per square foot or per project, so the wrong enquiries stop.",The process explained: what happens between the first meeting and the keys.,Client build portal: selections and progress without the weekly phone call.,Land and lot listings: the enquiry that starts before there is a plan.
Ritzcraft Pools and Pavers,info@ritzcraftpoolsandpavers.com,"not-mobile-friendly,outdated-design,weak-branding",The build gallery is what sells and it is buried: nobody buys a pool from a spec list.,No price band anywhere: a homeowner has no idea whether you build forty-thousand pools or hundred-and-forty.,"A season-long sales cycle with nothing to hold the enquiry: they look in February and buy in May, from whoever stayed in front of them.","Build gallery front and centre: full-bleed, phone-first, filterable by style.",A starting price said out loud: so the enquiries you get are ones you want.,Consultation booking online: at the hour people daydream about this.,Design visualiser or 3D walkthrough: the thing that closes the February looker.,Service and maintenance signup: revenue after the build is paid for.
SLC Med Spa,info@slcmedspa.com,"no-booking,not-mobile-friendly,outdated-design","No booking after hours: the decision to book happens at nine at night on a phone, and the only way in is a front desk that shut at five.","Treatments with no prices: she has to ring and ask what tox costs, which is the one call a first-timer will not make.",Reviews doing the selling on the wrong page: the thing that closes her is two clicks from where she lands.,"Booking on the homepage: live at midnight, two taps, no phone call.",Treatment menu with prices: stated plainly so nobody has to ring to find out.,Reviews beside the booking button: the proof and the action on one screen.,Membership signup online: recurring revenue that does not need the front desk.,Automated reminders and rebooking: fewer no-shows without anybody chasing.
SRQ Pool Builders,info@srqpoolbuilders.com,"not-mobile-friendly,outdated-design,weak-branding",The build gallery is what sells and it is buried: nobody buys a pool from a spec list.,No price band anywhere: a homeowner has no idea whether you build forty-thousand pools or hundred-and-forty.,"A season-long sales cycle with nothing to hold the enquiry: they look in February and buy in May, from whoever stayed in front of them.","Build gallery front and centre: full-bleed, phone-first, filterable by style.",A starting price said out loud: so the enquiries you get are ones you want.,Consultation booking online: at the hour people daydream about this.,Design visualiser or 3D walkthrough: the thing that closes the February looker.,Service and maintenance signup: revenue after the build is paid for.
Safari Smiles Denver,info@safarismilesdenver.com,"no-booking,not-mobile-friendly,outdated-design","Case work buried: a smile-makeover patient researches for months alone at night, and the before-and-afters are two menus deep.",No price range anywhere: the biggest case of the month wants a number before they will pick up the phone.,Booking that needs the front desk awake: the consult request that would have come in at nine at night never comes in at all.,"Case gallery up front: filterable by treatment, sized for a phone.","A price range said out loud: in real numbers, with financing mentioned before they ask.",Consult booking on the same screen: not behind a form that goes to an inbox.,Financing pre-qualification: the objection handled before the call.,"Automated recall and reactivation: the patients you already have, coming back."
Sanchez Pools,info@sanchezpoolsinc.com,"not-mobile-friendly,outdated-design,weak-branding",The build gallery is what sells and it is buried: nobody buys a pool from a spec list.,No price band anywhere: a homeowner has no idea whether you build forty-thousand pools or hundred-and-forty.,"A season-long sales cycle with nothing to hold the enquiry: they look in February and buy in May, from whoever stayed in front of them.","Build gallery front and centre: full-bleed, phone-first, filterable by style.",A starting price said out loud: so the enquiries you get are ones you want.,Consultation booking online: at the hour people daydream about this.,Design visualiser or 3D walkthrough: the thing that closes the February looker.,Service and maintenance signup: revenue after the build is paid for.
Sarasota Pool Builders,info@poolbuilderssarasotafl.com,"not-mobile-friendly,outdated-design,weak-branding",The build gallery is what sells and it is buried: nobody buys a pool from a spec list.,No price band anywhere: a homeowner has no idea whether you build forty-thousand pools or hundred-and-forty.,"A season-long sales cycle with nothing to hold the enquiry: they look in February and buy in May, from whoever stayed in front of them.","Build gallery front and centre: full-bleed, phone-first, filterable by style.",A starting price said out loud: so the enquiries you get are ones you want.,Consultation booking online: at the hour people daydream about this.,Design visualiser or 3D walkthrough: the thing that closes the February looker.,Service and maintenance signup: revenue after the build is paid for.
Sarasota Pool Company,info@sarasotapoolcompany.com,"not-mobile-friendly,outdated-design,weak-branding",The build gallery is what sells and it is buried: nobody buys a pool from a spec list.,No price band anywhere: a homeowner has no idea whether you build forty-thousand pools or hundred-and-forty.,"A season-long sales cycle with nothing to hold the enquiry: they look in February and buy in May, from whoever stayed in front of them.","Build gallery front and centre: full-bleed, phone-first, filterable by style.",A starting price said out loud: so the enquiries you get are ones you want.,Consultation booking online: at the hour people daydream about this.,Design visualiser or 3D walkthrough: the thing that closes the February looker.,Service and maintenance signup: revenue after the build is paid for.
Scott Greenhalgh DDS,info@scottgreenhalghdds.com,"no-booking,not-mobile-friendly,outdated-design","Case work buried: a smile-makeover patient researches for months alone at night, and the before-and-afters are two menus deep.",No price range anywhere: the biggest case of the month wants a number before they will pick up the phone.,Booking that needs the front desk awake: the consult request that would have come in at nine at night never comes in at all.,"Case gallery up front: filterable by treatment, sized for a phone.","A price range said out loud: in real numbers, with financing mentioned before they ask.",Consult booking on the same screen: not behind a form that goes to an inbox.,Financing pre-qualification: the objection handled before the call.,"Automated recall and reactivation: the patients you already have, coming back."
Scottsdale Dentist Now,info@scottsdaledentistnow.com,"no-booking,not-mobile-friendly,outdated-design","Case work buried: a smile-makeover patient researches for months alone at night, and the before-and-afters are two menus deep.",No price range anywhere: the biggest case of the month wants a number before they will pick up the phone.,Booking that needs the front desk awake: the consult request that would have come in at nine at night never comes in at all.,"Case gallery up front: filterable by treatment, sized for a phone.","A price range said out loud: in real numbers, with financing mentioned before they ask.",Consult booking on the same screen: not behind a form that goes to an inbox.,Financing pre-qualification: the objection handled before the call.,"Automated recall and reactivation: the patients you already have, coming back."
Scottsdale Family Dentistry and Orthodontics,info@scottsdalefamilydentistry.com,"no-booking,not-mobile-friendly,outdated-design","Case work buried: a smile-makeover patient researches for months alone at night, and the before-and-afters are two menus deep.",No price range anywhere: the biggest case of the month wants a number before they will pick up the phone.,Booking that needs the front desk awake: the consult request that would have come in at nine at night never comes in at all.,"Case gallery up front: filterable by treatment, sized for a phone.","A price range said out loud: in real numbers, with financing mentioned before they ask.",Consult booking on the same screen: not behind a form that goes to an inbox.,Financing pre-qualification: the objection handled before the call.,"Automated recall and reactivation: the patients you already have, coming back."
Scottsdale Smile Doctor,info@scottsdalesmiledoctor.com,"no-booking,not-mobile-friendly,outdated-design","Case work buried: a smile-makeover patient researches for months alone at night, and the before-and-afters are two menus deep.",No price range anywhere: the biggest case of the month wants a number before they will pick up the phone.,Booking that needs the front desk awake: the consult request that would have come in at nine at night never comes in at all.,"Case gallery up front: filterable by treatment, sized for a phone.","A price range said out loud: in real numbers, with financing mentioned before they ask.",Consult booking on the same screen: not behind a form that goes to an inbox.,Financing pre-qualification: the objection handled before the call.,"Automated recall and reactivation: the patients you already have, coming back."
Seedlings Landscape Design Build,info@seedlingslandscapingaustin.com,"not-mobile-friendly,outdated-design,weak-branding",The portfolio does not look like the work: high-end landscape is bought on images and the images are small and slow.,No project budget guidance: the difference between a planting plan and a full build is fifty thousand dollars and the site says neither.,No way to start a conversation properly: a contact form for a six-figure project.,"Portfolio that does the work justice: large, fast, phone-first, by project type.",Project budget bands stated: so the enquiries match the work you want.,Consultation booking with the right questions asked up front.,Design package sold online: a paid first step that qualifies hard.,Maintenance contracts online: recurring revenue off the builds you already did.
Smile Arizona Dentistry,info@smilearizonadentistry.com,"no-booking,not-mobile-friendly,outdated-design","Case work buried: a smile-makeover patient researches for months alone at night, and the before-and-afters are two menus deep.",No price range anywhere: the biggest case of the month wants a number before they will pick up the phone.,Booking that needs the front desk awake: the consult request that would have come in at nine at night never comes in at all.,"Case gallery up front: filterable by treatment, sized for a phone.","A price range said out loud: in real numbers, with financing mentioned before they ask.",Consult booking on the same screen: not behind a form that goes to an inbox.,Financing pre-qualification: the objection handled before the call.,"Automated recall and reactivation: the patients you already have, coming back."
Springhetti Pools,info@springhettipools.com,"not-mobile-friendly,outdated-design,weak-branding",The build gallery is what sells and it is buried: nobody buys a pool from a spec list.,No price band anywhere: a homeowner has no idea whether you build forty-thousand pools or hundred-and-forty.,"A season-long sales cycle with nothing to hold the enquiry: they look in February and buy in May, from whoever stayed in front of them.","Build gallery front and centre: full-bleed, phone-first, filterable by style.",A starting price said out loud: so the enquiries you get are ones you want.,Consultation booking online: at the hour people daydream about this.,Design visualiser or 3D walkthrough: the thing that closes the February looker.,Service and maintenance signup: revenue after the build is paid for.
Starr Custom Homes,info@shawnstarrcustomhomes.com,"not-mobile-friendly,outdated-design,weak-branding",The portfolio is the entire sale and it is presented badly: a phone-sized gallery of finished homes is what wins a build.,No price band anywhere: a client with a budget cannot tell whether you are their builder or twice their budget.,"Nothing about how the process works: the fear with a custom build is the unknown, not the price.","Portfolio built for a phone: full-bleed, fast, filterable by style and size.","A price band stated out loud: per square foot or per project, so the wrong enquiries stop.",The process explained: what happens between the first meeting and the keys.,Client build portal: selections and progress without the weekly phone call.,Land and lot listings: the enquiry that starts before there is a plan.
Stringham Custom Homes,info@stringhamhomes.com,"not-mobile-friendly,outdated-design,weak-branding",The portfolio is the entire sale and it is presented badly: a phone-sized gallery of finished homes is what wins a build.,No price band anywhere: a client with a budget cannot tell whether you are their builder or twice their budget.,"Nothing about how the process works: the fear with a custom build is the unknown, not the price.","Portfolio built for a phone: full-bleed, fast, filterable by style and size.","A price band stated out loud: per square foot or per project, so the wrong enquiries stop.",The process explained: what happens between the first meeting and the keys.,Client build portal: selections and progress without the weekly phone call.,Land and lot listings: the enquiry that starts before there is a plan.
Structure Landscapes,info@structurelandscapes.com,"not-mobile-friendly,outdated-design,weak-branding",The portfolio does not look like the work: high-end landscape is bought on images and the images are small and slow.,No project budget guidance: the difference between a planting plan and a full build is fifty thousand dollars and the site says neither.,No way to start a conversation properly: a contact form for a six-figure project.,"Portfolio that does the work justice: large, fast, phone-first, by project type.",Project budget bands stated: so the enquiries match the work you want.,Consultation booking with the right questions asked up front.,Design package sold online: a paid first step that qualifies hard.,Maintenance contracts online: recurring revenue off the builds you already did.
Superior Custom Homes,info@superiorcustomhomes.com,"not-mobile-friendly,outdated-design,weak-branding",The portfolio is the entire sale and it is presented badly: a phone-sized gallery of finished homes is what wins a build.,No price band anywhere: a client with a budget cannot tell whether you are their builder or twice their budget.,"Nothing about how the process works: the fear with a custom build is the unknown, not the price.","Portfolio built for a phone: full-bleed, fast, filterable by style and size.","A price band stated out loud: per square foot or per project, so the wrong enquiries stop.",The process explained: what happens between the first meeting and the keys.,Client build portal: selections and progress without the weekly phone call.,Land and lot listings: the enquiry that starts before there is a plan.
TGP Lawn and Landscape,info@tgplawns.com,"not-mobile-friendly,outdated-design,weak-branding",The portfolio does not look like the work: high-end landscape is bought on images and the images are small and slow.,No project budget guidance: the difference between a planting plan and a full build is fifty thousand dollars and the site says neither.,No way to start a conversation properly: a contact form for a six-figure project.,"Portfolio that does the work justice: large, fast, phone-first, by project type.",Project budget bands stated: so the enquiries match the work you want.,Consultation booking with the right questions asked up front.,Design package sold online: a paid first step that qualifies hard.,Maintenance contracts online: recurring revenue off the builds you already did.
Tampa Palms Dentistry,info@tampapalmsdentistry.com,"no-booking,not-mobile-friendly,outdated-design","Case work buried: a smile-makeover patient researches for months alone at night, and the before-and-afters are two menus deep.",No price range anywhere: the biggest case of the month wants a number before they will pick up the phone.,Booking that needs the front desk awake: the consult request that would have come in at nine at night never comes in at all.,"Case gallery up front: filterable by treatment, sized for a phone.","A price range said out loud: in real numbers, with financing mentioned before they ask.",Consult booking on the same screen: not behind a form that goes to an inbox.,Financing pre-qualification: the objection handled before the call.,"Automated recall and reactivation: the patients you already have, coming back."
Texas Pools and Patios,info@texaspoolsandpatios.com,"not-mobile-friendly,outdated-design,weak-branding",The build gallery is what sells and it is buried: nobody buys a pool from a spec list.,No price band anywhere: a homeowner has no idea whether you build forty-thousand pools or hundred-and-forty.,"A season-long sales cycle with nothing to hold the enquiry: they look in February and buy in May, from whoever stayed in front of them.","Build gallery front and centre: full-bleed, phone-first, filterable by style.",A starting price said out loud: so the enquiries you get are ones you want.,Consultation booking online: at the hour people daydream about this.,Design visualiser or 3D walkthrough: the thing that closes the February looker.,Service and maintenance signup: revenue after the build is paid for.
The Bath Authority,info@thebathauthority.com,"not-mobile-friendly,outdated-design,no-booking",Before-and-afters are the whole pitch and they are hard to reach: a remodel is bought with the eyes.,No budget guidance at all: every enquiry starts with a conversation about whether they can afford you.,No way to book a consultation: the form goes to an inbox and the momentum dies over the weekend.,"Before-and-after galleries by room: sized for a phone, quick to scroll.","Budget ranges stated: typical spend for a kitchen and for a bath, plainly.",Consultation booking online: while they are still looking at the photos.,"Design questionnaire before the visit: a shorter, better first meeting.",Financing pre-qualification: the objection handled before you drive out there.
AMP Kitchen Remodeling Milwaukee,info@ampkitchenremodelingmilwaukeewi.com,"not-mobile-friendly,outdated-design,no-booking",Before-and-afters are the whole pitch and they are hard to reach: a remodel is bought with the eyes.,No budget guidance at all: every enquiry starts with a conversation about whether they can afford you.,No way to book a consultation: the form goes to an inbox and the momentum dies over the weekend.,"Before-and-after galleries by room: sized for a phone, quick to scroll.","Budget ranges stated: typical spend for a kitchen and for a bath, plainly.",Consultation booking online: while they are still looking at the photos.,"Design questionnaire before the visit: a shorter, better first meeting.",Financing pre-qualification: the objection handled before you drive out there.
AestheteMed,info@aesthetemed.com,"no-booking,not-mobile-friendly,outdated-design","No booking after hours: the decision to book happens at nine at night on a phone, and the only way in is a front desk that shut at five.","Treatments with no prices: she has to ring and ask what tox costs, which is the one call a first-timer will not make.",Reviews doing the selling on the wrong page: the thing that closes her is two clicks from where she lands.,"Booking on the homepage: live at midnight, two taps, no phone call.",Treatment menu with prices: stated plainly so nobody has to ring to find out.,Reviews beside the booking button: the proof and the action on one screen.,Membership signup online: recurring revenue that does not need the front desk.,Automated reminders and rebooking: fewer no-shows without anybody chasing.
Allure Pools,info@allurepools.net,"not-mobile-friendly,outdated-design,weak-branding",The build gallery is what sells and it is buried: nobody buys a pool from a spec list.,No price band anywhere: a homeowner has no idea whether you build forty-thousand pools or hundred-and-forty.,"A season-long sales cycle with nothing to hold the enquiry: they look in February and buy in May, from whoever stayed in front of them.","Build gallery front and centre: full-bleed, phone-first, filterable by style.",A starting price said out loud: so the enquiries you get are ones you want.,Consultation booking online: at the hour people daydream about this.,Design visualiser or 3D walkthrough: the thing that closes the February looker.,Service and maintenance signup: revenue after the build is paid for.
Amaira Med Spa,appointments@amairamedspa.com,"no-booking,not-mobile-friendly,outdated-design","No booking after hours: the decision to book happens at nine at night on a phone, and the only way in is a front desk that shut at five.","Treatments with no prices: she has to ring and ask what tox costs, which is the one call a first-timer will not make.",Reviews doing the selling on the wrong page: the thing that closes her is two clicks from where she lands.,"Booking on the homepage: live at midnight, two taps, no phone call.",Treatment menu with prices: stated plainly so nobody has to ring to find out.,Reviews beside the booking button: the proof and the action on one screen.,Membership signup online: recurring revenue that does not need the front desk.,Automated reminders and rebooking: fewer no-shows without anybody chasing.
BORDEN Landscape Design,tim@bordenlandscape.com,"not-mobile-friendly,outdated-design,weak-branding",The portfolio does not look like the work: high-end landscape is bought on images and the images are small and slow.,No project budget guidance: the difference between a planting plan and a full build is fifty thousand dollars and the site says neither.,No way to start a conversation properly: a contact form for a six-figure project.,"Portfolio that does the work justice: large, fast, phone-first, by project type.",Project budget bands stated: so the enquiries match the work you want.,Consultation booking with the right questions asked up front.,Design package sold online: a paid first step that qualifies hard.,Maintenance contracts online: recurring revenue off the builds you already did.
Coastal Luxury Homes,joe@coastal-lux.com,"not-mobile-friendly,outdated-design,weak-branding",The portfolio is the entire sale and it is presented badly: a phone-sized gallery of finished homes is what wins a build.,No price band anywhere: a client with a budget cannot tell whether you are their builder or twice their budget.,"Nothing about how the process works: the fear with a custom build is the unknown, not the price.","Portfolio built for a phone: full-bleed, fast, filterable by style and size.","A price band stated out loud: per square foot or per project, so the wrong enquiries stop.",The process explained: what happens between the first meeting and the keys.,Client build portal: selections and progress without the weekly phone call.,Land and lot listings: the enquiry that starts before there is a plan.
Colonial Home Crafters,info@chchomes.com,"not-mobile-friendly,outdated-design,weak-branding",The portfolio is the entire sale and it is presented badly: a phone-sized gallery of finished homes is what wins a build.,No price band anywhere: a client with a budget cannot tell whether you are their builder or twice their budget.,"Nothing about how the process works: the fear with a custom build is the unknown, not the price.","Portfolio built for a phone: full-bleed, fast, filterable by style and size.","A price band stated out loud: per square foot or per project, so the wrong enquiries stop.",The process explained: what happens between the first meeting and the keys.,Client build portal: selections and progress without the weekly phone call.,Land and lot listings: the enquiry that starts before there is a plan.
Dentist in Greenville,dentalcare@dentistingreenville.com,"no-booking,not-mobile-friendly,outdated-design","Case work buried: a smile-makeover patient researches for months alone at night, and the before-and-afters are two menus deep.",No price range anywhere: the biggest case of the month wants a number before they will pick up the phone.,Booking that needs the front desk awake: the consult request that would have come in at nine at night never comes in at all.,"Case gallery up front: filterable by treatment, sized for a phone.","A price range said out loud: in real numbers, with financing mentioned before they ask.",Consult booking on the same screen: not behind a form that goes to an inbox.,Financing pre-qualification: the objection handled before the call.,"Automated recall and reactivation: the patients you already have, coming back."
Desert Springs Pools and Spas,info@desertsprings.vegas,"not-mobile-friendly,outdated-design,weak-branding",The build gallery is what sells and it is buried: nobody buys a pool from a spec list.,No price band anywhere: a homeowner has no idea whether you build forty-thousand pools or hundred-and-forty.,"A season-long sales cycle with nothing to hold the enquiry: they look in February and buy in May, from whoever stayed in front of them.","Build gallery front and centre: full-bleed, phone-first, filterable by style.",A starting price said out loud: so the enquiries you get are ones you want.,Consultation booking online: at the hour people daydream about this.,Design visualiser or 3D walkthrough: the thing that closes the February looker.,Service and maintenance signup: revenue after the build is paid for.
Distinctly U,4distinctlyu@gmail.com,"not-mobile-friendly,outdated-design,no-booking",Before-and-afters are the whole pitch and they are hard to reach: a remodel is bought with the eyes.,No budget guidance at all: every enquiry starts with a conversation about whether they can afford you.,No way to book a consultation: the form goes to an inbox and the momentum dies over the weekend.,"Before-and-after galleries by room: sized for a phone, quick to scroll.","Budget ranges stated: typical spend for a kitchen and for a bath, plainly.",Consultation booking online: while they are still looking at the photos.,"Design questionnaire before the visit: a shorter, better first meeting.",Financing pre-qualification: the objection handled before you drive out there.
Earth Scientific Spa,admin@earthscientificpga.com,"no-booking,not-mobile-friendly,outdated-design","No booking after hours: the decision to book happens at nine at night on a phone, and the only way in is a front desk that shut at five.","Treatments with no prices: she has to ring and ask what tox costs, which is the one call a first-timer will not make.",Reviews doing the selling on the wrong page: the thing that closes her is two clicks from where she lands.,"Booking on the homepage: live at midnight, two taps, no phone call.",Treatment menu with prices: stated plainly so nobody has to ring to find out.,Reviews beside the booking button: the proof and the action on one screen.,Membership signup online: recurring revenue that does not need the front desk.,Automated reminders and rebooking: fewer no-shows without anybody chasing.
Eclipse Landscape and Design,eclipselandscape2@gmail.com,"not-mobile-friendly,outdated-design,weak-branding",The portfolio does not look like the work: high-end landscape is bought on images and the images are small and slow.,No project budget guidance: the difference between a planting plan and a full build is fifty thousand dollars and the site says neither.,No way to start a conversation properly: a contact form for a six-figure project.,"Portfolio that does the work justice: large, fast, phone-first, by project type.",Project budget bands stated: so the enquiries match the work you want.,Consultation booking with the right questions asked up front.,Design package sold online: a paid first step that qualifies hard.,Maintenance contracts online: recurring revenue off the builds you already did.
Gardens Dental Spa,info@gardensds.com,"no-booking,not-mobile-friendly,outdated-design","Case work buried: a smile-makeover patient researches for months alone at night, and the before-and-afters are two menus deep.",No price range anywhere: the biggest case of the month wants a number before they will pick up the phone.,Booking that needs the front desk awake: the consult request that would have come in at nine at night never comes in at all.,"Case gallery up front: filterable by treatment, sized for a phone.","A price range said out loud: in real numbers, with financing mentioned before they ask.",Consult booking on the same screen: not behind a form that goes to an inbox.,Financing pre-qualification: the objection handled before the call.,"Automated recall and reactivation: the patients you already have, coming back."
Greenwich Custom Homes,joe@greenwichcustomhomes.com,"not-mobile-friendly,outdated-design,weak-branding",The portfolio is the entire sale and it is presented badly: a phone-sized gallery of finished homes is what wins a build.,No price band anywhere: a client with a budget cannot tell whether you are their builder or twice their budget.,"Nothing about how the process works: the fear with a custom build is the unknown, not the price.","Portfolio built for a phone: full-bleed, fast, filterable by style and size.","A price band stated out loud: per square foot or per project, so the wrong enquiries stop.",The process explained: what happens between the first meeting and the keys.,Client build portal: selections and progress without the weekly phone call.,Land and lot listings: the enquiry that starts before there is a plan.
H30 Pools and Exteriors,info@h30pools.com,"not-mobile-friendly,outdated-design,weak-branding",The build gallery is what sells and it is buried: nobody buys a pool from a spec list.,No price band anywhere: a homeowner has no idea whether you build forty-thousand pools or hundred-and-forty.,"A season-long sales cycle with nothing to hold the enquiry: they look in February and buy in May, from whoever stayed in front of them.","Build gallery front and centre: full-bleed, phone-first, filterable by style.",A starting price said out loud: so the enquiries you get are ones you want.,Consultation booking online: at the hour people daydream about this.,Design visualiser or 3D walkthrough: the thing that closes the February looker.,Service and maintenance signup: revenue after the build is paid for.
Highland Builders,kevin@highlandbuilding.com,"not-mobile-friendly,outdated-design,weak-branding",The portfolio is the entire sale and it is presented badly: a phone-sized gallery of finished homes is what wins a build.,No price band anywhere: a client with a budget cannot tell whether you are their builder or twice their budget.,"Nothing about how the process works: the fear with a custom build is the unknown, not the price.","Portfolio built for a phone: full-bleed, fast, filterable by style and size.","A price band stated out loud: per square foot or per project, so the wrong enquiries stop.",The process explained: what happens between the first meeting and the keys.,Client build portal: selections and progress without the weekly phone call.,Land and lot listings: the enquiry that starts before there is a plan.
Imagine Landscape and Design,info@imaginelandscape.com,"not-mobile-friendly,outdated-design,weak-branding",The portfolio does not look like the work: high-end landscape is bought on images and the images are small and slow.,No project budget guidance: the difference between a planting plan and a full build is fifty thousand dollars and the site says neither.,No way to start a conversation properly: a contact form for a six-figure project.,"Portfolio that does the work justice: large, fast, phone-first, by project type.",Project budget bands stated: so the enquiries match the work you want.,Consultation booking with the right questions asked up front.,Design package sold online: a paid first step that qualifies hard.,Maintenance contracts online: recurring revenue off the builds you already did.
Jane Mays DMD,janemaysdmd@gmail.com,"no-booking,not-mobile-friendly,outdated-design","Case work buried: a smile-makeover patient researches for months alone at night, and the before-and-afters are two menus deep.",No price range anywhere: the biggest case of the month wants a number before they will pick up the phone.,Booking that needs the front desk awake: the consult request that would have come in at nine at night never comes in at all.,"Case gallery up front: filterable by treatment, sized for a phone.","A price range said out loud: in real numbers, with financing mentioned before they ask.",Consult booking on the same screen: not behind a form that goes to an inbox.,Financing pre-qualification: the objection handled before the call.,"Automated recall and reactivation: the patients you already have, coming back."
Jimmy Cohen's Day Spa,jimmycohensdayspa@gmail.com,"no-booking,not-mobile-friendly,outdated-design","No booking after hours: the decision to book happens at nine at night on a phone, and the only way in is a front desk that shut at five.","Treatments with no prices: she has to ring and ask what tox costs, which is the one call a first-timer will not make.",Reviews doing the selling on the wrong page: the thing that closes her is two clicks from where she lands.,"Booking on the homepage: live at midnight, two taps, no phone call.",Treatment menu with prices: stated plainly so nobody has to ring to find out.,Reviews beside the booking button: the proof and the action on one screen.,Membership signup online: recurring revenue that does not need the front desk.,Automated reminders and rebooking: fewer no-shows without anybody chasing.
Keel Custom Homes,info@kchva.com,"not-mobile-friendly,outdated-design,weak-branding",The portfolio is the entire sale and it is presented badly: a phone-sized gallery of finished homes is what wins a build.,No price band anywhere: a client with a budget cannot tell whether you are their builder or twice their budget.,"Nothing about how the process works: the fear with a custom build is the unknown, not the price.","Portfolio built for a phone: full-bleed, fast, filterable by style and size.","A price band stated out loud: per square foot or per project, so the wrong enquiries stop.",The process explained: what happens between the first meeting and the keys.,Client build portal: selections and progress without the weekly phone call.,Land and lot listings: the enquiry that starts before there is a plan.
Kitchen & Bath Concepts of Pittsburgh,info@kbcpgh.com,"not-mobile-friendly,outdated-design,no-booking",Before-and-afters are the whole pitch and they are hard to reach: a remodel is bought with the eyes.,No budget guidance at all: every enquiry starts with a conversation about whether they can afford you.,No way to book a consultation: the form goes to an inbox and the momentum dies over the weekend.,"Before-and-after galleries by room: sized for a phone, quick to scroll.","Budget ranges stated: typical spend for a kitchen and for a bath, plainly.",Consultation booking online: while they are still looking at the photos.,"Design questionnaire before the visit: a shorter, better first meeting.",Financing pre-qualification: the objection handled before you drive out there.
Main Street Contractors,contact@mainstreetcontractors.net,"not-mobile-friendly,outdated-design,no-booking",Before-and-afters are the whole pitch and they are hard to reach: a remodel is bought with the eyes.,No budget guidance at all: every enquiry starts with a conversation about whether they can afford you.,No way to book a consultation: the form goes to an inbox and the momentum dies over the weekend.,"Before-and-after galleries by room: sized for a phone, quick to scroll.","Budget ranges stated: typical spend for a kitchen and for a bath, plainly.",Consultation booking online: while they are still looking at the photos.,"Design questionnaire before the visit: a shorter, better first meeting.",Financing pre-qualification: the objection handled before you drive out there.
Monica Crooks DDS,drmonicacrooks@gmail.com,"no-booking,not-mobile-friendly,outdated-design","Case work buried: a smile-makeover patient researches for months alone at night, and the before-and-afters are two menus deep.",No price range anywhere: the biggest case of the month wants a number before they will pick up the phone.,Booking that needs the front desk awake: the consult request that would have come in at nine at night never comes in at all.,"Case gallery up front: filterable by treatment, sized for a phone.","A price range said out loud: in real numbers, with financing mentioned before they ask.",Consult booking on the same screen: not behind a form that goes to an inbox.,Financing pre-qualification: the objection handled before the call.,"Automated recall and reactivation: the patients you already have, coming back."
New Radiance Cosmetic Centers,info@newradiancenow.com,"no-booking,not-mobile-friendly,outdated-design","No booking after hours: the decision to book happens at nine at night on a phone, and the only way in is a front desk that shut at five.","Treatments with no prices: she has to ring and ask what tox costs, which is the one call a first-timer will not make.",Reviews doing the selling on the wrong page: the thing that closes her is two clicks from where she lands.,"Booking on the homepage: live at midnight, two taps, no phone call.",Treatment menu with prices: stated plainly so nobody has to ring to find out.,Reviews beside the booking button: the proof and the action on one screen.,Membership signup online: recurring revenue that does not need the front desk.,Automated reminders and rebooking: fewer no-shows without anybody chasing.
NuView Pools and Landscapes,info@nuviewoutdoor.com,"not-mobile-friendly,outdated-design,weak-branding",The build gallery is what sells and it is buried: nobody buys a pool from a spec list.,No price band anywhere: a homeowner has no idea whether you build forty-thousand pools or hundred-and-forty.,"A season-long sales cycle with nothing to hold the enquiry: they look in February and buy in May, from whoever stayed in front of them.","Build gallery front and centre: full-bleed, phone-first, filterable by style.",A starting price said out loud: so the enquiries you get are ones you want.,Consultation booking online: at the hour people daydream about this.,Design visualiser or 3D walkthrough: the thing that closes the February looker.,Service and maintenance signup: revenue after the build is paid for.
Pelham Links Dental,greenvilleoffice@pelhamlinks.com,"no-booking,not-mobile-friendly,outdated-design","Case work buried: a smile-makeover patient researches for months alone at night, and the before-and-afters are two menus deep.",No price range anywhere: the biggest case of the month wants a number before they will pick up the phone.,Booking that needs the front desk awake: the consult request that would have come in at nine at night never comes in at all.,"Case gallery up front: filterable by treatment, sized for a phone.","A price range said out loud: in real numbers, with financing mentioned before they ask.",Consult booking on the same screen: not behind a form that goes to an inbox.,Financing pre-qualification: the objection handled before the call.,"Automated recall and reactivation: the patients you already have, coming back."
Pool Builder Las Vegas,info@poolbuilderlasvegas.org,"not-mobile-friendly,outdated-design,weak-branding",The build gallery is what sells and it is buried: nobody buys a pool from a spec list.,No price band anywhere: a homeowner has no idea whether you build forty-thousand pools or hundred-and-forty.,"A season-long sales cycle with nothing to hold the enquiry: they look in February and buy in May, from whoever stayed in front of them.","Build gallery front and centre: full-bleed, phone-first, filterable by style.",A starting price said out loud: so the enquiries you get are ones you want.,Consultation booking online: at the hour people daydream about this.,Design visualiser or 3D walkthrough: the thing that closes the February looker.,Service and maintenance signup: revenue after the build is paid for.
Reno Sparks MedSpa,info@renosparksmedspa.com,"no-booking,not-mobile-friendly,outdated-design","No booking after hours: the decision to book happens at nine at night on a phone, and the only way in is a front desk that shut at five.","Treatments with no prices: she has to ring and ask what tox costs, which is the one call a first-timer will not make.",Reviews doing the selling on the wrong page: the thing that closes her is two clicks from where she lands.,"Booking on the homepage: live at midnight, two taps, no phone call.",Treatment menu with prices: stated plainly so nobody has to ring to find out.,Reviews beside the booking button: the proof and the action on one screen.,Membership signup online: recurring revenue that does not need the front desk.,Automated reminders and rebooking: fewer no-shows without anybody chasing.
Richmond Hill Design-Build,lpoe@rhillbuilds.com,"not-mobile-friendly,outdated-design,weak-branding",The portfolio is the entire sale and it is presented badly: a phone-sized gallery of finished homes is what wins a build.,No price band anywhere: a client with a budget cannot tell whether you are their builder or twice their budget.,"Nothing about how the process works: the fear with a custom build is the unknown, not the price.","Portfolio built for a phone: full-bleed, fast, filterable by style and size.","A price band stated out loud: per square foot or per project, so the wrong enquiries stop.",The process explained: what happens between the first meeting and the keys.,Client build portal: selections and progress without the weekly phone call.,Land and lot listings: the enquiry that starts before there is a plan.
Southern Roots Design,info@srootsdesign.com,"not-mobile-friendly,outdated-design,weak-branding",The portfolio does not look like the work: high-end landscape is bought on images and the images are small and slow.,No project budget guidance: the difference between a planting plan and a full build is fifty thousand dollars and the site says neither.,No way to start a conversation properly: a contact form for a six-figure project.,"Portfolio that does the work justice: large, fast, phone-first, by project type.",Project budget bands stated: so the enquiries match the work you want.,Consultation booking with the right questions asked up front.,Design package sold online: a paid first step that qualifies hard.,Maintenance contracts online: recurring revenue off the builds you already did.
The Fort Lauderdale MedSpa,caroline@thefortlauderdalemedspa.com,"no-booking,not-mobile-friendly,outdated-design","No booking after hours: the decision to book happens at nine at night on a phone, and the only way in is a front desk that shut at five.","Treatments with no prices: she has to ring and ask what tox costs, which is the one call a first-timer will not make.",Reviews doing the selling on the wrong page: the thing that closes her is two clicks from where she lands.,"Booking on the homepage: live at midnight, two taps, no phone call.",Treatment menu with prices: stated plainly so nobody has to ring to find out.,Reviews beside the booking button: the proof and the action on one screen.,Membership signup online: recurring revenue that does not need the front desk.,Automated reminders and rebooking: fewer no-shows without anybody chasing.
Think Green Design Build Landscape,thinkgreen@thinkgreenaz.com,"not-mobile-friendly,outdated-design,weak-branding",The portfolio does not look like the work: high-end landscape is bought on images and the images are small and slow.,No project budget guidance: the difference between a planting plan and a full build is fifty thousand dollars and the site says neither.,No way to start a conversation properly: a contact form for a six-figure project.,"Portfolio that does the work justice: large, fast, phone-first, by project type.",Project budget bands stated: so the enquiries match the work you want.,Consultation booking with the right questions asked up front.,Design package sold online: a paid first step that qualifies hard.,Maintenance contracts online: recurring revenue off the builds you already did.
Thunderbird Pools,sales@thunderbirdpools.com,"not-mobile-friendly,outdated-design,weak-branding",The build gallery is what sells and it is buried: nobody buys a pool from a spec list.,No price band anywhere: a homeowner has no idea whether you build forty-thousand pools or hundred-and-forty.,"A season-long sales cycle with nothing to hold the enquiry: they look in February and buy in May, from whoever stayed in front of them.","Build gallery front and centre: full-bleed, phone-first, filterable by style.",A starting price said out loud: so the enquiries you get are ones you want.,Consultation booking online: at the hour people daydream about this.,Design visualiser or 3D walkthrough: the thing that closes the February looker.,Service and maintenance signup: revenue after the build is paid for.
VIO Med Spa Palm Beach Gardens,pbg@viomedspa.com,"no-booking,not-mobile-friendly,outdated-design","No booking after hours: the decision to book happens at nine at night on a phone, and the only way in is a front desk that shut at five.","Treatments with no prices: she has to ring and ask what tox costs, which is the one call a first-timer will not make.",Reviews doing the selling on the wrong page: the thing that closes her is two clicks from where she lands.,"Booking on the homepage: live at midnight, two taps, no phone call.",Treatment menu with prices: stated plainly so nobody has to ring to find out.,Reviews beside the booking button: the proof and the action on one screen.,Membership signup online: recurring revenue that does not need the front desk.,Automated reminders and rebooking: fewer no-shows without anybody chasing.
360 Exteriors Pools and Spas,info@360exteriorslasvegas.com,"not-mobile-friendly,outdated-design,weak-branding",The build gallery is what sells and it is buried: nobody buys a pool from a spec list.,No price band anywhere: a homeowner has no idea whether you build forty-thousand pools or hundred-and-forty.,"A season-long sales cycle with nothing to hold the enquiry: they look in February and buy in May, from whoever stayed in front of them.","Build gallery front and centre: full-bleed, phone-first, filterable by style.",A starting price said out loud: so the enquiries you get are ones you want.,Consultation booking online: at the hour people daydream about this.,Design visualiser or 3D walkthrough: the thing that closes the February looker.,Service and maintenance signup: revenue after the build is paid for.
AB&K Bath and Kitchen,info@abandk.com,"not-mobile-friendly,outdated-design,no-booking",Before-and-afters are the whole pitch and they are hard to reach: a remodel is bought with the eyes.,No budget guidance at all: every enquiry starts with a conversation about whether they can afford you.,No way to book a consultation: the form goes to an inbox and the momentum dies over the weekend.,"Before-and-after galleries by room: sized for a phone, quick to scroll.","Budget ranges stated: typical spend for a kitchen and for a bath, plainly.",Consultation booking online: while they are still looking at the photos.,"Design questionnaire before the visit: a shorter, better first meeting.",Financing pre-qualification: the objection handled before you drive out there.
AZ Landscape Designed Construction,info@azlandscapedesignedconstruction.com,"not-mobile-friendly,outdated-design,weak-branding",The portfolio does not look like the work: high-end landscape is bought on images and the images are small and slow.,No project budget guidance: the difference between a planting plan and a full build is fifty thousand dollars and the site says neither.,No way to start a conversation properly: a contact form for a six-figure project.,"Portfolio that does the work justice: large, fast, phone-first, by project type.",Project budget bands stated: so the enquiries match the work you want.,Consultation booking with the right questions asked up front.,Design package sold online: a paid first step that qualifies hard.,Maintenance contracts online: recurring revenue off the builds you already did.
Alhambra Dental Plaza,info@alhambradentalplaza.com,"no-booking,not-mobile-friendly,outdated-design","Case work buried: a smile-makeover patient researches for months alone at night, and the before-and-afters are two menus deep.",No price range anywhere: the biggest case of the month wants a number before they will pick up the phone.,Booking that needs the front desk awake: the consult request that would have come in at nine at night never comes in at all.,"Case gallery up front: filterable by treatment, sized for a phone.","A price range said out loud: in real numbers, with financing mentioned before they ask.",Consult booking on the same screen: not behind a form that goes to an inbox.,Financing pre-qualification: the objection handled before the call.,"Automated recall and reactivation: the patients you already have, coming back."
Beechmont Dental,info@beechmontdental.com,"no-booking,not-mobile-friendly,outdated-design","Case work buried: a smile-makeover patient researches for months alone at night, and the before-and-afters are two menus deep.",No price range anywhere: the biggest case of the month wants a number before they will pick up the phone.,Booking that needs the front desk awake: the consult request that would have come in at nine at night never comes in at all.,"Case gallery up front: filterable by treatment, sized for a phone.","A price range said out loud: in real numbers, with financing mentioned before they ask.",Consult booking on the same screen: not behind a form that goes to an inbox.,Financing pre-qualification: the objection handled before the call.,"Automated recall and reactivation: the patients you already have, coming back."
Bell Dental Group,info@belldentalgroup.com,"no-booking,not-mobile-friendly,outdated-design","Case work buried: a smile-makeover patient researches for months alone at night, and the before-and-afters are two menus deep.",No price range anywhere: the biggest case of the month wants a number before they will pick up the phone.,Booking that needs the front desk awake: the consult request that would have come in at nine at night never comes in at all.,"Case gallery up front: filterable by treatment, sized for a phone.","A price range said out loud: in real numbers, with financing mentioned before they ask.",Consult booking on the same screen: not behind a form that goes to an inbox.,Financing pre-qualification: the objection handled before the call.,"Automated recall and reactivation: the patients you already have, coming back."
Blue Ridge Custom Homes of VA,info@blueridgecustomhomesofva.com,"not-mobile-friendly,outdated-design,weak-branding",The portfolio is the entire sale and it is presented badly: a phone-sized gallery of finished homes is what wins a build.,No price band anywhere: a client with a budget cannot tell whether you are their builder or twice their budget.,"Nothing about how the process works: the fear with a custom build is the unknown, not the price.","Portfolio built for a phone: full-bleed, fast, filterable by style and size.","A price band stated out loud: per square foot or per project, so the wrong enquiries stop.",The process explained: what happens between the first meeting and the keys.,Client build portal: selections and progress without the weekly phone call.,Land and lot listings: the enquiry that starts before there is a plan.
Bluewater Home,info@bluewater-home.com,"not-mobile-friendly,outdated-design,weak-branding",The portfolio is the entire sale and it is presented badly: a phone-sized gallery of finished homes is what wins a build.,No price band anywhere: a client with a budget cannot tell whether you are their builder or twice their budget.,"Nothing about how the process works: the fear with a custom build is the unknown, not the price.","Portfolio built for a phone: full-bleed, fast, filterable by style and size.","A price band stated out loud: per square foot or per project, so the wrong enquiries stop.",The process explained: what happens between the first meeting and the keys.,Client build portal: selections and progress without the weekly phone call.,Land and lot listings: the enquiry that starts before there is a plan.
Booher Remodeling Company,info@booherbuilding.com,"not-mobile-friendly,outdated-design,no-booking",Before-and-afters are the whole pitch and they are hard to reach: a remodel is bought with the eyes.,No budget guidance at all: every enquiry starts with a conversation about whether they can afford you.,No way to book a consultation: the form goes to an inbox and the momentum dies over the weekend.,"Before-and-after galleries by room: sized for a phone, quick to scroll.","Budget ranges stated: typical spend for a kitchen and for a bath, plainly.",Consultation booking online: while they are still looking at the photos.,"Design questionnaire before the visit: a shorter, better first meeting.",Financing pre-qualification: the objection handled before you drive out there.
Brown Dental Care,info@browndentalcare.com,"no-booking,not-mobile-friendly,outdated-design","Case work buried: a smile-makeover patient researches for months alone at night, and the before-and-afters are two menus deep.",No price range anywhere: the biggest case of the month wants a number before they will pick up the phone.,Booking that needs the front desk awake: the consult request that would have come in at nine at night never comes in at all.,"Case gallery up front: filterable by treatment, sized for a phone.","A price range said out loud: in real numbers, with financing mentioned before they ask.",Consult booking on the same screen: not behind a form that goes to an inbox.,Financing pre-qualification: the objection handled before the call.,"Automated recall and reactivation: the patients you already have, coming back."
Budget Kitchen and Bath,info@budgetkitchenandbath.com,"not-mobile-friendly,outdated-design,no-booking",Before-and-afters are the whole pitch and they are hard to reach: a remodel is bought with the eyes.,No budget guidance at all: every enquiry starts with a conversation about whether they can afford you.,No way to book a consultation: the form goes to an inbox and the momentum dies over the weekend.,"Before-and-after galleries by room: sized for a phone, quick to scroll.","Budget ranges stated: typical spend for a kitchen and for a bath, plainly.",Consultation booking online: while they are still looking at the photos.,"Design questionnaire before the visit: a shorter, better first meeting.",Financing pre-qualification: the objection handled before you drive out there.
Built Right Homes VA,info@builtrighthomesva.com,"not-mobile-friendly,outdated-design,weak-branding",The portfolio is the entire sale and it is presented badly: a phone-sized gallery of finished homes is what wins a build.,No price band anywhere: a client with a budget cannot tell whether you are their builder or twice their budget.,"Nothing about how the process works: the fear with a custom build is the unknown, not the price.","Portfolio built for a phone: full-bleed, fast, filterable by style and size.","A price band stated out loud: per square foot or per project, so the wrong enquiries stop.",The process explained: what happens between the first meeting and the keys.,Client build portal: selections and progress without the weekly phone call.,Land and lot listings: the enquiry that starts before there is a plan.
Call Construction,info@callconstructionllc.com,"not-mobile-friendly,outdated-design,weak-branding",The portfolio does not look like the work: high-end landscape is bought on images and the images are small and slow.,No project budget guidance: the difference between a planting plan and a full build is fifty thousand dollars and the site says neither.,No way to start a conversation properly: a contact form for a six-figure project.,"Portfolio that does the work justice: large, fast, phone-first, by project type.",Project budget bands stated: so the enquiries match the work you want.,Consultation booking with the right questions asked up front.,Design package sold online: a paid first step that qualifies hard.,Maintenance contracts online: recurring revenue off the builds you already did.
Caribbean Pools AZ,info@caribbeanpoolsaz.com,"not-mobile-friendly,outdated-design,weak-branding",The build gallery is what sells and it is buried: nobody buys a pool from a spec list.,No price band anywhere: a homeowner has no idea whether you build forty-thousand pools or hundred-and-forty.,"A season-long sales cycle with nothing to hold the enquiry: they look in February and buy in May, from whoever stayed in front of them.","Build gallery front and centre: full-bleed, phone-first, filterable by style.",A starting price said out loud: so the enquiries you get are ones you want.,Consultation booking online: at the hour people daydream about this.,Design visualiser or 3D walkthrough: the thing that closes the February looker.,Service and maintenance signup: revenue after the build is paid for.
Clarke Builders,info@clarkebuilders.com,"not-mobile-friendly,outdated-design,weak-branding",The portfolio is the entire sale and it is presented badly: a phone-sized gallery of finished homes is what wins a build.,No price band anywhere: a client with a budget cannot tell whether you are their builder or twice their budget.,"Nothing about how the process works: the fear with a custom build is the unknown, not the price.","Portfolio built for a phone: full-bleed, fast, filterable by style and size.","A price band stated out loud: per square foot or per project, so the wrong enquiries stop.",The process explained: what happens between the first meeting and the keys.,Client build portal: selections and progress without the weekly phone call.,Land and lot listings: the enquiry that starts before there is a plan.
Cornerstone Dental Group,info@cornerstonedentist.com,"no-booking,not-mobile-friendly,outdated-design","Case work buried: a smile-makeover patient researches for months alone at night, and the before-and-afters are two menus deep.",No price range anywhere: the biggest case of the month wants a number before they will pick up the phone.,Booking that needs the front desk awake: the consult request that would have come in at nine at night never comes in at all.,"Case gallery up front: filterable by treatment, sized for a phone.","A price range said out loud: in real numbers, with financing mentioned before they ask.",Consult booking on the same screen: not behind a form that goes to an inbox.,Financing pre-qualification: the objection handled before the call.,"Automated recall and reactivation: the patients you already have, coming back."
Cornerstone Family Dental of Sac,info@cornerstonefamilydentalofsac.com,"no-booking,not-mobile-friendly,outdated-design","Case work buried: a smile-makeover patient researches for months alone at night, and the before-and-afters are two menus deep.",No price range anywhere: the biggest case of the month wants a number before they will pick up the phone.,Booking that needs the front desk awake: the consult request that would have come in at nine at night never comes in at all.,"Case gallery up front: filterable by treatment, sized for a phone.","A price range said out loud: in real numbers, with financing mentioned before they ask.",Consult booking on the same screen: not behind a form that goes to an inbox.,Financing pre-qualification: the objection handled before the call.,"Automated recall and reactivation: the patients you already have, coming back."
Crestwood Pools,info@crestwoodpools.com,"not-mobile-friendly,outdated-design,weak-branding",The build gallery is what sells and it is buried: nobody buys a pool from a spec list.,No price band anywhere: a homeowner has no idea whether you build forty-thousand pools or hundred-and-forty.,"A season-long sales cycle with nothing to hold the enquiry: they look in February and buy in May, from whoever stayed in front of them.","Build gallery front and centre: full-bleed, phone-first, filterable by style.",A starting price said out loud: so the enquiries you get are ones you want.,Consultation booking online: at the hour people daydream about this.,Design visualiser or 3D walkthrough: the thing that closes the February looker.,Service and maintenance signup: revenue after the build is paid for.
D.A.S. Custom Builders,info@dascustombuilders.com,"not-mobile-friendly,outdated-design,weak-branding",The portfolio is the entire sale and it is presented badly: a phone-sized gallery of finished homes is what wins a build.,No price band anywhere: a client with a budget cannot tell whether you are their builder or twice their budget.,"Nothing about how the process works: the fear with a custom build is the unknown, not the price.","Portfolio built for a phone: full-bleed, fast, filterable by style and size.","A price band stated out loud: per square foot or per project, so the wrong enquiries stop.",The process explained: what happens between the first meeting and the keys.,Client build portal: selections and progress without the weekly phone call.,Land and lot listings: the enquiry that starts before there is a plan.
Dedicated Dentistry,info@dedicateddentistry.com,"no-booking,not-mobile-friendly,outdated-design","Case work buried: a smile-makeover patient researches for months alone at night, and the before-and-afters are two menus deep.",No price range anywhere: the biggest case of the month wants a number before they will pick up the phone.,Booking that needs the front desk awake: the consult request that would have come in at nine at night never comes in at all.,"Case gallery up front: filterable by treatment, sized for a phone.","A price range said out loud: in real numbers, with financing mentioned before they ask.",Consult booking on the same screen: not behind a form that goes to an inbox.,Financing pre-qualification: the objection handled before the call.,"Automated recall and reactivation: the patients you already have, coming back."
Dentistry at Pelham Pointe,info@dentistryatpelhampointe.com,"no-booking,not-mobile-friendly,outdated-design","Case work buried: a smile-makeover patient researches for months alone at night, and the before-and-afters are two menus deep.",No price range anywhere: the biggest case of the month wants a number before they will pick up the phone.,Booking that needs the front desk awake: the consult request that would have come in at nine at night never comes in at all.,"Case gallery up front: filterable by treatment, sized for a phone.","A price range said out loud: in real numbers, with financing mentioned before they ask.",Consult booking on the same screen: not behind a form that goes to an inbox.,Financing pre-qualification: the objection handled before the call.,"Automated recall and reactivation: the patients you already have, coming back."
Dentistry of East Sacramento,info@dentistryofeastsacramento.com,"no-booking,not-mobile-friendly,outdated-design","Case work buried: a smile-makeover patient researches for months alone at night, and the before-and-afters are two menus deep.",No price range anywhere: the biggest case of the month wants a number before they will pick up the phone.,Booking that needs the front desk awake: the consult request that would have come in at nine at night never comes in at all.,"Case gallery up front: filterable by treatment, sized for a phone.","A price range said out loud: in real numbers, with financing mentioned before they ask.",Consult booking on the same screen: not behind a form that goes to an inbox.,Financing pre-qualification: the objection handled before the call.,"Automated recall and reactivation: the patients you already have, coming back."
Dr Levens Medspa,info@drlevens.com,"no-booking,not-mobile-friendly,outdated-design","No booking after hours: the decision to book happens at nine at night on a phone, and the only way in is a front desk that shut at five.","Treatments with no prices: she has to ring and ask what tox costs, which is the one call a first-timer will not make.",Reviews doing the selling on the wrong page: the thing that closes her is two clicks from where she lands.,"Booking on the homepage: live at midnight, two taps, no phone call.",Treatment menu with prices: stated plainly so nobody has to ring to find out.,Reviews beside the booking button: the proof and the action on one screen.,Membership signup online: recurring revenue that does not need the front desk.,Automated reminders and rebooking: fewer no-shows without anybody chasing.
DreamBuilder Custom Homes,info@dreambuildercustomhome.com,"not-mobile-friendly,outdated-design,weak-branding",The portfolio is the entire sale and it is presented badly: a phone-sized gallery of finished homes is what wins a build.,No price band anywhere: a client with a budget cannot tell whether you are their builder or twice their budget.,"Nothing about how the process works: the fear with a custom build is the unknown, not the price.","Portfolio built for a phone: full-bleed, fast, filterable by style and size.","A price band stated out loud: per square foot or per project, so the wrong enquiries stop.",The process explained: what happens between the first meeting and the keys.,Client build portal: selections and progress without the weekly phone call.,Land and lot listings: the enquiry that starts before there is a plan.
Dunkum Luxury Builders,info@dunkum.net,"not-mobile-friendly,outdated-design,weak-branding",The portfolio is the entire sale and it is presented badly: a phone-sized gallery of finished homes is what wins a build.,No price band anywhere: a client with a budget cannot tell whether you are their builder or twice their budget.,"Nothing about how the process works: the fear with a custom build is the unknown, not the price.","Portfolio built for a phone: full-bleed, fast, filterable by style and size.","A price band stated out loud: per square foot or per project, so the wrong enquiries stop.",The process explained: what happens between the first meeting and the keys.,Client build portal: selections and progress without the weekly phone call.,Land and lot listings: the enquiry that starts before there is a plan.
Edgewater Custom Pools,info@edgewatercustompools.com,"not-mobile-friendly,outdated-design,weak-branding",The build gallery is what sells and it is buried: nobody buys a pool from a spec list.,No price band anywhere: a homeowner has no idea whether you build forty-thousand pools or hundred-and-forty.,"A season-long sales cycle with nothing to hold the enquiry: they look in February and buy in May, from whoever stayed in front of them.","Build gallery front and centre: full-bleed, phone-first, filterable by style.",A starting price said out loud: so the enquiries you get are ones you want.,Consultation booking online: at the hour people daydream about this.,Design visualiser or 3D walkthrough: the thing that closes the February looker.,Service and maintenance signup: revenue after the build is paid for.
Elite Bathroom Remodeling Milwaukee,info@bathroomremodelmke.com,"not-mobile-friendly,outdated-design,no-booking",Before-and-afters are the whole pitch and they are hard to reach: a remodel is bought with the eyes.,No budget guidance at all: every enquiry starts with a conversation about whether they can afford you.,No way to book a consultation: the form goes to an inbox and the momentum dies over the weekend.,"Before-and-after galleries by room: sized for a phone, quick to scroll.","Budget ranges stated: typical spend for a kitchen and for a bath, plainly.",Consultation booking online: while they are still looking at the photos.,"Design questionnaire before the visit: a shorter, better first meeting.",Financing pre-qualification: the objection handled before you drive out there.
Francis Development,info@francisdevelopmentllc.com,"not-mobile-friendly,outdated-design,weak-branding",The portfolio is the entire sale and it is presented badly: a phone-sized gallery of finished homes is what wins a build.,No price band anywhere: a client with a budget cannot tell whether you are their builder or twice their budget.,"Nothing about how the process works: the fear with a custom build is the unknown, not the price.","Portfolio built for a phone: full-bleed, fast, filterable by style and size.","A price band stated out loud: per square foot or per project, so the wrong enquiries stop.",The process explained: what happens between the first meeting and the keys.,Client build portal: selections and progress without the weekly phone call.,Land and lot listings: the enquiry that starts before there is a plan.
Gardens of Babylon,info@gardensofbabylon.com,"not-mobile-friendly,outdated-design,weak-branding",The portfolio does not look like the work: high-end landscape is bought on images and the images are small and slow.,No project budget guidance: the difference between a planting plan and a full build is fifty thousand dollars and the site says neither.,No way to start a conversation properly: a contact form for a six-figure project.,"Portfolio that does the work justice: large, fast, phone-first, by project type.",Project budget bands stated: so the enquiries match the work you want.,Consultation booking with the right questions asked up front.,Design package sold online: a paid first step that qualifies hard.,Maintenance contracts online: recurring revenue off the builds you already did.
Global Smiles Dentistry,info@globalsmilessacramento.com,"no-booking,not-mobile-friendly,outdated-design","Case work buried: a smile-makeover patient researches for months alone at night, and the before-and-afters are two menus deep.",No price range anywhere: the biggest case of the month wants a number before they will pick up the phone.,Booking that needs the front desk awake: the consult request that would have come in at nine at night never comes in at all.,"Case gallery up front: filterable by treatment, sized for a phone.","A price range said out loud: in real numbers, with financing mentioned before they ask.",Consult booking on the same screen: not behind a form that goes to an inbox.,Financing pre-qualification: the objection handled before the call.,"Automated recall and reactivation: the patients you already have, coming back."
Heritage Family Dentistry,info@heritagedentistrysc.com,"no-booking,not-mobile-friendly,outdated-design","Case work buried: a smile-makeover patient researches for months alone at night, and the before-and-afters are two menus deep.",No price range anywhere: the biggest case of the month wants a number before they will pick up the phone.,Booking that needs the front desk awake: the consult request that would have come in at nine at night never comes in at all.,"Case gallery up front: filterable by treatment, sized for a phone.","A price range said out loud: in real numbers, with financing mentioned before they ask.",Consult booking on the same screen: not behind a form that goes to an inbox.,Financing pre-qualification: the objection handled before the call.,"Automated recall and reactivation: the patients you already have, coming back."
Indy Renovation,info@indyrenovation.com,"not-mobile-friendly,outdated-design,no-booking",Before-and-afters are the whole pitch and they are hard to reach: a remodel is bought with the eyes.,No budget guidance at all: every enquiry starts with a conversation about whether they can afford you.,No way to book a consultation: the form goes to an inbox and the momentum dies over the weekend.,"Before-and-after galleries by room: sized for a phone, quick to scroll.","Budget ranges stated: typical spend for a kitchen and for a bath, plainly.",Consultation booking online: while they are still looking at the photos.,"Design questionnaire before the visit: a shorter, better first meeting.",Financing pre-qualification: the objection handled before you drive out there.
J Roderick Young Custom Homes,info@jroderickyoungcustomhomes.com,"not-mobile-friendly,outdated-design,weak-branding",The portfolio is the entire sale and it is presented badly: a phone-sized gallery of finished homes is what wins a build.,No price band anywhere: a client with a budget cannot tell whether you are their builder or twice their budget.,"Nothing about how the process works: the fear with a custom build is the unknown, not the price.","Portfolio built for a phone: full-bleed, fast, filterable by style and size.","A price band stated out loud: per square foot or per project, so the wrong enquiries stop.",The process explained: what happens between the first meeting and the keys.,Client build portal: selections and progress without the weekly phone call.,Land and lot listings: the enquiry that starts before there is a plan.
J. Caldwell Custom Pools,info@jcaldwellcustompools.com,"not-mobile-friendly,outdated-design,weak-branding",The build gallery is what sells and it is buried: nobody buys a pool from a spec list.,No price band anywhere: a homeowner has no idea whether you build forty-thousand pools or hundred-and-forty.,"A season-long sales cycle with nothing to hold the enquiry: they look in February and buy in May, from whoever stayed in front of them.","Build gallery front and centre: full-bleed, phone-first, filterable by style.",A starting price said out loud: so the enquiries you get are ones you want.,Consultation booking online: at the hour people daydream about this.,Design visualiser or 3D walkthrough: the thing that closes the February looker.,Service and maintenance signup: revenue after the build is paid for.
Kenwood Cosmetic Dentistry,info@kenwoodcosmeticdentistry.com,"no-booking,not-mobile-friendly,outdated-design","Case work buried: a smile-makeover patient researches for months alone at night, and the before-and-afters are two menus deep.",No price range anywhere: the biggest case of the month wants a number before they will pick up the phone.,Booking that needs the front desk awake: the consult request that would have come in at nine at night never comes in at all.,"Case gallery up front: filterable by treatment, sized for a phone.","A price range said out loud: in real numbers, with financing mentioned before they ask.",Consult booking on the same screen: not behind a form that goes to an inbox.,Financing pre-qualification: the objection handled before the call.,"Automated recall and reactivation: the patients you already have, coming back."
LP Pools AZ,info@lppoolsaz.com,"not-mobile-friendly,outdated-design,weak-branding",The build gallery is what sells and it is buried: nobody buys a pool from a spec list.,No price band anywhere: a homeowner has no idea whether you build forty-thousand pools or hundred-and-forty.,"A season-long sales cycle with nothing to hold the enquiry: they look in February and buy in May, from whoever stayed in front of them.","Build gallery front and centre: full-bleed, phone-first, filterable by style.",A starting price said out loud: so the enquiries you get are ones you want.,Consultation booking online: at the hour people daydream about this.,Design visualiser or 3D walkthrough: the thing that closes the February looker.,Service and maintenance signup: revenue after the build is paid for.
Landscape Solutions TN,info@landscapetn.com,"not-mobile-friendly,outdated-design,weak-branding",The portfolio does not look like the work: high-end landscape is bought on images and the images are small and slow.,No project budget guidance: the difference between a planting plan and a full build is fifty thousand dollars and the site says neither.,No way to start a conversation properly: a contact form for a six-figure project.,"Portfolio that does the work justice: large, fast, phone-first, by project type.",Project budget bands stated: so the enquiries match the work you want.,Consultation booking with the right questions asked up front.,Design package sold online: a paid first step that qualifies hard.,Maintenance contracts online: recurring revenue off the builds you already did.
Lifetime Smiles Cincinnati,info@lifetimesmilescincinnati.com,"no-booking,not-mobile-friendly,outdated-design","Case work buried: a smile-makeover patient researches for months alone at night, and the before-and-afters are two menus deep.",No price range anywhere: the biggest case of the month wants a number before they will pick up the phone.,Booking that needs the front desk awake: the consult request that would have come in at nine at night never comes in at all.,"Case gallery up front: filterable by treatment, sized for a phone.","A price range said out loud: in real numbers, with financing mentioned before they ask.",Consult booking on the same screen: not behind a form that goes to an inbox.,Financing pre-qualification: the objection handled before the call.,"Automated recall and reactivation: the patients you already have, coming back."
Lynova Wellness Med Spa,info@lynova.com,"no-booking,not-mobile-friendly,outdated-design","No booking after hours: the decision to book happens at nine at night on a phone, and the only way in is a front desk that shut at five.","Treatments with no prices: she has to ring and ask what tox costs, which is the one call a first-timer will not make.",Reviews doing the selling on the wrong page: the thing that closes her is two clicks from where she lands.,"Booking on the homepage: live at midnight, two taps, no phone call.",Treatment menu with prices: stated plainly so nobody has to ring to find out.,Reviews beside the booking button: the proof and the action on one screen.,Membership signup online: recurring revenue that does not need the front desk.,Automated reminders and rebooking: fewer no-shows without anybody chasing.
McMahon Custom Homes,info@mcmahoncustomhomesllc.com,"not-mobile-friendly,outdated-design,weak-branding",The portfolio is the entire sale and it is presented badly: a phone-sized gallery of finished homes is what wins a build.,No price band anywhere: a client with a budget cannot tell whether you are their builder or twice their budget.,"Nothing about how the process works: the fear with a custom build is the unknown, not the price.","Portfolio built for a phone: full-bleed, fast, filterable by style and size.","A price band stated out loud: per square foot or per project, so the wrong enquiries stop.",The process explained: what happens between the first meeting and the keys.,Client build portal: selections and progress without the weekly phone call.,Land and lot listings: the enquiry that starts before there is a plan.
Midtown Dental Sacramento,info@midtowndentalsacramento.com,"no-booking,not-mobile-friendly,outdated-design","Case work buried: a smile-makeover patient researches for months alone at night, and the before-and-afters are two menus deep.",No price range anywhere: the biggest case of the month wants a number before they will pick up the phone.,Booking that needs the front desk awake: the consult request that would have come in at nine at night never comes in at all.,"Case gallery up front: filterable by treatment, sized for a phone.","A price range said out loud: in real numbers, with financing mentioned before they ask.",Consult booking on the same screen: not behind a form that goes to an inbox.,Financing pre-qualification: the objection handled before the call.,"Automated recall and reactivation: the patients you already have, coming back."
Mountainwood Homes,info@mountainwoodhomes.com,"not-mobile-friendly,outdated-design,weak-branding",The portfolio is the entire sale and it is presented badly: a phone-sized gallery of finished homes is what wins a build.,No price band anywhere: a client with a budget cannot tell whether you are their builder or twice their budget.,"Nothing about how the process works: the fear with a custom build is the unknown, not the price.","Portfolio built for a phone: full-bleed, fast, filterable by style and size.","A price band stated out loud: per square foot or per project, so the wrong enquiries stop.",The process explained: what happens between the first meeting and the keys.,Client build portal: selections and progress without the weekly phone call.,Land and lot listings: the enquiry that starts before there is a plan.
New Beginnings Landscape,info@newbeginningslandscapes.com,"not-mobile-friendly,outdated-design,weak-branding",The portfolio does not look like the work: high-end landscape is bought on images and the images are small and slow.,No project budget guidance: the difference between a planting plan and a full build is fifty thousand dollars and the site says neither.,No way to start a conversation properly: a contact form for a six-figure project.,"Portfolio that does the work justice: large, fast, phone-first, by project type.",Project budget bands stated: so the enquiries match the work you want.,Consultation booking with the right questions asked up front.,Design package sold online: a paid first step that qualifies hard.,Maintenance contracts online: recurring revenue off the builds you already did.
Opportunity Landscapes and Nursery,info@opportunitylandscapesandnursery.com,"not-mobile-friendly,outdated-design,weak-branding",The portfolio does not look like the work: high-end landscape is bought on images and the images are small and slow.,No project budget guidance: the difference between a planting plan and a full build is fifty thousand dollars and the site says neither.,No way to start a conversation properly: a contact form for a six-figure project.,"Portfolio that does the work justice: large, fast, phone-first, by project type.",Project budget bands stated: so the enquiries match the work you want.,Consultation booking with the right questions asked up front.,Design package sold online: a paid first step that qualifies hard.,Maintenance contracts online: recurring revenue off the builds you already did.
PINE Custom Homes,info@pinecustomhomes.com,"not-mobile-friendly,outdated-design,weak-branding",The portfolio is the entire sale and it is presented badly: a phone-sized gallery of finished homes is what wins a build.,No price band anywhere: a client with a budget cannot tell whether you are their builder or twice their budget.,"Nothing about how the process works: the fear with a custom build is the unknown, not the price.","Portfolio built for a phone: full-bleed, fast, filterable by style and size.","A price band stated out loud: per square foot or per project, so the wrong enquiries stop.",The process explained: what happens between the first meeting and the keys.,Client build portal: selections and progress without the weekly phone call.,Land and lot listings: the enquiry that starts before there is a plan.
Park Place Spa and Body Sculpt,info@parkplacespafl.com,"no-booking,not-mobile-friendly,outdated-design","No booking after hours: the decision to book happens at nine at night on a phone, and the only way in is a front desk that shut at five.","Treatments with no prices: she has to ring and ask what tox costs, which is the one call a first-timer will not make.",Reviews doing the selling on the wrong page: the thing that closes her is two clicks from where she lands.,"Booking on the homepage: live at midnight, two taps, no phone call.",Treatment menu with prices: stated plainly so nobody has to ring to find out.,Reviews beside the booking button: the proof and the action on one screen.,Membership signup online: recurring revenue that does not need the front desk.,Automated reminders and rebooking: fewer no-shows without anybody chasing.
Patete Kitchen and Bath Design Center,info@patetekitchens.com,"not-mobile-friendly,outdated-design,no-booking",Before-and-afters are the whole pitch and they are hard to reach: a remodel is bought with the eyes.,No budget guidance at all: every enquiry starts with a conversation about whether they can afford you.,No way to book a consultation: the form goes to an inbox and the momentum dies over the weekend.,"Before-and-after galleries by room: sized for a phone, quick to scroll.","Budget ranges stated: typical spend for a kitchen and for a bath, plainly.",Consultation booking online: while they are still looking at the photos.,"Design questionnaire before the visit: a shorter, better first meeting.",Financing pre-qualification: the objection handled before you drive out there.
Pittsburgh's Best Remodeling,info@pittsburghsbestremodeling.com,"not-mobile-friendly,outdated-design,no-booking",Before-and-afters are the whole pitch and they are hard to reach: a remodel is bought with the eyes.,No budget guidance at all: every enquiry starts with a conversation about whether they can afford you.,No way to book a consultation: the form goes to an inbox and the momentum dies over the weekend.,"Before-and-after galleries by room: sized for a phone, quick to scroll.","Budget ranges stated: typical spend for a kitchen and for a bath, plainly.",Consultation booking online: while they are still looking at the photos.,"Design questionnaire before the visit: a shorter, better first meeting.",Financing pre-qualification: the objection handled before you drive out there.
Plant Source Landscape and Restorations,info@plantsourcefl.com,"not-mobile-friendly,outdated-design,weak-branding",The portfolio does not look like the work: high-end landscape is bought on images and the images are small and slow.,No project budget guidance: the difference between a planting plan and a full build is fifty thousand dollars and the site says neither.,No way to start a conversation properly: a contact form for a six-figure project.,"Portfolio that does the work justice: large, fast, phone-first, by project type.",Project budget bands stated: so the enquiries match the work you want.,Consultation booking with the right questions asked up front.,Design package sold online: a paid first step that qualifies hard.,Maintenance contracts online: recurring revenue off the builds you already did.
Pools R Us,info@poolsrusllc.com,"not-mobile-friendly,outdated-design,weak-branding",The build gallery is what sells and it is buried: nobody buys a pool from a spec list.,No price band anywhere: a homeowner has no idea whether you build forty-thousand pools or hundred-and-forty.,"A season-long sales cycle with nothing to hold the enquiry: they look in February and buy in May, from whoever stayed in front of them.","Build gallery front and centre: full-bleed, phone-first, filterable by style.",A starting price said out loud: so the enquiries you get are ones you want.,Consultation booking online: at the hour people daydream about this.,Design visualiser or 3D walkthrough: the thing that closes the February looker.,Service and maintenance signup: revenue after the build is paid for.
Puryear Custom Pools,info@puryearpools.com,"not-mobile-friendly,outdated-design,weak-branding",The build gallery is what sells and it is buried: nobody buys a pool from a spec list.,No price band anywhere: a homeowner has no idea whether you build forty-thousand pools or hundred-and-forty.,"A season-long sales cycle with nothing to hold the enquiry: they look in February and buy in May, from whoever stayed in front of them.","Build gallery front and centre: full-bleed, phone-first, filterable by style.",A starting price said out loud: so the enquiries you get are ones you want.,Consultation booking online: at the hour people daydream about this.,Design visualiser or 3D walkthrough: the thing that closes the February looker.,Service and maintenance signup: revenue after the build is paid for.
Refresh Pools AZ,info@refreshpoolsaz.com,"not-mobile-friendly,outdated-design,weak-branding",The build gallery is what sells and it is buried: nobody buys a pool from a spec list.,No price band anywhere: a homeowner has no idea whether you build forty-thousand pools or hundred-and-forty.,"A season-long sales cycle with nothing to hold the enquiry: they look in February and buy in May, from whoever stayed in front of them.","Build gallery front and centre: full-bleed, phone-first, filterable by style.",A starting price said out loud: so the enquiries you get are ones you want.,Consultation booking online: at the hour people daydream about this.,Design visualiser or 3D walkthrough: the thing that closes the February looker.,Service and maintenance signup: revenue after the build is paid for.
RenewMD Medical Spa,info@renewmd.com,"no-booking,not-mobile-friendly,outdated-design","No booking after hours: the decision to book happens at nine at night on a phone, and the only way in is a front desk that shut at five.","Treatments with no prices: she has to ring and ask what tox costs, which is the one call a first-timer will not make.",Reviews doing the selling on the wrong page: the thing that closes her is two clicks from where she lands.,"Booking on the homepage: live at midnight, two taps, no phone call.",Treatment menu with prices: stated plainly so nobody has to ring to find out.,Reviews beside the booking button: the proof and the action on one screen.,Membership signup online: recurring revenue that does not need the front desk.,Automated reminders and rebooking: fewer no-shows without anybody chasing.
Reno Tahoe Medical Spa,info@renotahoemedicalspa.com,"no-booking,not-mobile-friendly,outdated-design","No booking after hours: the decision to book happens at nine at night on a phone, and the only way in is a front desk that shut at five.","Treatments with no prices: she has to ring and ask what tox costs, which is the one call a first-timer will not make.",Reviews doing the selling on the wrong page: the thing that closes her is two clicks from where she lands.,"Booking on the homepage: live at midnight, two taps, no phone call.",Treatment menu with prices: stated plainly so nobody has to ring to find out.,Reviews beside the booking button: the proof and the action on one screen.,Membership signup online: recurring revenue that does not need the front desk.,Automated reminders and rebooking: fewer no-shows without anybody chasing.
River West Dental Care,info@riverwestdentalcare.com,"no-booking,not-mobile-friendly,outdated-design","Case work buried: a smile-makeover patient researches for months alone at night, and the before-and-afters are two menus deep.",No price range anywhere: the biggest case of the month wants a number before they will pick up the phone.,Booking that needs the front desk awake: the consult request that would have come in at nine at night never comes in at all.,"Case gallery up front: filterable by treatment, sized for a phone.","A price range said out loud: in real numbers, with financing mentioned before they ask.",Consult booking on the same screen: not behind a form that goes to an inbox.,Financing pre-qualification: the objection handled before the call.,"Automated recall and reactivation: the patients you already have, coming back."
Robertson Pools,info@robertsonpools.com,"not-mobile-friendly,outdated-design,weak-branding",The build gallery is what sells and it is buried: nobody buys a pool from a spec list.,No price band anywhere: a homeowner has no idea whether you build forty-thousand pools or hundred-and-forty.,"A season-long sales cycle with nothing to hold the enquiry: they look in February and buy in May, from whoever stayed in front of them.","Build gallery front and centre: full-bleed, phone-first, filterable by style.",A starting price said out loud: so the enquiries you get are ones you want.,Consultation booking online: at the hour people daydream about this.,Design visualiser or 3D walkthrough: the thing that closes the February looker.,Service and maintenance signup: revenue after the build is paid for.
Ruther Family Dentistry,info@rutherdentistry.com,"no-booking,not-mobile-friendly,outdated-design","Case work buried: a smile-makeover patient researches for months alone at night, and the before-and-afters are two menus deep.",No price range anywhere: the biggest case of the month wants a number before they will pick up the phone.,Booking that needs the front desk awake: the consult request that would have come in at nine at night never comes in at all.,"Case gallery up front: filterable by treatment, sized for a phone.","A price range said out loud: in real numbers, with financing mentioned before they ask.",Consult booking on the same screen: not behind a form that goes to an inbox.,Financing pre-qualification: the objection handled before the call.,"Automated recall and reactivation: the patients you already have, coming back."
Sarasota Landscapers,info@sarasota-landscape.com,"not-mobile-friendly,outdated-design,weak-branding",The portfolio does not look like the work: high-end landscape is bought on images and the images are small and slow.,No project budget guidance: the difference between a planting plan and a full build is fifty thousand dollars and the site says neither.,No way to start a conversation properly: a contact form for a six-figure project.,"Portfolio that does the work justice: large, fast, phone-first, by project type.",Project budget bands stated: so the enquiries match the work you want.,Consultation booking with the right questions asked up front.,Design package sold online: a paid first step that qualifies hard.,Maintenance contracts online: recurring revenue off the builds you already did.
Sarasota Landscaping Inc,info@sarasotalandscaping.com,"not-mobile-friendly,outdated-design,weak-branding",The portfolio does not look like the work: high-end landscape is bought on images and the images are small and slow.,No project budget guidance: the difference between a planting plan and a full build is fifty thousand dollars and the site says neither.,No way to start a conversation properly: a contact form for a six-figure project.,"Portfolio that does the work justice: large, fast, phone-first, by project type.",Project budget bands stated: so the enquiries match the work you want.,Consultation booking with the right questions asked up front.,Design package sold online: a paid first step that qualifies hard.,Maintenance contracts online: recurring revenue off the builds you already did.
Sarasota Landscaping and Design,info@sarasotalandscapingdesign.com,"not-mobile-friendly,outdated-design,weak-branding",The portfolio does not look like the work: high-end landscape is bought on images and the images are small and slow.,No project budget guidance: the difference between a planting plan and a full build is fifty thousand dollars and the site says neither.,No way to start a conversation properly: a contact form for a six-figure project.,"Portfolio that does the work justice: large, fast, phone-first, by project type.",Project budget bands stated: so the enquiries match the work you want.,Consultation booking with the right questions asked up front.,Design package sold online: a paid first step that qualifies hard.,Maintenance contracts online: recurring revenue off the builds you already did.
Schmidt Family DDS,info@schmidtfamilydds.com,"no-booking,not-mobile-friendly,outdated-design","Case work buried: a smile-makeover patient researches for months alone at night, and the before-and-afters are two menus deep.",No price range anywhere: the biggest case of the month wants a number before they will pick up the phone.,Booking that needs the front desk awake: the consult request that would have come in at nine at night never comes in at all.,"Case gallery up front: filterable by treatment, sized for a phone.","A price range said out loud: in real numbers, with financing mentioned before they ask.",Consult booking on the same screen: not behind a form that goes to an inbox.,Financing pre-qualification: the objection handled before the call.,"Automated recall and reactivation: the patients you already have, coming back."
Scottsdale Landscape LLC,info@scottsdalelandscapellc.com,"not-mobile-friendly,outdated-design,weak-branding",The portfolio does not look like the work: high-end landscape is bought on images and the images are small and slow.,No project budget guidance: the difference between a planting plan and a full build is fifty thousand dollars and the site says neither.,No way to start a conversation properly: a contact form for a six-figure project.,"Portfolio that does the work justice: large, fast, phone-first, by project type.",Project budget bands stated: so the enquiries match the work you want.,Consultation booking with the right questions asked up front.,Design package sold online: a paid first step that qualifies hard.,Maintenance contracts online: recurring revenue off the builds you already did.
Scottsdale Landscaping,info@scottsdalelandscaping.net,"not-mobile-friendly,outdated-design,weak-branding",The portfolio does not look like the work: high-end landscape is bought on images and the images are small and slow.,No project budget guidance: the difference between a planting plan and a full build is fifty thousand dollars and the site says neither.,No way to start a conversation properly: a contact form for a six-figure project.,"Portfolio that does the work justice: large, fast, phone-first, by project type.",Project budget bands stated: so the enquiries match the work you want.,Consultation booking with the right questions asked up front.,Design package sold online: a paid first step that qualifies hard.,Maintenance contracts online: recurring revenue off the builds you already did.
Shertok Smiles,info@shertoksmiles.com,"no-booking,not-mobile-friendly,outdated-design","Case work buried: a smile-makeover patient researches for months alone at night, and the before-and-afters are two menus deep.",No price range anywhere: the biggest case of the month wants a number before they will pick up the phone.,Booking that needs the front desk awake: the consult request that would have come in at nine at night never comes in at all.,"Case gallery up front: filterable by treatment, sized for a phone.","A price range said out loud: in real numbers, with financing mentioned before they ask.",Consult booking on the same screen: not behind a form that goes to an inbox.,Financing pre-qualification: the objection handled before the call.,"Automated recall and reactivation: the patients you already have, coming back."
Sho-Pro of Indiana,info@sho-proinc.com,"not-mobile-friendly,outdated-design,no-booking",Before-and-afters are the whole pitch and they are hard to reach: a remodel is bought with the eyes.,No budget guidance at all: every enquiry starts with a conversation about whether they can afford you.,No way to book a consultation: the form goes to an inbox and the momentum dies over the weekend.,"Before-and-after galleries by room: sized for a phone, quick to scroll.","Budget ranges stated: typical spend for a kitchen and for a bath, plainly.",Consultation booking online: while they are still looking at the photos.,"Design questionnaire before the visit: a shorter, better first meeting.",Financing pre-qualification: the objection handled before you drive out there.
Signature Smiles Greenville,info@signaturesmilesgreenville.com,"no-booking,not-mobile-friendly,outdated-design","Case work buried: a smile-makeover patient researches for months alone at night, and the before-and-afters are two menus deep.",No price range anywhere: the biggest case of the month wants a number before they will pick up the phone.,Booking that needs the front desk awake: the consult request that would have come in at nine at night never comes in at all.,"Case gallery up front: filterable by treatment, sized for a phone.","A price range said out loud: in real numbers, with financing mentioned before they ask.",Consult booking on the same screen: not behind a form that goes to an inbox.,Financing pre-qualification: the objection handled before the call.,"Automated recall and reactivation: the patients you already have, coming back."
1st Choice Pools,firstchoicepools@live.com,"not-mobile-friendly,outdated-design,weak-branding",The build gallery is what sells and it is buried: nobody buys a pool from a spec list.,No price band anywhere: a homeowner has no idea whether you build forty-thousand pools or hundred-and-forty.,"A season-long sales cycle with nothing to hold the enquiry: they look in February and buy in May, from whoever stayed in front of them.","Build gallery front and centre: full-bleed, phone-first, filterable by style.",A starting price said out loud: so the enquiries you get are ones you want.,Consultation booking online: at the hour people daydream about this.,Design visualiser or 3D walkthrough: the thing that closes the February looker.,Service and maintenance signup: revenue after the build is paid for.
Boverhof Builders,info@boverhofbuilders.com,"not-mobile-friendly,outdated-design,weak-branding",The portfolio is the entire sale and it is presented badly: a phone-sized gallery of finished homes is what wins a build.,No price band anywhere: a client with a budget cannot tell whether you are their builder or twice their budget.,"Nothing about how the process works: the fear with a custom build is the unknown, not the price.","Portfolio built for a phone: full-bleed, fast, filterable by style and size.","A price band stated out loud: per square foot or per project, so the wrong enquiries stop.",The process explained: what happens between the first meeting and the keys.,Client build portal: selections and progress without the weekly phone call.,Land and lot listings: the enquiry that starts before there is a plan.
CLE Remodeling Co,todd@cleremodelingco.com,"not-mobile-friendly,outdated-design,no-booking",Before-and-afters are the whole pitch and they are hard to reach: a remodel is bought with the eyes.,No budget guidance at all: every enquiry starts with a conversation about whether they can afford you.,No way to book a consultation: the form goes to an inbox and the momentum dies over the weekend.,"Before-and-after galleries by room: sized for a phone, quick to scroll.","Budget ranges stated: typical spend for a kitchen and for a bath, plainly.",Consultation booking online: while they are still looking at the photos.,"Design questionnaire before the visit: a shorter, better first meeting.",Financing pre-qualification: the objection handled before you drive out there.
Carolina Custom Pools and Landscape,info@ccpandl.com,"not-mobile-friendly,outdated-design,weak-branding",The build gallery is what sells and it is buried: nobody buys a pool from a spec list.,No price band anywhere: a homeowner has no idea whether you build forty-thousand pools or hundred-and-forty.,"A season-long sales cycle with nothing to hold the enquiry: they look in February and buy in May, from whoever stayed in front of them.","Build gallery front and centre: full-bleed, phone-first, filterable by style.",A starting price said out loud: so the enquiries you get are ones you want.,Consultation booking online: at the hour people daydream about this.,Design visualiser or 3D walkthrough: the thing that closes the February looker.,Service and maintenance signup: revenue after the build is paid for.
Element MedSpa Capitol Hill,info@elementmedicalspa.com,"no-booking,not-mobile-friendly,outdated-design","No booking after hours: the decision to book happens at nine at night on a phone, and the only way in is a front desk that shut at five.","Treatments with no prices: she has to ring and ask what tox costs, which is the one call a first-timer will not make.",Reviews doing the selling on the wrong page: the thing that closes her is two clicks from where she lands.,"Booking on the homepage: live at midnight, two taps, no phone call.",Treatment menu with prices: stated plainly so nobody has to ring to find out.,Reviews beside the booking button: the proof and the action on one screen.,Membership signup online: recurring revenue that does not need the front desk.,Automated reminders and rebooking: fewer no-shows without anybody chasing.
Glow Medispa,info@glowspaseattle.com,"no-booking,not-mobile-friendly,outdated-design","No booking after hours: the decision to book happens at nine at night on a phone, and the only way in is a front desk that shut at five.","Treatments with no prices: she has to ring and ask what tox costs, which is the one call a first-timer will not make.",Reviews doing the selling on the wrong page: the thing that closes her is two clicks from where she lands.,"Booking on the homepage: live at midnight, two taps, no phone call.",Treatment menu with prices: stated plainly so nobody has to ring to find out.,Reviews beside the booking button: the proof and the action on one screen.,Membership signup online: recurring revenue that does not need the front desk.,Automated reminders and rebooking: fewer no-shows without anybody chasing.
Houston Landscape Pros,sales@houstonlandscapepros.com,"not-mobile-friendly,outdated-design,weak-branding",The portfolio does not look like the work: high-end landscape is bought on images and the images are small and slow.,No project budget guidance: the difference between a planting plan and a full build is fifty thousand dollars and the site says neither.,No way to start a conversation properly: a contact form for a six-figure project.,"Portfolio that does the work justice: large, fast, phone-first, by project type.",Project budget bands stated: so the enquiries match the work you want.,Consultation booking with the right questions asked up front.,Design package sold online: a paid first step that qualifies hard.,Maintenance contracts online: recurring revenue off the builds you already did.
Mariposa Salon and Spa,info@mariposasalonandspa.com,"no-booking,not-mobile-friendly,outdated-design","No booking after hours: the decision to book happens at nine at night on a phone, and the only way in is a front desk that shut at five.","Treatments with no prices: she has to ring and ask what tox costs, which is the one call a first-timer will not make.",Reviews doing the selling on the wrong page: the thing that closes her is two clicks from where she lands.,"Booking on the homepage: live at midnight, two taps, no phone call.",Treatment menu with prices: stated plainly so nobody has to ring to find out.,Reviews beside the booking button: the proof and the action on one screen.,Membership signup online: recurring revenue that does not need the front desk.,Automated reminders and rebooking: fewer no-shows without anybody chasing.
Natural Wonders Landscaping,info@houstonlandscaper.org,"not-mobile-friendly,outdated-design,weak-branding",The portfolio does not look like the work: high-end landscape is bought on images and the images are small and slow.,No project budget guidance: the difference between a planting plan and a full build is fifty thousand dollars and the site says neither.,No way to start a conversation properly: a contact form for a six-figure project.,"Portfolio that does the work justice: large, fast, phone-first, by project type.",Project budget bands stated: so the enquiries match the work you want.,Consultation booking with the right questions asked up front.,Design package sold online: a paid first step that qualifies hard.,Maintenance contracts online: recurring revenue off the builds you already did.
Omni Pool Builders,info@omnipoolbuilders.com,"not-mobile-friendly,outdated-design,weak-branding",The build gallery is what sells and it is buried: nobody buys a pool from a spec list.,No price band anywhere: a homeowner has no idea whether you build forty-thousand pools or hundred-and-forty.,"A season-long sales cycle with nothing to hold the enquiry: they look in February and buy in May, from whoever stayed in front of them.","Build gallery front and centre: full-bleed, phone-first, filterable by style.",A starting price said out loud: so the enquiries you get are ones you want.,Consultation booking online: at the hour people daydream about this.,Design visualiser or 3D walkthrough: the thing that closes the February looker.,Service and maintenance signup: revenue after the build is paid for.
Onorato Landscape Design,info@onoratoslandscapedesign.com,"not-mobile-friendly,outdated-design,weak-branding",The portfolio does not look like the work: high-end landscape is bought on images and the images are small and slow.,No project budget guidance: the difference between a planting plan and a full build is fifty thousand dollars and the site says neither.,No way to start a conversation properly: a contact form for a six-figure project.,"Portfolio that does the work justice: large, fast, phone-first, by project type.",Project budget bands stated: so the enquiries match the work you want.,Consultation booking with the right questions asked up front.,Design package sold online: a paid first step that qualifies hard.,Maintenance contracts online: recurring revenue off the builds you already did.
Ozoned Studio Med Spa,lakeview@theozonedstudio.com,"no-booking,not-mobile-friendly,outdated-design","No booking after hours: the decision to book happens at nine at night on a phone, and the only way in is a front desk that shut at five.","Treatments with no prices: she has to ring and ask what tox costs, which is the one call a first-timer will not make.",Reviews doing the selling on the wrong page: the thing that closes her is two clicks from where she lands.,"Booking on the homepage: live at midnight, two taps, no phone call.",Treatment menu with prices: stated plainly so nobody has to ring to find out.,Reviews beside the booking button: the proof and the action on one screen.,Membership signup online: recurring revenue that does not need the front desk.,Automated reminders and rebooking: fewer no-shows without anybody chasing.
Park Vista Builders,gparsons@parkvistabuilders.com,"not-mobile-friendly,outdated-design,weak-branding",The portfolio is the entire sale and it is presented badly: a phone-sized gallery of finished homes is what wins a build.,No price band anywhere: a client with a budget cannot tell whether you are their builder or twice their budget.,"Nothing about how the process works: the fear with a custom build is the unknown, not the price.","Portfolio built for a phone: full-bleed, fast, filterable by style and size.","A price band stated out loud: per square foot or per project, so the wrong enquiries stop.",The process explained: what happens between the first meeting and the keys.,Client build portal: selections and progress without the weekly phone call.,Land and lot listings: the enquiry that starts before there is a plan.
PoolScapes of Charlotte,info@poolsofcharlotte.com,"not-mobile-friendly,outdated-design,weak-branding",The build gallery is what sells and it is buried: nobody buys a pool from a spec list.,No price band anywhere: a homeowner has no idea whether you build forty-thousand pools or hundred-and-forty.,"A season-long sales cycle with nothing to hold the enquiry: they look in February and buy in May, from whoever stayed in front of them.","Build gallery front and centre: full-bleed, phone-first, filterable by style.",A starting price said out loud: so the enquiries you get are ones you want.,Consultation booking online: at the hour people daydream about this.,Design visualiser or 3D walkthrough: the thing that closes the February looker.,Service and maintenance signup: revenue after the build is paid for.
Presidential Pools and Spas,info@presidentialpools.com,"not-mobile-friendly,outdated-design,weak-branding",The build gallery is what sells and it is buried: nobody buys a pool from a spec list.,No price band anywhere: a homeowner has no idea whether you build forty-thousand pools or hundred-and-forty.,"A season-long sales cycle with nothing to hold the enquiry: they look in February and buy in May, from whoever stayed in front of them.","Build gallery front and centre: full-bleed, phone-first, filterable by style.",A starting price said out loud: so the enquiries you get are ones you want.,Consultation booking online: at the hour people daydream about this.,Design visualiser or 3D walkthrough: the thing that closes the February looker.,Service and maintenance signup: revenue after the build is paid for.
Royalty Wellness Spa,appointment@royaltywellnessspa.com,"no-booking,not-mobile-friendly,outdated-design","No booking after hours: the decision to book happens at nine at night on a phone, and the only way in is a front desk that shut at five.","Treatments with no prices: she has to ring and ask what tox costs, which is the one call a first-timer will not make.",Reviews doing the selling on the wrong page: the thing that closes her is two clicks from where she lands.,"Booking on the homepage: live at midnight, two taps, no phone call.",Treatment menu with prices: stated plainly so nobody has to ring to find out.,Reviews beside the booking button: the proof and the action on one screen.,Membership signup online: recurring revenue that does not need the front desk.,Automated reminders and rebooking: fewer no-shows without anybody chasing.
Rutheo Designs,connect@rutheodesigns.com,"not-mobile-friendly,outdated-design,weak-branding",The portfolio does not look like the work: high-end landscape is bought on images and the images are small and slow.,No project budget guidance: the difference between a planting plan and a full build is fifty thousand dollars and the site says neither.,No way to start a conversation properly: a contact form for a six-figure project.,"Portfolio that does the work justice: large, fast, phone-first, by project type.",Project budget bands stated: so the enquiries match the work you want.,Consultation booking with the right questions asked up front.,Design package sold online: a paid first step that qualifies hard.,Maintenance contracts online: recurring revenue off the builds you already did.
Skin Body Health,info@skinbodyhealth.com,"no-booking,not-mobile-friendly,outdated-design","No booking after hours: the decision to book happens at nine at night on a phone, and the only way in is a front desk that shut at five.","Treatments with no prices: she has to ring and ask what tox costs, which is the one call a first-timer will not make.",Reviews doing the selling on the wrong page: the thing that closes her is two clicks from where she lands.,"Booking on the homepage: live at midnight, two taps, no phone call.",Treatment menu with prices: stated plainly so nobody has to ring to find out.,Reviews beside the booking button: the proof and the action on one screen.,Membership signup online: recurring revenue that does not need the front desk.,Automated reminders and rebooking: fewer no-shows without anybody chasing.
Skinlogic Med Spa,info@skinlogicmedspa.com,"no-booking,not-mobile-friendly,outdated-design","No booking after hours: the decision to book happens at nine at night on a phone, and the only way in is a front desk that shut at five.","Treatments with no prices: she has to ring and ask what tox costs, which is the one call a first-timer will not make.",Reviews doing the selling on the wrong page: the thing that closes her is two clicks from where she lands.,"Booking on the homepage: live at midnight, two taps, no phone call.",Treatment menu with prices: stated plainly so nobody has to ring to find out.,Reviews beside the booking button: the proof and the action on one screen.,Membership signup online: recurring revenue that does not need the front desk.,Automated reminders and rebooking: fewer no-shows without anybody chasing.
Vitality Medi Spa Queen Anne,info@vitalityqueenanne.com,"no-booking,not-mobile-friendly,outdated-design","No booking after hours: the decision to book happens at nine at night on a phone, and the only way in is a front desk that shut at five.","Treatments with no prices: she has to ring and ask what tox costs, which is the one call a first-timer will not make.",Reviews doing the selling on the wrong page: the thing that closes her is two clicks from where she lands.,"Booking on the homepage: live at midnight, two taps, no phone call.",Treatment menu with prices: stated plainly so nobody has to ring to find out.,Reviews beside the booking button: the proof and the action on one screen.,Membership signup online: recurring revenue that does not need the front desk.,Automated reminders and rebooking: fewer no-shows without anybody chasing.
215 Mercury,info@215mercury.com,"not-mobile-friendly,outdated-design,no-booking",Before-and-afters are the whole pitch and they are hard to reach: a remodel is bought with the eyes.,No budget guidance at all: every enquiry starts with a conversation about whether they can afford you.,No way to book a consultation: the form goes to an inbox and the momentum dies over the weekend.,"Before-and-after galleries by room: sized for a phone, quick to scroll.","Budget ranges stated: typical spend for a kitchen and for a bath, plainly.",Consultation booking online: while they are still looking at the photos.,"Design questionnaire before the visit: a shorter, better first meeting.",Financing pre-qualification: the objection handled before you drive out there.
A Beautiful You Medical Spa,info@abeautifulyoumedicalspa.com,"no-booking,not-mobile-friendly,outdated-design","No booking after hours: the decision to book happens at nine at night on a phone, and the only way in is a front desk that shut at five.","Treatments with no prices: she has to ring and ask what tox costs, which is the one call a first-timer will not make.",Reviews doing the selling on the wrong page: the thing that closes her is two clicks from where she lands.,"Booking on the homepage: live at midnight, two taps, no phone call.",Treatment menu with prices: stated plainly so nobody has to ring to find out.,Reviews beside the booking button: the proof and the action on one screen.,Membership signup online: recurring revenue that does not need the front desk.,Automated reminders and rebooking: fewer no-shows without anybody chasing.
Advances in Dentistry,info@advancesindentistry.com,"no-booking,not-mobile-friendly,outdated-design","Case work buried: a smile-makeover patient researches for months alone at night, and the before-and-afters are two menus deep.",No price range anywhere: the biggest case of the month wants a number before they will pick up the phone.,Booking that needs the front desk awake: the consult request that would have come in at nine at night never comes in at all.,"Case gallery up front: filterable by treatment, sized for a phone.","A price range said out loud: in real numbers, with financing mentioned before they ask.",Consult booking on the same screen: not behind a form that goes to an inbox.,Financing pre-qualification: the objection handled before the call.,"Automated recall and reactivation: the patients you already have, coming back."
Affinity Dental Care,info@myaffinitydentalcare.com,"no-booking,not-mobile-friendly,outdated-design","Case work buried: a smile-makeover patient researches for months alone at night, and the before-and-afters are two menus deep.",No price range anywhere: the biggest case of the month wants a number before they will pick up the phone.,Booking that needs the front desk awake: the consult request that would have come in at nine at night never comes in at all.,"Case gallery up front: filterable by treatment, sized for a phone.","A price range said out loud: in real numbers, with financing mentioned before they ask.",Consult booking on the same screen: not behind a form that goes to an inbox.,Financing pre-qualification: the objection handled before the call.,"Automated recall and reactivation: the patients you already have, coming back."
Alderwood Landscaping,info@alderwoodlandscaping.com,"not-mobile-friendly,outdated-design,weak-branding",The portfolio does not look like the work: high-end landscape is bought on images and the images are small and slow.,No project budget guidance: the difference between a planting plan and a full build is fifty thousand dollars and the site says neither.,No way to start a conversation properly: a contact form for a six-figure project.,"Portfolio that does the work justice: large, fast, phone-first, by project type.",Project budget bands stated: so the enquiries match the work you want.,Consultation booking with the right questions asked up front.,Design package sold online: a paid first step that qualifies hard.,Maintenance contracts online: recurring revenue off the builds you already did.
Amenities Wellness Spa,info@amenitieswellnessspa.com,"no-booking,not-mobile-friendly,outdated-design","No booking after hours: the decision to book happens at nine at night on a phone, and the only way in is a front desk that shut at five.","Treatments with no prices: she has to ring and ask what tox costs, which is the one call a first-timer will not make.",Reviews doing the selling on the wrong page: the thing that closes her is two clicks from where she lands.,"Booking on the homepage: live at midnight, two taps, no phone call.",Treatment menu with prices: stated plainly so nobody has to ring to find out.,Reviews beside the booking button: the proof and the action on one screen.,Membership signup online: recurring revenue that does not need the front desk.,Automated reminders and rebooking: fewer no-shows without anybody chasing.
Arti's Remodeling,info@artisremodeling.com,"not-mobile-friendly,outdated-design,no-booking",Before-and-afters are the whole pitch and they are hard to reach: a remodel is bought with the eyes.,No budget guidance at all: every enquiry starts with a conversation about whether they can afford you.,No way to book a consultation: the form goes to an inbox and the momentum dies over the weekend.,"Before-and-after galleries by room: sized for a phone, quick to scroll.","Budget ranges stated: typical spend for a kitchen and for a bath, plainly.",Consultation booking online: while they are still looking at the photos.,"Design questionnaire before the visit: a shorter, better first meeting.",Financing pre-qualification: the objection handled before you drive out there.
Arzate Design Group,info@arzatedesigngroup.com,"not-mobile-friendly,outdated-design,weak-branding",The build gallery is what sells and it is buried: nobody buys a pool from a spec list.,No price band anywhere: a homeowner has no idea whether you build forty-thousand pools or hundred-and-forty.,"A season-long sales cycle with nothing to hold the enquiry: they look in February and buy in May, from whoever stayed in front of them.","Build gallery front and centre: full-bleed, phone-first, filterable by style.",A starting price said out loud: so the enquiries you get are ones you want.,Consultation booking online: at the hour people daydream about this.,Design visualiser or 3D walkthrough: the thing that closes the February looker.,Service and maintenance signup: revenue after the build is paid for.
B&B Pools of the Carolinas,info@bandbpoolscarolina.com,"not-mobile-friendly,outdated-design,weak-branding",The build gallery is what sells and it is buried: nobody buys a pool from a spec list.,No price band anywhere: a homeowner has no idea whether you build forty-thousand pools or hundred-and-forty.,"A season-long sales cycle with nothing to hold the enquiry: they look in February and buy in May, from whoever stayed in front of them.","Build gallery front and centre: full-bleed, phone-first, filterable by style.",A starting price said out loud: so the enquiries you get are ones you want.,Consultation booking online: at the hour people daydream about this.,Design visualiser or 3D walkthrough: the thing that closes the February looker.,Service and maintenance signup: revenue after the build is paid for.
Beauty Deep MedSpa,info@beautydeepmedspa.com,"no-booking,not-mobile-friendly,outdated-design","No booking after hours: the decision to book happens at nine at night on a phone, and the only way in is a front desk that shut at five.","Treatments with no prices: she has to ring and ask what tox costs, which is the one call a first-timer will not make.",Reviews doing the selling on the wrong page: the thing that closes her is two clicks from where she lands.,"Booking on the homepage: live at midnight, two taps, no phone call.",Treatment menu with prices: stated plainly so nobody has to ring to find out.,Reviews beside the booking button: the proof and the action on one screen.,Membership signup online: recurring revenue that does not need the front desk.,Automated reminders and rebooking: fewer no-shows without anybody chasing.
Bella Vita Custom Homes,info@bvchomes.com,"not-mobile-friendly,outdated-design,weak-branding",The portfolio is the entire sale and it is presented badly: a phone-sized gallery of finished homes is what wins a build.,No price band anywhere: a client with a budget cannot tell whether you are their builder or twice their budget.,"Nothing about how the process works: the fear with a custom build is the unknown, not the price.","Portfolio built for a phone: full-bleed, fast, filterable by style and size.","A price band stated out loud: per square foot or per project, so the wrong enquiries stop.",The process explained: what happens between the first meeting and the keys.,Client build portal: selections and progress without the weekly phone call.,Land and lot listings: the enquiry that starts before there is a plan.
Benchmark Homes STL,info@benchmarkhomesstl.com,"not-mobile-friendly,outdated-design,weak-branding",The portfolio is the entire sale and it is presented badly: a phone-sized gallery of finished homes is what wins a build.,No price band anywhere: a client with a budget cannot tell whether you are their builder or twice their budget.,"Nothing about how the process works: the fear with a custom build is the unknown, not the price.","Portfolio built for a phone: full-bleed, fast, filterable by style and size.","A price band stated out loud: per square foot or per project, so the wrong enquiries stop.",The process explained: what happens between the first meeting and the keys.,Client build portal: selections and progress without the weekly phone call.,Land and lot listings: the enquiry that starts before there is a plan.
Birmingham Smiles,info@bhmsmiles.com,"no-booking,not-mobile-friendly,outdated-design","Case work buried: a smile-makeover patient researches for months alone at night, and the before-and-afters are two menus deep.",No price range anywhere: the biggest case of the month wants a number before they will pick up the phone.,Booking that needs the front desk awake: the consult request that would have come in at nine at night never comes in at all.,"Case gallery up front: filterable by treatment, sized for a phone.","A price range said out loud: in real numbers, with financing mentioned before they ask.",Consult booking on the same screen: not behind a form that goes to an inbox.,Financing pre-qualification: the objection handled before the call.,"Automated recall and reactivation: the patients you already have, coming back."
Boston Bath Remodel,info@bostonbathremodel.com,"not-mobile-friendly,outdated-design,no-booking",Before-and-afters are the whole pitch and they are hard to reach: a remodel is bought with the eyes.,No budget guidance at all: every enquiry starts with a conversation about whether they can afford you.,No way to book a consultation: the form goes to an inbox and the momentum dies over the weekend.,"Before-and-after galleries by room: sized for a phone, quick to scroll.","Budget ranges stated: typical spend for a kitchen and for a bath, plainly.",Consultation booking online: while they are still looking at the photos.,"Design questionnaire before the visit: a shorter, better first meeting.",Financing pre-qualification: the objection handled before you drive out there.
Celsius Med Spa Seattle,info@celsiusmedspa.com,"no-booking,not-mobile-friendly,outdated-design","No booking after hours: the decision to book happens at nine at night on a phone, and the only way in is a front desk that shut at five.","Treatments with no prices: she has to ring and ask what tox costs, which is the one call a first-timer will not make.",Reviews doing the selling on the wrong page: the thing that closes her is two clicks from where she lands.,"Booking on the homepage: live at midnight, two taps, no phone call.",Treatment menu with prices: stated plainly so nobody has to ring to find out.,Reviews beside the booking button: the proof and the action on one screen.,Membership signup online: recurring revenue that does not need the front desk.,Automated reminders and rebooking: fewer no-shows without anybody chasing.
Classic Landscaping Seattle,info@classiclandscaping.com,"not-mobile-friendly,outdated-design,weak-branding",The portfolio does not look like the work: high-end landscape is bought on images and the images are small and slow.,No project budget guidance: the difference between a planting plan and a full build is fifty thousand dollars and the site says neither.,No way to start a conversation properly: a contact form for a six-figure project.,"Portfolio that does the work justice: large, fast, phone-first, by project type.",Project budget bands stated: so the enquiries match the work you want.,Consultation booking with the right questions asked up front.,Design package sold online: a paid first step that qualifies hard.,Maintenance contracts online: recurring revenue off the builds you already did.
Coast Landscape Design,info@coastlandscapedesign.com,"not-mobile-friendly,outdated-design,weak-branding",The portfolio does not look like the work: high-end landscape is bought on images and the images are small and slow.,No project budget guidance: the difference between a planting plan and a full build is fifty thousand dollars and the site says neither.,No way to start a conversation properly: a contact form for a six-figure project.,"Portfolio that does the work justice: large, fast, phone-first, by project type.",Project budget bands stated: so the enquiries match the work you want.,Consultation booking with the right questions asked up front.,Design package sold online: a paid first step that qualifies hard.,Maintenance contracts online: recurring revenue off the builds you already did.
Cook Family and Cosmetic Dentistry,info@cookdmd.com,"no-booking,not-mobile-friendly,outdated-design","Case work buried: a smile-makeover patient researches for months alone at night, and the before-and-afters are two menus deep.",No price range anywhere: the biggest case of the month wants a number before they will pick up the phone.,Booking that needs the front desk awake: the consult request that would have come in at nine at night never comes in at all.,"Case gallery up front: filterable by treatment, sized for a phone.","A price range said out loud: in real numbers, with financing mentioned before they ask.",Consult booking on the same screen: not behind a form that goes to an inbox.,Financing pre-qualification: the objection handled before the call.,"Automated recall and reactivation: the patients you already have, coming back."
Daily View Pools,info@dailyviewpoolsllc.com,"not-mobile-friendly,outdated-design,weak-branding",The build gallery is what sells and it is buried: nobody buys a pool from a spec list.,No price band anywhere: a homeowner has no idea whether you build forty-thousand pools or hundred-and-forty.,"A season-long sales cycle with nothing to hold the enquiry: they look in February and buy in May, from whoever stayed in front of them.","Build gallery front and centre: full-bleed, phone-first, filterable by style.",A starting price said out loud: so the enquiries you get are ones you want.,Consultation booking online: at the hour people daydream about this.,Design visualiser or 3D walkthrough: the thing that closes the February looker.,Service and maintenance signup: revenue after the build is paid for.
Daniel Dentistry Birmingham,info@bhamdentist.com,"no-booking,not-mobile-friendly,outdated-design","Case work buried: a smile-makeover patient researches for months alone at night, and the before-and-afters are two menus deep.",No price range anywhere: the biggest case of the month wants a number before they will pick up the phone.,Booking that needs the front desk awake: the consult request that would have come in at nine at night never comes in at all.,"Case gallery up front: filterable by treatment, sized for a phone.","A price range said out loud: in real numbers, with financing mentioned before they ask.",Consult booking on the same screen: not behind a form that goes to an inbox.,Financing pre-qualification: the objection handled before the call.,"Automated recall and reactivation: the patients you already have, coming back."
Dentist OKC,info@dentistokc.com,"no-booking,not-mobile-friendly,outdated-design","Case work buried: a smile-makeover patient researches for months alone at night, and the before-and-afters are two menus deep.",No price range anywhere: the biggest case of the month wants a number before they will pick up the phone.,Booking that needs the front desk awake: the consult request that would have come in at nine at night never comes in at all.,"Case gallery up front: filterable by treatment, sized for a phone.","A price range said out loud: in real numbers, with financing mentioned before they ask.",Consult booking on the same screen: not behind a form that goes to an inbox.,Financing pre-qualification: the objection handled before the call.,"Automated recall and reactivation: the patients you already have, coming back."
Dentist in Louisville,info@dentistinlouisville.com,"no-booking,not-mobile-friendly,outdated-design","Case work buried: a smile-makeover patient researches for months alone at night, and the before-and-afters are two menus deep.",No price range anywhere: the biggest case of the month wants a number before they will pick up the phone.,Booking that needs the front desk awake: the consult request that would have come in at nine at night never comes in at all.,"Case gallery up front: filterable by treatment, sized for a phone.","A price range said out loud: in real numbers, with financing mentioned before they ask.",Consult booking on the same screen: not behind a form that goes to an inbox.,Financing pre-qualification: the objection handled before the call.,"Automated recall and reactivation: the patients you already have, coming back."
Earth Ideas Landscaping,info@earthideaslandscaping.com,"not-mobile-friendly,outdated-design,weak-branding",The portfolio does not look like the work: high-end landscape is bought on images and the images are small and slow.,No project budget guidance: the difference between a planting plan and a full build is fifty thousand dollars and the site says neither.,No way to start a conversation properly: a contact form for a six-figure project.,"Portfolio that does the work justice: large, fast, phone-first, by project type.",Project budget bands stated: so the enquiries match the work you want.,Consultation booking with the right questions asked up front.,Design package sold online: a paid first step that qualifies hard.,Maintenance contracts online: recurring revenue off the builds you already did.
Elassal Family Dentistry,info@elassalfamilydentistry.com,"no-booking,not-mobile-friendly,outdated-design","Case work buried: a smile-makeover patient researches for months alone at night, and the before-and-afters are two menus deep.",No price range anywhere: the biggest case of the month wants a number before they will pick up the phone.,Booking that needs the front desk awake: the consult request that would have come in at nine at night never comes in at all.,"Case gallery up front: filterable by treatment, sized for a phone.","A price range said out loud: in real numbers, with financing mentioned before they ask.",Consult booking on the same screen: not behind a form that goes to an inbox.,Financing pre-qualification: the objection handled before the call.,"Automated recall and reactivation: the patients you already have, coming back."
Elite Smiles of Louisville,info@elitesmileslou.com,"no-booking,not-mobile-friendly,outdated-design","Case work buried: a smile-makeover patient researches for months alone at night, and the before-and-afters are two menus deep.",No price range anywhere: the biggest case of the month wants a number before they will pick up the phone.,Booking that needs the front desk awake: the consult request that would have come in at nine at night never comes in at all.,"Case gallery up front: filterable by treatment, sized for a phone.","A price range said out loud: in real numbers, with financing mentioned before they ask.",Consult booking on the same screen: not behind a form that goes to an inbox.,Financing pre-qualification: the objection handled before the call.,"Automated recall and reactivation: the patients you already have, coming back."
Family Dental 502,info@familydental502.com,"no-booking,not-mobile-friendly,outdated-design","Case work buried: a smile-makeover patient researches for months alone at night, and the before-and-afters are two menus deep.",No price range anywhere: the biggest case of the month wants a number before they will pick up the phone.,Booking that needs the front desk awake: the consult request that would have come in at nine at night never comes in at all.,"Case gallery up front: filterable by treatment, sized for a phone.","A price range said out loud: in real numbers, with financing mentioned before they ask.",Consult booking on the same screen: not behind a form that goes to an inbox.,Financing pre-qualification: the objection handled before the call.,"Automated recall and reactivation: the patients you already have, coming back."
FiveSTAR Landscape,info@houstonfivestar.com,"not-mobile-friendly,outdated-design,weak-branding",The portfolio does not look like the work: high-end landscape is bought on images and the images are small and slow.,No project budget guidance: the difference between a planting plan and a full build is fifty thousand dollars and the site says neither.,No way to start a conversation properly: a contact form for a six-figure project.,"Portfolio that does the work justice: large, fast, phone-first, by project type.",Project budget bands stated: so the enquiries match the work you want.,Consultation booking with the right questions asked up front.,Design package sold online: a paid first step that qualifies hard.,Maintenance contracts online: recurring revenue off the builds you already did.
Grand Vista Pools,info@grandvistapools.com,"not-mobile-friendly,outdated-design,weak-branding",The build gallery is what sells and it is buried: nobody buys a pool from a spec list.,No price band anywhere: a homeowner has no idea whether you build forty-thousand pools or hundred-and-forty.,"A season-long sales cycle with nothing to hold the enquiry: they look in February and buy in May, from whoever stayed in front of them.","Build gallery front and centre: full-bleed, phone-first, filterable by style.",A starting price said out loud: so the enquiries you get are ones you want.,Consultation booking online: at the hour people daydream about this.,Design visualiser or 3D walkthrough: the thing that closes the February looker.,Service and maintenance signup: revenue after the build is paid for.
Greystone Smile Design,info@greystonesmiledesign.com,"no-booking,not-mobile-friendly,outdated-design","Case work buried: a smile-makeover patient researches for months alone at night, and the before-and-afters are two menus deep.",No price range anywhere: the biggest case of the month wants a number before they will pick up the phone.,Booking that needs the front desk awake: the consult request that would have come in at nine at night never comes in at all.,"Case gallery up front: filterable by treatment, sized for a phone.","A price range said out loud: in real numbers, with financing mentioned before they ask.",Consult booking on the same screen: not behind a form that goes to an inbox.,Financing pre-qualification: the objection handled before the call.,"Automated recall and reactivation: the patients you already have, coming back."
Hardeman Landscape,info@hardemanlandscape.com,"not-mobile-friendly,outdated-design,weak-branding",The portfolio does not look like the work: high-end landscape is bought on images and the images are small and slow.,No project budget guidance: the difference between a planting plan and a full build is fifty thousand dollars and the site says neither.,No way to start a conversation properly: a contact form for a six-figure project.,"Portfolio that does the work justice: large, fast, phone-first, by project type.",Project budget bands stated: so the enquiries match the work you want.,Consultation booking with the right questions asked up front.,Design package sold online: a paid first step that qualifies hard.,Maintenance contracts online: recurring revenue off the builds you already did.
Hibbs Luxury Homes,info@hibbshomesusa.com,"not-mobile-friendly,outdated-design,weak-branding",The portfolio is the entire sale and it is presented badly: a phone-sized gallery of finished homes is what wins a build.,No price band anywhere: a client with a budget cannot tell whether you are their builder or twice their budget.,"Nothing about how the process works: the fear with a custom build is the unknown, not the price.","Portfolio built for a phone: full-bleed, fast, filterable by style and size.","A price band stated out loud: per square foot or per project, so the wrong enquiries stop.",The process explained: what happens between the first meeting and the keys.,Client build portal: selections and progress without the weekly phone call.,Land and lot listings: the enquiry that starts before there is a plan.
Inverness Smiles,info@invernesssmiles.com,"no-booking,not-mobile-friendly,outdated-design","Case work buried: a smile-makeover patient researches for months alone at night, and the before-and-afters are two menus deep.",No price range anywhere: the biggest case of the month wants a number before they will pick up the phone.,Booking that needs the front desk awake: the consult request that would have come in at nine at night never comes in at all.,"Case gallery up front: filterable by treatment, sized for a phone.","A price range said out loud: in real numbers, with financing mentioned before they ask.",Consult booking on the same screen: not behind a form that goes to an inbox.,Financing pre-qualification: the objection handled before the call.,"Automated recall and reactivation: the patients you already have, coming back."
Jeffrey Homes,info@jeffreyhomesllc.com,"not-mobile-friendly,outdated-design,weak-branding",The portfolio is the entire sale and it is presented badly: a phone-sized gallery of finished homes is what wins a build.,No price band anywhere: a client with a budget cannot tell whether you are their builder or twice their budget.,"Nothing about how the process works: the fear with a custom build is the unknown, not the price.","Portfolio built for a phone: full-bleed, fast, filterable by style and size.","A price band stated out loud: per square foot or per project, so the wrong enquiries stop.",The process explained: what happens between the first meeting and the keys.,Client build portal: selections and progress without the weekly phone call.,Land and lot listings: the enquiry that starts before there is a plan.
Jim Turner Family Dentistry,info@jimturnerfamilydentistry.com,"no-booking,not-mobile-friendly,outdated-design","Case work buried: a smile-makeover patient researches for months alone at night, and the before-and-afters are two menus deep.",No price range anywhere: the biggest case of the month wants a number before they will pick up the phone.,Booking that needs the front desk awake: the consult request that would have come in at nine at night never comes in at all.,"Case gallery up front: filterable by treatment, sized for a phone.","A price range said out loud: in real numbers, with financing mentioned before they ask.",Consult booking on the same screen: not behind a form that goes to an inbox.,Financing pre-qualification: the objection handled before the call.,"Automated recall and reactivation: the patients you already have, coming back."
Keselman Group,info@keselmangroup.com,"not-mobile-friendly,outdated-design,no-booking",Before-and-afters are the whole pitch and they are hard to reach: a remodel is bought with the eyes.,No budget guidance at all: every enquiry starts with a conversation about whether they can afford you.,No way to book a consultation: the form goes to an inbox and the momentum dies over the weekend.,"Before-and-after galleries by room: sized for a phone, quick to scroll.","Budget ranges stated: typical spend for a kitchen and for a bath, plainly.",Consultation booking online: while they are still looking at the photos.,"Design questionnaire before the visit: a shorter, better first meeting.",Financing pre-qualification: the objection handled before you drive out there.
Kitchen Bath Remodeling Boston,info@kitchenbathremodelingboston.com,"not-mobile-friendly,outdated-design,no-booking",Before-and-afters are the whole pitch and they are hard to reach: a remodel is bought with the eyes.,No budget guidance at all: every enquiry starts with a conversation about whether they can afford you.,No way to book a consultation: the form goes to an inbox and the momentum dies over the weekend.,"Before-and-after galleries by room: sized for a phone, quick to scroll.","Budget ranges stated: typical spend for a kitchen and for a bath, plainly.",Consultation booking online: while they are still looking at the photos.,"Design questionnaire before the visit: a shorter, better first meeting.",Financing pre-qualification: the objection handled before you drive out there.
LA COSMEDIC,info@lacosmedic.com,"no-booking,not-mobile-friendly,outdated-design","No booking after hours: the decision to book happens at nine at night on a phone, and the only way in is a front desk that shut at five.","Treatments with no prices: she has to ring and ask what tox costs, which is the one call a first-timer will not make.",Reviews doing the selling on the wrong page: the thing that closes her is two clicks from where she lands.,"Booking on the homepage: live at midnight, two taps, no phone call.",Treatment menu with prices: stated plainly so nobody has to ring to find out.,Reviews beside the booking button: the proof and the action on one screen.,Membership signup online: recurring revenue that does not need the front desk.,Automated reminders and rebooking: fewer no-shows without anybody chasing.
Laird Landscaping,info@lairdlandscaping.com,"not-mobile-friendly,outdated-design,weak-branding",The portfolio does not look like the work: high-end landscape is bought on images and the images are small and slow.,No project budget guidance: the difference between a planting plan and a full build is fifty thousand dollars and the site says neither.,No way to start a conversation properly: a contact form for a six-figure project.,"Portfolio that does the work justice: large, fast, phone-first, by project type.",Project budget bands stated: so the enquiries match the work you want.,Consultation booking with the right questions asked up front.,Design package sold online: a paid first step that qualifies hard.,Maintenance contracts online: recurring revenue off the builds you already did.
Lombardo Pools,info@lombardopools.com,"not-mobile-friendly,outdated-design,weak-branding",The build gallery is what sells and it is buried: nobody buys a pool from a spec list.,No price band anywhere: a homeowner has no idea whether you build forty-thousand pools or hundred-and-forty.,"A season-long sales cycle with nothing to hold the enquiry: they look in February and buy in May, from whoever stayed in front of them.","Build gallery front and centre: full-bleed, phone-first, filterable by style.",A starting price said out loud: so the enquiries you get are ones you want.,Consultation booking online: at the hour people daydream about this.,Design visualiser or 3D walkthrough: the thing that closes the February looker.,Service and maintenance signup: revenue after the build is paid for.
Martin Kitchen and Bath,info@martinkitchenandbath.com,"not-mobile-friendly,outdated-design,no-booking",Before-and-afters are the whole pitch and they are hard to reach: a remodel is bought with the eyes.,No budget guidance at all: every enquiry starts with a conversation about whether they can afford you.,No way to book a consultation: the form goes to an inbox and the momentum dies over the weekend.,"Before-and-after galleries by room: sized for a phone, quick to scroll.","Budget ranges stated: typical spend for a kitchen and for a bath, plainly.",Consultation booking online: while they are still looking at the photos.,"Design questionnaire before the visit: a shorter, better first meeting.",Financing pre-qualification: the objection handled before you drive out there.
MasterBilt Homes,info@masterbilt.com,"not-mobile-friendly,outdated-design,weak-branding",The portfolio is the entire sale and it is presented badly: a phone-sized gallery of finished homes is what wins a build.,No price band anywhere: a client with a budget cannot tell whether you are their builder or twice their budget.,"Nothing about how the process works: the fear with a custom build is the unknown, not the price.","Portfolio built for a phone: full-bleed, fast, filterable by style and size.","A price band stated out loud: per square foot or per project, so the wrong enquiries stop.",The process explained: what happens between the first meeting and the keys.,Client build portal: selections and progress without the weekly phone call.,Land and lot listings: the enquiry that starts before there is a plan.
Medscapes,info@medscapes.net,"not-mobile-friendly,outdated-design,weak-branding",The portfolio does not look like the work: high-end landscape is bought on images and the images are small and slow.,No project budget guidance: the difference between a planting plan and a full build is fifty thousand dollars and the site says neither.,No way to start a conversation properly: a contact form for a six-figure project.,"Portfolio that does the work justice: large, fast, phone-first, by project type.",Project budget bands stated: so the enquiries match the work you want.,Consultation booking with the right questions asked up front.,Design package sold online: a paid first step that qualifies hard.,Maintenance contracts online: recurring revenue off the builds you already did.
Medspa of Seattle,info@medspaofseattle.com,"no-booking,not-mobile-friendly,outdated-design","No booking after hours: the decision to book happens at nine at night on a phone, and the only way in is a front desk that shut at five.","Treatments with no prices: she has to ring and ask what tox costs, which is the one call a first-timer will not make.",Reviews doing the selling on the wrong page: the thing that closes her is two clicks from where she lands.,"Booking on the homepage: live at midnight, two taps, no phone call.",Treatment menu with prices: stated plainly so nobody has to ring to find out.,Reviews beside the booking button: the proof and the action on one screen.,Membership signup online: recurring revenue that does not need the front desk.,Automated reminders and rebooking: fewer no-shows without anybody chasing.
My OKC Dentist,info@myokcdentist.com,"no-booking,not-mobile-friendly,outdated-design","Case work buried: a smile-makeover patient researches for months alone at night, and the before-and-afters are two menus deep.",No price range anywhere: the biggest case of the month wants a number before they will pick up the phone.,Booking that needs the front desk awake: the consult request that would have come in at nine at night never comes in at all.,"Case gallery up front: filterable by treatment, sized for a phone.","A price range said out loud: in real numbers, with financing mentioned before they ask.",Consult booking on the same screen: not behind a form that goes to an inbox.,Financing pre-qualification: the objection handled before the call.,"Automated recall and reactivation: the patients you already have, coming back."
Natural Smiles KY,info@naturalsmilesky.com,"no-booking,not-mobile-friendly,outdated-design","Case work buried: a smile-makeover patient researches for months alone at night, and the before-and-afters are two menus deep.",No price range anywhere: the biggest case of the month wants a number before they will pick up the phone.,Booking that needs the front desk awake: the consult request that would have come in at nine at night never comes in at all.,"Case gallery up front: filterable by treatment, sized for a phone.","A price range said out loud: in real numbers, with financing mentioned before they ask.",Consult booking on the same screen: not behind a form that goes to an inbox.,Financing pre-qualification: the objection handled before the call.,"Automated recall and reactivation: the patients you already have, coming back."
Norfolk Kitchen and Bath,info@norfolkkitchenandbath.com,"not-mobile-friendly,outdated-design,no-booking",Before-and-afters are the whole pitch and they are hard to reach: a remodel is bought with the eyes.,No budget guidance at all: every enquiry starts with a conversation about whether they can afford you.,No way to book a consultation: the form goes to an inbox and the momentum dies over the weekend.,"Before-and-after galleries by room: sized for a phone, quick to scroll.","Budget ranges stated: typical spend for a kitchen and for a bath, plainly.",Consultation booking online: while they are still looking at the photos.,"Design questionnaire before the visit: a shorter, better first meeting.",Financing pre-qualification: the objection handled before you drive out there.
OKC Dental Arts,info@okcdentalarts.com,"no-booking,not-mobile-friendly,outdated-design","Case work buried: a smile-makeover patient researches for months alone at night, and the before-and-afters are two menus deep.",No price range anywhere: the biggest case of the month wants a number before they will pick up the phone.,Booking that needs the front desk awake: the consult request that would have come in at nine at night never comes in at all.,"Case gallery up front: filterable by treatment, sized for a phone.","A price range said out loud: in real numbers, with financing mentioned before they ask.",Consult booking on the same screen: not behind a form that goes to an inbox.,Financing pre-qualification: the objection handled before the call.,"Automated recall and reactivation: the patients you already have, coming back."
OKC Smiles,info@okcsmiles.com,"no-booking,not-mobile-friendly,outdated-design","Case work buried: a smile-makeover patient researches for months alone at night, and the before-and-afters are two menus deep.",No price range anywhere: the biggest case of the month wants a number before they will pick up the phone.,Booking that needs the front desk awake: the consult request that would have come in at nine at night never comes in at all.,"Case gallery up front: filterable by treatment, sized for a phone.","A price range said out loud: in real numbers, with financing mentioned before they ask.",Consult booking on the same screen: not behind a form that goes to an inbox.,Financing pre-qualification: the objection handled before the call.,"Automated recall and reactivation: the patients you already have, coming back."
Paramount Homes Colorado,info@paramounthomescolorado.com,"not-mobile-friendly,outdated-design,weak-branding",The portfolio is the entire sale and it is presented badly: a phone-sized gallery of finished homes is what wins a build.,No price band anywhere: a client with a budget cannot tell whether you are their builder or twice their budget.,"Nothing about how the process works: the fear with a custom build is the unknown, not the price.","Portfolio built for a phone: full-bleed, fast, filterable by style and size.","A price band stated out loud: per square foot or per project, so the wrong enquiries stop.",The process explained: what happens between the first meeting and the keys.,Client build portal: selections and progress without the weekly phone call.,Land and lot listings: the enquiry that starts before there is a plan.
Patio Pools Tampa,info@patiopools.com,"not-mobile-friendly,outdated-design,weak-branding",The build gallery is what sells and it is buried: nobody buys a pool from a spec list.,No price band anywhere: a homeowner has no idea whether you build forty-thousand pools or hundred-and-forty.,"A season-long sales cycle with nothing to hold the enquiry: they look in February and buy in May, from whoever stayed in front of them.","Build gallery front and centre: full-bleed, phone-first, filterable by style.",A starting price said out loud: so the enquiries you get are ones you want.,Consultation booking online: at the hour people daydream about this.,Design visualiser or 3D walkthrough: the thing that closes the February looker.,Service and maintenance signup: revenue after the build is paid for.
Penn Kitchen and Bath,info@pennkitchenandbath.com,"not-mobile-friendly,outdated-design,no-booking",Before-and-afters are the whole pitch and they are hard to reach: a remodel is bought with the eyes.,No budget guidance at all: every enquiry starts with a conversation about whether they can afford you.,No way to book a consultation: the form goes to an inbox and the momentum dies over the weekend.,"Before-and-after galleries by room: sized for a phone, quick to scroll.","Budget ranges stated: typical spend for a kitchen and for a bath, plainly.",Consultation booking online: while they are still looking at the photos.,"Design questionnaire before the visit: a shorter, better first meeting.",Financing pre-qualification: the objection handled before you drive out there.
Philly Kitchen and Bath,info@phillykitchenandbathllc.com,"not-mobile-friendly,outdated-design,no-booking",Before-and-afters are the whole pitch and they are hard to reach: a remodel is bought with the eyes.,No budget guidance at all: every enquiry starts with a conversation about whether they can afford you.,No way to book a consultation: the form goes to an inbox and the momentum dies over the weekend.,"Before-and-after galleries by room: sized for a phone, quick to scroll.","Budget ranges stated: typical spend for a kitchen and for a bath, plainly.",Consultation booking online: while they are still looking at the photos.,"Design questionnaire before the visit: a shorter, better first meeting.",Financing pre-qualification: the objection handled before you drive out there.
Prestige Custom Homes,info@prestigech.com,"not-mobile-friendly,outdated-design,weak-branding",The portfolio is the entire sale and it is presented badly: a phone-sized gallery of finished homes is what wins a build.,No price band anywhere: a client with a budget cannot tell whether you are their builder or twice their budget.,"Nothing about how the process works: the fear with a custom build is the unknown, not the price.","Portfolio built for a phone: full-bleed, fast, filterable by style and size.","A price band stated out loud: per square foot or per project, so the wrong enquiries stop.",The process explained: what happens between the first meeting and the keys.,Client build portal: selections and progress without the weekly phone call.,Land and lot listings: the enquiry that starts before there is a plan.
Pro Remodeling Cleveland,info@clevelandremodelingpro.com,"not-mobile-friendly,outdated-design,no-booking",Before-and-afters are the whole pitch and they are hard to reach: a remodel is bought with the eyes.,No budget guidance at all: every enquiry starts with a conversation about whether they can afford you.,No way to book a consultation: the form goes to an inbox and the momentum dies over the weekend.,"Before-and-after galleries by room: sized for a phone, quick to scroll.","Budget ranges stated: typical spend for a kitchen and for a bath, plainly.",Consultation booking online: while they are still looking at the photos.,"Design questionnaire before the visit: a shorter, better first meeting.",Financing pre-qualification: the objection handled before you drive out there.
Reeves Cosmetic Dentistry,info@toddreevesdmd.com,"no-booking,not-mobile-friendly,outdated-design","Case work buried: a smile-makeover patient researches for months alone at night, and the before-and-afters are two menus deep.",No price range anywhere: the biggest case of the month wants a number before they will pick up the phone.,Booking that needs the front desk awake: the consult request that would have come in at nine at night never comes in at all.,"Case gallery up front: filterable by treatment, sized for a phone.","A price range said out loud: in real numbers, with financing mentioned before they ask.",Consult booking on the same screen: not behind a form that goes to an inbox.,Financing pre-qualification: the objection handled before the call.,"Automated recall and reactivation: the patients you already have, coming back."
Reflections Dental Care,info@reflectionsdentalcare.com,"no-booking,not-mobile-friendly,outdated-design","Case work buried: a smile-makeover patient researches for months alone at night, and the before-and-afters are two menus deep.",No price range anywhere: the biggest case of the month wants a number before they will pick up the phone.,Booking that needs the front desk awake: the consult request that would have come in at nine at night never comes in at all.,"Case gallery up front: filterable by treatment, sized for a phone.","A price range said out loud: in real numbers, with financing mentioned before they ask.",Consult booking on the same screen: not behind a form that goes to an inbox.,Financing pre-qualification: the objection handled before the call.,"Automated recall and reactivation: the patients you already have, coming back."
Regency Design and Build,info@regencydesignandbuild.com,"not-mobile-friendly,outdated-design,no-booking",Before-and-afters are the whole pitch and they are hard to reach: a remodel is bought with the eyes.,No budget guidance at all: every enquiry starts with a conversation about whether they can afford you.,No way to book a consultation: the form goes to an inbox and the momentum dies over the weekend.,"Before-and-after galleries by room: sized for a phone, quick to scroll.","Budget ranges stated: typical spend for a kitchen and for a bath, plainly.",Consultation booking online: while they are still looking at the photos.,"Design questionnaire before the visit: a shorter, better first meeting.",Financing pre-qualification: the objection handled before you drive out there.
Rejuvene Med Spa and Wellness,info@rejuvenemedspa.com,"no-booking,not-mobile-friendly,outdated-design","No booking after hours: the decision to book happens at nine at night on a phone, and the only way in is a front desk that shut at five.","Treatments with no prices: she has to ring and ask what tox costs, which is the one call a first-timer will not make.",Reviews doing the selling on the wrong page: the thing that closes her is two clicks from where she lands.,"Booking on the homepage: live at midnight, two taps, no phone call.",Treatment menu with prices: stated plainly so nobody has to ring to find out.,Reviews beside the booking button: the proof and the action on one screen.,Membership signup online: recurring revenue that does not need the front desk.,Automated reminders and rebooking: fewer no-shows without anybody chasing.
Remodeling Boston,info@remodelingboston.com,"not-mobile-friendly,outdated-design,no-booking",Before-and-afters are the whole pitch and they are hard to reach: a remodel is bought with the eyes.,No budget guidance at all: every enquiry starts with a conversation about whether they can afford you.,No way to book a consultation: the form goes to an inbox and the momentum dies over the weekend.,"Before-and-after galleries by room: sized for a phone, quick to scroll.","Budget ranges stated: typical spend for a kitchen and for a bath, plainly.",Consultation booking online: while they are still looking at the photos.,"Design questionnaire before the visit: a shorter, better first meeting.",Financing pre-qualification: the objection handled before you drive out there.
Ring Family Dentistry,info@ringfamilydentistry.com,"no-booking,not-mobile-friendly,outdated-design","Case work buried: a smile-makeover patient researches for months alone at night, and the before-and-afters are two menus deep.",No price range anywhere: the biggest case of the month wants a number before they will pick up the phone.,Booking that needs the front desk awake: the consult request that would have come in at nine at night never comes in at all.,"Case gallery up front: filterable by treatment, sized for a phone.","A price range said out loud: in real numbers, with financing mentioned before they ask.",Consult booking on the same screen: not behind a form that goes to an inbox.,Financing pre-qualification: the objection handled before the call.,"Automated recall and reactivation: the patients you already have, coming back."
River City Family Dentistry,info@rivercityfamilydentistry.org,"no-booking,not-mobile-friendly,outdated-design","Case work buried: a smile-makeover patient researches for months alone at night, and the before-and-afters are two menus deep.",No price range anywhere: the biggest case of the month wants a number before they will pick up the phone.,Booking that needs the front desk awake: the consult request that would have come in at nine at night never comes in at all.,"Case gallery up front: filterable by treatment, sized for a phone.","A price range said out loud: in real numbers, with financing mentioned before they ask.",Consult booking on the same screen: not behind a form that goes to an inbox.,Financing pre-qualification: the objection handled before the call.,"Automated recall and reactivation: the patients you already have, coming back."
Rothwell Dentistry,info@rothwelldentistry.com,"no-booking,not-mobile-friendly,outdated-design","Case work buried: a smile-makeover patient researches for months alone at night, and the before-and-afters are two menus deep.",No price range anywhere: the biggest case of the month wants a number before they will pick up the phone.,Booking that needs the front desk awake: the consult request that would have come in at nine at night never comes in at all.,"Case gallery up front: filterable by treatment, sized for a phone.","A price range said out loud: in real numbers, with financing mentioned before they ask.",Consult booking on the same screen: not behind a form that goes to an inbox.,Financing pre-qualification: the objection handled before the call.,"Automated recall and reactivation: the patients you already have, coming back."
Saddletree Homes,info@saddletreehomes.com,"not-mobile-friendly,outdated-design,weak-branding",The portfolio is the entire sale and it is presented badly: a phone-sized gallery of finished homes is what wins a build.,No price band anywhere: a client with a budget cannot tell whether you are their builder or twice their budget.,"Nothing about how the process works: the fear with a custom build is the unknown, not the price.","Portfolio built for a phone: full-bleed, fast, filterable by style and size.","A price band stated out loud: per square foot or per project, so the wrong enquiries stop.",The process explained: what happens between the first meeting and the keys.,Client build portal: selections and progress without the weekly phone call.,Land and lot listings: the enquiry that starts before there is a plan.
Schultz Builders,info@schultzbuilders.com,"not-mobile-friendly,outdated-design,weak-branding",The portfolio is the entire sale and it is presented badly: a phone-sized gallery of finished homes is what wins a build.,No price band anywhere: a client with a budget cannot tell whether you are their builder or twice their budget.,"Nothing about how the process works: the fear with a custom build is the unknown, not the price.","Portfolio built for a phone: full-bleed, fast, filterable by style and size.","A price band stated out loud: per square foot or per project, so the wrong enquiries stop.",The process explained: what happens between the first meeting and the keys.,Client build portal: selections and progress without the weekly phone call.,Land and lot listings: the enquiry that starts before there is a plan.
Seattle Landscapes,info@seattlelandscapes.com,"not-mobile-friendly,outdated-design,weak-branding",The portfolio does not look like the work: high-end landscape is bought on images and the images are small and slow.,No project budget guidance: the difference between a planting plan and a full build is fifty thousand dollars and the site says neither.,No way to start a conversation properly: a contact form for a six-figure project.,"Portfolio that does the work justice: large, fast, phone-first, by project type.",Project budget bands stated: so the enquiries match the work you want.,Consultation booking with the right questions asked up front.,Design package sold online: a paid first step that qualifies hard.,Maintenance contracts online: recurring revenue off the builds you already did.
Smart Pool Builders,info@smartpoolsbuilder.com,"not-mobile-friendly,outdated-design,weak-branding",The build gallery is what sells and it is buried: nobody buys a pool from a spec list.,No price band anywhere: a homeowner has no idea whether you build forty-thousand pools or hundred-and-forty.,"A season-long sales cycle with nothing to hold the enquiry: they look in February and buy in May, from whoever stayed in front of them.","Build gallery front and centre: full-bleed, phone-first, filterable by style.",A starting price said out loud: so the enquiries you get are ones you want.,Consultation booking online: at the hour people daydream about this.,Design visualiser or 3D walkthrough: the thing that closes the February looker.,Service and maintenance signup: revenue after the build is paid for.
Smiles of Louisville,info@smilesoflouisville.com,"no-booking,not-mobile-friendly,outdated-design","Case work buried: a smile-makeover patient researches for months alone at night, and the before-and-afters are two menus deep.",No price range anywhere: the biggest case of the month wants a number before they will pick up the phone.,Booking that needs the front desk awake: the consult request that would have come in at nine at night never comes in at all.,"Case gallery up front: filterable by treatment, sized for a phone.","A price range said out loud: in real numbers, with financing mentioned before they ask.",Consult booking on the same screen: not behind a form that goes to an inbox.,Financing pre-qualification: the objection handled before the call.,"Automated recall and reactivation: the patients you already have, coming back."
Sneed Medispa and Wellness,info@sneedmedispa.com,"no-booking,not-mobile-friendly,outdated-design","No booking after hours: the decision to book happens at nine at night on a phone, and the only way in is a front desk that shut at five.","Treatments with no prices: she has to ring and ask what tox costs, which is the one call a first-timer will not make.",Reviews doing the selling on the wrong page: the thing that closes her is two clicks from where she lands.,"Booking on the homepage: live at midnight, two taps, no phone call.",Treatment menu with prices: stated plainly so nobody has to ring to find out.,Reviews beside the booking button: the proof and the action on one screen.,Membership signup online: recurring revenue that does not need the front desk.,Automated reminders and rebooking: fewer no-shows without anybody chasing.
Spaces Designer Homes,info@spacesdesignerhomes.com,"not-mobile-friendly,outdated-design,weak-branding",The portfolio is the entire sale and it is presented badly: a phone-sized gallery of finished homes is what wins a build.,No price band anywhere: a client with a budget cannot tell whether you are their builder or twice their budget.,"Nothing about how the process works: the fear with a custom build is the unknown, not the price.","Portfolio built for a phone: full-bleed, fast, filterable by style and size.","A price band stated out loud: per square foot or per project, so the wrong enquiries stop.",The process explained: what happens between the first meeting and the keys.,Client build portal: selections and progress without the weekly phone call.,Land and lot listings: the enquiry that starts before there is a plan.
Springhurst Dentistry,info@springhurstdentistry.com,"no-booking,not-mobile-friendly,outdated-design","Case work buried: a smile-makeover patient researches for months alone at night, and the before-and-afters are two menus deep.",No price range anywhere: the biggest case of the month wants a number before they will pick up the phone.,Booking that needs the front desk awake: the consult request that would have come in at nine at night never comes in at all.,"Case gallery up front: filterable by treatment, sized for a phone.","A price range said out loud: in real numbers, with financing mentioned before they ask.",Consult booking on the same screen: not behind a form that goes to an inbox.,Financing pre-qualification: the objection handled before the call.,"Automated recall and reactivation: the patients you already have, coming back."
Springhurst Hills Dentistry,info@springhursthillsdentistry.com,"no-booking,not-mobile-friendly,outdated-design","Case work buried: a smile-makeover patient researches for months alone at night, and the before-and-afters are two menus deep.",No price range anywhere: the biggest case of the month wants a number before they will pick up the phone.,Booking that needs the front desk awake: the consult request that would have come in at nine at night never comes in at all.,"Case gallery up front: filterable by treatment, sized for a phone.","A price range said out loud: in real numbers, with financing mentioned before they ask.",Consult booking on the same screen: not behind a form that goes to an inbox.,Financing pre-qualification: the objection handled before the call.,"Automated recall and reactivation: the patients you already have, coming back."
Stauffer and Sons Construction,info@staufferandsons.com,"not-mobile-friendly,outdated-design,weak-branding",The portfolio is the entire sale and it is presented badly: a phone-sized gallery of finished homes is what wins a build.,No price band anywhere: a client with a budget cannot tell whether you are their builder or twice their budget.,"Nothing about how the process works: the fear with a custom build is the unknown, not the price.","Portfolio built for a phone: full-bleed, fast, filterable by style and size.","A price band stated out loud: per square foot or per project, so the wrong enquiries stop.",The process explained: what happens between the first meeting and the keys.,Client build portal: selections and progress without the weekly phone call.,Land and lot listings: the enquiry that starts before there is a plan.
Stockell Homes,info@stockellhomes.com,"not-mobile-friendly,outdated-design,weak-branding",The portfolio is the entire sale and it is presented badly: a phone-sized gallery of finished homes is what wins a build.,No price band anywhere: a client with a budget cannot tell whether you are their builder or twice their budget.,"Nothing about how the process works: the fear with a custom build is the unknown, not the price.","Portfolio built for a phone: full-bleed, fast, filterable by style and size.","A price band stated out loud: per square foot or per project, so the wrong enquiries stop.",The process explained: what happens between the first meeting and the keys.,Client build portal: selections and progress without the weekly phone call.,Land and lot listings: the enquiry that starts before there is a plan.
TMC Custom Pools,info@tmcpools.com,"not-mobile-friendly,outdated-design,weak-branding",The build gallery is what sells and it is buried: nobody buys a pool from a spec list.,No price band anywhere: a homeowner has no idea whether you build forty-thousand pools or hundred-and-forty.,"A season-long sales cycle with nothing to hold the enquiry: they look in February and buy in May, from whoever stayed in front of them.","Build gallery front and centre: full-bleed, phone-first, filterable by style.",A starting price said out loud: so the enquiries you get are ones you want.,Consultation booking online: at the hour people daydream about this.,Design visualiser or 3D walkthrough: the thing that closes the February looker.,Service and maintenance signup: revenue after the build is paid for.
TR Design Build,info@totalrestorepro.com,"not-mobile-friendly,outdated-design,no-booking",Before-and-afters are the whole pitch and they are hard to reach: a remodel is bought with the eyes.,No budget guidance at all: every enquiry starts with a conversation about whether they can afford you.,No way to book a consultation: the form goes to an inbox and the momentum dies over the weekend.,"Before-and-after galleries by room: sized for a phone, quick to scroll.","Budget ranges stated: typical spend for a kitchen and for a bath, plainly.",Consultation booking online: while they are still looking at the photos.,"Design questionnaire before the visit: a shorter, better first meeting.",Financing pre-qualification: the objection handled before you drive out there.
Tampa Landscape Design and Architect Co,info@tampalandscapedesignarchitectco.com,"not-mobile-friendly,outdated-design,weak-branding",The portfolio does not look like the work: high-end landscape is bought on images and the images are small and slow.,No project budget guidance: the difference between a planting plan and a full build is fifty thousand dollars and the site says neither.,No way to start a conversation properly: a contact form for a six-figure project.,"Portfolio that does the work justice: large, fast, phone-first, by project type.",Project budget bands stated: so the enquiries match the work you want.,Consultation booking with the right questions asked up front.,Design package sold online: a paid first step that qualifies hard.,Maintenance contracts online: recurring revenue off the builds you already did.
Tampa Landscape Pros,info@tampalandscapepros.com,"not-mobile-friendly,outdated-design,weak-branding",The portfolio does not look like the work: high-end landscape is bought on images and the images are small and slow.,No project budget guidance: the difference between a planting plan and a full build is fifty thousand dollars and the site says neither.,No way to start a conversation properly: a contact form for a six-figure project.,"Portfolio that does the work justice: large, fast, phone-first, by project type.",Project budget bands stated: so the enquiries match the work you want.,Consultation booking with the right questions asked up front.,Design package sold online: a paid first step that qualifies hard.,Maintenance contracts online: recurring revenue off the builds you already did.
Tara Custom Homes,info@taracustomhomes.com,"not-mobile-friendly,outdated-design,weak-branding",The portfolio is the entire sale and it is presented badly: a phone-sized gallery of finished homes is what wins a build.,No price band anywhere: a client with a budget cannot tell whether you are their builder or twice their budget.,"Nothing about how the process works: the fear with a custom build is the unknown, not the price.","Portfolio built for a phone: full-bleed, fast, filterable by style and size.","A price band stated out loud: per square foot or per project, so the wrong enquiries stop.",The process explained: what happens between the first meeting and the keys.,Client build portal: selections and progress without the weekly phone call.,Land and lot listings: the enquiry that starts before there is a plan.
Texan Landscape Group,info@landscapedesignhouston.com,"not-mobile-friendly,outdated-design,weak-branding",The portfolio does not look like the work: high-end landscape is bought on images and the images are small and slow.,No project budget guidance: the difference between a planting plan and a full build is fifty thousand dollars and the site says neither.,No way to start a conversation properly: a contact form for a six-figure project.,"Portfolio that does the work justice: large, fast, phone-first, by project type.",Project budget bands stated: so the enquiries match the work you want.,Consultation booking with the right questions asked up front.,Design package sold online: a paid first step that qualifies hard.,Maintenance contracts online: recurring revenue off the builds you already did.
The Bath Builders,info@thebathbuilders.com,"not-mobile-friendly,outdated-design,no-booking",Before-and-afters are the whole pitch and they are hard to reach: a remodel is bought with the eyes.,No budget guidance at all: every enquiry starts with a conversation about whether they can afford you.,No way to book a consultation: the form goes to an inbox and the momentum dies over the weekend.,"Before-and-after galleries by room: sized for a phone, quick to scroll.","Budget ranges stated: typical spend for a kitchen and for a bath, plainly.",Consultation booking online: while they are still looking at the photos.,"Design questionnaire before the visit: a shorter, better first meeting.",Financing pre-qualification: the objection handled before you drive out there.
Artesian Custom Pools,info@artesiancustompools.com,"not-mobile-friendly,outdated-design,weak-branding",The build gallery is what sells and it is buried: nobody buys a pool from a spec list.,No price band anywhere: a homeowner has no idea whether you build forty-thousand pools or hundred-and-forty.,"A season-long sales cycle with nothing to hold the enquiry: they look in February and buy in May, from whoever stayed in front of them.","Build gallery front and centre: full-bleed, phone-first, filterable by style.",A starting price said out loud: so the enquiries you get are ones you want.,Consultation booking online: at the hour people daydream about this.,Design visualiser or 3D walkthrough: the thing that closes the February looker.,Service and maintenance signup: revenue after the build is paid for.
Ash and Rowan Family Dentistry,office@ashrowandental.com,"no-booking,not-mobile-friendly,outdated-design","Case work buried: a smile-makeover patient researches for months alone at night, and the before-and-afters are two menus deep.",No price range anywhere: the biggest case of the month wants a number before they will pick up the phone.,Booking that needs the front desk awake: the consult request that would have come in at nine at night never comes in at all.,"Case gallery up front: filterable by treatment, sized for a phone.","A price range said out loud: in real numbers, with financing mentioned before they ask.",Consult booking on the same screen: not behind a form that goes to an inbox.,Financing pre-qualification: the objection handled before the call.,"Automated recall and reactivation: the patients you already have, coming back."
BA Med Spa,info@baweightspa.com,"no-booking,not-mobile-friendly,outdated-design","No booking after hours: the decision to book happens at nine at night on a phone, and the only way in is a front desk that shut at five.","Treatments with no prices: she has to ring and ask what tox costs, which is the one call a first-timer will not make.",Reviews doing the selling on the wrong page: the thing that closes her is two clicks from where she lands.,"Booking on the homepage: live at midnight, two taps, no phone call.",Treatment menu with prices: stated plainly so nobody has to ring to find out.,Reviews beside the booking button: the proof and the action on one screen.,Membership signup online: recurring revenue that does not need the front desk.,Automated reminders and rebooking: fewer no-shows without anybody chasing.
Boise Landscaping Company,info@boiselandscapingcompany.com,"not-mobile-friendly,outdated-design,weak-branding",The portfolio does not look like the work: high-end landscape is bought on images and the images are small and slow.,No project budget guidance: the difference between a planting plan and a full build is fifty thousand dollars and the site says neither.,No way to start a conversation properly: a contact form for a six-figure project.,"Portfolio that does the work justice: large, fast, phone-first, by project type.",Project budget bands stated: so the enquiries match the work you want.,Consultation booking with the right questions asked up front.,Design package sold online: a paid first step that qualifies hard.,Maintenance contracts online: recurring revenue off the builds you already did.
BuilderPro,office@builderpro.contractors,"not-mobile-friendly,outdated-design,weak-branding",The portfolio is the entire sale and it is presented badly: a phone-sized gallery of finished homes is what wins a build.,No price band anywhere: a client with a budget cannot tell whether you are their builder or twice their budget.,"Nothing about how the process works: the fear with a custom build is the unknown, not the price.","Portfolio built for a phone: full-bleed, fast, filterable by style and size.","A price band stated out loud: per square foot or per project, so the wrong enquiries stop.",The process explained: what happens between the first meeting and the keys.,Client build portal: selections and progress without the weekly phone call.,Land and lot listings: the enquiry that starts before there is a plan.
Clarkson Pools,info@clarksonpools.com,"not-mobile-friendly,outdated-design,weak-branding",The build gallery is what sells and it is buried: nobody buys a pool from a spec list.,No price band anywhere: a homeowner has no idea whether you build forty-thousand pools or hundred-and-forty.,"A season-long sales cycle with nothing to hold the enquiry: they look in February and buy in May, from whoever stayed in front of them.","Build gallery front and centre: full-bleed, phone-first, filterable by style.",A starting price said out loud: so the enquiries you get are ones you want.,Consultation booking online: at the hour people daydream about this.,Design visualiser or 3D walkthrough: the thing that closes the February looker.,Service and maintenance signup: revenue after the build is paid for.
Costello Construction,will@costelloconstructioninc.com,"not-mobile-friendly,outdated-design,weak-branding",The portfolio is the entire sale and it is presented badly: a phone-sized gallery of finished homes is what wins a build.,No price band anywhere: a client with a budget cannot tell whether you are their builder or twice their budget.,"Nothing about how the process works: the fear with a custom build is the unknown, not the price.","Portfolio built for a phone: full-bleed, fast, filterable by style and size.","A price band stated out loud: per square foot or per project, so the wrong enquiries stop.",The process explained: what happens between the first meeting and the keys.,Client build portal: selections and progress without the weekly phone call.,Land and lot listings: the enquiry that starts before there is a plan.
Creations Design and Build,creationsdesignandbuild@gmail.com,"not-mobile-friendly,outdated-design,weak-branding",The portfolio does not look like the work: high-end landscape is bought on images and the images are small and slow.,No project budget guidance: the difference between a planting plan and a full build is fifty thousand dollars and the site says neither.,No way to start a conversation properly: a contact form for a six-figure project.,"Portfolio that does the work justice: large, fast, phone-first, by project type.",Project budget bands stated: so the enquiries match the work you want.,Consultation booking with the right questions asked up front.,Design package sold online: a paid first step that qualifies hard.,Maintenance contracts online: recurring revenue off the builds you already did.
Dean Cosmetic Dentistry,info@deancosmeticdentistry.com,"no-booking,not-mobile-friendly,outdated-design","Case work buried: a smile-makeover patient researches for months alone at night, and the before-and-afters are two menus deep.",No price range anywhere: the biggest case of the month wants a number before they will pick up the phone.,Booking that needs the front desk awake: the consult request that would have come in at nine at night never comes in at all.,"Case gallery up front: filterable by treatment, sized for a phone.","A price range said out loud: in real numbers, with financing mentioned before they ask.",Consult booking on the same screen: not behind a form that goes to an inbox.,Financing pre-qualification: the objection handled before the call.,"Automated recall and reactivation: the patients you already have, coming back."
Dental Care of Spokane,info@dentalcareofspokane.com,"no-booking,not-mobile-friendly,outdated-design","Case work buried: a smile-makeover patient researches for months alone at night, and the before-and-afters are two menus deep.",No price range anywhere: the biggest case of the month wants a number before they will pick up the phone.,Booking that needs the front desk awake: the consult request that would have come in at nine at night never comes in at all.,"Case gallery up front: filterable by treatment, sized for a phone.","A price range said out loud: in real numbers, with financing mentioned before they ask.",Consult booking on the same screen: not behind a form that goes to an inbox.,Financing pre-qualification: the objection handled before the call.,"Automated recall and reactivation: the patients you already have, coming back."
DesignScapes of NC,susan@designscapesofnc.com,"not-mobile-friendly,outdated-design,weak-branding",The portfolio does not look like the work: high-end landscape is bought on images and the images are small and slow.,No project budget guidance: the difference between a planting plan and a full build is fifty thousand dollars and the site says neither.,No way to start a conversation properly: a contact form for a six-figure project.,"Portfolio that does the work justice: large, fast, phone-first, by project type.",Project budget bands stated: so the enquiries match the work you want.,Consultation booking with the right questions asked up front.,Design package sold online: a paid first step that qualifies hard.,Maintenance contracts online: recurring revenue off the builds you already did.
Glow Medical Aesthetics,info@glowmedicaltulsa.com,"no-booking,not-mobile-friendly,outdated-design","No booking after hours: the decision to book happens at nine at night on a phone, and the only way in is a front desk that shut at five.","Treatments with no prices: she has to ring and ask what tox costs, which is the one call a first-timer will not make.",Reviews doing the selling on the wrong page: the thing that closes her is two clicks from where she lands.,"Booking on the homepage: live at midnight, two taps, no phone call.",Treatment menu with prices: stated plainly so nobody has to ring to find out.,Reviews beside the booking button: the proof and the action on one screen.,Membership signup online: recurring revenue that does not need the front desk.,Automated reminders and rebooking: fewer no-shows without anybody chasing.
Knoxville Cosmetic Dentistry,office@smilesknoxville.com,"no-booking,not-mobile-friendly,outdated-design","Case work buried: a smile-makeover patient researches for months alone at night, and the before-and-afters are two menus deep.",No price range anywhere: the biggest case of the month wants a number before they will pick up the phone.,Booking that needs the front desk awake: the consult request that would have come in at nine at night never comes in at all.,"Case gallery up front: filterable by treatment, sized for a phone.","A price range said out loud: in real numbers, with financing mentioned before they ask.",Consult booking on the same screen: not behind a form that goes to an inbox.,Financing pre-qualification: the objection handled before the call.,"Automated recall and reactivation: the patients you already have, coming back."
Lewis Landscape Services,office2@lewislandscape.com,"not-mobile-friendly,outdated-design,weak-branding",The portfolio does not look like the work: high-end landscape is bought on images and the images are small and slow.,No project budget guidance: the difference between a planting plan and a full build is fifty thousand dollars and the site says neither.,No way to start a conversation properly: a contact form for a six-figure project.,"Portfolio that does the work justice: large, fast, phone-first, by project type.",Project budget bands stated: so the enquiries match the work you want.,Consultation booking with the right questions asked up front.,Design package sold online: a paid first step that qualifies hard.,Maintenance contracts online: recurring revenue off the builds you already did.
MDRN MUSE Dental Aesthetics,concierge@mdrn-muse.com,"no-booking,not-mobile-friendly,outdated-design","Case work buried: a smile-makeover patient researches for months alone at night, and the before-and-afters are two menus deep.",No price range anywhere: the biggest case of the month wants a number before they will pick up the phone.,Booking that needs the front desk awake: the consult request that would have come in at nine at night never comes in at all.,"Case gallery up front: filterable by treatment, sized for a phone.","A price range said out loud: in real numbers, with financing mentioned before they ask.",Consult booking on the same screen: not behind a form that goes to an inbox.,Financing pre-qualification: the objection handled before the call.,"Automated recall and reactivation: the patients you already have, coming back."
Michael Readel DDS,info@readeldds.com,"no-booking,not-mobile-friendly,outdated-design","Case work buried: a smile-makeover patient researches for months alone at night, and the before-and-afters are two menus deep.",No price range anywhere: the biggest case of the month wants a number before they will pick up the phone.,Booking that needs the front desk awake: the consult request that would have come in at nine at night never comes in at all.,"Case gallery up front: filterable by treatment, sized for a phone.","A price range said out loud: in real numbers, with financing mentioned before they ask.",Consult booking on the same screen: not behind a form that goes to an inbox.,Financing pre-qualification: the objection handled before the call.,"Automated recall and reactivation: the patients you already have, coming back."
Mitchell Homes,info@mitchellhomesinc.com,"not-mobile-friendly,outdated-design,weak-branding",The portfolio is the entire sale and it is presented badly: a phone-sized gallery of finished homes is what wins a build.,No price band anywhere: a client with a budget cannot tell whether you are their builder or twice their budget.,"Nothing about how the process works: the fear with a custom build is the unknown, not the price.","Portfolio built for a phone: full-bleed, fast, filterable by style and size.","A price band stated out loud: per square foot or per project, so the wrong enquiries stop.",The process explained: what happens between the first meeting and the keys.,Client build portal: selections and progress without the weekly phone call.,Land and lot listings: the enquiry that starts before there is a plan.
Murphy Dental Center,office@murphydentalcentertn.com,"no-booking,not-mobile-friendly,outdated-design","Case work buried: a smile-makeover patient researches for months alone at night, and the before-and-afters are two menus deep.",No price range anywhere: the biggest case of the month wants a number before they will pick up the phone.,Booking that needs the front desk awake: the consult request that would have come in at nine at night never comes in at all.,"Case gallery up front: filterable by treatment, sized for a phone.","A price range said out loud: in real numbers, with financing mentioned before they ask.",Consult booking on the same screen: not behind a form that goes to an inbox.,Financing pre-qualification: the objection handled before the call.,"Automated recall and reactivation: the patients you already have, coming back."
Pool Builders of Albuquerque,hi@poolbuildersalbuquerque.com,"not-mobile-friendly,outdated-design,weak-branding",The build gallery is what sells and it is buried: nobody buys a pool from a spec list.,No price band anywhere: a homeowner has no idea whether you build forty-thousand pools or hundred-and-forty.,"A season-long sales cycle with nothing to hold the enquiry: they look in February and buy in May, from whoever stayed in front of them.","Build gallery front and centre: full-bleed, phone-first, filterable by style.",A starting price said out loud: so the enquiries you get are ones you want.,Consultation booking online: at the hour people daydream about this.,Design visualiser or 3D walkthrough: the thing that closes the February looker.,Service and maintenance signup: revenue after the build is paid for.
Redmond Construction,redmondconst@bellsouth.net,"not-mobile-friendly,outdated-design,weak-branding",The portfolio is the entire sale and it is presented badly: a phone-sized gallery of finished homes is what wins a build.,No price band anywhere: a client with a budget cannot tell whether you are their builder or twice their budget.,"Nothing about how the process works: the fear with a custom build is the unknown, not the price.","Portfolio built for a phone: full-bleed, fast, filterable by style and size.","A price band stated out loud: per square foot or per project, so the wrong enquiries stop.",The process explained: what happens between the first meeting and the keys.,Client build portal: selections and progress without the weekly phone call.,Land and lot listings: the enquiry that starts before there is a plan.
Revive Medical Wellness by Pain West,hello@painwest.com,"no-booking,not-mobile-friendly,outdated-design","No booking after hours: the decision to book happens at nine at night on a phone, and the only way in is a front desk that shut at five.","Treatments with no prices: she has to ring and ask what tox costs, which is the one call a first-timer will not make.",Reviews doing the selling on the wrong page: the thing that closes her is two clicks from where she lands.,"Booking on the homepage: live at midnight, two taps, no phone call.",Treatment menu with prices: stated plainly so nobody has to ring to find out.,Reviews beside the booking button: the proof and the action on one screen.,Membership signup online: recurring revenue that does not need the front desk.,Automated reminders and rebooking: fewer no-shows without anybody chasing.
Skin Care Institute,info@skincareinstitute.net,"no-booking,not-mobile-friendly,outdated-design","No booking after hours: the decision to book happens at nine at night on a phone, and the only way in is a front desk that shut at five.","Treatments with no prices: she has to ring and ask what tox costs, which is the one call a first-timer will not make.",Reviews doing the selling on the wrong page: the thing that closes her is two clicks from where she lands.,"Booking on the homepage: live at midnight, two taps, no phone call.",Treatment menu with prices: stated plainly so nobody has to ring to find out.,Reviews beside the booking button: the proof and the action on one screen.,Membership signup online: recurring revenue that does not need the front desk.,Automated reminders and rebooking: fewer no-shows without anybody chasing.
Sposen Homes,hello@sposenhomes.com,"not-mobile-friendly,outdated-design,weak-branding",The portfolio is the entire sale and it is presented badly: a phone-sized gallery of finished homes is what wins a build.,No price band anywhere: a client with a budget cannot tell whether you are their builder or twice their budget.,"Nothing about how the process works: the fear with a custom build is the unknown, not the price.","Portfolio built for a phone: full-bleed, fast, filterable by style and size.","A price band stated out loud: per square foot or per project, so the wrong enquiries stop.",The process explained: what happens between the first meeting and the keys.,Client build portal: selections and progress without the weekly phone call.,Land and lot listings: the enquiry that starts before there is a plan.
TX Pool and Construction,aulloa@txpoolconstruction.com,"not-mobile-friendly,outdated-design,weak-branding",The build gallery is what sells and it is buried: nobody buys a pool from a spec list.,No price band anywhere: a homeowner has no idea whether you build forty-thousand pools or hundred-and-forty.,"A season-long sales cycle with nothing to hold the enquiry: they look in February and buy in May, from whoever stayed in front of them.","Build gallery front and centre: full-bleed, phone-first, filterable by style.",A starting price said out loud: so the enquiries you get are ones you want.,Consultation booking online: at the hour people daydream about this.,Design visualiser or 3D walkthrough: the thing that closes the February looker.,Service and maintenance signup: revenue after the build is paid for.
Vahue Custom Homes,info@vahuecustomhomes.com,"not-mobile-friendly,outdated-design,weak-branding",The portfolio is the entire sale and it is presented badly: a phone-sized gallery of finished homes is what wins a build.,No price band anywhere: a client with a budget cannot tell whether you are their builder or twice their budget.,"Nothing about how the process works: the fear with a custom build is the unknown, not the price.","Portfolio built for a phone: full-bleed, fast, filterable by style and size.","A price band stated out loud: per square foot or per project, so the wrong enquiries stop.",The process explained: what happens between the first meeting and the keys.,Client build portal: selections and progress without the weekly phone call.,Land and lot listings: the enquiry that starts before there is a plan.
A Step Above Construction,info@asaconstruction.net,"not-mobile-friendly,outdated-design,weak-branding",The portfolio is the entire sale and it is presented badly: a phone-sized gallery of finished homes is what wins a build.,No price band anywhere: a client with a budget cannot tell whether you are their builder or twice their budget.,"Nothing about how the process works: the fear with a custom build is the unknown, not the price.","Portfolio built for a phone: full-bleed, fast, filterable by style and size.","A price band stated out loud: per square foot or per project, so the wrong enquiries stop.",The process explained: what happens between the first meeting and the keys.,Client build portal: selections and progress without the weekly phone call.,Land and lot listings: the enquiry that starts before there is a plan.
AJL Pool and Landscaping,info@ajlpoolandlandscaping.com,"not-mobile-friendly,outdated-design,weak-branding",The build gallery is what sells and it is buried: nobody buys a pool from a spec list.,No price band anywhere: a homeowner has no idea whether you build forty-thousand pools or hundred-and-forty.,"A season-long sales cycle with nothing to hold the enquiry: they look in February and buy in May, from whoever stayed in front of them.","Build gallery front and centre: full-bleed, phone-first, filterable by style.",A starting price said out loud: so the enquiries you get are ones you want.,Consultation booking online: at the hour people daydream about this.,Design visualiser or 3D walkthrough: the thing that closes the February looker.,Service and maintenance signup: revenue after the build is paid for.
Aqua Techs Pools and Spas,info@aquatechsofalbuquerque.com,"not-mobile-friendly,outdated-design,weak-branding",The build gallery is what sells and it is buried: nobody buys a pool from a spec list.,No price band anywhere: a homeowner has no idea whether you build forty-thousand pools or hundred-and-forty.,"A season-long sales cycle with nothing to hold the enquiry: they look in February and buy in May, from whoever stayed in front of them.","Build gallery front and centre: full-bleed, phone-first, filterable by style.",A starting price said out loud: so the enquiries you get are ones you want.,Consultation booking online: at the hour people daydream about this.,Design visualiser or 3D walkthrough: the thing that closes the February looker.,Service and maintenance signup: revenue after the build is paid for.
Bella Domicile,info@belladomicile.com,"not-mobile-friendly,outdated-design,no-booking",Before-and-afters are the whole pitch and they are hard to reach: a remodel is bought with the eyes.,No budget guidance at all: every enquiry starts with a conversation about whether they can afford you.,No way to book a consultation: the form goes to an inbox and the momentum dies over the weekend.,"Before-and-after galleries by room: sized for a phone, quick to scroll.","Budget ranges stated: typical spend for a kitchen and for a bath, plainly.",Consultation booking online: while they are still looking at the photos.,"Design questionnaire before the visit: a shorter, better first meeting.",Financing pre-qualification: the objection handled before you drive out there.
Better Built Kitchens and Bathrooms,info@betterbuiltkitchensandbathrooms.com,"not-mobile-friendly,outdated-design,no-booking",Before-and-afters are the whole pitch and they are hard to reach: a remodel is bought with the eyes.,No budget guidance at all: every enquiry starts with a conversation about whether they can afford you.,No way to book a consultation: the form goes to an inbox and the momentum dies over the weekend.,"Before-and-after galleries by room: sized for a phone, quick to scroll.","Budget ranges stated: typical spend for a kitchen and for a bath, plainly.",Consultation booking online: while they are still looking at the photos.,"Design questionnaire before the visit: a shorter, better first meeting.",Financing pre-qualification: the objection handled before you drive out there.
Blank Med Spa,info@blankmedspa.com,"no-booking,not-mobile-friendly,outdated-design","No booking after hours: the decision to book happens at nine at night on a phone, and the only way in is a front desk that shut at five.","Treatments with no prices: she has to ring and ask what tox costs, which is the one call a first-timer will not make.",Reviews doing the selling on the wrong page: the thing that closes her is two clicks from where she lands.,"Booking on the homepage: live at midnight, two taps, no phone call.",Treatment menu with prices: stated plainly so nobody has to ring to find out.,Reviews beside the booking button: the proof and the action on one screen.,Membership signup online: recurring revenue that does not need the front desk.,Automated reminders and rebooking: fewer no-shows without anybody chasing.
Blessing Landscapes,info@blessingland.com,"not-mobile-friendly,outdated-design,weak-branding",The portfolio does not look like the work: high-end landscape is bought on images and the images are small and slow.,No project budget guidance: the difference between a planting plan and a full build is fifty thousand dollars and the site says neither.,No way to start a conversation properly: a contact form for a six-figure project.,"Portfolio that does the work justice: large, fast, phone-first, by project type.",Project budget bands stated: so the enquiries match the work you want.,Consultation booking with the right questions asked up front.,Design package sold online: a paid first step that qualifies hard.,Maintenance contracts online: recurring revenue off the builds you already did.
Boise Landscape Design,info@boiselandscapedesign.com,"not-mobile-friendly,outdated-design,weak-branding",The portfolio does not look like the work: high-end landscape is bought on images and the images are small and slow.,No project budget guidance: the difference between a planting plan and a full build is fifty thousand dollars and the site says neither.,No way to start a conversation properly: a contact form for a six-figure project.,"Portfolio that does the work justice: large, fast, phone-first, by project type.",Project budget bands stated: so the enquiries match the work you want.,Consultation booking with the right questions asked up front.,Design package sold online: a paid first step that qualifies hard.,Maintenance contracts online: recurring revenue off the builds you already did.
Bonafide Custom Pools,info@bonafidecustompools.com,"not-mobile-friendly,outdated-design,weak-branding",The build gallery is what sells and it is buried: nobody buys a pool from a spec list.,No price band anywhere: a homeowner has no idea whether you build forty-thousand pools or hundred-and-forty.,"A season-long sales cycle with nothing to hold the enquiry: they look in February and buy in May, from whoever stayed in front of them.","Build gallery front and centre: full-bleed, phone-first, filterable by style.",A starting price said out loud: so the enquiries you get are ones you want.,Consultation booking online: at the hour people daydream about this.,Design visualiser or 3D walkthrough: the thing that closes the February looker.,Service and maintenance signup: revenue after the build is paid for.
Brookscapes,info@brookscapes.com,"not-mobile-friendly,outdated-design,weak-branding",The portfolio does not look like the work: high-end landscape is bought on images and the images are small and slow.,No project budget guidance: the difference between a planting plan and a full build is fifty thousand dollars and the site says neither.,No way to start a conversation properly: a contact form for a six-figure project.,"Portfolio that does the work justice: large, fast, phone-first, by project type.",Project budget bands stated: so the enquiries match the work you want.,Consultation booking with the right questions asked up front.,Design package sold online: a paid first step that qualifies hard.,Maintenance contracts online: recurring revenue off the builds you already did.
CT Shower and Bath,info@ctshowerandbath.com,"not-mobile-friendly,outdated-design,no-booking",Before-and-afters are the whole pitch and they are hard to reach: a remodel is bought with the eyes.,No budget guidance at all: every enquiry starts with a conversation about whether they can afford you.,No way to book a consultation: the form goes to an inbox and the momentum dies over the weekend.,"Before-and-after galleries by room: sized for a phone, quick to scroll.","Budget ranges stated: typical spend for a kitchen and for a bath, plainly.",Consultation booking online: while they are still looking at the photos.,"Design questionnaire before the visit: a shorter, better first meeting.",Financing pre-qualification: the objection handled before you drive out there.
Chattanooga Family Dentistry,info@chattanoogadentist.com,"no-booking,not-mobile-friendly,outdated-design","Case work buried: a smile-makeover patient researches for months alone at night, and the before-and-afters are two menus deep.",No price range anywhere: the biggest case of the month wants a number before they will pick up the phone.,Booking that needs the front desk awake: the consult request that would have come in at nine at night never comes in at all.,"Case gallery up front: filterable by treatment, sized for a phone.","A price range said out loud: in real numbers, with financing mentioned before they ask.",Consult booking on the same screen: not behind a form that goes to an inbox.,Financing pre-qualification: the objection handled before the call.,"Automated recall and reactivation: the patients you already have, coming back."
Downtown Dental Chattanooga,info@downtowndentalchatt.com,"no-booking,not-mobile-friendly,outdated-design","Case work buried: a smile-makeover patient researches for months alone at night, and the before-and-afters are two menus deep.",No price range anywhere: the biggest case of the month wants a number before they will pick up the phone.,Booking that needs the front desk awake: the consult request that would have come in at nine at night never comes in at all.,"Case gallery up front: filterable by treatment, sized for a phone.","A price range said out loud: in real numbers, with financing mentioned before they ask.",Consult booking on the same screen: not behind a form that goes to an inbox.,Financing pre-qualification: the objection handled before the call.,"Automated recall and reactivation: the patients you already have, coming back."
Drake's 7 Dees,info@drakes7dees.com,"not-mobile-friendly,outdated-design,weak-branding",The portfolio does not look like the work: high-end landscape is bought on images and the images are small and slow.,No project budget guidance: the difference between a planting plan and a full build is fifty thousand dollars and the site says neither.,No way to start a conversation properly: a contact form for a six-figure project.,"Portfolio that does the work justice: large, fast, phone-first, by project type.",Project budget bands stated: so the enquiries match the work you want.,Consultation booking with the right questions asked up front.,Design package sold online: a paid first step that qualifies hard.,Maintenance contracts online: recurring revenue off the builds you already did.
Dream Kitchen and Bath AZ,info@dreamkitchenandbathaz.com,"not-mobile-friendly,outdated-design,no-booking",Before-and-afters are the whole pitch and they are hard to reach: a remodel is bought with the eyes.,No budget guidance at all: every enquiry starts with a conversation about whether they can afford you.,No way to book a consultation: the form goes to an inbox and the momentum dies over the weekend.,"Before-and-after galleries by room: sized for a phone, quick to scroll.","Budget ranges stated: typical spend for a kitchen and for a bath, plainly.",Consultation booking online: while they are still looking at the photos.,"Design questionnaire before the visit: a shorter, better first meeting.",Financing pre-qualification: the objection handled before you drive out there.
DreamMaker Bath and Kitchen Madison,info@dreammaker-remodel.com,"not-mobile-friendly,outdated-design,no-booking",Before-and-afters are the whole pitch and they are hard to reach: a remodel is bought with the eyes.,No budget guidance at all: every enquiry starts with a conversation about whether they can afford you.,No way to book a consultation: the form goes to an inbox and the momentum dies over the weekend.,"Before-and-after galleries by room: sized for a phone, quick to scroll.","Budget ranges stated: typical spend for a kitchen and for a bath, plainly.",Consultation booking online: while they are still looking at the photos.,"Design questionnaire before the visit: a shorter, better first meeting.",Financing pre-qualification: the objection handled before you drive out there.
Drew Heidergott DDS,info@drdrewdds.com,"no-booking,not-mobile-friendly,outdated-design","Case work buried: a smile-makeover patient researches for months alone at night, and the before-and-afters are two menus deep.",No price range anywhere: the biggest case of the month wants a number before they will pick up the phone.,Booking that needs the front desk awake: the consult request that would have come in at nine at night never comes in at all.,"Case gallery up front: filterable by treatment, sized for a phone.","A price range said out loud: in real numbers, with financing mentioned before they ask.",Consult booking on the same screen: not behind a form that goes to an inbox.,Financing pre-qualification: the objection handled before the call.,"Automated recall and reactivation: the patients you already have, coming back."
EZ Remodel Baths,info@ezremodelbaths.com,"not-mobile-friendly,outdated-design,no-booking",Before-and-afters are the whole pitch and they are hard to reach: a remodel is bought with the eyes.,No budget guidance at all: every enquiry starts with a conversation about whether they can afford you.,No way to book a consultation: the form goes to an inbox and the momentum dies over the weekend.,"Before-and-after galleries by room: sized for a phone, quick to scroll.","Budget ranges stated: typical spend for a kitchen and for a bath, plainly.",Consultation booking online: while they are still looking at the photos.,"Design questionnaire before the visit: a shorter, better first meeting.",Financing pre-qualification: the objection handled before you drive out there.
Esox Custom Tiling,info@esoxcustomtiling.com,"not-mobile-friendly,outdated-design,no-booking",Before-and-afters are the whole pitch and they are hard to reach: a remodel is bought with the eyes.,No budget guidance at all: every enquiry starts with a conversation about whether they can afford you.,No way to book a consultation: the form goes to an inbox and the momentum dies over the weekend.,"Before-and-after galleries by room: sized for a phone, quick to scroll.","Budget ranges stated: typical spend for a kitchen and for a bath, plainly.",Consultation booking online: while they are still looking at the photos.,"Design questionnaire before the visit: a shorter, better first meeting.",Financing pre-qualification: the objection handled before you drive out there.
FIT Dental Center,info@fitdentalcenter.com,"no-booking,not-mobile-friendly,outdated-design","Case work buried: a smile-makeover patient researches for months alone at night, and the before-and-afters are two menus deep.",No price range anywhere: the biggest case of the month wants a number before they will pick up the phone.,Booking that needs the front desk awake: the consult request that would have come in at nine at night never comes in at all.,"Case gallery up front: filterable by treatment, sized for a phone.","A price range said out loud: in real numbers, with financing mentioned before they ask.",Consult booking on the same screen: not behind a form that goes to an inbox.,Financing pre-qualification: the objection handled before the call.,"Automated recall and reactivation: the patients you already have, coming back."
Family Dentistry of Knoxville,info@familydentistryknoxville.com,"no-booking,not-mobile-friendly,outdated-design","Case work buried: a smile-makeover patient researches for months alone at night, and the before-and-afters are two menus deep.",No price range anywhere: the biggest case of the month wants a number before they will pick up the phone.,Booking that needs the front desk awake: the consult request that would have come in at nine at night never comes in at all.,"Case gallery up front: filterable by treatment, sized for a phone.","A price range said out loud: in real numbers, with financing mentioned before they ask.",Consult booking on the same screen: not behind a form that goes to an inbox.,Financing pre-qualification: the objection handled before the call.,"Automated recall and reactivation: the patients you already have, coming back."
FarWest Landscape,info@farwestlandscape.net,"not-mobile-friendly,outdated-design,weak-branding",The portfolio does not look like the work: high-end landscape is bought on images and the images are small and slow.,No project budget guidance: the difference between a planting plan and a full build is fifty thousand dollars and the site says neither.,No way to start a conversation properly: a contact form for a six-figure project.,"Portfolio that does the work justice: large, fast, phone-first, by project type.",Project budget bands stated: so the enquiries match the work you want.,Consultation booking with the right questions asked up front.,Design package sold online: a paid first step that qualifies hard.,Maintenance contracts online: recurring revenue off the builds you already did.
Firm Medical Spa,info@firmmedicalspa.com,"no-booking,not-mobile-friendly,outdated-design","No booking after hours: the decision to book happens at nine at night on a phone, and the only way in is a front desk that shut at five.","Treatments with no prices: she has to ring and ask what tox costs, which is the one call a first-timer will not make.",Reviews doing the selling on the wrong page: the thing that closes her is two clicks from where she lands.,"Booking on the homepage: live at midnight, two taps, no phone call.",Treatment menu with prices: stated plainly so nobody has to ring to find out.,Reviews beside the booking button: the proof and the action on one screen.,Membership signup online: recurring revenue that does not need the front desk.,Automated reminders and rebooking: fewer no-shows without anybody chasing.
Fountain City Smiles,info@fountaincitysmiles.com,"no-booking,not-mobile-friendly,outdated-design","Case work buried: a smile-makeover patient researches for months alone at night, and the before-and-afters are two menus deep.",No price range anywhere: the biggest case of the month wants a number before they will pick up the phone.,Booking that needs the front desk awake: the consult request that would have come in at nine at night never comes in at all.,"Case gallery up front: filterable by treatment, sized for a phone.","A price range said out loud: in real numbers, with financing mentioned before they ask.",Consult booking on the same screen: not behind a form that goes to an inbox.,Financing pre-qualification: the objection handled before the call.,"Automated recall and reactivation: the patients you already have, coming back."
Frank R Jenkins Custom Homes,info@frankrjenkinscustomhomes.com,"not-mobile-friendly,outdated-design,weak-branding",The portfolio is the entire sale and it is presented badly: a phone-sized gallery of finished homes is what wins a build.,No price band anywhere: a client with a budget cannot tell whether you are their builder or twice their budget.,"Nothing about how the process works: the fear with a custom build is the unknown, not the price.","Portfolio built for a phone: full-bleed, fast, filterable by style and size.","A price band stated out loud: per square foot or per project, so the wrong enquiries stop.",The process explained: what happens between the first meeting and the keys.,Client build portal: selections and progress without the weekly phone call.,Land and lot listings: the enquiry that starts before there is a plan.
Gozzo Design and Remodel,info@gozzodesignremodel.com,"not-mobile-friendly,outdated-design,no-booking",Before-and-afters are the whole pitch and they are hard to reach: a remodel is bought with the eyes.,No budget guidance at all: every enquiry starts with a conversation about whether they can afford you.,No way to book a consultation: the form goes to an inbox and the momentum dies over the weekend.,"Before-and-after galleries by room: sized for a phone, quick to scroll.","Budget ranges stated: typical spend for a kitchen and for a bath, plainly.",Consultation booking online: while they are still looking at the photos.,"Design questionnaire before the visit: a shorter, better first meeting.",Financing pre-qualification: the objection handled before you drive out there.
Grassy Creek Dental,info@grassycreekdental.com,"no-booking,not-mobile-friendly,outdated-design","Case work buried: a smile-makeover patient researches for months alone at night, and the before-and-afters are two menus deep.",No price range anywhere: the biggest case of the month wants a number before they will pick up the phone.,Booking that needs the front desk awake: the consult request that would have come in at nine at night never comes in at all.,"Case gallery up front: filterable by treatment, sized for a phone.","A price range said out loud: in real numbers, with financing mentioned before they ask.",Consult booking on the same screen: not behind a form that goes to an inbox.,Financing pre-qualification: the objection handled before the call.,"Automated recall and reactivation: the patients you already have, coming back."
Greenscape Inc,info@greenscapeinc.com,"not-mobile-friendly,outdated-design,weak-branding",The portfolio does not look like the work: high-end landscape is bought on images and the images are small and slow.,No project budget guidance: the difference between a planting plan and a full build is fifty thousand dollars and the site says neither.,No way to start a conversation properly: a contact form for a six-figure project.,"Portfolio that does the work justice: large, fast, phone-first, by project type.",Project budget bands stated: so the enquiries match the work you want.,Consultation booking with the right questions asked up front.,Design package sold online: a paid first step that qualifies hard.,Maintenance contracts online: recurring revenue off the builds you already did.
Hagood Homes,info@hagoodhomes.com,"not-mobile-friendly,outdated-design,weak-branding",The portfolio is the entire sale and it is presented badly: a phone-sized gallery of finished homes is what wins a build.,No price band anywhere: a client with a budget cannot tell whether you are their builder or twice their budget.,"Nothing about how the process works: the fear with a custom build is the unknown, not the price.","Portfolio built for a phone: full-bleed, fast, filterable by style and size.","A price band stated out loud: per square foot or per project, so the wrong enquiries stop.",The process explained: what happens between the first meeting and the keys.,Client build portal: selections and progress without the weekly phone call.,Land and lot listings: the enquiry that starts before there is a plan.
Harden Custom Homes,info@hardencustomhomes.com,"not-mobile-friendly,outdated-design,weak-branding",The portfolio is the entire sale and it is presented badly: a phone-sized gallery of finished homes is what wins a build.,No price band anywhere: a client with a budget cannot tell whether you are their builder or twice their budget.,"Nothing about how the process works: the fear with a custom build is the unknown, not the price.","Portfolio built for a phone: full-bleed, fast, filterable by style and size.","A price band stated out loud: per square foot or per project, so the wrong enquiries stop.",The process explained: what happens between the first meeting and the keys.,Client build portal: selections and progress without the weekly phone call.,Land and lot listings: the enquiry that starts before there is a plan.
Hartford's Kitchen Factory,info@hartfordskitchenfactory.com,"not-mobile-friendly,outdated-design,no-booking",Before-and-afters are the whole pitch and they are hard to reach: a remodel is bought with the eyes.,No budget guidance at all: every enquiry starts with a conversation about whether they can afford you.,No way to book a consultation: the form goes to an inbox and the momentum dies over the weekend.,"Before-and-after galleries by room: sized for a phone, quick to scroll.","Budget ranges stated: typical spend for a kitchen and for a bath, plainly.",Consultation booking online: while they are still looking at the photos.,"Design questionnaire before the visit: a shorter, better first meeting.",Financing pre-qualification: the objection handled before you drive out there.
Heavenly Pools,info@myheavenlypools.com,"not-mobile-friendly,outdated-design,weak-branding",The build gallery is what sells and it is buried: nobody buys a pool from a spec list.,No price band anywhere: a homeowner has no idea whether you build forty-thousand pools or hundred-and-forty.,"A season-long sales cycle with nothing to hold the enquiry: they look in February and buy in May, from whoever stayed in front of them.","Build gallery front and centre: full-bleed, phone-first, filterable by style.",A starting price said out loud: so the enquiries you get are ones you want.,Consultation booking online: at the hour people daydream about this.,Design visualiser or 3D walkthrough: the thing that closes the February looker.,Service and maintenance signup: revenue after the build is paid for.
Heritage Family Dentistry Knoxville,info@hfdsmiles.com,"no-booking,not-mobile-friendly,outdated-design","Case work buried: a smile-makeover patient researches for months alone at night, and the before-and-afters are two menus deep.",No price range anywhere: the biggest case of the month wants a number before they will pick up the phone.,Booking that needs the front desk awake: the consult request that would have come in at nine at night never comes in at all.,"Case gallery up front: filterable by treatment, sized for a phone.","A price range said out loud: in real numbers, with financing mentioned before they ask.",Consult booking on the same screen: not behind a form that goes to an inbox.,Financing pre-qualification: the objection handled before the call.,"Automated recall and reactivation: the patients you already have, coming back."
Hixson Dental Group,info@hixsondentalgroup.com,"no-booking,not-mobile-friendly,outdated-design","Case work buried: a smile-makeover patient researches for months alone at night, and the before-and-afters are two menus deep.",No price range anywhere: the biggest case of the month wants a number before they will pick up the phone.,Booking that needs the front desk awake: the consult request that would have come in at nine at night never comes in at all.,"Case gallery up front: filterable by treatment, sized for a phone.","A price range said out loud: in real numbers, with financing mentioned before they ask.",Consult booking on the same screen: not behind a form that goes to an inbox.,Financing pre-qualification: the objection handled before the call.,"Automated recall and reactivation: the patients you already have, coming back."
Holland Kitchens and Baths,info@hollandkitchens.com,"not-mobile-friendly,outdated-design,no-booking",Before-and-afters are the whole pitch and they are hard to reach: a remodel is bought with the eyes.,No budget guidance at all: every enquiry starts with a conversation about whether they can afford you.,No way to book a consultation: the form goes to an inbox and the momentum dies over the weekend.,"Before-and-after galleries by room: sized for a phone, quick to scroll.","Budget ranges stated: typical spend for a kitchen and for a bath, plainly.",Consultation booking online: while they are still looking at the photos.,"Design questionnaire before the visit: a shorter, better first meeting.",Financing pre-qualification: the objection handled before you drive out there.
InVein Aesthetics,info@inveinspa.com,"no-booking,not-mobile-friendly,outdated-design","No booking after hours: the decision to book happens at nine at night on a phone, and the only way in is a front desk that shut at five.","Treatments with no prices: she has to ring and ask what tox costs, which is the one call a first-timer will not make.",Reviews doing the selling on the wrong page: the thing that closes her is two clicks from where she lands.,"Booking on the homepage: live at midnight, two taps, no phone call.",Treatment menu with prices: stated plainly so nobody has to ring to find out.,Reviews beside the booking button: the proof and the action on one screen.,Membership signup online: recurring revenue that does not need the front desk.,Automated reminders and rebooking: fewer no-shows without anybody chasing.
Kerry Martin Pools,info@jacksonvillepoolcontractor.com,"not-mobile-friendly,outdated-design,weak-branding",The build gallery is what sells and it is buried: nobody buys a pool from a spec list.,No price band anywhere: a homeowner has no idea whether you build forty-thousand pools or hundred-and-forty.,"A season-long sales cycle with nothing to hold the enquiry: they look in February and buy in May, from whoever stayed in front of them.","Build gallery front and centre: full-bleed, phone-first, filterable by style.",A starting price said out loud: so the enquiries you get are ones you want.,Consultation booking online: at the hour people daydream about this.,Design visualiser or 3D walkthrough: the thing that closes the February looker.,Service and maintenance signup: revenue after the build is paid for.
Kevin Kirsch Homes,info@kevinkirschnewhomes.com,"not-mobile-friendly,outdated-design,weak-branding",The portfolio is the entire sale and it is presented badly: a phone-sized gallery of finished homes is what wins a build.,No price band anywhere: a client with a budget cannot tell whether you are their builder or twice their budget.,"Nothing about how the process works: the fear with a custom build is the unknown, not the price.","Portfolio built for a phone: full-bleed, fast, filterable by style and size.","A price band stated out loud: per square foot or per project, so the wrong enquiries stop.",The process explained: what happens between the first meeting and the keys.,Client build portal: selections and progress without the weekly phone call.,Land and lot listings: the enquiry that starts before there is a plan.
Kitchen and Bath Scottsdale,info@kitchenandbathscottsdale.com,"not-mobile-friendly,outdated-design,no-booking",Before-and-afters are the whole pitch and they are hard to reach: a remodel is bought with the eyes.,No budget guidance at all: every enquiry starts with a conversation about whether they can afford you.,No way to book a consultation: the form goes to an inbox and the momentum dies over the weekend.,"Before-and-after galleries by room: sized for a phone, quick to scroll.","Budget ranges stated: typical spend for a kitchen and for a bath, plainly.",Consultation booking online: while they are still looking at the photos.,"Design questionnaire before the visit: a shorter, better first meeting.",Financing pre-qualification: the objection handled before you drive out there.
Landscaper Construction,info@landscaperconstruction.com,"not-mobile-friendly,outdated-design,weak-branding",The portfolio does not look like the work: high-end landscape is bought on images and the images are small and slow.,No project budget guidance: the difference between a planting plan and a full build is fifty thousand dollars and the site says neither.,No way to start a conversation properly: a contact form for a six-figure project.,"Portfolio that does the work justice: large, fast, phone-first, by project type.",Project budget bands stated: so the enquiries match the work you want.,Consultation booking with the right questions asked up front.,Design package sold online: a paid first step that qualifies hard.,Maintenance contracts online: recurring revenue off the builds you already did.
Landvision Designs,info@landvisiondesigns.com,"not-mobile-friendly,outdated-design,weak-branding",The portfolio does not look like the work: high-end landscape is bought on images and the images are small and slow.,No project budget guidance: the difference between a planting plan and a full build is fifty thousand dollars and the site says neither.,No way to start a conversation properly: a contact form for a six-figure project.,"Portfolio that does the work justice: large, fast, phone-first, by project type.",Project budget bands stated: so the enquiries match the work you want.,Consultation booking with the right questions asked up front.,Design package sold online: a paid first step that qualifies hard.,Maintenance contracts online: recurring revenue off the builds you already did.
MAB Homes,info@mabhomesfl.com,"not-mobile-friendly,outdated-design,weak-branding",The portfolio is the entire sale and it is presented badly: a phone-sized gallery of finished homes is what wins a build.,No price band anywhere: a client with a budget cannot tell whether you are their builder or twice their budget.,"Nothing about how the process works: the fear with a custom build is the unknown, not the price.","Portfolio built for a phone: full-bleed, fast, filterable by style and size.","A price band stated out loud: per square foot or per project, so the wrong enquiries stop.",The process explained: what happens between the first meeting and the keys.,Client build portal: selections and progress without the weekly phone call.,Land and lot listings: the enquiry that starts before there is a plan.
Madison Bathroom Remodel,info@madisonbathroomremodel.com,"not-mobile-friendly,outdated-design,no-booking",Before-and-afters are the whole pitch and they are hard to reach: a remodel is bought with the eyes.,No budget guidance at all: every enquiry starts with a conversation about whether they can afford you.,No way to book a consultation: the form goes to an inbox and the momentum dies over the weekend.,"Before-and-after galleries by room: sized for a phone, quick to scroll.","Budget ranges stated: typical spend for a kitchen and for a bath, plainly.",Consultation booking online: while they are still looking at the photos.,"Design questionnaire before the visit: a shorter, better first meeting.",Financing pre-qualification: the objection handled before you drive out there.
Mark Johnson Custom Homes,info@markjohnsoncustomhomes.com,"not-mobile-friendly,outdated-design,weak-branding",The portfolio is the entire sale and it is presented badly: a phone-sized gallery of finished homes is what wins a build.,No price band anywhere: a client with a budget cannot tell whether you are their builder or twice their budget.,"Nothing about how the process works: the fear with a custom build is the unknown, not the price.","Portfolio built for a phone: full-bleed, fast, filterable by style and size.","A price band stated out loud: per square foot or per project, so the wrong enquiries stop.",The process explained: what happens between the first meeting and the keys.,Client build portal: selections and progress without the weekly phone call.,Land and lot listings: the enquiry that starts before there is a plan.
McOmie Dentistry,info@mcomiedentistry.com,"no-booking,not-mobile-friendly,outdated-design","Case work buried: a smile-makeover patient researches for months alone at night, and the before-and-afters are two menus deep.",No price range anywhere: the biggest case of the month wants a number before they will pick up the phone.,Booking that needs the front desk awake: the consult request that would have come in at nine at night never comes in at all.,"Case gallery up front: filterable by treatment, sized for a phone.","A price range said out loud: in real numbers, with financing mentioned before they ask.",Consult booking on the same screen: not behind a form that goes to an inbox.,Financing pre-qualification: the objection handled before the call.,"Automated recall and reactivation: the patients you already have, coming back."
Medspa of Baltimore,info@medspaofbaltimore.com,"no-booking,not-mobile-friendly,outdated-design","No booking after hours: the decision to book happens at nine at night on a phone, and the only way in is a front desk that shut at five.","Treatments with no prices: she has to ring and ask what tox costs, which is the one call a first-timer will not make.",Reviews doing the selling on the wrong page: the thing that closes her is two clicks from where she lands.,"Booking on the homepage: live at midnight, two taps, no phone call.",Treatment menu with prices: stated plainly so nobody has to ring to find out.,Reviews beside the booking button: the proof and the action on one screen.,Membership signup online: recurring revenue that does not need the front desk.,Automated reminders and rebooking: fewer no-shows without anybody chasing.
Michael Christian Homes,info@mchbuilder.com,"not-mobile-friendly,outdated-design,weak-branding",The portfolio is the entire sale and it is presented badly: a phone-sized gallery of finished homes is what wins a build.,No price band anywhere: a client with a budget cannot tell whether you are their builder or twice their budget.,"Nothing about how the process works: the fear with a custom build is the unknown, not the price.","Portfolio built for a phone: full-bleed, fast, filterable by style and size.","A price band stated out loud: per square foot or per project, so the wrong enquiries stop.",The process explained: what happens between the first meeting and the keys.,Client build portal: selections and progress without the weekly phone call.,Land and lot listings: the enquiry that starts before there is a plan.
My Favorite Pool Builder,info@myfavoritepoolbuilder.com,"not-mobile-friendly,outdated-design,weak-branding",The build gallery is what sells and it is buried: nobody buys a pool from a spec list.,No price band anywhere: a homeowner has no idea whether you build forty-thousand pools or hundred-and-forty.,"A season-long sales cycle with nothing to hold the enquiry: they look in February and buy in May, from whoever stayed in front of them.","Build gallery front and centre: full-bleed, phone-first, filterable by style.",A starting price said out loud: so the enquiries you get are ones you want.,Consultation booking online: at the hour people daydream about this.,Design visualiser or 3D walkthrough: the thing that closes the February looker.,Service and maintenance signup: revenue after the build is paid for.
Nouveau Aesthetics,info@nouveauaesthetics.net,"no-booking,not-mobile-friendly,outdated-design","No booking after hours: the decision to book happens at nine at night on a phone, and the only way in is a front desk that shut at five.","Treatments with no prices: she has to ring and ask what tox costs, which is the one call a first-timer will not make.",Reviews doing the selling on the wrong page: the thing that closes her is two clicks from where she lands.,"Booking on the homepage: live at midnight, two taps, no phone call.",Treatment menu with prices: stated plainly so nobody has to ring to find out.,Reviews beside the booking button: the proof and the action on one screen.,Membership signup online: recurring revenue that does not need the front desk.,Automated reminders and rebooking: fewer no-shows without anybody chasing.
Oak Wells Aquatics,info@oakwellsaquatics.com,"not-mobile-friendly,outdated-design,weak-branding",The build gallery is what sells and it is buried: nobody buys a pool from a spec list.,No price band anywhere: a homeowner has no idea whether you build forty-thousand pools or hundred-and-forty.,"A season-long sales cycle with nothing to hold the enquiry: they look in February and buy in May, from whoever stayed in front of them.","Build gallery front and centre: full-bleed, phone-first, filterable by style.",A starting price said out loud: so the enquiries you get are ones you want.,Consultation booking online: at the hour people daydream about this.,Design visualiser or 3D walkthrough: the thing that closes the February looker.,Service and maintenance signup: revenue after the build is paid for.
Omaha Med Spa,info@omahamedspa.com,"no-booking,not-mobile-friendly,outdated-design","No booking after hours: the decision to book happens at nine at night on a phone, and the only way in is a front desk that shut at five.","Treatments with no prices: she has to ring and ask what tox costs, which is the one call a first-timer will not make.",Reviews doing the selling on the wrong page: the thing that closes her is two clicks from where she lands.,"Booking on the homepage: live at midnight, two taps, no phone call.",Treatment menu with prices: stated plainly so nobody has to ring to find out.,Reviews beside the booking button: the proof and the action on one screen.,Membership signup online: recurring revenue that does not need the front desk.,Automated reminders and rebooking: fewer no-shows without anybody chasing.
OneSource Construction Company,info@one-sourceconstruction.com,"not-mobile-friendly,outdated-design,weak-branding",The portfolio is the entire sale and it is presented badly: a phone-sized gallery of finished homes is what wins a build.,No price band anywhere: a client with a budget cannot tell whether you are their builder or twice their budget.,"Nothing about how the process works: the fear with a custom build is the unknown, not the price.","Portfolio built for a phone: full-bleed, fast, filterable by style and size.","A price band stated out loud: per square foot or per project, so the wrong enquiries stop.",The process explained: what happens between the first meeting and the keys.,Client build portal: selections and progress without the weekly phone call.,Land and lot listings: the enquiry that starts before there is a plan.
Philip's Home Remodeling,info@philipremodeling.com,"not-mobile-friendly,outdated-design,no-booking",Before-and-afters are the whole pitch and they are hard to reach: a remodel is bought with the eyes.,No budget guidance at all: every enquiry starts with a conversation about whether they can afford you.,No way to book a consultation: the form goes to an inbox and the momentum dies over the weekend.,"Before-and-after galleries by room: sized for a phone, quick to scroll.","Budget ranges stated: typical spend for a kitchen and for a bath, plainly.",Consultation booking online: while they are still looking at the photos.,"Design questionnaire before the visit: a shorter, better first meeting.",Financing pre-qualification: the objection handled before you drive out there.
Phoenix Home Remodeling,info@phxhomeremodeling.com,"not-mobile-friendly,outdated-design,no-booking",Before-and-afters are the whole pitch and they are hard to reach: a remodel is bought with the eyes.,No budget guidance at all: every enquiry starts with a conversation about whether they can afford you.,No way to book a consultation: the form goes to an inbox and the momentum dies over the weekend.,"Before-and-after galleries by room: sized for a phone, quick to scroll.","Budget ranges stated: typical spend for a kitchen and for a bath, plainly.",Consultation booking online: while they are still looking at the photos.,"Design questionnaire before the visit: a shorter, better first meeting.",Financing pre-qualification: the objection handled before you drive out there.
Portlandscaping,info@port-landscaping.com,"not-mobile-friendly,outdated-design,weak-branding",The portfolio does not look like the work: high-end landscape is bought on images and the images are small and slow.,No project budget guidance: the difference between a planting plan and a full build is fifty thousand dollars and the site says neither.,No way to start a conversation properly: a contact form for a six-figure project.,"Portfolio that does the work justice: large, fast, phone-first, by project type.",Project budget bands stated: so the enquiries match the work you want.,Consultation booking with the right questions asked up front.,Design package sold online: a paid first step that qualifies hard.,Maintenance contracts online: recurring revenue off the builds you already did.
Premier Kitchen and Bath,info@premierkitchenandbath.com,"not-mobile-friendly,outdated-design,no-booking",Before-and-afters are the whole pitch and they are hard to reach: a remodel is bought with the eyes.,No budget guidance at all: every enquiry starts with a conversation about whether they can afford you.,No way to book a consultation: the form goes to an inbox and the momentum dies over the weekend.,"Before-and-after galleries by room: sized for a phone, quick to scroll.","Budget ranges stated: typical spend for a kitchen and for a bath, plainly.",Consultation booking online: while they are still looking at the photos.,"Design questionnaire before the visit: a shorter, better first meeting.",Financing pre-qualification: the objection handled before you drive out there.
Preventative Medical Clinic,info@omahapmc.com,"no-booking,not-mobile-friendly,outdated-design","No booking after hours: the decision to book happens at nine at night on a phone, and the only way in is a front desk that shut at five.","Treatments with no prices: she has to ring and ask what tox costs, which is the one call a first-timer will not make.",Reviews doing the selling on the wrong page: the thing that closes her is two clicks from where she lands.,"Booking on the homepage: live at midnight, two taps, no phone call.",Treatment menu with prices: stated plainly so nobody has to ring to find out.,Reviews beside the booking button: the proof and the action on one screen.,Membership signup online: recurring revenue that does not need the front desk.,Automated reminders and rebooking: fewer no-shows without anybody chasing.
Pristine Smiles TN,info@pristinesmilestn.com,"no-booking,not-mobile-friendly,outdated-design","Case work buried: a smile-makeover patient researches for months alone at night, and the before-and-afters are two menus deep.",No price range anywhere: the biggest case of the month wants a number before they will pick up the phone.,Booking that needs the front desk awake: the consult request that would have come in at nine at night never comes in at all.,"Case gallery up front: filterable by treatment, sized for a phone.","A price range said out loud: in real numbers, with financing mentioned before they ask.",Consult booking on the same screen: not behind a form that goes to an inbox.,Financing pre-qualification: the objection handled before the call.,"Automated recall and reactivation: the patients you already have, coming back."
Raleigh Landscape,info@raleighlandscape.com,"not-mobile-friendly,outdated-design,weak-branding",The portfolio does not look like the work: high-end landscape is bought on images and the images are small and slow.,No project budget guidance: the difference between a planting plan and a full build is fifty thousand dollars and the site says neither.,No way to start a conversation properly: a contact form for a six-figure project.,"Portfolio that does the work justice: large, fast, phone-first, by project type.",Project budget bands stated: so the enquiries match the work you want.,Consultation booking with the right questions asked up front.,Design package sold online: a paid first step that qualifies hard.,Maintenance contracts online: recurring revenue off the builds you already did.
Rise Above Remodeling,info@riseaboveremodeling.com,"not-mobile-friendly,outdated-design,no-booking",Before-and-afters are the whole pitch and they are hard to reach: a remodel is bought with the eyes.,No budget guidance at all: every enquiry starts with a conversation about whether they can afford you.,No way to book a consultation: the form goes to an inbox and the momentum dies over the weekend.,"Before-and-after galleries by room: sized for a phone, quick to scroll.","Budget ranges stated: typical spend for a kitchen and for a bath, plainly.",Consultation booking online: while they are still looking at the photos.,"Design questionnaire before the visit: a shorter, better first meeting.",Financing pre-qualification: the objection handled before you drive out there.
Riverbend Sandler Pools,info@riverbendsandler.com,"not-mobile-friendly,outdated-design,weak-branding",The build gallery is what sells and it is buried: nobody buys a pool from a spec list.,No price band anywhere: a homeowner has no idea whether you build forty-thousand pools or hundred-and-forty.,"A season-long sales cycle with nothing to hold the enquiry: they look in February and buy in May, from whoever stayed in front of them.","Build gallery front and centre: full-bleed, phone-first, filterable by style.",A starting price said out loud: so the enquiries you get are ones you want.,Consultation booking online: at the hour people daydream about this.,Design visualiser or 3D walkthrough: the thing that closes the February looker.,Service and maintenance signup: revenue after the build is paid for.
Riverfront Dental Spokane,info@riverfrontdentalspokane.com,"no-booking,not-mobile-friendly,outdated-design","Case work buried: a smile-makeover patient researches for months alone at night, and the before-and-afters are two menus deep.",No price range anywhere: the biggest case of the month wants a number before they will pick up the phone.,Booking that needs the front desk awake: the consult request that would have come in at nine at night never comes in at all.,"Case gallery up front: filterable by treatment, sized for a phone.","A price range said out loud: in real numbers, with financing mentioned before they ask.",Consult booking on the same screen: not behind a form that goes to an inbox.,Financing pre-qualification: the objection handled before the call.,"Automated recall and reactivation: the patients you already have, coming back."
Sage Landscapes,info@sagelandscapes.com,"not-mobile-friendly,outdated-design,weak-branding",The portfolio does not look like the work: high-end landscape is bought on images and the images are small and slow.,No project budget guidance: the difference between a planting plan and a full build is fifty thousand dollars and the site says neither.,No way to start a conversation properly: a contact form for a six-figure project.,"Portfolio that does the work justice: large, fast, phone-first, by project type.",Project budget bands stated: so the enquiries match the work you want.,Consultation booking with the right questions asked up front.,Design package sold online: a paid first step that qualifies hard.,Maintenance contracts online: recurring revenue off the builds you already did.
Sargent Construction,info@sargentconstructionsav.com,"not-mobile-friendly,outdated-design,weak-branding",The portfolio is the entire sale and it is presented badly: a phone-sized gallery of finished homes is what wins a build.,No price band anywhere: a client with a budget cannot tell whether you are their builder or twice their budget.,"Nothing about how the process works: the fear with a custom build is the unknown, not the price.","Portfolio built for a phone: full-bleed, fast, filterable by style and size.","A price band stated out loud: per square foot or per project, so the wrong enquiries stop.",The process explained: what happens between the first meeting and the keys.,Client build portal: selections and progress without the weekly phone call.,Land and lot listings: the enquiry that starts before there is a plan.
Scottsdale Kitchen and Bath,info@scottsdalekitchenbath.com,"not-mobile-friendly,outdated-design,no-booking",Before-and-afters are the whole pitch and they are hard to reach: a remodel is bought with the eyes.,No budget guidance at all: every enquiry starts with a conversation about whether they can afford you.,No way to book a consultation: the form goes to an inbox and the momentum dies over the weekend.,"Before-and-after galleries by room: sized for a phone, quick to scroll.","Budget ranges stated: typical spend for a kitchen and for a bath, plainly.",Consultation booking online: while they are still looking at the photos.,"Design questionnaire before the visit: a shorter, better first meeting.",Financing pre-qualification: the objection handled before you drive out there.
Singleton Custom Homes,info@singletoncustomhomes.com,"not-mobile-friendly,outdated-design,weak-branding",The portfolio is the entire sale and it is presented badly: a phone-sized gallery of finished homes is what wins a build.,No price band anywhere: a client with a budget cannot tell whether you are their builder or twice their budget.,"Nothing about how the process works: the fear with a custom build is the unknown, not the price.","Portfolio built for a phone: full-bleed, fast, filterable by style and size.","A price band stated out loud: per square foot or per project, so the wrong enquiries stop.",The process explained: what happens between the first meeting and the keys.,Client build portal: selections and progress without the weekly phone call.,Land and lot listings: the enquiry that starts before there is a plan.
Skin Renewal of Tulsa,info@skinrenewaloftulsa.com,"no-booking,not-mobile-friendly,outdated-design","No booking after hours: the decision to book happens at nine at night on a phone, and the only way in is a front desk that shut at five.","Treatments with no prices: she has to ring and ask what tox costs, which is the one call a first-timer will not make.",Reviews doing the selling on the wrong page: the thing that closes her is two clicks from where she lands.,"Booking on the homepage: live at midnight, two taps, no phone call.",Treatment menu with prices: stated plainly so nobody has to ring to find out.,Reviews beside the booking button: the proof and the action on one screen.,Membership signup online: recurring revenue that does not need the front desk.,Automated reminders and rebooking: fewer no-shows without anybody chasing.
Smiles of Chattanooga,info@smilechattanooga.com,"no-booking,not-mobile-friendly,outdated-design","Case work buried: a smile-makeover patient researches for months alone at night, and the before-and-afters are two menus deep.",No price range anywhere: the biggest case of the month wants a number before they will pick up the phone.,Booking that needs the front desk awake: the consult request that would have come in at nine at night never comes in at all.,"Case gallery up front: filterable by treatment, sized for a phone.","A price range said out loud: in real numbers, with financing mentioned before they ask.",Consult booking on the same screen: not behind a form that goes to an inbox.,Financing pre-qualification: the objection handled before the call.,"Automated recall and reactivation: the patients you already have, coming back."
South Knox Dental,info@southknoxdental.com,"no-booking,not-mobile-friendly,outdated-design","Case work buried: a smile-makeover patient researches for months alone at night, and the before-and-afters are two menus deep.",No price range anywhere: the biggest case of the month wants a number before they will pick up the phone.,Booking that needs the front desk awake: the consult request that would have come in at nine at night never comes in at all.,"Case gallery up front: filterable by treatment, sized for a phone.","A price range said out loud: in real numbers, with financing mentioned before they ask.",Consult booking on the same screen: not behind a form that goes to an inbox.,Financing pre-qualification: the objection handled before the call.,"Automated recall and reactivation: the patients you already have, coming back."
Spokane's Dentistry,info@spokanesdentistry.com,"no-booking,not-mobile-friendly,outdated-design","Case work buried: a smile-makeover patient researches for months alone at night, and the before-and-afters are two menus deep.",No price range anywhere: the biggest case of the month wants a number before they will pick up the phone.,Booking that needs the front desk awake: the consult request that would have come in at nine at night never comes in at all.,"Case gallery up front: filterable by treatment, sized for a phone.","A price range said out loud: in real numbers, with financing mentioned before they ask.",Consult booking on the same screen: not behind a form that goes to an inbox.,Financing pre-qualification: the objection handled before the call.,"Automated recall and reactivation: the patients you already have, coming back."
Sterling Landscape Company,info@sterlinglandscape.com,"not-mobile-friendly,outdated-design,weak-branding",The portfolio does not look like the work: high-end landscape is bought on images and the images are small and slow.,No project budget guidance: the difference between a planting plan and a full build is fifty thousand dollars and the site says neither.,No way to start a conversation properly: a contact form for a six-figure project.,"Portfolio that does the work justice: large, fast, phone-first, by project type.",Project budget bands stated: so the enquiries match the work you want.,Consultation booking with the right questions asked up front.,Design package sold online: a paid first step that qualifies hard.,Maintenance contracts online: recurring revenue off the builds you already did.
Stone Built Construction,info@stonebuiltconstruction.com,"not-mobile-friendly,outdated-design,weak-branding",The portfolio is the entire sale and it is presented badly: a phone-sized gallery of finished homes is what wins a build.,No price band anywhere: a client with a budget cannot tell whether you are their builder or twice their budget.,"Nothing about how the process works: the fear with a custom build is the unknown, not the price.","Portfolio built for a phone: full-bleed, fast, filterable by style and size.","A price band stated out loud: per square foot or per project, so the wrong enquiries stop.",The process explained: what happens between the first meeting and the keys.,Client build portal: selections and progress without the weekly phone call.,Land and lot listings: the enquiry that starts before there is a plan.
Sunrise Pools NM,info@sunrisepoolsnm.com,"not-mobile-friendly,outdated-design,weak-branding",The build gallery is what sells and it is buried: nobody buys a pool from a spec list.,No price band anywhere: a homeowner has no idea whether you build forty-thousand pools or hundred-and-forty.,"A season-long sales cycle with nothing to hold the enquiry: they look in February and buy in May, from whoever stayed in front of them.","Build gallery front and centre: full-bleed, phone-first, filterable by style.",A starting price said out loud: so the enquiries you get are ones you want.,Consultation booking online: at the hour people daydream about this.,Design visualiser or 3D walkthrough: the thing that closes the February looker.,Service and maintenance signup: revenue after the build is paid for.
The Avenue Dental Group,info@theavenuedentalgroup.com,"no-booking,not-mobile-friendly,outdated-design","Case work buried: a smile-makeover patient researches for months alone at night, and the before-and-afters are two menus deep.",No price range anywhere: the biggest case of the month wants a number before they will pick up the phone.,Booking that needs the front desk awake: the consult request that would have come in at nine at night never comes in at all.,"Case gallery up front: filterable by treatment, sized for a phone.","A price range said out loud: in real numbers, with financing mentioned before they ask.",Consult booking on the same screen: not behind a form that goes to an inbox.,Financing pre-qualification: the objection handled before the call.,"Automated recall and reactivation: the patients you already have, coming back."
The Batts Company,info@thebattscompany.com,"not-mobile-friendly,outdated-design,weak-branding",The build gallery is what sells and it is buried: nobody buys a pool from a spec list.,No price band anywhere: a homeowner has no idea whether you build forty-thousand pools or hundred-and-forty.,"A season-long sales cycle with nothing to hold the enquiry: they look in February and buy in May, from whoever stayed in front of them.","Build gallery front and centre: full-bleed, phone-first, filterable by style.",A starting price said out loud: so the enquiries you get are ones you want.,Consultation booking online: at the hour people daydream about this.,Design visualiser or 3D walkthrough: the thing that closes the February looker.,Service and maintenance signup: revenue after the build is paid for.
A & N Pools,info@anpoolsinc.com,"not-mobile-friendly,outdated-design,weak-branding",The build gallery is what sells and it is buried: nobody buys a pool from a spec list.,No price band anywhere: a homeowner has no idea whether you build forty-thousand pools or hundred-and-forty.,"A season-long sales cycle with nothing to hold the enquiry: they look in February and buy in May, from whoever stayed in front of them.","Build gallery front and centre: full-bleed, phone-first, filterable by style.",A starting price said out loud: so the enquiries you get are ones you want.,Consultation booking online: at the hour people daydream about this.,Design visualiser or 3D walkthrough: the thing that closes the February looker.,Service and maintenance signup: revenue after the build is paid for.
AM Landscape Construction,am@landscapingam.com,"not-mobile-friendly,outdated-design,weak-branding",The portfolio does not look like the work: high-end landscape is bought on images and the images are small and slow.,No project budget guidance: the difference between a planting plan and a full build is fifty thousand dollars and the site says neither.,No way to start a conversation properly: a contact form for a six-figure project.,"Portfolio that does the work justice: large, fast, phone-first, by project type.",Project budget bands stated: so the enquiries match the work you want.,Consultation booking with the right questions asked up front.,Design package sold online: a paid first step that qualifies hard.,Maintenance contracts online: recurring revenue off the builds you already did.
ANR Landscaping,anrlandscapingservices@gmail.com,"not-mobile-friendly,outdated-design,weak-branding",The portfolio does not look like the work: high-end landscape is bought on images and the images are small and slow.,No project budget guidance: the difference between a planting plan and a full build is fifty thousand dollars and the site says neither.,No way to start a conversation properly: a contact form for a six-figure project.,"Portfolio that does the work justice: large, fast, phone-first, by project type.",Project budget bands stated: so the enquiries match the work you want.,Consultation booking with the right questions asked up front.,Design package sold online: a paid first step that qualifies hard.,Maintenance contracts online: recurring revenue off the builds you already did.
Accent Kitchens and Bath,info@accentkitchensandbath.com,"not-mobile-friendly,outdated-design,no-booking",Before-and-afters are the whole pitch and they are hard to reach: a remodel is bought with the eyes.,No budget guidance at all: every enquiry starts with a conversation about whether they can afford you.,No way to book a consultation: the form goes to an inbox and the momentum dies over the weekend.,"Before-and-after galleries by room: sized for a phone, quick to scroll.","Budget ranges stated: typical spend for a kitchen and for a bath, plainly.",Consultation booking online: while they are still looking at the photos.,"Design questionnaire before the visit: a shorter, better first meeting.",Financing pre-qualification: the objection handled before you drive out there.
Arnold Dental,info@lexingtonsmiles.com,"no-booking,not-mobile-friendly,outdated-design","Case work buried: a smile-makeover patient researches for months alone at night, and the before-and-afters are two menus deep.",No price range anywhere: the biggest case of the month wants a number before they will pick up the phone.,Booking that needs the front desk awake: the consult request that would have come in at nine at night never comes in at all.,"Case gallery up front: filterable by treatment, sized for a phone.","A price range said out loud: in real numbers, with financing mentioned before they ask.",Consult booking on the same screen: not behind a form that goes to an inbox.,Financing pre-qualification: the objection handled before the call.,"Automated recall and reactivation: the patients you already have, coming back."
Artistry Wellness and MedSpa,info@artistrymedspas.com,"no-booking,not-mobile-friendly,outdated-design","No booking after hours: the decision to book happens at nine at night on a phone, and the only way in is a front desk that shut at five.","Treatments with no prices: she has to ring and ask what tox costs, which is the one call a first-timer will not make.",Reviews doing the selling on the wrong page: the thing that closes her is two clicks from where she lands.,"Booking on the homepage: live at midnight, two taps, no phone call.",Treatment menu with prices: stated plainly so nobody has to ring to find out.,Reviews beside the booking button: the proof and the action on one screen.,Membership signup online: recurring revenue that does not need the front desk.,Automated reminders and rebooking: fewer no-shows without anybody chasing.
DreamMaker Bath and Kitchen Ann Arbor,info@dm-remodel.com,"not-mobile-friendly,outdated-design,no-booking",Before-and-afters are the whole pitch and they are hard to reach: a remodel is bought with the eyes.,No budget guidance at all: every enquiry starts with a conversation about whether they can afford you.,No way to book a consultation: the form goes to an inbox and the momentum dies over the weekend.,"Before-and-after galleries by room: sized for a phone, quick to scroll.","Budget ranges stated: typical spend for a kitchen and for a bath, plainly.",Consultation booking online: while they are still looking at the photos.,"Design questionnaire before the visit: a shorter, better first meeting.",Financing pre-qualification: the objection handled before you drive out there.
Essence Med Spa,essencespasb@gmail.com,"no-booking,not-mobile-friendly,outdated-design","No booking after hours: the decision to book happens at nine at night on a phone, and the only way in is a front desk that shut at five.","Treatments with no prices: she has to ring and ask what tox costs, which is the one call a first-timer will not make.",Reviews doing the selling on the wrong page: the thing that closes her is two clicks from where she lands.,"Booking on the homepage: live at midnight, two taps, no phone call.",Treatment menu with prices: stated plainly so nobody has to ring to find out.,Reviews beside the booking button: the proof and the action on one screen.,Membership signup online: recurring revenue that does not need the front desk.,Automated reminders and rebooking: fewer no-shows without anybody chasing.
Landscape Creations LV,landscapecreations@hotmail.com,"not-mobile-friendly,outdated-design,weak-branding",The portfolio does not look like the work: high-end landscape is bought on images and the images are small and slow.,No project budget guidance: the difference between a planting plan and a full build is fifty thousand dollars and the site says neither.,No way to start a conversation properly: a contact form for a six-figure project.,"Portfolio that does the work justice: large, fast, phone-first, by project type.",Project budget bands stated: so the enquiries match the work you want.,Consultation booking with the right questions asked up front.,Design package sold online: a paid first step that qualifies hard.,Maintenance contracts online: recurring revenue off the builds you already did.
Landscape Design Studio,paul@landesignstudio.net,"not-mobile-friendly,outdated-design,weak-branding",The portfolio does not look like the work: high-end landscape is bought on images and the images are small and slow.,No project budget guidance: the difference between a planting plan and a full build is fifty thousand dollars and the site says neither.,No way to start a conversation properly: a contact form for a six-figure project.,"Portfolio that does the work justice: large, fast, phone-first, by project type.",Project budget bands stated: so the enquiries match the work you want.,Consultation booking with the right questions asked up front.,Design package sold online: a paid first step that qualifies hard.,Maintenance contracts online: recurring revenue off the builds you already did.
Liquid FX Pools,info@liquidfxpools.com,"not-mobile-friendly,outdated-design,weak-branding",The build gallery is what sells and it is buried: nobody buys a pool from a spec list.,No price band anywhere: a homeowner has no idea whether you build forty-thousand pools or hundred-and-forty.,"A season-long sales cycle with nothing to hold the enquiry: they look in February and buy in May, from whoever stayed in front of them.","Build gallery front and centre: full-bleed, phone-first, filterable by style.",A starting price said out loud: so the enquiries you get are ones you want.,Consultation booking online: at the hour people daydream about this.,Design visualiser or 3D walkthrough: the thing that closes the February looker.,Service and maintenance signup: revenue after the build is paid for.
MiraMed and Day Spa,contact@miramedanddayspa.com,"no-booking,not-mobile-friendly,outdated-design","No booking after hours: the decision to book happens at nine at night on a phone, and the only way in is a front desk that shut at five.","Treatments with no prices: she has to ring and ask what tox costs, which is the one call a first-timer will not make.",Reviews doing the selling on the wrong page: the thing that closes her is two clicks from where she lands.,"Booking on the homepage: live at midnight, two taps, no phone call.",Treatment menu with prices: stated plainly so nobody has to ring to find out.,Reviews beside the booking button: the proof and the action on one screen.,Membership signup online: recurring revenue that does not need the front desk.,Automated reminders and rebooking: fewer no-shows without anybody chasing.
SD Landscape and Design,info@sdlandscapedesigns.com,"not-mobile-friendly,outdated-design,weak-branding",The portfolio does not look like the work: high-end landscape is bought on images and the images are small and slow.,No project budget guidance: the difference between a planting plan and a full build is fifty thousand dollars and the site says neither.,No way to start a conversation properly: a contact form for a six-figure project.,"Portfolio that does the work justice: large, fast, phone-first, by project type.",Project budget bands stated: so the enquiries match the work you want.,Consultation booking with the right questions asked up front.,Design package sold online: a paid first step that qualifies hard.,Maintenance contracts online: recurring revenue off the builds you already did.
Sage Outdoor Designs,info@sageoutdoordesigns.com,"not-mobile-friendly,outdated-design,weak-branding",The portfolio does not look like the work: high-end landscape is bought on images and the images are small and slow.,No project budget guidance: the difference between a planting plan and a full build is fifty thousand dollars and the site says neither.,No way to start a conversation properly: a contact form for a six-figure project.,"Portfolio that does the work justice: large, fast, phone-first, by project type.",Project budget bands stated: so the enquiries match the work you want.,Consultation booking with the right questions asked up front.,Design package sold online: a paid first step that qualifies hard.,Maintenance contracts online: recurring revenue off the builds you already did.
Salt Lake Custom Builders,info@saltlakecustombuilders.com,"not-mobile-friendly,outdated-design,weak-branding",The portfolio is the entire sale and it is presented badly: a phone-sized gallery of finished homes is what wins a build.,No price band anywhere: a client with a budget cannot tell whether you are their builder or twice their budget.,"Nothing about how the process works: the fear with a custom build is the unknown, not the price.","Portfolio built for a phone: full-bleed, fast, filterable by style and size.","A price band stated out loud: per square foot or per project, so the wrong enquiries stop.",The process explained: what happens between the first meeting and the keys.,Client build portal: selections and progress without the weekly phone call.,Land and lot listings: the enquiry that starts before there is a plan.
Sunco Pools and Spas,info@suncopoolsandspas.com,"not-mobile-friendly,outdated-design,weak-branding",The build gallery is what sells and it is buried: nobody buys a pool from a spec list.,No price band anywhere: a homeowner has no idea whether you build forty-thousand pools or hundred-and-forty.,"A season-long sales cycle with nothing to hold the enquiry: they look in February and buy in May, from whoever stayed in front of them.","Build gallery front and centre: full-bleed, phone-first, filterable by style.",A starting price said out loud: so the enquiries you get are ones you want.,Consultation booking online: at the hour people daydream about this.,Design visualiser or 3D walkthrough: the thing that closes the February looker.,Service and maintenance signup: revenue after the build is paid for.
Sunnyside Pools and Spas,sam@sunnysidepoolsandspas.com,"not-mobile-friendly,outdated-design,weak-branding",The build gallery is what sells and it is buried: nobody buys a pool from a spec list.,No price band anywhere: a homeowner has no idea whether you build forty-thousand pools or hundred-and-forty.,"A season-long sales cycle with nothing to hold the enquiry: they look in February and buy in May, from whoever stayed in front of them.","Build gallery front and centre: full-bleed, phone-first, filterable by style.",A starting price said out loud: so the enquiries you get are ones you want.,Consultation booking online: at the hour people daydream about this.,Design visualiser or 3D walkthrough: the thing that closes the February looker.,Service and maintenance signup: revenue after the build is paid for.
Swift Kitchen Remodeling Buffalo,info@swiftkitchenremodelingbuffalony.com,"not-mobile-friendly,outdated-design,no-booking",Before-and-afters are the whole pitch and they are hard to reach: a remodel is bought with the eyes.,No budget guidance at all: every enquiry starts with a conversation about whether they can afford you.,No way to book a consultation: the form goes to an inbox and the momentum dies over the weekend.,"Before-and-after galleries by room: sized for a phone, quick to scroll.","Budget ranges stated: typical spend for a kitchen and for a bath, plainly.",Consultation booking online: while they are still looking at the photos.,"Design questionnaire before the visit: a shorter, better first meeting.",Financing pre-qualification: the objection handled before you drive out there.
Synergy Med Spa,medspa@synergywellnessal.com,"no-booking,not-mobile-friendly,outdated-design","No booking after hours: the decision to book happens at nine at night on a phone, and the only way in is a front desk that shut at five.","Treatments with no prices: she has to ring and ask what tox costs, which is the one call a first-timer will not make.",Reviews doing the selling on the wrong page: the thing that closes her is two clicks from where she lands.,"Booking on the homepage: live at midnight, two taps, no phone call.",Treatment menu with prices: stated plainly so nobody has to ring to find out.,Reviews beside the booking button: the proof and the action on one screen.,Membership signup online: recurring revenue that does not need the front desk.,Automated reminders and rebooking: fewer no-shows without anybody chasing.
The General Pool Company,pjsunim@sc.rr.com,"not-mobile-friendly,outdated-design,weak-branding",The build gallery is what sells and it is buried: nobody buys a pool from a spec list.,No price band anywhere: a homeowner has no idea whether you build forty-thousand pools or hundred-and-forty.,"A season-long sales cycle with nothing to hold the enquiry: they look in February and buy in May, from whoever stayed in front of them.","Build gallery front and centre: full-bleed, phone-first, filterable by style.",A starting price said out loud: so the enquiries you get are ones you want.,Consultation booking online: at the hour people daydream about this.,Design visualiser or 3D walkthrough: the thing that closes the February looker.,Service and maintenance signup: revenue after the build is paid for.
Transforming Architecture,info@transformingarchitecture.com,"not-mobile-friendly,outdated-design,weak-branding",The portfolio is the entire sale and it is presented badly: a phone-sized gallery of finished homes is what wins a build.,No price band anywhere: a client with a budget cannot tell whether you are their builder or twice their budget.,"Nothing about how the process works: the fear with a custom build is the unknown, not the price.","Portfolio built for a phone: full-bleed, fast, filterable by style and size.","A price band stated out loud: per square foot or per project, so the wrong enquiries stop.",The process explained: what happens between the first meeting and the keys.,Client build portal: selections and progress without the weekly phone call.,Land and lot listings: the enquiry that starts before there is a plan.
Tropical Pools USA,sales@tropicalpoolsusa.com,"not-mobile-friendly,outdated-design,weak-branding",The build gallery is what sells and it is buried: nobody buys a pool from a spec list.,No price band anywhere: a homeowner has no idea whether you build forty-thousand pools or hundred-and-forty.,"A season-long sales cycle with nothing to hold the enquiry: they look in February and buy in May, from whoever stayed in front of them.","Build gallery front and centre: full-bleed, phone-first, filterable by style.",A starting price said out loud: so the enquiries you get are ones you want.,Consultation booking online: at the hour people daydream about this.,Design visualiser or 3D walkthrough: the thing that closes the February looker.,Service and maintenance signup: revenue after the build is paid for.
WHE Construction,ourteam@wheconstruction.com,"not-mobile-friendly,outdated-design,no-booking",Before-and-afters are the whole pitch and they are hard to reach: a remodel is bought with the eyes.,No budget guidance at all: every enquiry starts with a conversation about whether they can afford you.,No way to book a consultation: the form goes to an inbox and the momentum dies over the weekend.,"Before-and-after galleries by room: sized for a phone, quick to scroll.","Budget ranges stated: typical spend for a kitchen and for a bath, plainly.",Consultation booking online: while they are still looking at the photos.,"Design questionnaire before the visit: a shorter, better first meeting.",Financing pre-qualification: the objection handled before you drive out there.
AH Dentistry,info@ahdentistry.com,"no-booking,not-mobile-friendly,outdated-design","Case work buried: a smile-makeover patient researches for months alone at night, and the before-and-afters are two menus deep.",No price range anywhere: the biggest case of the month wants a number before they will pick up the phone.,Booking that needs the front desk awake: the consult request that would have come in at nine at night never comes in at all.,"Case gallery up front: filterable by treatment, sized for a phone.","A price range said out loud: in real numbers, with financing mentioned before they ask.",Consult booking on the same screen: not behind a form that goes to an inbox.,Financing pre-qualification: the objection handled before the call.,"Automated recall and reactivation: the patients you already have, coming back."
Advanced Life Clinic,info@advancedlifeclinic.com,"no-booking,not-mobile-friendly,outdated-design","No booking after hours: the decision to book happens at nine at night on a phone, and the only way in is a front desk that shut at five.","Treatments with no prices: she has to ring and ask what tox costs, which is the one call a first-timer will not make.",Reviews doing the selling on the wrong page: the thing that closes her is two clicks from where she lands.,"Booking on the homepage: live at midnight, two taps, no phone call.",Treatment menu with prices: stated plainly so nobody has to ring to find out.,Reviews beside the booking button: the proof and the action on one screen.,Membership signup online: recurring revenue that does not need the front desk.,Automated reminders and rebooking: fewer no-shows without anybody chasing.
Ann Arbor Family Dentistry,info@annarborfamilydentistry.net,"no-booking,not-mobile-friendly,outdated-design","Case work buried: a smile-makeover patient researches for months alone at night, and the before-and-afters are two menus deep.",No price range anywhere: the biggest case of the month wants a number before they will pick up the phone.,Booking that needs the front desk awake: the consult request that would have come in at nine at night never comes in at all.,"Case gallery up front: filterable by treatment, sized for a phone.","A price range said out loud: in real numbers, with financing mentioned before they ask.",Consult booking on the same screen: not behind a form that goes to an inbox.,Financing pre-qualification: the objection handled before the call.,"Automated recall and reactivation: the patients you already have, coming back."
Ann Arbor Smiles,info@annarborsmiles.com,"no-booking,not-mobile-friendly,outdated-design","Case work buried: a smile-makeover patient researches for months alone at night, and the before-and-afters are two menus deep.",No price range anywhere: the biggest case of the month wants a number before they will pick up the phone.,Booking that needs the front desk awake: the consult request that would have come in at nine at night never comes in at all.,"Case gallery up front: filterable by treatment, sized for a phone.","A price range said out loud: in real numbers, with financing mentioned before they ask.",Consult booking on the same screen: not behind a form that goes to an inbox.,Financing pre-qualification: the objection handled before the call.,"Automated recall and reactivation: the patients you already have, coming back."
Aquatech Pools Palm Springs,info@aquatechpoolservicepalmsprings.com,"not-mobile-friendly,outdated-design,weak-branding",The build gallery is what sells and it is buried: nobody buys a pool from a spec list.,No price band anywhere: a homeowner has no idea whether you build forty-thousand pools or hundred-and-forty.,"A season-long sales cycle with nothing to hold the enquiry: they look in February and buy in May, from whoever stayed in front of them.","Build gallery front and centre: full-bleed, phone-first, filterable by style.",A starting price said out loud: so the enquiries you get are ones you want.,Consultation booking online: at the hour people daydream about this.,Design visualiser or 3D walkthrough: the thing that closes the February looker.,Service and maintenance signup: revenue after the build is paid for.
Arcadian Landscape,info@arcadianlandscape.com,"not-mobile-friendly,outdated-design,weak-branding",The portfolio does not look like the work: high-end landscape is bought on images and the images are small and slow.,No project budget guidance: the difference between a planting plan and a full build is fifty thousand dollars and the site says neither.,No way to start a conversation properly: a contact form for a six-figure project.,"Portfolio that does the work justice: large, fast, phone-first, by project type.",Project budget bands stated: so the enquiries match the work you want.,Consultation booking with the right questions asked up front.,Design package sold online: a paid first step that qualifies hard.,Maintenance contracts online: recurring revenue off the builds you already did.
Associated Plastic Surgeons MedSpa,info@associatedplasticsurgeons.com,"no-booking,not-mobile-friendly,outdated-design","No booking after hours: the decision to book happens at nine at night on a phone, and the only way in is a front desk that shut at five.","Treatments with no prices: she has to ring and ask what tox costs, which is the one call a first-timer will not make.",Reviews doing the selling on the wrong page: the thing that closes her is two clicks from where she lands.,"Booking on the homepage: live at midnight, two taps, no phone call.",Treatment menu with prices: stated plainly so nobody has to ring to find out.,Reviews beside the booking button: the proof and the action on one screen.,Membership signup online: recurring revenue that does not need the front desk.,Automated reminders and rebooking: fewer no-shows without anybody chasing.
Audubon Dental and Implant Center,info@audubondentalcenter.com,"no-booking,not-mobile-friendly,outdated-design","Case work buried: a smile-makeover patient researches for months alone at night, and the before-and-afters are two menus deep.",No price range anywhere: the biggest case of the month wants a number before they will pick up the phone.,Booking that needs the front desk awake: the consult request that would have come in at nine at night never comes in at all.,"Case gallery up front: filterable by treatment, sized for a phone.","A price range said out loud: in real numbers, with financing mentioned before they ask.",Consult booking on the same screen: not behind a form that goes to an inbox.,Financing pre-qualification: the objection handled before the call.,"Automated recall and reactivation: the patients you already have, coming back."
Baich Construction,info@baichconstruction.com,"not-mobile-friendly,outdated-design,no-booking",Before-and-afters are the whole pitch and they are hard to reach: a remodel is bought with the eyes.,No budget guidance at all: every enquiry starts with a conversation about whether they can afford you.,No way to book a consultation: the form goes to an inbox and the momentum dies over the weekend.,"Before-and-after galleries by room: sized for a phone, quick to scroll.","Budget ranges stated: typical spend for a kitchen and for a bath, plainly.",Consultation booking online: while they are still looking at the photos.,"Design questionnaire before the visit: a shorter, better first meeting.",Financing pre-qualification: the objection handled before you drive out there.
Bathroom Remodeling Detroit MI,info@bathroomremodelingdetroitmi.com,"not-mobile-friendly,outdated-design,no-booking",Before-and-afters are the whole pitch and they are hard to reach: a remodel is bought with the eyes.,No budget guidance at all: every enquiry starts with a conversation about whether they can afford you.,No way to book a consultation: the form goes to an inbox and the momentum dies over the weekend.,"Before-and-after galleries by room: sized for a phone, quick to scroll.","Budget ranges stated: typical spend for a kitchen and for a bath, plainly.",Consultation booking online: while they are still looking at the photos.,"Design questionnaire before the visit: a shorter, better first meeting.",Financing pre-qualification: the objection handled before you drive out there.
Beyond Quality Kitchen and Bath,info@beyondqualityconstruction.com,"not-mobile-friendly,outdated-design,no-booking",Before-and-afters are the whole pitch and they are hard to reach: a remodel is bought with the eyes.,No budget guidance at all: every enquiry starts with a conversation about whether they can afford you.,No way to book a consultation: the form goes to an inbox and the momentum dies over the weekend.,"Before-and-after galleries by room: sized for a phone, quick to scroll.","Budget ranges stated: typical spend for a kitchen and for a bath, plainly.",Consultation booking online: while they are still looking at the photos.,"Design questionnaire before the visit: a shorter, better first meeting.",Financing pre-qualification: the objection handled before you drive out there.
Blue and Green Outdoors,info@blueandgreenoutdoors.com,"not-mobile-friendly,outdated-design,weak-branding",The portfolio does not look like the work: high-end landscape is bought on images and the images are small and slow.,No project budget guidance: the difference between a planting plan and a full build is fifty thousand dollars and the site says neither.,No way to start a conversation properly: a contact form for a six-figure project.,"Portfolio that does the work justice: large, fast, phone-first, by project type.",Project budget bands stated: so the enquiries match the work you want.,Consultation booking with the right questions asked up front.,Design package sold online: a paid first step that qualifies hard.,Maintenance contracts online: recurring revenue off the builds you already did.
Broadway Family and Cosmetic Dentistry,info@thelexingtonkydentists.com,"no-booking,not-mobile-friendly,outdated-design","Case work buried: a smile-makeover patient researches for months alone at night, and the before-and-afters are two menus deep.",No price range anywhere: the biggest case of the month wants a number before they will pick up the phone.,Booking that needs the front desk awake: the consult request that would have come in at nine at night never comes in at all.,"Case gallery up front: filterable by treatment, sized for a phone.","A price range said out loud: in real numbers, with financing mentioned before they ask.",Consult booking on the same screen: not behind a form that goes to an inbox.,Financing pre-qualification: the objection handled before the call.,"Automated recall and reactivation: the patients you already have, coming back."
Cherry Hill Custom Homes,info@cherryhillcustomhomes.com,"not-mobile-friendly,outdated-design,weak-branding",The portfolio is the entire sale and it is presented badly: a phone-sized gallery of finished homes is what wins a build.,No price band anywhere: a client with a budget cannot tell whether you are their builder or twice their budget.,"Nothing about how the process works: the fear with a custom build is the unknown, not the price.","Portfolio built for a phone: full-bleed, fast, filterable by style and size.","A price band stated out loud: per square foot or per project, so the wrong enquiries stop.",The process explained: what happens between the first meeting and the keys.,Client build portal: selections and progress without the weekly phone call.,Land and lot listings: the enquiry that starts before there is a plan.
Crescent Family and Cosmetic Dentistry,info@crescentdentistrysc.com,"no-booking,not-mobile-friendly,outdated-design","Case work buried: a smile-makeover patient researches for months alone at night, and the before-and-afters are two menus deep.",No price range anywhere: the biggest case of the month wants a number before they will pick up the phone.,Booking that needs the front desk awake: the consult request that would have come in at nine at night never comes in at all.,"Case gallery up front: filterable by treatment, sized for a phone.","A price range said out loud: in real numbers, with financing mentioned before they ask.",Consult booking on the same screen: not behind a form that goes to an inbox.,Financing pre-qualification: the objection handled before the call.,"Automated recall and reactivation: the patients you already have, coming back."
Dentistry Plus Lexington,info@dentistrypluslexington.com,"no-booking,not-mobile-friendly,outdated-design","Case work buried: a smile-makeover patient researches for months alone at night, and the before-and-afters are two menus deep.",No price range anywhere: the biggest case of the month wants a number before they will pick up the phone.,Booking that needs the front desk awake: the consult request that would have come in at nine at night never comes in at all.,"Case gallery up front: filterable by treatment, sized for a phone.","A price range said out loud: in real numbers, with financing mentioned before they ask.",Consult booking on the same screen: not behind a form that goes to an inbox.,Financing pre-qualification: the objection handled before the call.,"Automated recall and reactivation: the patients you already have, coming back."
Edwards Kitchen and Bath,info@edwardskitchenandbath.com,"not-mobile-friendly,outdated-design,no-booking",Before-and-afters are the whole pitch and they are hard to reach: a remodel is bought with the eyes.,No budget guidance at all: every enquiry starts with a conversation about whether they can afford you.,No way to book a consultation: the form goes to an inbox and the momentum dies over the weekend.,"Before-and-after galleries by room: sized for a phone, quick to scroll.","Budget ranges stated: typical spend for a kitchen and for a bath, plainly.",Consultation booking online: while they are still looking at the photos.,"Design questionnaire before the visit: a shorter, better first meeting.",Financing pre-qualification: the objection handled before you drive out there.
Elite Smiles Dental SC,info@elitesmilessc.com,"no-booking,not-mobile-friendly,outdated-design","Case work buried: a smile-makeover patient researches for months alone at night, and the before-and-afters are two menus deep.",No price range anywhere: the biggest case of the month wants a number before they will pick up the phone.,Booking that needs the front desk awake: the consult request that would have come in at nine at night never comes in at all.,"Case gallery up front: filterable by treatment, sized for a phone.","A price range said out loud: in real numbers, with financing mentioned before they ask.",Consult booking on the same screen: not behind a form that goes to an inbox.,Financing pre-qualification: the objection handled before the call.,"Automated recall and reactivation: the patients you already have, coming back."
Everwell Dentistry,info@everwelldentistry.com,"no-booking,not-mobile-friendly,outdated-design","Case work buried: a smile-makeover patient researches for months alone at night, and the before-and-afters are two menus deep.",No price range anywhere: the biggest case of the month wants a number before they will pick up the phone.,Booking that needs the front desk awake: the consult request that would have come in at nine at night never comes in at all.,"Case gallery up front: filterable by treatment, sized for a phone.","A price range said out loud: in real numbers, with financing mentioned before they ask.",Consult booking on the same screen: not behind a form that goes to an inbox.,Financing pre-qualification: the objection handled before the call.,"Automated recall and reactivation: the patients you already have, coming back."
Evolutions Medical and Day Spa,info@evolutionsmedicalspa.com,"no-booking,not-mobile-friendly,outdated-design","No booking after hours: the decision to book happens at nine at night on a phone, and the only way in is a front desk that shut at five.","Treatments with no prices: she has to ring and ask what tox costs, which is the one call a first-timer will not make.",Reviews doing the selling on the wrong page: the thing that closes her is two clicks from where she lands.,"Booking on the homepage: live at midnight, two taps, no phone call.",Treatment menu with prices: stated plainly so nobody has to ring to find out.,Reviews beside the booking button: the proof and the action on one screen.,Membership signup online: recurring revenue that does not need the front desk.,Automated reminders and rebooking: fewer no-shows without anybody chasing.
Family Dental Care of Spring Valley,info@springvalleydentist.com,"no-booking,not-mobile-friendly,outdated-design","Case work buried: a smile-makeover patient researches for months alone at night, and the before-and-afters are two menus deep.",No price range anywhere: the biggest case of the month wants a number before they will pick up the phone.,Booking that needs the front desk awake: the consult request that would have come in at nine at night never comes in at all.,"Case gallery up front: filterable by treatment, sized for a phone.","A price range said out loud: in real numbers, with financing mentioned before they ask.",Consult booking on the same screen: not behind a form that goes to an inbox.,Financing pre-qualification: the objection handled before the call.,"Automated recall and reactivation: the patients you already have, coming back."
Family Pools Construction,info@familypoolsconstruction.com,"not-mobile-friendly,outdated-design,weak-branding",The build gallery is what sells and it is buried: nobody buys a pool from a spec list.,No price band anywhere: a homeowner has no idea whether you build forty-thousand pools or hundred-and-forty.,"A season-long sales cycle with nothing to hold the enquiry: they look in February and buy in May, from whoever stayed in front of them.","Build gallery front and centre: full-bleed, phone-first, filterable by style.",A starting price said out loud: so the enquiries you get are ones you want.,Consultation booking online: at the hour people daydream about this.,Design visualiser or 3D walkthrough: the thing that closes the February looker.,Service and maintenance signup: revenue after the build is paid for.
Fort Lauderdale Landscape,info@fortlauderdalelandscape.com,"not-mobile-friendly,outdated-design,weak-branding",The portfolio does not look like the work: high-end landscape is bought on images and the images are small and slow.,No project budget guidance: the difference between a planting plan and a full build is fifty thousand dollars and the site says neither.,No way to start a conversation properly: a contact form for a six-figure project.,"Portfolio that does the work justice: large, fast, phone-first, by project type.",Project budget bands stated: so the enquiries match the work you want.,Consultation booking with the right questions asked up front.,Design package sold online: a paid first step that qualifies hard.,Maintenance contracts online: recurring revenue off the builds you already did.
GSS Builders,info@gssbuilders.com,"not-mobile-friendly,outdated-design,weak-branding",The portfolio is the entire sale and it is presented badly: a phone-sized gallery of finished homes is what wins a build.,No price band anywhere: a client with a budget cannot tell whether you are their builder or twice their budget.,"Nothing about how the process works: the fear with a custom build is the unknown, not the price.","Portfolio built for a phone: full-bleed, fast, filterable by style and size.","A price band stated out loud: per square foot or per project, so the wrong enquiries stop.",The process explained: what happens between the first meeting and the keys.,Client build portal: selections and progress without the weekly phone call.,Land and lot listings: the enquiry that starts before there is a plan.
Garden Springs Dental,info@gardenspringsdental.com,"no-booking,not-mobile-friendly,outdated-design","Case work buried: a smile-makeover patient researches for months alone at night, and the before-and-afters are two menus deep.",No price range anywhere: the biggest case of the month wants a number before they will pick up the phone.,Booking that needs the front desk awake: the consult request that would have come in at nine at night never comes in at all.,"Case gallery up front: filterable by treatment, sized for a phone.","A price range said out loud: in real numbers, with financing mentioned before they ask.",Consult booking on the same screen: not behind a form that goes to an inbox.,Financing pre-qualification: the objection handled before the call.,"Automated recall and reactivation: the patients you already have, coming back."
Giovanti Homes,info@giovantihomes.com,"not-mobile-friendly,outdated-design,weak-branding",The portfolio is the entire sale and it is presented badly: a phone-sized gallery of finished homes is what wins a build.,No price band anywhere: a client with a budget cannot tell whether you are their builder or twice their budget.,"Nothing about how the process works: the fear with a custom build is the unknown, not the price.","Portfolio built for a phone: full-bleed, fast, filterable by style and size.","A price band stated out loud: per square foot or per project, so the wrong enquiries stop.",The process explained: what happens between the first meeting and the keys.,Client build portal: selections and progress without the weekly phone call.,Land and lot listings: the enquiry that starts before there is a plan.
Go2Scape,info@go2scape.com,"not-mobile-friendly,outdated-design,weak-branding",The portfolio does not look like the work: high-end landscape is bought on images and the images are small and slow.,No project budget guidance: the difference between a planting plan and a full build is fifty thousand dollars and the site says neither.,No way to start a conversation properly: a contact form for a six-figure project.,"Portfolio that does the work justice: large, fast, phone-first, by project type.",Project budget bands stated: so the enquiries match the work you want.,Consultation booking with the right questions asked up front.,Design package sold online: a paid first step that qualifies hard.,Maintenance contracts online: recurring revenue off the builds you already did.
Greashaber Dentistry,info@greashaberdentistry.com,"no-booking,not-mobile-friendly,outdated-design","Case work buried: a smile-makeover patient researches for months alone at night, and the before-and-afters are two menus deep.",No price range anywhere: the biggest case of the month wants a number before they will pick up the phone.,Booking that needs the front desk awake: the consult request that would have come in at nine at night never comes in at all.,"Case gallery up front: filterable by treatment, sized for a phone.","A price range said out loud: in real numbers, with financing mentioned before they ask.",Consult booking on the same screen: not behind a form that goes to an inbox.,Financing pre-qualification: the objection handled before the call.,"Automated recall and reactivation: the patients you already have, coming back."
Green Dreams Landscape,info@greendreams-landscapes.com,"not-mobile-friendly,outdated-design,weak-branding",The portfolio does not look like the work: high-end landscape is bought on images and the images are small and slow.,No project budget guidance: the difference between a planting plan and a full build is fifty thousand dollars and the site says neither.,No way to start a conversation properly: a contact form for a six-figure project.,"Portfolio that does the work justice: large, fast, phone-first, by project type.",Project budget bands stated: so the enquiries match the work you want.,Consultation booking with the right questions asked up front.,Design package sold online: a paid first step that qualifies hard.,Maintenance contracts online: recurring revenue off the builds you already did.
Greenway Landscape Design and Build,info@grnway.com,"not-mobile-friendly,outdated-design,weak-branding",The portfolio does not look like the work: high-end landscape is bought on images and the images are small and slow.,No project budget guidance: the difference between a planting plan and a full build is fifty thousand dollars and the site says neither.,No way to start a conversation properly: a contact form for a six-figure project.,"Portfolio that does the work justice: large, fast, phone-first, by project type.",Project budget bands stated: so the enquiries match the work you want.,Consultation booking with the right questions asked up front.,Design package sold online: a paid first step that qualifies hard.,Maintenance contracts online: recurring revenue off the builds you already did.
Happe Homes,info@happehomes.com,"not-mobile-friendly,outdated-design,weak-branding",The portfolio is the entire sale and it is presented badly: a phone-sized gallery of finished homes is what wins a build.,No price band anywhere: a client with a budget cannot tell whether you are their builder or twice their budget.,"Nothing about how the process works: the fear with a custom build is the unknown, not the price.","Portfolio built for a phone: full-bleed, fast, filterable by style and size.","A price band stated out loud: per square foot or per project, so the wrong enquiries stop.",The process explained: what happens between the first meeting and the keys.,Client build portal: selections and progress without the weekly phone call.,Land and lot listings: the enquiry that starts before there is a plan.
Infinity E Pools and Spas,info@infinityepools.com,"not-mobile-friendly,outdated-design,weak-branding",The build gallery is what sells and it is buried: nobody buys a pool from a spec list.,No price band anywhere: a homeowner has no idea whether you build forty-thousand pools or hundred-and-forty.,"A season-long sales cycle with nothing to hold the enquiry: they look in February and buy in May, from whoever stayed in front of them.","Build gallery front and centre: full-bleed, phone-first, filterable by style.",A starting price said out loud: so the enquiries you get are ones you want.,Consultation booking online: at the hour people daydream about this.,Design visualiser or 3D walkthrough: the thing that closes the February looker.,Service and maintenance signup: revenue after the build is paid for.
Infinity Med-I-Spa,info@med-i-spa.com,"no-booking,not-mobile-friendly,outdated-design","No booking after hours: the decision to book happens at nine at night on a phone, and the only way in is a front desk that shut at five.","Treatments with no prices: she has to ring and ask what tox costs, which is the one call a first-timer will not make.",Reviews doing the selling on the wrong page: the thing that closes her is two clicks from where she lands.,"Booking on the homepage: live at midnight, two taps, no phone call.",Treatment menu with prices: stated plainly so nobody has to ring to find out.,Reviews beside the booking button: the proof and the action on one screen.,Membership signup online: recurring revenue that does not need the front desk.,Automated reminders and rebooking: fewer no-shows without anybody chasing.
KDI Kitchens,info@kdiusa.com,"not-mobile-friendly,outdated-design,no-booking",Before-and-afters are the whole pitch and they are hard to reach: a remodel is bought with the eyes.,No budget guidance at all: every enquiry starts with a conversation about whether they can afford you.,No way to book a consultation: the form goes to an inbox and the momentum dies over the weekend.,"Before-and-after galleries by room: sized for a phone, quick to scroll.","Budget ranges stated: typical spend for a kitchen and for a bath, plainly.",Consultation booking online: while they are still looking at the photos.,"Design questionnaire before the visit: a shorter, better first meeting.",Financing pre-qualification: the objection handled before you drive out there.
KRM Custom Homes,info@krmcustomhomes.com,"not-mobile-friendly,outdated-design,weak-branding",The portfolio is the entire sale and it is presented badly: a phone-sized gallery of finished homes is what wins a build.,No price band anywhere: a client with a budget cannot tell whether you are their builder or twice their budget.,"Nothing about how the process works: the fear with a custom build is the unknown, not the price.","Portfolio built for a phone: full-bleed, fast, filterable by style and size.","A price band stated out loud: per square foot or per project, so the wrong enquiries stop.",The process explained: what happens between the first meeting and the keys.,Client build portal: selections and progress without the weekly phone call.,Land and lot listings: the enquiry that starts before there is a plan.
Kind Dermatology and Medical Spa,info@kinddermatology.com,"no-booking,not-mobile-friendly,outdated-design","No booking after hours: the decision to book happens at nine at night on a phone, and the only way in is a front desk that shut at five.","Treatments with no prices: she has to ring and ask what tox costs, which is the one call a first-timer will not make.",Reviews doing the selling on the wrong page: the thing that closes her is two clicks from where she lands.,"Booking on the homepage: live at midnight, two taps, no phone call.",Treatment menu with prices: stated plainly so nobody has to ring to find out.,Reviews beside the booking button: the proof and the action on one screen.,Membership signup online: recurring revenue that does not need the front desk.,Automated reminders and rebooking: fewer no-shows without anybody chasing.
Kitchen World Inc,info@kitchenworldinc.com,"not-mobile-friendly,outdated-design,no-booking",Before-and-afters are the whole pitch and they are hard to reach: a remodel is bought with the eyes.,No budget guidance at all: every enquiry starts with a conversation about whether they can afford you.,No way to book a consultation: the form goes to an inbox and the momentum dies over the weekend.,"Before-and-after galleries by room: sized for a phone, quick to scroll.","Budget ranges stated: typical spend for a kitchen and for a bath, plainly.",Consultation booking online: while they are still looking at the photos.,"Design questionnaire before the visit: a shorter, better first meeting.",Financing pre-qualification: the objection handled before you drive out there.
L'Elite Medispa,info@lelitemedispa.com,"no-booking,not-mobile-friendly,outdated-design","No booking after hours: the decision to book happens at nine at night on a phone, and the only way in is a front desk that shut at five.","Treatments with no prices: she has to ring and ask what tox costs, which is the one call a first-timer will not make.",Reviews doing the selling on the wrong page: the thing that closes her is two clicks from where she lands.,"Booking on the homepage: live at midnight, two taps, no phone call.",Treatment menu with prices: stated plainly so nobody has to ring to find out.,Reviews beside the booking button: the proof and the action on one screen.,Membership signup online: recurring revenue that does not need the front desk.,Automated reminders and rebooking: fewer no-shows without anybody chasing.
LI Medical Aesthetics,info@limedicalaesthetics.com,"no-booking,not-mobile-friendly,outdated-design","No booking after hours: the decision to book happens at nine at night on a phone, and the only way in is a front desk that shut at five.","Treatments with no prices: she has to ring and ask what tox costs, which is the one call a first-timer will not make.",Reviews doing the selling on the wrong page: the thing that closes her is two clicks from where she lands.,"Booking on the homepage: live at midnight, two taps, no phone call.",Treatment menu with prices: stated plainly so nobody has to ring to find out.,Reviews beside the booking button: the proof and the action on one screen.,Membership signup online: recurring revenue that does not need the front desk.,Automated reminders and rebooking: fewer no-shows without anybody chasing.
LUKA Design and Build,info@lukabuilders.com,"not-mobile-friendly,outdated-design,weak-branding",The portfolio is the entire sale and it is presented badly: a phone-sized gallery of finished homes is what wins a build.,No price band anywhere: a client with a budget cannot tell whether you are their builder or twice their budget.,"Nothing about how the process works: the fear with a custom build is the unknown, not the price.","Portfolio built for a phone: full-bleed, fast, filterable by style and size.","A price band stated out loud: per square foot or per project, so the wrong enquiries stop.",The process explained: what happens between the first meeting and the keys.,Client build portal: selections and progress without the weekly phone call.,Land and lot listings: the enquiry that starts before there is a plan.
Landscaping Fort Lauderdale,info@landscapingfortlauderdale.com,"not-mobile-friendly,outdated-design,weak-branding",The portfolio does not look like the work: high-end landscape is bought on images and the images are small and slow.,No project budget guidance: the difference between a planting plan and a full build is fifty thousand dollars and the site says neither.,No way to start a conversation properly: a contact form for a six-figure project.,"Portfolio that does the work justice: large, fast, phone-first, by project type.",Project budget bands stated: so the enquiries match the work you want.,Consultation booking with the right questions asked up front.,Design package sold online: a paid first step that qualifies hard.,Maintenance contracts online: recurring revenue off the builds you already did.
Las Vegas Landscape Design,info@lasvegaslandscapedesigners.com,"not-mobile-friendly,outdated-design,weak-branding",The portfolio does not look like the work: high-end landscape is bought on images and the images are small and slow.,No project budget guidance: the difference between a planting plan and a full build is fifty thousand dollars and the site says neither.,No way to start a conversation properly: a contact form for a six-figure project.,"Portfolio that does the work justice: large, fast, phone-first, by project type.",Project budget bands stated: so the enquiries match the work you want.,Consultation booking with the right questions asked up front.,Design package sold online: a paid first step that qualifies hard.,Maintenance contracts online: recurring revenue off the builds you already did.
Leisure Pools Myrtle Beach,info@leisurepoolsmyrtlebeach.com,"not-mobile-friendly,outdated-design,weak-branding",The build gallery is what sells and it is buried: nobody buys a pool from a spec list.,No price band anywhere: a homeowner has no idea whether you build forty-thousand pools or hundred-and-forty.,"A season-long sales cycle with nothing to hold the enquiry: they look in February and buy in May, from whoever stayed in front of them.","Build gallery front and centre: full-bleed, phone-first, filterable by style.",A starting price said out loud: so the enquiries you get are ones you want.,Consultation booking online: at the hour people daydream about this.,Design visualiser or 3D walkthrough: the thing that closes the February looker.,Service and maintenance signup: revenue after the build is paid for.
Lexington Dental,info@lexingtondental.com,"no-booking,not-mobile-friendly,outdated-design","Case work buried: a smile-makeover patient researches for months alone at night, and the before-and-afters are two menus deep.",No price range anywhere: the biggest case of the month wants a number before they will pick up the phone.,Booking that needs the front desk awake: the consult request that would have come in at nine at night never comes in at all.,"Case gallery up front: filterable by treatment, sized for a phone.","A price range said out loud: in real numbers, with financing mentioned before they ask.",Consult booking on the same screen: not behind a form that goes to an inbox.,Financing pre-qualification: the objection handled before the call.,"Automated recall and reactivation: the patients you already have, coming back."
Lexington Family Dentistry,info@lexingtonfamilydentistry.org,"no-booking,not-mobile-friendly,outdated-design","Case work buried: a smile-makeover patient researches for months alone at night, and the before-and-afters are two menus deep.",No price range anywhere: the biggest case of the month wants a number before they will pick up the phone.,Booking that needs the front desk awake: the consult request that would have come in at nine at night never comes in at all.,"Case gallery up front: filterable by treatment, sized for a phone.","A price range said out loud: in real numbers, with financing mentioned before they ask.",Consult booking on the same screen: not behind a form that goes to an inbox.,Financing pre-qualification: the objection handled before the call.,"Automated recall and reactivation: the patients you already have, coming back."
Long Island Med Spa,info@longislandmedspa.com,"no-booking,not-mobile-friendly,outdated-design","No booking after hours: the decision to book happens at nine at night on a phone, and the only way in is a front desk that shut at five.","Treatments with no prices: she has to ring and ask what tox costs, which is the one call a first-timer will not make.",Reviews doing the selling on the wrong page: the thing that closes her is two clicks from where she lands.,"Booking on the homepage: live at midnight, two taps, no phone call.",Treatment menu with prices: stated plainly so nobody has to ring to find out.,Reviews beside the booking button: the proof and the action on one screen.,Membership signup online: recurring revenue that does not need the front desk.,Automated reminders and rebooking: fewer no-shows without anybody chasing.
MR Custom Homes,info@mrcustomhomes.com,"not-mobile-friendly,outdated-design,weak-branding",The portfolio is the entire sale and it is presented badly: a phone-sized gallery of finished homes is what wins a build.,No price band anywhere: a client with a budget cannot tell whether you are their builder or twice their budget.,"Nothing about how the process works: the fear with a custom build is the unknown, not the price.","Portfolio built for a phone: full-bleed, fast, filterable by style and size.","A price band stated out loud: per square foot or per project, so the wrong enquiries stop.",The process explained: what happens between the first meeting and the keys.,Client build portal: selections and progress without the weekly phone call.,Land and lot listings: the enquiry that starts before there is a plan.
Magleby Construction,info@maglebyconstruction.com,"not-mobile-friendly,outdated-design,weak-branding",The portfolio is the entire sale and it is presented badly: a phone-sized gallery of finished homes is what wins a build.,No price band anywhere: a client with a budget cannot tell whether you are their builder or twice their budget.,"Nothing about how the process works: the fear with a custom build is the unknown, not the price.","Portfolio built for a phone: full-bleed, fast, filterable by style and size.","A price band stated out loud: per square foot or per project, so the wrong enquiries stop.",The process explained: what happens between the first meeting and the keys.,Client build portal: selections and progress without the weekly phone call.,Land and lot listings: the enquiry that starts before there is a plan.
MainBuilt Custom Homes,info@mainbuilt.com,"not-mobile-friendly,outdated-design,weak-branding",The portfolio is the entire sale and it is presented badly: a phone-sized gallery of finished homes is what wins a build.,No price band anywhere: a client with a budget cannot tell whether you are their builder or twice their budget.,"Nothing about how the process works: the fear with a custom build is the unknown, not the price.","Portfolio built for a phone: full-bleed, fast, filterable by style and size.","A price band stated out loud: per square foot or per project, so the wrong enquiries stop.",The process explained: what happens between the first meeting and the keys.,Client build portal: selections and progress without the weekly phone call.,Land and lot listings: the enquiry that starts before there is a plan.
Marjos Complete Remodeling,info@marjos.com,"not-mobile-friendly,outdated-design,no-booking",Before-and-afters are the whole pitch and they are hard to reach: a remodel is bought with the eyes.,No budget guidance at all: every enquiry starts with a conversation about whether they can afford you.,No way to book a consultation: the form goes to an inbox and the momentum dies over the weekend.,"Before-and-after galleries by room: sized for a phone, quick to scroll.","Budget ranges stated: typical spend for a kitchen and for a bath, plainly.",Consultation booking online: while they are still looking at the photos.,"Design questionnaire before the visit: a shorter, better first meeting.",Financing pre-qualification: the objection handled before you drive out there.
McLean Custom Builders,info@mcleancustombuilders.com,"not-mobile-friendly,outdated-design,weak-branding",The portfolio is the entire sale and it is presented badly: a phone-sized gallery of finished homes is what wins a build.,No price band anywhere: a client with a budget cannot tell whether you are their builder or twice their budget.,"Nothing about how the process works: the fear with a custom build is the unknown, not the price.","Portfolio built for a phone: full-bleed, fast, filterable by style and size.","A price band stated out loud: per square foot or per project, so the wrong enquiries stop.",The process explained: what happens between the first meeting and the keys.,Client build portal: selections and progress without the weekly phone call.,Land and lot listings: the enquiry that starts before there is a plan.
Medloft Spa Huntsville,info@medloftspa.com,"no-booking,not-mobile-friendly,outdated-design","No booking after hours: the decision to book happens at nine at night on a phone, and the only way in is a front desk that shut at five.","Treatments with no prices: she has to ring and ask what tox costs, which is the one call a first-timer will not make.",Reviews doing the selling on the wrong page: the thing that closes her is two clicks from where she lands.,"Booking on the homepage: live at midnight, two taps, no phone call.",Treatment menu with prices: stated plainly so nobody has to ring to find out.,Reviews beside the booking button: the proof and the action on one screen.,Membership signup online: recurring revenue that does not need the front desk.,Automated reminders and rebooking: fewer no-shows without anybody chasing.
Modern Landscape Las Vegas,info@modernlandscapelasvegas.com,"not-mobile-friendly,outdated-design,weak-branding",The portfolio does not look like the work: high-end landscape is bought on images and the images are small and slow.,No project budget guidance: the difference between a planting plan and a full build is fifty thousand dollars and the site says neither.,No way to start a conversation properly: a contact form for a six-figure project.,"Portfolio that does the work justice: large, fast, phone-first, by project type.",Project budget bands stated: so the enquiries match the work you want.,Consultation booking with the right questions asked up front.,Design package sold online: a paid first step that qualifies hard.,Maintenance contracts online: recurring revenue off the builds you already did.
NV Kitchen and Bathroom Remodeling,info@nvkitchenandbath.com,"not-mobile-friendly,outdated-design,no-booking",Before-and-afters are the whole pitch and they are hard to reach: a remodel is bought with the eyes.,No budget guidance at all: every enquiry starts with a conversation about whether they can afford you.,No way to book a consultation: the form goes to an inbox and the momentum dies over the weekend.,"Before-and-after galleries by room: sized for a phone, quick to scroll.","Budget ranges stated: typical spend for a kitchen and for a bath, plainly.",Consultation booking online: while they are still looking at the photos.,"Design questionnaire before the visit: a shorter, better first meeting.",Financing pre-qualification: the objection handled before you drive out there.
NV Landscapes,info@nvlandscapesllc.com,"not-mobile-friendly,outdated-design,weak-branding",The portfolio does not look like the work: high-end landscape is bought on images and the images are small and slow.,No project budget guidance: the difference between a planting plan and a full build is fifty thousand dollars and the site says neither.,No way to start a conversation properly: a contact form for a six-figure project.,"Portfolio that does the work justice: large, fast, phone-first, by project type.",Project budget bands stated: so the enquiries match the work you want.,Consultation booking with the right questions asked up front.,Design package sold online: a paid first step that qualifies hard.,Maintenance contracts online: recurring revenue off the builds you already did.
New Day Detroit,info@newdaydetroit.com,"not-mobile-friendly,outdated-design,no-booking",Before-and-afters are the whole pitch and they are hard to reach: a remodel is bought with the eyes.,No budget guidance at all: every enquiry starts with a conversation about whether they can afford you.,No way to book a consultation: the form goes to an inbox and the momentum dies over the weekend.,"Before-and-after galleries by room: sized for a phone, quick to scroll.","Budget ranges stated: typical spend for a kitchen and for a bath, plainly.",Consultation booking online: while they are still looking at the photos.,"Design questionnaire before the visit: a shorter, better first meeting.",Financing pre-qualification: the objection handled before you drive out there.
New York Kitchen and Bath,info@nykitchenandbath.com,"not-mobile-friendly,outdated-design,no-booking",Before-and-afters are the whole pitch and they are hard to reach: a remodel is bought with the eyes.,No budget guidance at all: every enquiry starts with a conversation about whether they can afford you.,No way to book a consultation: the form goes to an inbox and the momentum dies over the weekend.,"Before-and-after galleries by room: sized for a phone, quick to scroll.","Budget ranges stated: typical spend for a kitchen and for a bath, plainly.",Consultation booking online: while they are still looking at the photos.,"Design questionnaire before the visit: a shorter, better first meeting.",Financing pre-qualification: the objection handled before you drive out there.
North Shore Medical Spa,info@northshorems.com,"no-booking,not-mobile-friendly,outdated-design","No booking after hours: the decision to book happens at nine at night on a phone, and the only way in is a front desk that shut at five.","Treatments with no prices: she has to ring and ask what tox costs, which is the one call a first-timer will not make.",Reviews doing the selling on the wrong page: the thing that closes her is two clicks from where she lands.,"Booking on the homepage: live at midnight, two taps, no phone call.",Treatment menu with prices: stated plainly so nobody has to ring to find out.,Reviews beside the booking button: the proof and the action on one screen.,Membership signup online: recurring revenue that does not need the front desk.,Automated reminders and rebooking: fewer no-shows without anybody chasing.
Northwest Landscaping Vegas,info@landscaping.vegas,"not-mobile-friendly,outdated-design,weak-branding",The portfolio does not look like the work: high-end landscape is bought on images and the images are small and slow.,No project budget guidance: the difference between a planting plan and a full build is fifty thousand dollars and the site says neither.,No way to start a conversation properly: a contact form for a six-figure project.,"Portfolio that does the work justice: large, fast, phone-first, by project type.",Project budget bands stated: so the enquiries match the work you want.,Consultation booking with the right questions asked up front.,Design package sold online: a paid first step that qualifies hard.,Maintenance contracts online: recurring revenue off the builds you already did.
PSA MedSpa,info@psamedspa.com,"no-booking,not-mobile-friendly,outdated-design","No booking after hours: the decision to book happens at nine at night on a phone, and the only way in is a front desk that shut at five.","Treatments with no prices: she has to ring and ask what tox costs, which is the one call a first-timer will not make.",Reviews doing the selling on the wrong page: the thing that closes her is two clicks from where she lands.,"Booking on the homepage: live at midnight, two taps, no phone call.",Treatment menu with prices: stated plainly so nobody has to ring to find out.,Reviews beside the booking button: the proof and the action on one screen.,Membership signup online: recurring revenue that does not need the front desk.,Automated reminders and rebooking: fewer no-shows without anybody chasing.
Pawleys Pools,info@pawleyspools.com,"not-mobile-friendly,outdated-design,weak-branding",The build gallery is what sells and it is buried: nobody buys a pool from a spec list.,No price band anywhere: a homeowner has no idea whether you build forty-thousand pools or hundred-and-forty.,"A season-long sales cycle with nothing to hold the enquiry: they look in February and buy in May, from whoever stayed in front of them.","Build gallery front and centre: full-bleed, phone-first, filterable by style.",A starting price said out loud: so the enquiries you get are ones you want.,Consultation booking online: at the hour people daydream about this.,Design visualiser or 3D walkthrough: the thing that closes the February looker.,Service and maintenance signup: revenue after the build is paid for.
Perfect Med Spa,info@perfectmedspa.com,"no-booking,not-mobile-friendly,outdated-design","No booking after hours: the decision to book happens at nine at night on a phone, and the only way in is a front desk that shut at five.","Treatments with no prices: she has to ring and ask what tox costs, which is the one call a first-timer will not make.",Reviews doing the selling on the wrong page: the thing that closes her is two clicks from where she lands.,"Booking on the homepage: live at midnight, two taps, no phone call.",Treatment menu with prices: stated plainly so nobody has to ring to find out.,Reviews beside the booking button: the proof and the action on one screen.,Membership signup online: recurring revenue that does not need the front desk.,Automated reminders and rebooking: fewer no-shows without anybody chasing.
Pools Plus of the Carolinas,info@poolsplus.biz,"not-mobile-friendly,outdated-design,weak-branding",The build gallery is what sells and it is buried: nobody buys a pool from a spec list.,No price band anywhere: a homeowner has no idea whether you build forty-thousand pools or hundred-and-forty.,"A season-long sales cycle with nothing to hold the enquiry: they look in February and buy in May, from whoever stayed in front of them.","Build gallery front and centre: full-bleed, phone-first, filterable by style.",A starting price said out loud: so the enquiries you get are ones you want.,Consultation booking online: at the hour people daydream about this.,Design visualiser or 3D walkthrough: the thing that closes the February looker.,Service and maintenance signup: revenue after the build is paid for.
Pools and Palms,info@poolsandpalms.com,"not-mobile-friendly,outdated-design,weak-branding",The build gallery is what sells and it is buried: nobody buys a pool from a spec list.,No price band anywhere: a homeowner has no idea whether you build forty-thousand pools or hundred-and-forty.,"A season-long sales cycle with nothing to hold the enquiry: they look in February and buy in May, from whoever stayed in front of them.","Build gallery front and centre: full-bleed, phone-first, filterable by style.",A starting price said out loud: so the enquiries you get are ones you want.,Consultation booking online: at the hour people daydream about this.,Design visualiser or 3D walkthrough: the thing that closes the February looker.,Service and maintenance signup: revenue after the build is paid for.
Progress Kitchen and Bath,info@progresskitchenbath.com,"not-mobile-friendly,outdated-design,no-booking",Before-and-afters are the whole pitch and they are hard to reach: a remodel is bought with the eyes.,No budget guidance at all: every enquiry starts with a conversation about whether they can afford you.,No way to book a consultation: the form goes to an inbox and the momentum dies over the weekend.,"Before-and-after galleries by room: sized for a phone, quick to scroll.","Budget ranges stated: typical spend for a kitchen and for a bath, plainly.",Consultation booking online: while they are still looking at the photos.,"Design questionnaire before the visit: a shorter, better first meeting.",Financing pre-qualification: the objection handled before you drive out there.
Reel Homes,info@reel-homes.com,"not-mobile-friendly,outdated-design,weak-branding",The portfolio is the entire sale and it is presented badly: a phone-sized gallery of finished homes is what wins a build.,No price band anywhere: a client with a budget cannot tell whether you are their builder or twice their budget.,"Nothing about how the process works: the fear with a custom build is the unknown, not the price.","Portfolio built for a phone: full-bleed, fast, filterable by style and size.","A price band stated out loud: per square foot or per project, so the wrong enquiries stop.",The process explained: what happens between the first meeting and the keys.,Client build portal: selections and progress without the weekly phone call.,Land and lot listings: the enquiry that starts before there is a plan.
Regina R Davis DDS,info@reginadavisdental.com,"no-booking,not-mobile-friendly,outdated-design","Case work buried: a smile-makeover patient researches for months alone at night, and the before-and-afters are two menus deep.",No price range anywhere: the biggest case of the month wants a number before they will pick up the phone.,Booking that needs the front desk awake: the consult request that would have come in at nine at night never comes in at all.,"Case gallery up front: filterable by treatment, sized for a phone.","A price range said out loud: in real numbers, with financing mentioned before they ask.",Consult booking on the same screen: not behind a form that goes to an inbox.,Financing pre-qualification: the objection handled before the call.,"Automated recall and reactivation: the patients you already have, coming back."
Remodeling Contractor VB,info@remodelingcontractorvb.com,"not-mobile-friendly,outdated-design,no-booking",Before-and-afters are the whole pitch and they are hard to reach: a remodel is bought with the eyes.,No budget guidance at all: every enquiry starts with a conversation about whether they can afford you.,No way to book a consultation: the form goes to an inbox and the momentum dies over the weekend.,"Before-and-after galleries by room: sized for a phone, quick to scroll.","Budget ranges stated: typical spend for a kitchen and for a bath, plainly.",Consultation booking online: while they are still looking at the photos.,"Design questionnaire before the visit: a shorter, better first meeting.",Financing pre-qualification: the objection handled before you drive out there.
Renew Medical Spa Huntsville,info@renewhuntsville.com,"no-booking,not-mobile-friendly,outdated-design","No booking after hours: the decision to book happens at nine at night on a phone, and the only way in is a front desk that shut at five.","Treatments with no prices: she has to ring and ask what tox costs, which is the one call a first-timer will not make.",Reviews doing the selling on the wrong page: the thing that closes her is two clicks from where she lands.,"Booking on the homepage: live at midnight, two taps, no phone call.",Treatment menu with prices: stated plainly so nobody has to ring to find out.,Reviews beside the booking button: the proof and the action on one screen.,Membership signup online: recurring revenue that does not need the front desk.,Automated reminders and rebooking: fewer no-shows without anybody chasing.
Richland Northeast Dental,info@richlandnedental.com,"no-booking,not-mobile-friendly,outdated-design","Case work buried: a smile-makeover patient researches for months alone at night, and the before-and-afters are two menus deep.",No price range anywhere: the biggest case of the month wants a number before they will pick up the phone.,Booking that needs the front desk awake: the consult request that would have come in at nine at night never comes in at all.,"Case gallery up front: filterable by treatment, sized for a phone.","A price range said out loud: in real numbers, with financing mentioned before they ask.",Consult booking on the same screen: not behind a form that goes to an inbox.,Financing pre-qualification: the objection handled before the call.,"Automated recall and reactivation: the patients you already have, coming back."
Riff Construction,info@riffconstruction.com,"not-mobile-friendly,outdated-design,no-booking",Before-and-afters are the whole pitch and they are hard to reach: a remodel is bought with the eyes.,No budget guidance at all: every enquiry starts with a conversation about whether they can afford you.,No way to book a consultation: the form goes to an inbox and the momentum dies over the weekend.,"Before-and-after galleries by room: sized for a phone, quick to scroll.","Budget ranges stated: typical spend for a kitchen and for a bath, plainly.",Consultation booking online: while they are still looking at the photos.,"Design questionnaire before the visit: a shorter, better first meeting.",Financing pre-qualification: the objection handled before you drive out there.
River Oaks Advanced Dentistry,info@riveroaksadvanceddentistry.com,"no-booking,not-mobile-friendly,outdated-design","Case work buried: a smile-makeover patient researches for months alone at night, and the before-and-afters are two menus deep.",No price range anywhere: the biggest case of the month wants a number before they will pick up the phone.,Booking that needs the front desk awake: the consult request that would have come in at nine at night never comes in at all.,"Case gallery up front: filterable by treatment, sized for a phone.","A price range said out loud: in real numbers, with financing mentioned before they ask.",Consult booking on the same screen: not behind a form that goes to an inbox.,Financing pre-qualification: the objection handled before the call.,"Automated recall and reactivation: the patients you already have, coming back."
Rivers Landscape Construction,info@riverslandscape.com,"not-mobile-friendly,outdated-design,weak-branding",The portfolio does not look like the work: high-end landscape is bought on images and the images are small and slow.,No project budget guidance: the difference between a planting plan and a full build is fifty thousand dollars and the site says neither.,No way to start a conversation properly: a contact form for a six-figure project.,"Portfolio that does the work justice: large, fast, phone-first, by project type.",Project budget bands stated: so the enquiries match the work you want.,Consultation booking with the right questions asked up front.,Design package sold online: a paid first step that qualifies hard.,Maintenance contracts online: recurring revenue off the builds you already did.
SB Aesthetics Medical Spa,info@sbaestheticsmedspa.com,"no-booking,not-mobile-friendly,outdated-design","No booking after hours: the decision to book happens at nine at night on a phone, and the only way in is a front desk that shut at five.","Treatments with no prices: she has to ring and ask what tox costs, which is the one call a first-timer will not make.",Reviews doing the selling on the wrong page: the thing that closes her is two clicks from where she lands.,"Booking on the homepage: live at midnight, two taps, no phone call.",Treatment menu with prices: stated plainly so nobody has to ring to find out.,Reviews beside the booking button: the proof and the action on one screen.,Membership signup online: recurring revenue that does not need the front desk.,Automated reminders and rebooking: fewer no-shows without anybody chasing.
SS Builders and Remodeling,info@ssbuildersandremodeling.com,"not-mobile-friendly,outdated-design,weak-branding",The portfolio is the entire sale and it is presented badly: a phone-sized gallery of finished homes is what wins a build.,No price band anywhere: a client with a budget cannot tell whether you are their builder or twice their budget.,"Nothing about how the process works: the fear with a custom build is the unknown, not the price.","Portfolio built for a phone: full-bleed, fast, filterable by style and size.","A price band stated out loud: per square foot or per project, so the wrong enquiries stop.",The process explained: what happens between the first meeting and the keys.,Client build portal: selections and progress without the weekly phone call.,Land and lot listings: the enquiry that starts before there is a plan.
Sac Pool,info@sacpool.com,"not-mobile-friendly,outdated-design,weak-branding",The build gallery is what sells and it is buried: nobody buys a pool from a spec list.,No price band anywhere: a homeowner has no idea whether you build forty-thousand pools or hundred-and-forty.,"A season-long sales cycle with nothing to hold the enquiry: they look in February and buy in May, from whoever stayed in front of them.","Build gallery front and centre: full-bleed, phone-first, filterable by style.",A starting price said out loud: so the enquiries you get are ones you want.,Consultation booking online: at the hour people daydream about this.,Design visualiser or 3D walkthrough: the thing that closes the February looker.,Service and maintenance signup: revenue after the build is paid for.
Sac Pool Pros,info@sacpoolpros.com,"not-mobile-friendly,outdated-design,weak-branding",The build gallery is what sells and it is buried: nobody buys a pool from a spec list.,No price band anywhere: a homeowner has no idea whether you build forty-thousand pools or hundred-and-forty.,"A season-long sales cycle with nothing to hold the enquiry: they look in February and buy in May, from whoever stayed in front of them.","Build gallery front and centre: full-bleed, phone-first, filterable by style.",A starting price said out loud: so the enquiries you get are ones you want.,Consultation booking online: at the hour people daydream about this.,Design visualiser or 3D walkthrough: the thing that closes the February looker.,Service and maintenance signup: revenue after the build is paid for.
Asheville Aesthetic Dental Partners,admin@aadentalpartners.com,"no-booking,not-mobile-friendly,outdated-design","Case work buried: a smile-makeover patient researches for months alone at night, and the before-and-afters are two menus deep.",No price range anywhere: the biggest case of the month wants a number before they will pick up the phone.,Booking that needs the front desk awake: the consult request that would have come in at nine at night never comes in at all.,"Case gallery up front: filterable by treatment, sized for a phone.","A price range said out loud: in real numbers, with financing mentioned before they ask.",Consult booking on the same screen: not behind a form that goes to an inbox.,Financing pre-qualification: the objection handled before the call.,"Automated recall and reactivation: the patients you already have, coming back."
Attune Med Spa,stamford@attunemedspa.com,"no-booking,not-mobile-friendly,outdated-design","No booking after hours: the decision to book happens at nine at night on a phone, and the only way in is a front desk that shut at five.","Treatments with no prices: she has to ring and ask what tox costs, which is the one call a first-timer will not make.",Reviews doing the selling on the wrong page: the thing that closes her is two clicks from where she lands.,"Booking on the homepage: live at midnight, two taps, no phone call.",Treatment menu with prices: stated plainly so nobody has to ring to find out.,Reviews beside the booking button: the proof and the action on one screen.,Membership signup online: recurring revenue that does not need the front desk.,Automated reminders and rebooking: fewer no-shows without anybody chasing.
Bend Custom Homes and Remodeling,jim@bendch.com,"not-mobile-friendly,outdated-design,weak-branding",The portfolio is the entire sale and it is presented badly: a phone-sized gallery of finished homes is what wins a build.,No price band anywhere: a client with a budget cannot tell whether you are their builder or twice their budget.,"Nothing about how the process works: the fear with a custom build is the unknown, not the price.","Portfolio built for a phone: full-bleed, fast, filterable by style and size.","A price band stated out loud: per square foot or per project, so the wrong enquiries stop.",The process explained: what happens between the first meeting and the keys.,Client build portal: selections and progress without the weekly phone call.,Land and lot listings: the enquiry that starts before there is a plan.
Bliss Kitchen Remodeling Albany,info@blisskitchenremodelingalbanyny.com,"not-mobile-friendly,outdated-design,no-booking",Before-and-afters are the whole pitch and they are hard to reach: a remodel is bought with the eyes.,No budget guidance at all: every enquiry starts with a conversation about whether they can afford you.,No way to book a consultation: the form goes to an inbox and the momentum dies over the weekend.,"Before-and-after galleries by room: sized for a phone, quick to scroll.","Budget ranges stated: typical spend for a kitchen and for a bath, plainly.",Consultation booking online: while they are still looking at the photos.,"Design questionnaire before the visit: a shorter, better first meeting.",Financing pre-qualification: the objection handled before you drive out there.
Blue Wave Pools,info@bluewavepools.com,"not-mobile-friendly,outdated-design,weak-branding",The build gallery is what sells and it is buried: nobody buys a pool from a spec list.,No price band anywhere: a homeowner has no idea whether you build forty-thousand pools or hundred-and-forty.,"A season-long sales cycle with nothing to hold the enquiry: they look in February and buy in May, from whoever stayed in front of them.","Build gallery front and centre: full-bleed, phone-first, filterable by style.",A starting price said out loud: so the enquiries you get are ones you want.,Consultation booking online: at the hour people daydream about this.,Design visualiser or 3D walkthrough: the thing that closes the February looker.,Service and maintenance signup: revenue after the build is paid for.
Brian Keith Pools,info@briankeithpools.com,"not-mobile-friendly,outdated-design,weak-branding",The build gallery is what sells and it is buried: nobody buys a pool from a spec list.,No price band anywhere: a homeowner has no idea whether you build forty-thousand pools or hundred-and-forty.,"A season-long sales cycle with nothing to hold the enquiry: they look in February and buy in May, from whoever stayed in front of them.","Build gallery front and centre: full-bleed, phone-first, filterable by style.",A starting price said out loud: so the enquiries you get are ones you want.,Consultation booking online: at the hour people daydream about this.,Design visualiser or 3D walkthrough: the thing that closes the February looker.,Service and maintenance signup: revenue after the build is paid for.
Cantrell Dental,office@cantrelldental.com,"no-booking,not-mobile-friendly,outdated-design","Case work buried: a smile-makeover patient researches for months alone at night, and the before-and-afters are two menus deep.",No price range anywhere: the biggest case of the month wants a number before they will pick up the phone.,Booking that needs the front desk awake: the consult request that would have come in at nine at night never comes in at all.,"Case gallery up front: filterable by treatment, sized for a phone.","A price range said out loud: in real numbers, with financing mentioned before they ask.",Consult booking on the same screen: not behind a form that goes to an inbox.,Financing pre-qualification: the objection handled before the call.,"Automated recall and reactivation: the patients you already have, coming back."
Carey Custom Interiors,scott@careyny.com,"not-mobile-friendly,outdated-design,no-booking",Before-and-afters are the whole pitch and they are hard to reach: a remodel is bought with the eyes.,No budget guidance at all: every enquiry starts with a conversation about whether they can afford you.,No way to book a consultation: the form goes to an inbox and the momentum dies over the weekend.,"Before-and-after galleries by room: sized for a phone, quick to scroll.","Budget ranges stated: typical spend for a kitchen and for a bath, plainly.",Consultation booking online: while they are still looking at the photos.,"Design questionnaire before the visit: a shorter, better first meeting.",Financing pre-qualification: the objection handled before you drive out there.
Cascade Custom Homes Bend,cpdbuilder@gmail.com,"not-mobile-friendly,outdated-design,weak-branding",The portfolio is the entire sale and it is presented badly: a phone-sized gallery of finished homes is what wins a build.,No price band anywhere: a client with a budget cannot tell whether you are their builder or twice their budget.,"Nothing about how the process works: the fear with a custom build is the unknown, not the price.","Portfolio built for a phone: full-bleed, fast, filterable by style and size.","A price band stated out loud: per square foot or per project, so the wrong enquiries stop.",The process explained: what happens between the first meeting and the keys.,Client build portal: selections and progress without the weekly phone call.,Land and lot listings: the enquiry that starts before there is a plan.
DES Home Renovations,info@deshomerenovations.com,"not-mobile-friendly,outdated-design,weak-branding",The portfolio is the entire sale and it is presented badly: a phone-sized gallery of finished homes is what wins a build.,No price band anywhere: a client with a budget cannot tell whether you are their builder or twice their budget.,"Nothing about how the process works: the fear with a custom build is the unknown, not the price.","Portfolio built for a phone: full-bleed, fast, filterable by style and size.","A price band stated out loud: per square foot or per project, so the wrong enquiries stop.",The process explained: what happens between the first meeting and the keys.,Client build portal: selections and progress without the weekly phone call.,Land and lot listings: the enquiry that starts before there is a plan.
Embark Dental,patientcare@embarkdentalnc.com,"no-booking,not-mobile-friendly,outdated-design","Case work buried: a smile-makeover patient researches for months alone at night, and the before-and-afters are two menus deep.",No price range anywhere: the biggest case of the month wants a number before they will pick up the phone.,Booking that needs the front desk awake: the consult request that would have come in at nine at night never comes in at all.,"Case gallery up front: filterable by treatment, sized for a phone.","A price range said out loud: in real numbers, with financing mentioned before they ask.",Consult booking on the same screen: not behind a form that goes to an inbox.,Financing pre-qualification: the objection handled before the call.,"Automated recall and reactivation: the patients you already have, coming back."
Exotic Designs Landscaping,info@exoticdesignslandscaping.com,"not-mobile-friendly,outdated-design,weak-branding",The portfolio does not look like the work: high-end landscape is bought on images and the images are small and slow.,No project budget guidance: the difference between a planting plan and a full build is fifty thousand dollars and the site says neither.,No way to start a conversation properly: a contact form for a six-figure project.,"Portfolio that does the work justice: large, fast, phone-first, by project type.",Project budget bands stated: so the enquiries match the work you want.,Consultation booking with the right questions asked up front.,Design package sold online: a paid first step that qualifies hard.,Maintenance contracts online: recurring revenue off the builds you already did.
Flamingo Landscapes,info@flamingolandscapes.com,"not-mobile-friendly,outdated-design,weak-branding",The portfolio does not look like the work: high-end landscape is bought on images and the images are small and slow.,No project budget guidance: the difference between a planting plan and a full build is fifty thousand dollars and the site says neither.,No way to start a conversation properly: a contact form for a six-figure project.,"Portfolio that does the work justice: large, fast, phone-first, by project type.",Project budget bands stated: so the enquiries match the work you want.,Consultation booking with the right questions asked up front.,Design package sold online: a paid first step that qualifies hard.,Maintenance contracts online: recurring revenue off the builds you already did.
Frameworks Homes,adrian@homesbyframeworks.com,"not-mobile-friendly,outdated-design,weak-branding",The portfolio is the entire sale and it is presented badly: a phone-sized gallery of finished homes is what wins a build.,No price band anywhere: a client with a budget cannot tell whether you are their builder or twice their budget.,"Nothing about how the process works: the fear with a custom build is the unknown, not the price.","Portfolio built for a phone: full-bleed, fast, filterable by style and size.","A price band stated out loud: per square foot or per project, so the wrong enquiries stop.",The process explained: what happens between the first meeting and the keys.,Client build portal: selections and progress without the weekly phone call.,Land and lot listings: the enquiry that starts before there is a plan.
Haute Healing Oasis,info@hautehealingoasis.com,"no-booking,not-mobile-friendly,outdated-design","No booking after hours: the decision to book happens at nine at night on a phone, and the only way in is a front desk that shut at five.","Treatments with no prices: she has to ring and ask what tox costs, which is the one call a first-timer will not make.",Reviews doing the selling on the wrong page: the thing that closes her is two clicks from where she lands.,"Booking on the homepage: live at midnight, two taps, no phone call.",Treatment menu with prices: stated plainly so nobody has to ring to find out.,Reviews beside the booking button: the proof and the action on one screen.,Membership signup online: recurring revenue that does not need the front desk.,Automated reminders and rebooking: fewer no-shows without anybody chasing.
Impeccable Pools,justin@impeccablepools.com,"not-mobile-friendly,outdated-design,weak-branding",The build gallery is what sells and it is buried: nobody buys a pool from a spec list.,No price band anywhere: a homeowner has no idea whether you build forty-thousand pools or hundred-and-forty.,"A season-long sales cycle with nothing to hold the enquiry: they look in February and buy in May, from whoever stayed in front of them.","Build gallery front and centre: full-bleed, phone-first, filterable by style.",A starting price said out loud: so the enquiries you get are ones you want.,Consultation booking online: at the hour people daydream about this.,Design visualiser or 3D walkthrough: the thing that closes the February looker.,Service and maintenance signup: revenue after the build is paid for.
J Allen Homes,info@jallenhomes.com,"not-mobile-friendly,outdated-design,weak-branding",The portfolio is the entire sale and it is presented badly: a phone-sized gallery of finished homes is what wins a build.,No price band anywhere: a client with a budget cannot tell whether you are their builder or twice their budget.,"Nothing about how the process works: the fear with a custom build is the unknown, not the price.","Portfolio built for a phone: full-bleed, fast, filterable by style and size.","A price band stated out loud: per square foot or per project, so the wrong enquiries stop.",The process explained: what happens between the first meeting and the keys.,Client build portal: selections and progress without the weekly phone call.,Land and lot listings: the enquiry that starts before there is a plan.
Kitchen and Bath Shop Alexandria,alexandria@bykbs.com,"not-mobile-friendly,outdated-design,no-booking",Before-and-afters are the whole pitch and they are hard to reach: a remodel is bought with the eyes.,No budget guidance at all: every enquiry starts with a conversation about whether they can afford you.,No way to book a consultation: the form goes to an inbox and the momentum dies over the weekend.,"Before-and-after galleries by room: sized for a phone, quick to scroll.","Budget ranges stated: typical spend for a kitchen and for a bath, plainly.",Consultation booking online: while they are still looking at the photos.,"Design questionnaire before the visit: a shorter, better first meeting.",Financing pre-qualification: the objection handled before you drive out there.
Lucas Firmin Pools,lucas@lucasfirminpools.com,"not-mobile-friendly,outdated-design,weak-branding",The build gallery is what sells and it is buried: nobody buys a pool from a spec list.,No price band anywhere: a homeowner has no idea whether you build forty-thousand pools or hundred-and-forty.,"A season-long sales cycle with nothing to hold the enquiry: they look in February and buy in May, from whoever stayed in front of them.","Build gallery front and centre: full-bleed, phone-first, filterable by style.",A starting price said out loud: so the enquiries you get are ones you want.,Consultation booking online: at the hour people daydream about this.,Design visualiser or 3D walkthrough: the thing that closes the February looker.,Service and maintenance signup: revenue after the build is paid for.
Masters Medspa,stacey@masters-medspa.com,"no-booking,not-mobile-friendly,outdated-design","No booking after hours: the decision to book happens at nine at night on a phone, and the only way in is a front desk that shut at five.","Treatments with no prices: she has to ring and ask what tox costs, which is the one call a first-timer will not make.",Reviews doing the selling on the wrong page: the thing that closes her is two clicks from where she lands.,"Booking on the homepage: live at midnight, two taps, no phone call.",Treatment menu with prices: stated plainly so nobody has to ring to find out.,Reviews beside the booking button: the proof and the action on one screen.,Membership signup online: recurring revenue that does not need the front desk.,Automated reminders and rebooking: fewer no-shows without anybody chasing.
My Kitchen and Bath,alexandria@mykitchenandbath.com,"not-mobile-friendly,outdated-design,no-booking",Before-and-afters are the whole pitch and they are hard to reach: a remodel is bought with the eyes.,No budget guidance at all: every enquiry starts with a conversation about whether they can afford you.,No way to book a consultation: the form goes to an inbox and the momentum dies over the weekend.,"Before-and-after galleries by room: sized for a phone, quick to scroll.","Budget ranges stated: typical spend for a kitchen and for a bath, plainly.",Consultation booking online: while they are still looking at the photos.,"Design questionnaire before the visit: a shorter, better first meeting.",Financing pre-qualification: the objection handled before you drive out there.
ON Design and Remodeling,info@onremodeling.com,"not-mobile-friendly,outdated-design,no-booking",Before-and-afters are the whole pitch and they are hard to reach: a remodel is bought with the eyes.,No budget guidance at all: every enquiry starts with a conversation about whether they can afford you.,No way to book a consultation: the form goes to an inbox and the momentum dies over the weekend.,"Before-and-after galleries by room: sized for a phone, quick to scroll.","Budget ranges stated: typical spend for a kitchen and for a bath, plainly.",Consultation booking online: while they are still looking at the photos.,"Design questionnaire before the visit: a shorter, better first meeting.",Financing pre-qualification: the objection handled before you drive out there.
Old Town Design Build,info@oldtowndesignbuild.com,"not-mobile-friendly,outdated-design,weak-branding",The portfolio is the entire sale and it is presented badly: a phone-sized gallery of finished homes is what wins a build.,No price band anywhere: a client with a budget cannot tell whether you are their builder or twice their budget.,"Nothing about how the process works: the fear with a custom build is the unknown, not the price.","Portfolio built for a phone: full-bleed, fast, filterable by style and size.","A price band stated out loud: per square foot or per project, so the wrong enquiries stop.",The process explained: what happens between the first meeting and the keys.,Client build portal: selections and progress without the weekly phone call.,Land and lot listings: the enquiry that starts before there is a plan.
Pacwest Builders,info@pacwesthomes.com,"not-mobile-friendly,outdated-design,weak-branding",The portfolio is the entire sale and it is presented badly: a phone-sized gallery of finished homes is what wins a build.,No price band anywhere: a client with a budget cannot tell whether you are their builder or twice their budget.,"Nothing about how the process works: the fear with a custom build is the unknown, not the price.","Portfolio built for a phone: full-bleed, fast, filterable by style and size.","A price band stated out loud: per square foot or per project, so the wrong enquiries stop.",The process explained: what happens between the first meeting and the keys.,Client build portal: selections and progress without the weekly phone call.,Land and lot listings: the enquiry that starts before there is a plan.
R.B. Homes,info@rbhomesonline.com,"not-mobile-friendly,outdated-design,weak-branding",The portfolio is the entire sale and it is presented badly: a phone-sized gallery of finished homes is what wins a build.,No price band anywhere: a client with a budget cannot tell whether you are their builder or twice their budget.,"Nothing about how the process works: the fear with a custom build is the unknown, not the price.","Portfolio built for a phone: full-bleed, fast, filterable by style and size.","A price band stated out loud: per square foot or per project, so the wrong enquiries stop.",The process explained: what happens between the first meeting and the keys.,Client build portal: selections and progress without the weekly phone call.,Land and lot listings: the enquiry that starts before there is a plan.
Real Landscaping,michael@landscapecharlestonsc.com,"not-mobile-friendly,outdated-design,weak-branding",The portfolio does not look like the work: high-end landscape is bought on images and the images are small and slow.,No project budget guidance: the difference between a planting plan and a full build is fifty thousand dollars and the site says neither.,No way to start a conversation properly: a contact form for a six-figure project.,"Portfolio that does the work justice: large, fast, phone-first, by project type.",Project budget bands stated: so the enquiries match the work you want.,Consultation booking with the right questions asked up front.,Design package sold online: a paid first step that qualifies hard.,Maintenance contracts online: recurring revenue off the builds you already did.
Remark Studio,studio@remarkstudiollc.com,"not-mobile-friendly,outdated-design,weak-branding",The portfolio does not look like the work: high-end landscape is bought on images and the images are small and slow.,No project budget guidance: the difference between a planting plan and a full build is fifty thousand dollars and the site says neither.,No way to start a conversation properly: a contact form for a six-figure project.,"Portfolio that does the work justice: large, fast, phone-first, by project type.",Project budget bands stated: so the enquiries match the work you want.,Consultation booking with the right questions asked up front.,Design package sold online: a paid first step that qualifies hard.,Maintenance contracts online: recurring revenue off the builds you already did.
Reneux Med and Day Spa,info@reneuxmeddayspa.com,"no-booking,not-mobile-friendly,outdated-design","No booking after hours: the decision to book happens at nine at night on a phone, and the only way in is a front desk that shut at five.","Treatments with no prices: she has to ring and ask what tox costs, which is the one call a first-timer will not make.",Reviews doing the selling on the wrong page: the thing that closes her is two clicks from where she lands.,"Booking on the homepage: live at midnight, two taps, no phone call.",Treatment menu with prices: stated plainly so nobody has to ring to find out.,Reviews beside the booking button: the proof and the action on one screen.,Membership signup online: recurring revenue that does not need the front desk.,Automated reminders and rebooking: fewer no-shows without anybody chasing.
Shaped Landscaping,roberttuttle843@gmail.com,"not-mobile-friendly,outdated-design,weak-branding",The portfolio does not look like the work: high-end landscape is bought on images and the images are small and slow.,No project budget guidance: the difference between a planting plan and a full build is fifty thousand dollars and the site says neither.,No way to start a conversation properly: a contact form for a six-figure project.,"Portfolio that does the work justice: large, fast, phone-first, by project type.",Project budget bands stated: so the enquiries match the work you want.,Consultation booking with the right questions asked up front.,Design package sold online: a paid first step that qualifies hard.,Maintenance contracts online: recurring revenue off the builds you already did.
Splash Pools KS,ryan@splashks.com,"not-mobile-friendly,outdated-design,weak-branding",The build gallery is what sells and it is buried: nobody buys a pool from a spec list.,No price band anywhere: a homeowner has no idea whether you build forty-thousand pools or hundred-and-forty.,"A season-long sales cycle with nothing to hold the enquiry: they look in February and buy in May, from whoever stayed in front of them.","Build gallery front and centre: full-bleed, phone-first, filterable by style.",A starting price said out loud: so the enquiries you get are ones you want.,Consultation booking online: at the hour people daydream about this.,Design visualiser or 3D walkthrough: the thing that closes the February looker.,Service and maintenance signup: revenue after the build is paid for.
Suncare Medspa,suncare2022@gmail.com,"no-booking,not-mobile-friendly,outdated-design","No booking after hours: the decision to book happens at nine at night on a phone, and the only way in is a front desk that shut at five.","Treatments with no prices: she has to ring and ask what tox costs, which is the one call a first-timer will not make.",Reviews doing the selling on the wrong page: the thing that closes her is two clicks from where she lands.,"Booking on the homepage: live at midnight, two taps, no phone call.",Treatment menu with prices: stated plainly so nobody has to ring to find out.,Reviews beside the booking button: the proof and the action on one screen.,Membership signup online: recurring revenue that does not need the front desk.,Automated reminders and rebooking: fewer no-shows without anybody chasing.
Supreme Modular,sales@suprememodular.com,"not-mobile-friendly,outdated-design,weak-branding",The portfolio is the entire sale and it is presented badly: a phone-sized gallery of finished homes is what wins a build.,No price band anywhere: a client with a budget cannot tell whether you are their builder or twice their budget.,"Nothing about how the process works: the fear with a custom build is the unknown, not the price.","Portfolio built for a phone: full-bleed, fast, filterable by style and size.","A price band stated out loud: per square foot or per project, so the wrong enquiries stop.",The process explained: what happens between the first meeting and the keys.,Client build portal: selections and progress without the weekly phone call.,Land and lot listings: the enquiry that starts before there is a plan.
VO Pools,john@vopools.com,"not-mobile-friendly,outdated-design,weak-branding",The build gallery is what sells and it is buried: nobody buys a pool from a spec list.,No price band anywhere: a homeowner has no idea whether you build forty-thousand pools or hundred-and-forty.,"A season-long sales cycle with nothing to hold the enquiry: they look in February and buy in May, from whoever stayed in front of them.","Build gallery front and centre: full-bleed, phone-first, filterable by style.",A starting price said out loud: so the enquiries you get are ones you want.,Consultation booking online: at the hour people daydream about this.,Design visualiser or 3D walkthrough: the thing that closes the February looker.,Service and maintenance signup: revenue after the build is paid for.
Virginia Kitchen and Bath,info@virginiakitchenandbath.com,"not-mobile-friendly,outdated-design,no-booking",Before-and-afters are the whole pitch and they are hard to reach: a remodel is bought with the eyes.,No budget guidance at all: every enquiry starts with a conversation about whether they can afford you.,No way to book a consultation: the form goes to an inbox and the momentum dies over the weekend.,"Before-and-after galleries by room: sized for a phone, quick to scroll.","Budget ranges stated: typical spend for a kitchen and for a bath, plainly.",Consultation booking online: while they are still looking at the photos.,"Design questionnaire before the visit: a shorter, better first meeting.",Financing pre-qualification: the objection handled before you drive out there.
Wichita Pools,service@wichitapools.com,"not-mobile-friendly,outdated-design,weak-branding",The build gallery is what sells and it is buried: nobody buys a pool from a spec list.,No price band anywhere: a homeowner has no idea whether you build forty-thousand pools or hundred-and-forty.,"A season-long sales cycle with nothing to hold the enquiry: they look in February and buy in May, from whoever stayed in front of them.","Build gallery front and centre: full-bleed, phone-first, filterable by style.",A starting price said out loud: so the enquiries you get are ones you want.,Consultation booking online: at the hour people daydream about this.,Design visualiser or 3D walkthrough: the thing that closes the February looker.,Service and maintenance signup: revenue after the build is paid for.
Greensboro Med Spa,info@greensboromedspa.com,"no-booking,not-mobile-friendly,outdated-design","No booking after hours: the decision to book happens at nine at night on a phone, and the only way in is a front desk that shut at five.","Treatments with no prices: she has to ring and ask what tox costs, which is the one call a first-timer will not make.",Reviews doing the selling on the wrong page: the thing that closes her is two clicks from where she lands.,"Booking on the homepage: live at midnight, two taps, no phone call.",Treatment menu with prices: stated plainly so nobody has to ring to find out.,Reviews beside the booking button: the proof and the action on one screen.,Membership signup online: recurring revenue that does not need the front desk.,Automated reminders and rebooking: fewer no-shows without anybody chasing.
Infinite Allure Med Spa,info@ncsurgery.com,"no-booking,not-mobile-friendly,outdated-design","No booking after hours: the decision to book happens at nine at night on a phone, and the only way in is a front desk that shut at five.","Treatments with no prices: she has to ring and ask what tox costs, which is the one call a first-timer will not make.",Reviews doing the selling on the wrong page: the thing that closes her is two clicks from where she lands.,"Booking on the homepage: live at midnight, two taps, no phone call.",Treatment menu with prices: stated plainly so nobody has to ring to find out.,Reviews beside the booking button: the proof and the action on one screen.,Membership signup online: recurring revenue that does not need the front desk.,Automated reminders and rebooking: fewer no-shows without anybody chasing.
BodyLite Med Spa,maureen@bodylitedayspa.com,"no-booking,not-mobile-friendly,outdated-design","No booking after hours: the decision to book happens at nine at night on a phone, and the only way in is a front desk that shut at five.","Treatments with no prices: she has to ring and ask what tox costs, which is the one call a first-timer will not make.",Reviews doing the selling on the wrong page: the thing that closes her is two clicks from where she lands.,"Booking on the homepage: live at midnight, two taps, no phone call.",Treatment menu with prices: stated plainly so nobody has to ring to find out.,Reviews beside the booking button: the proof and the action on one screen.,Membership signup online: recurring revenue that does not need the front desk.,Automated reminders and rebooking: fewer no-shows without anybody chasing.
Fagan's Custom Pools,rfagan9815@aol.com,"not-mobile-friendly,outdated-design,weak-branding",The build gallery is what sells and it is buried: nobody buys a pool from a spec list.,No price band anywhere: a homeowner has no idea whether you build forty-thousand pools or hundred-and-forty.,"A season-long sales cycle with nothing to hold the enquiry: they look in February and buy in May, from whoever stayed in front of them.","Build gallery front and centre: full-bleed, phone-first, filterable by style.",A starting price said out loud: so the enquiries you get are ones you want.,Consultation booking online: at the hour people daydream about this.,Design visualiser or 3D walkthrough: the thing that closes the February looker.,Service and maintenance signup: revenue after the build is paid for.
Asheville Dental,info@ashevilledental.com,"no-booking,not-mobile-friendly,outdated-design","Case work buried: a smile-makeover patient researches for months alone at night, and the before-and-afters are two menus deep.",No price range anywhere: the biggest case of the month wants a number before they will pick up the phone.,Booking that needs the front desk awake: the consult request that would have come in at nine at night never comes in at all.,"Case gallery up front: filterable by treatment, sized for a phone.","A price range said out loud: in real numbers, with financing mentioned before they ask.",Consult booking on the same screen: not behind a form that goes to an inbox.,Financing pre-qualification: the objection handled before the call.,"Automated recall and reactivation: the patients you already have, coming back."
Asheville Smiles,info@ashevillesmiles.com,"no-booking,not-mobile-friendly,outdated-design","Case work buried: a smile-makeover patient researches for months alone at night, and the before-and-afters are two menus deep.",No price range anywhere: the biggest case of the month wants a number before they will pick up the phone.,Booking that needs the front desk awake: the consult request that would have come in at nine at night never comes in at all.,"Case gallery up front: filterable by treatment, sized for a phone.","A price range said out loud: in real numbers, with financing mentioned before they ask.",Consult booking on the same screen: not behind a form that goes to an inbox.,Financing pre-qualification: the objection handled before the call.,"Automated recall and reactivation: the patients you already have, coming back."
Bareskin MedSpa,info@amibareskin.com,"no-booking,not-mobile-friendly,outdated-design","No booking after hours: the decision to book happens at nine at night on a phone, and the only way in is a front desk that shut at five.","Treatments with no prices: she has to ring and ask what tox costs, which is the one call a first-timer will not make.",Reviews doing the selling on the wrong page: the thing that closes her is two clicks from where she lands.,"Booking on the homepage: live at midnight, two taps, no phone call.",Treatment menu with prices: stated plainly so nobody has to ring to find out.,Reviews beside the booking button: the proof and the action on one screen.,Membership signup online: recurring revenue that does not need the front desk.,Automated reminders and rebooking: fewer no-shows without anybody chasing.
CMS Plumbing,info@cmsplumbers.com,"not-mobile-friendly,outdated-design,no-booking",Before-and-afters are the whole pitch and they are hard to reach: a remodel is bought with the eyes.,No budget guidance at all: every enquiry starts with a conversation about whether they can afford you.,No way to book a consultation: the form goes to an inbox and the momentum dies over the weekend.,"Before-and-after galleries by room: sized for a phone, quick to scroll.","Budget ranges stated: typical spend for a kitchen and for a bath, plainly.",Consultation booking online: while they are still looking at the photos.,"Design questionnaire before the visit: a shorter, better first meeting.",Financing pre-qualification: the objection handled before you drive out there.
Charleston Landscape,info@charlestonlandscape.com,"not-mobile-friendly,outdated-design,weak-branding",The portfolio does not look like the work: high-end landscape is bought on images and the images are small and slow.,No project budget guidance: the difference between a planting plan and a full build is fifty thousand dollars and the site says neither.,No way to start a conversation properly: a contact form for a six-figure project.,"Portfolio that does the work justice: large, fast, phone-first, by project type.",Project budget bands stated: so the enquiries match the work you want.,Consultation booking with the right questions asked up front.,Design package sold online: a paid first step that qualifies hard.,Maintenance contracts online: recurring revenue off the builds you already did.
Charleston Landscaping Design and Development,info@landscapedesigncharleston.com,"not-mobile-friendly,outdated-design,weak-branding",The portfolio does not look like the work: high-end landscape is bought on images and the images are small and slow.,No project budget guidance: the difference between a planting plan and a full build is fifty thousand dollars and the site says neither.,No way to start a conversation properly: a contact form for a six-figure project.,"Portfolio that does the work justice: large, fast, phone-first, by project type.",Project budget bands stated: so the enquiries match the work you want.,Consultation booking with the right questions asked up front.,Design package sold online: a paid first step that qualifies hard.,Maintenance contracts online: recurring revenue off the builds you already did.
Charleston Plantworks,info@charlestonplantworks.com,"not-mobile-friendly,outdated-design,weak-branding",The portfolio does not look like the work: high-end landscape is bought on images and the images are small and slow.,No project budget guidance: the difference between a planting plan and a full build is fifty thousand dollars and the site says neither.,No way to start a conversation properly: a contact form for a six-figure project.,"Portfolio that does the work justice: large, fast, phone-first, by project type.",Project budget bands stated: so the enquiries match the work you want.,Consultation booking with the right questions asked up front.,Design package sold online: a paid first step that qualifies hard.,Maintenance contracts online: recurring revenue off the builds you already did.
Christopher J Toth DMD,info@tothdentistry.com,"no-booking,not-mobile-friendly,outdated-design","Case work buried: a smile-makeover patient researches for months alone at night, and the before-and-afters are two menus deep.",No price range anywhere: the biggest case of the month wants a number before they will pick up the phone.,Booking that needs the front desk awake: the consult request that would have come in at nine at night never comes in at all.,"Case gallery up front: filterable by treatment, sized for a phone.","A price range said out loud: in real numbers, with financing mentioned before they ask.",Consult booking on the same screen: not behind a form that goes to an inbox.,Financing pre-qualification: the objection handled before the call.,"Automated recall and reactivation: the patients you already have, coming back."
Coastal Landscape Design,info@coastallandscapedesign.com,"not-mobile-friendly,outdated-design,weak-branding",The portfolio does not look like the work: high-end landscape is bought on images and the images are small and slow.,No project budget guidance: the difference between a planting plan and a full build is fifty thousand dollars and the site says neither.,No way to start a conversation properly: a contact form for a six-figure project.,"Portfolio that does the work justice: large, fast, phone-first, by project type.",Project budget bands stated: so the enquiries match the work you want.,Consultation booking with the right questions asked up front.,Design package sold online: a paid first step that qualifies hard.,Maintenance contracts online: recurring revenue off the builds you already did.
Complete Care Medical Spa,info@completecaremedicalspa.com,"no-booking,not-mobile-friendly,outdated-design","No booking after hours: the decision to book happens at nine at night on a phone, and the only way in is a front desk that shut at five.","Treatments with no prices: she has to ring and ask what tox costs, which is the one call a first-timer will not make.",Reviews doing the selling on the wrong page: the thing that closes her is two clicks from where she lands.,"Booking on the homepage: live at midnight, two taps, no phone call.",Treatment menu with prices: stated plainly so nobody has to ring to find out.,Reviews beside the booking button: the proof and the action on one screen.,Membership signup online: recurring revenue that does not need the front desk.,Automated reminders and rebooking: fewer no-shows without anybody chasing.
Crescent Moon Landscaping,info@cmscaping.com,"not-mobile-friendly,outdated-design,weak-branding",The portfolio does not look like the work: high-end landscape is bought on images and the images are small and slow.,No project budget guidance: the difference between a planting plan and a full build is fifty thousand dollars and the site says neither.,No way to start a conversation properly: a contact form for a six-figure project.,"Portfolio that does the work justice: large, fast, phone-first, by project type.",Project budget bands stated: so the enquiries match the work you want.,Consultation booking with the right questions asked up front.,Design package sold online: a paid first step that qualifies hard.,Maintenance contracts online: recurring revenue off the builds you already did.
Delight Med Spa,info@delightmedspa.com,"no-booking,not-mobile-friendly,outdated-design","No booking after hours: the decision to book happens at nine at night on a phone, and the only way in is a front desk that shut at five.","Treatments with no prices: she has to ring and ask what tox costs, which is the one call a first-timer will not make.",Reviews doing the selling on the wrong page: the thing that closes her is two clicks from where she lands.,"Booking on the homepage: live at midnight, two taps, no phone call.",Treatment menu with prices: stated plainly so nobody has to ring to find out.,Reviews beside the booking button: the proof and the action on one screen.,Membership signup online: recurring revenue that does not need the front desk.,Automated reminders and rebooking: fewer no-shows without anybody chasing.
Dental Solutions of Little Rock,info@dentalsolutionslr.com,"no-booking,not-mobile-friendly,outdated-design","Case work buried: a smile-makeover patient researches for months alone at night, and the before-and-afters are two menus deep.",No price range anywhere: the biggest case of the month wants a number before they will pick up the phone.,Booking that needs the front desk awake: the consult request that would have come in at nine at night never comes in at all.,"Case gallery up front: filterable by treatment, sized for a phone.","A price range said out loud: in real numbers, with financing mentioned before they ask.",Consult booking on the same screen: not behind a form that goes to an inbox.,Financing pre-qualification: the objection handled before the call.,"Automated recall and reactivation: the patients you already have, coming back."
Eiler Family Dentistry,info@eilerfamilydentistry.com,"no-booking,not-mobile-friendly,outdated-design","Case work buried: a smile-makeover patient researches for months alone at night, and the before-and-afters are two menus deep.",No price range anywhere: the biggest case of the month wants a number before they will pick up the phone.,Booking that needs the front desk awake: the consult request that would have come in at nine at night never comes in at all.,"Case gallery up front: filterable by treatment, sized for a phone.","A price range said out loud: in real numbers, with financing mentioned before they ask.",Consult booking on the same screen: not behind a form that goes to an inbox.,Financing pre-qualification: the objection handled before the call.,"Automated recall and reactivation: the patients you already have, coming back."
Elegant Kitchens NY,info@elegantkitchensny.com,"not-mobile-friendly,outdated-design,no-booking",Before-and-afters are the whole pitch and they are hard to reach: a remodel is bought with the eyes.,No budget guidance at all: every enquiry starts with a conversation about whether they can afford you.,No way to book a consultation: the form goes to an inbox and the momentum dies over the weekend.,"Before-and-after galleries by room: sized for a phone, quick to scroll.","Budget ranges stated: typical spend for a kitchen and for a bath, plainly.",Consultation booking online: while they are still looking at the photos.,"Design questionnaire before the visit: a shorter, better first meeting.",Financing pre-qualification: the objection handled before you drive out there.
Evergreen Design Group,info@evergreendesigngroup.com,"not-mobile-friendly,outdated-design,weak-branding",The portfolio does not look like the work: high-end landscape is bought on images and the images are small and slow.,No project budget guidance: the difference between a planting plan and a full build is fifty thousand dollars and the site says neither.,No way to start a conversation properly: a contact form for a six-figure project.,"Portfolio that does the work justice: large, fast, phone-first, by project type.",Project budget bands stated: so the enquiries match the work you want.,Consultation booking with the right questions asked up front.,Design package sold online: a paid first step that qualifies hard.,Maintenance contracts online: recurring revenue off the builds you already did.
Gillespie Dental Associates,info@drtimgillespie.com,"no-booking,not-mobile-friendly,outdated-design","Case work buried: a smile-makeover patient researches for months alone at night, and the before-and-afters are two menus deep.",No price range anywhere: the biggest case of the month wants a number before they will pick up the phone.,Booking that needs the front desk awake: the consult request that would have come in at nine at night never comes in at all.,"Case gallery up front: filterable by treatment, sized for a phone.","A price range said out loud: in real numbers, with financing mentioned before they ask.",Consult booking on the same screen: not behind a form that goes to an inbox.,Financing pre-qualification: the objection handled before the call.,"Automated recall and reactivation: the patients you already have, coming back."
Greener Industries,info@orlandogreener.com,"not-mobile-friendly,outdated-design,weak-branding",The portfolio does not look like the work: high-end landscape is bought on images and the images are small and slow.,No project budget guidance: the difference between a planting plan and a full build is fifty thousand dollars and the site says neither.,No way to start a conversation properly: a contact form for a six-figure project.,"Portfolio that does the work justice: large, fast, phone-first, by project type.",Project budget bands stated: so the enquiries match the work you want.,Consultation booking with the right questions asked up front.,Design package sold online: a paid first step that qualifies hard.,Maintenance contracts online: recurring revenue off the builds you already did.
Heinen Landscape,info@heinenlandscape.com,"not-mobile-friendly,outdated-design,weak-branding",The portfolio does not look like the work: high-end landscape is bought on images and the images are small and slow.,No project budget guidance: the difference between a planting plan and a full build is fifty thousand dollars and the site says neither.,No way to start a conversation properly: a contact form for a six-figure project.,"Portfolio that does the work justice: large, fast, phone-first, by project type.",Project budget bands stated: so the enquiries match the work you want.,Consultation booking with the right questions asked up front.,Design package sold online: a paid first step that qualifies hard.,Maintenance contracts online: recurring revenue off the builds you already did.
HighCraft Builders,info@highcraft.net,"not-mobile-friendly,outdated-design,weak-branding",The portfolio is the entire sale and it is presented badly: a phone-sized gallery of finished homes is what wins a build.,No price band anywhere: a client with a budget cannot tell whether you are their builder or twice their budget.,"Nothing about how the process works: the fear with a custom build is the unknown, not the price.","Portfolio built for a phone: full-bleed, fast, filterable by style and size.","A price band stated out loud: per square foot or per project, so the wrong enquiries stop.",The process explained: what happens between the first meeting and the keys.,Client build portal: selections and progress without the weekly phone call.,Land and lot listings: the enquiry that starts before there is a plan.
Holiday Pools and Spa Construction,info@aholidaypool.com,"not-mobile-friendly,outdated-design,weak-branding",The build gallery is what sells and it is buried: nobody buys a pool from a spec list.,No price band anywhere: a homeowner has no idea whether you build forty-thousand pools or hundred-and-forty.,"A season-long sales cycle with nothing to hold the enquiry: they look in February and buy in May, from whoever stayed in front of them.","Build gallery front and centre: full-bleed, phone-first, filterable by style.",A starting price said out loud: so the enquiries you get are ones you want.,Consultation booking online: at the hour people daydream about this.,Design visualiser or 3D walkthrough: the thing that closes the February looker.,Service and maintenance signup: revenue after the build is paid for.
Honolulu MedSpa,info@honolulumedspa.com,"no-booking,not-mobile-friendly,outdated-design","No booking after hours: the decision to book happens at nine at night on a phone, and the only way in is a front desk that shut at five.","Treatments with no prices: she has to ring and ask what tox costs, which is the one call a first-timer will not make.",Reviews doing the selling on the wrong page: the thing that closes her is two clicks from where she lands.,"Booking on the homepage: live at midnight, two taps, no phone call.",Treatment menu with prices: stated plainly so nobody has to ring to find out.,Reviews beside the booking button: the proof and the action on one screen.,Membership signup online: recurring revenue that does not need the front desk.,Automated reminders and rebooking: fewer no-shows without anybody chasing.
Island Pools,info@islandpoolsinc.com,"not-mobile-friendly,outdated-design,weak-branding",The build gallery is what sells and it is buried: nobody buys a pool from a spec list.,No price band anywhere: a homeowner has no idea whether you build forty-thousand pools or hundred-and-forty.,"A season-long sales cycle with nothing to hold the enquiry: they look in February and buy in May, from whoever stayed in front of them.","Build gallery front and centre: full-bleed, phone-first, filterable by style.",A starting price said out loud: so the enquiries you get are ones you want.,Consultation booking online: at the hour people daydream about this.,Design visualiser or 3D walkthrough: the thing that closes the February looker.,Service and maintenance signup: revenue after the build is paid for.
JLC Outdoors,info@jlcoutdoors.com,"not-mobile-friendly,outdated-design,weak-branding",The portfolio does not look like the work: high-end landscape is bought on images and the images are small and slow.,No project budget guidance: the difference between a planting plan and a full build is fifty thousand dollars and the site says neither.,No way to start a conversation properly: a contact form for a six-figure project.,"Portfolio that does the work justice: large, fast, phone-first, by project type.",Project budget bands stated: so the enquiries match the work you want.,Consultation booking with the right questions asked up front.,Design package sold online: a paid first step that qualifies hard.,Maintenance contracts online: recurring revenue off the builds you already did.
Kansas City Landscape and Design,info@landscapedesignkansascity.com,"not-mobile-friendly,outdated-design,weak-branding",The portfolio does not look like the work: high-end landscape is bought on images and the images are small and slow.,No project budget guidance: the difference between a planting plan and a full build is fifty thousand dollars and the site says neither.,No way to start a conversation properly: a contact form for a six-figure project.,"Portfolio that does the work justice: large, fast, phone-first, by project type.",Project budget bands stated: so the enquiries match the work you want.,Consultation booking with the right questions asked up front.,Design package sold online: a paid first step that qualifies hard.,Maintenance contracts online: recurring revenue off the builds you already did.
Keller's Landscaping,info@kellersflowers.com,"not-mobile-friendly,outdated-design,weak-branding",The portfolio does not look like the work: high-end landscape is bought on images and the images are small and slow.,No project budget guidance: the difference between a planting plan and a full build is fifty thousand dollars and the site says neither.,No way to start a conversation properly: a contact form for a six-figure project.,"Portfolio that does the work justice: large, fast, phone-first, by project type.",Project budget bands stated: so the enquiries match the work you want.,Consultation booking with the right questions asked up front.,Design package sold online: a paid first step that qualifies hard.,Maintenance contracts online: recurring revenue off the builds you already did.
Kevin G Jones DDS,info@jonesfamilydental.com,"no-booking,not-mobile-friendly,outdated-design","Case work buried: a smile-makeover patient researches for months alone at night, and the before-and-afters are two menus deep.",No price range anywhere: the biggest case of the month wants a number before they will pick up the phone.,Booking that needs the front desk awake: the consult request that would have come in at nine at night never comes in at all.,"Case gallery up front: filterable by treatment, sized for a phone.","A price range said out loud: in real numbers, with financing mentioned before they ask.",Consult booking on the same screen: not behind a form that goes to an inbox.,Financing pre-qualification: the objection handled before the call.,"Automated recall and reactivation: the patients you already have, coming back."
Kitchen and Bath World,info@kitchenandbathdesign.com,"not-mobile-friendly,outdated-design,no-booking",Before-and-afters are the whole pitch and they are hard to reach: a remodel is bought with the eyes.,No budget guidance at all: every enquiry starts with a conversation about whether they can afford you.,No way to book a consultation: the form goes to an inbox and the momentum dies over the weekend.,"Before-and-after galleries by room: sized for a phone, quick to scroll.","Budget ranges stated: typical spend for a kitchen and for a bath, plainly.",Consultation booking online: while they are still looking at the photos.,"Design questionnaire before the visit: a shorter, better first meeting.",Financing pre-qualification: the objection handled before you drive out there.
Lasley Brahaney Architecture and Construction,info@lasleybrahaney.com,"not-mobile-friendly,outdated-design,weak-branding",The portfolio is the entire sale and it is presented badly: a phone-sized gallery of finished homes is what wins a build.,No price band anywhere: a client with a budget cannot tell whether you are their builder or twice their budget.,"Nothing about how the process works: the fear with a custom build is the unknown, not the price.","Portfolio built for a phone: full-bleed, fast, filterable by style and size.","A price band stated out loud: per square foot or per project, so the wrong enquiries stop.",The process explained: what happens between the first meeting and the keys.,Client build portal: selections and progress without the weekly phone call.,Land and lot listings: the enquiry that starts before there is a plan.
Little Rock Smiles,info@littlerocksmiles.com,"no-booking,not-mobile-friendly,outdated-design","Case work buried: a smile-makeover patient researches for months alone at night, and the before-and-afters are two menus deep.",No price range anywhere: the biggest case of the month wants a number before they will pick up the phone.,Booking that needs the front desk awake: the consult request that would have come in at nine at night never comes in at all.,"Case gallery up front: filterable by treatment, sized for a phone.","A price range said out loud: in real numbers, with financing mentioned before they ask.",Consult booking on the same screen: not behind a form that goes to an inbox.,Financing pre-qualification: the objection handled before the call.,"Automated recall and reactivation: the patients you already have, coming back."
Magnolia Family Dental,info@magnoliafamilydental.com,"no-booking,not-mobile-friendly,outdated-design","Case work buried: a smile-makeover patient researches for months alone at night, and the before-and-afters are two menus deep.",No price range anywhere: the biggest case of the month wants a number before they will pick up the phone.,Booking that needs the front desk awake: the consult request that would have come in at nine at night never comes in at all.,"Case gallery up front: filterable by treatment, sized for a phone.","A price range said out loud: in real numbers, with financing mentioned before they ask.",Consult booking on the same screen: not behind a form that goes to an inbox.,Financing pre-qualification: the objection handled before the call.,"Automated recall and reactivation: the patients you already have, coming back."
Mountain High Builders,info@mhbi.us,"not-mobile-friendly,outdated-design,weak-branding",The portfolio is the entire sale and it is presented badly: a phone-sized gallery of finished homes is what wins a build.,No price band anywhere: a client with a budget cannot tell whether you are their builder or twice their budget.,"Nothing about how the process works: the fear with a custom build is the unknown, not the price.","Portfolio built for a phone: full-bleed, fast, filterable by style and size.","A price band stated out loud: per square foot or per project, so the wrong enquiries stop.",The process explained: what happens between the first meeting and the keys.,Client build portal: selections and progress without the weekly phone call.,Land and lot listings: the enquiry that starts before there is a plan.
NSPJ Architects,info@nspjarch.com,"not-mobile-friendly,outdated-design,weak-branding",The portfolio does not look like the work: high-end landscape is bought on images and the images are small and slow.,No project budget guidance: the difference between a planting plan and a full build is fifty thousand dollars and the site says neither.,No way to start a conversation properly: a contact form for a six-figure project.,"Portfolio that does the work justice: large, fast, phone-first, by project type.",Project budget bands stated: so the enquiries match the work you want.,Consultation booking with the right questions asked up front.,Design package sold online: a paid first step that qualifies hard.,Maintenance contracts online: recurring revenue off the builds you already did.
New Era Homes,info@newerahomes.com,"not-mobile-friendly,outdated-design,weak-branding",The portfolio is the entire sale and it is presented badly: a phone-sized gallery of finished homes is what wins a build.,No price band anywhere: a client with a budget cannot tell whether you are their builder or twice their budget.,"Nothing about how the process works: the fear with a custom build is the unknown, not the price.","Portfolio built for a phone: full-bleed, fast, filterable by style and size.","A price band stated out loud: per square foot or per project, so the wrong enquiries stop.",The process explained: what happens between the first meeting and the keys.,Client build portal: selections and progress without the weekly phone call.,Land and lot listings: the enquiry that starts before there is a plan.
NuBella Med Spa,info@nubellamedspa.com,"no-booking,not-mobile-friendly,outdated-design","No booking after hours: the decision to book happens at nine at night on a phone, and the only way in is a front desk that shut at five.","Treatments with no prices: she has to ring and ask what tox costs, which is the one call a first-timer will not make.",Reviews doing the selling on the wrong page: the thing that closes her is two clicks from where she lands.,"Booking on the homepage: live at midnight, two taps, no phone call.",Treatment menu with prices: stated plainly so nobody has to ring to find out.,Reviews beside the booking button: the proof and the action on one screen.,Membership signup online: recurring revenue that does not need the front desk.,Automated reminders and rebooking: fewer no-shows without anybody chasing.
Panorama Remodeling,info@panoramaremodeling.com,"not-mobile-friendly,outdated-design,no-booking",Before-and-afters are the whole pitch and they are hard to reach: a remodel is bought with the eyes.,No budget guidance at all: every enquiry starts with a conversation about whether they can afford you.,No way to book a consultation: the form goes to an inbox and the momentum dies over the weekend.,"Before-and-after galleries by room: sized for a phone, quick to scroll.","Budget ranges stated: typical spend for a kitchen and for a bath, plainly.",Consultation booking online: while they are still looking at the photos.,"Design questionnaire before the visit: a shorter, better first meeting.",Financing pre-qualification: the objection handled before you drive out there.
Park Avenue Dental Gainesville,info@parkavenuedentalgnv.com,"no-booking,not-mobile-friendly,outdated-design","Case work buried: a smile-makeover patient researches for months alone at night, and the before-and-afters are two menus deep.",No price range anywhere: the biggest case of the month wants a number before they will pick up the phone.,Booking that needs the front desk awake: the consult request that would have come in at nine at night never comes in at all.,"Case gallery up front: filterable by treatment, sized for a phone.","A price range said out loud: in real numbers, with financing mentioned before they ask.",Consult booking on the same screen: not behind a form that goes to an inbox.,Financing pre-qualification: the objection handled before the call.,"Automated recall and reactivation: the patients you already have, coming back."
Payne Family Construction,info@paynefamilyconstruction.com,"not-mobile-friendly,outdated-design,weak-branding",The portfolio is the entire sale and it is presented badly: a phone-sized gallery of finished homes is what wins a build.,No price band anywhere: a client with a budget cannot tell whether you are their builder or twice their budget.,"Nothing about how the process works: the fear with a custom build is the unknown, not the price.","Portfolio built for a phone: full-bleed, fast, filterable by style and size.","A price band stated out loud: per square foot or per project, so the wrong enquiries stop.",The process explained: what happens between the first meeting and the keys.,Client build portal: selections and progress without the weekly phone call.,Land and lot listings: the enquiry that starts before there is a plan.
Personal Touch Pools KS,info@personaltouchpoolsks.com,"not-mobile-friendly,outdated-design,weak-branding",The build gallery is what sells and it is buried: nobody buys a pool from a spec list.,No price band anywhere: a homeowner has no idea whether you build forty-thousand pools or hundred-and-forty.,"A season-long sales cycle with nothing to hold the enquiry: they look in February and buy in May, from whoever stayed in front of them.","Build gallery front and centre: full-bleed, phone-first, filterable by style.",A starting price said out loud: so the enquiries you get are ones you want.,Consultation booking online: at the hour people daydream about this.,Design visualiser or 3D walkthrough: the thing that closes the February looker.,Service and maintenance signup: revenue after the build is paid for.
Platinum Pools and Spa,info@platinumpoolandspa.com,"not-mobile-friendly,outdated-design,weak-branding",The build gallery is what sells and it is buried: nobody buys a pool from a spec list.,No price band anywhere: a homeowner has no idea whether you build forty-thousand pools or hundred-and-forty.,"A season-long sales cycle with nothing to hold the enquiry: they look in February and buy in May, from whoever stayed in front of them.","Build gallery front and centre: full-bleed, phone-first, filterable by style.",A starting price said out loud: so the enquiries you get are ones you want.,Consultation booking online: at the hour people daydream about this.,Design visualiser or 3D walkthrough: the thing that closes the February looker.,Service and maintenance signup: revenue after the build is paid for.
Primework Construction,info@primeworkconstructionca.com,"not-mobile-friendly,outdated-design,no-booking",Before-and-afters are the whole pitch and they are hard to reach: a remodel is bought with the eyes.,No budget guidance at all: every enquiry starts with a conversation about whether they can afford you.,No way to book a consultation: the form goes to an inbox and the momentum dies over the weekend.,"Before-and-after galleries by room: sized for a phone, quick to scroll.","Budget ranges stated: typical spend for a kitchen and for a bath, plainly.",Consultation booking online: while they are still looking at the photos.,"Design questionnaire before the visit: a shorter, better first meeting.",Financing pre-qualification: the objection handled before you drive out there.
Razzano Homes,info@buildittolast.com,"not-mobile-friendly,outdated-design,no-booking",Before-and-afters are the whole pitch and they are hard to reach: a remodel is bought with the eyes.,No budget guidance at all: every enquiry starts with a conversation about whether they can afford you.,No way to book a consultation: the form goes to an inbox and the momentum dies over the weekend.,"Before-and-after galleries by room: sized for a phone, quick to scroll.","Budget ranges stated: typical spend for a kitchen and for a bath, plainly.",Consultation booking online: while they are still looking at the photos.,"Design questionnaire before the visit: a shorter, better first meeting.",Financing pre-qualification: the objection handled before you drive out there.
Relief Pool Builders,info@reliefpools.com,"not-mobile-friendly,outdated-design,weak-branding",The build gallery is what sells and it is buried: nobody buys a pool from a spec list.,No price band anywhere: a homeowner has no idea whether you build forty-thousand pools or hundred-and-forty.,"A season-long sales cycle with nothing to hold the enquiry: they look in February and buy in May, from whoever stayed in front of them.","Build gallery front and centre: full-bleed, phone-first, filterable by style.",A starting price said out loud: so the enquiries you get are ones you want.,Consultation booking online: at the hour people daydream about this.,Design visualiser or 3D walkthrough: the thing that closes the February looker.,Service and maintenance signup: revenue after the build is paid for.
Select Kitchen and Bath,info@selectkitchenandbath.com,"not-mobile-friendly,outdated-design,no-booking",Before-and-afters are the whole pitch and they are hard to reach: a remodel is bought with the eyes.,No budget guidance at all: every enquiry starts with a conversation about whether they can afford you.,No way to book a consultation: the form goes to an inbox and the momentum dies over the weekend.,"Before-and-after galleries by room: sized for a phone, quick to scroll.","Budget ranges stated: typical spend for a kitchen and for a bath, plainly.",Consultation booking online: while they are still looking at the photos.,"Design questionnaire before the visit: a shorter, better first meeting.",Financing pre-qualification: the objection handled before you drive out there.
Smart Smile Dentistry,info@smartsmiledentistry.com,"no-booking,not-mobile-friendly,outdated-design","Case work buried: a smile-makeover patient researches for months alone at night, and the before-and-afters are two menus deep.",No price range anywhere: the biggest case of the month wants a number before they will pick up the phone.,Booking that needs the front desk awake: the consult request that would have come in at nine at night never comes in at all.,"Case gallery up front: filterable by treatment, sized for a phone.","A price range said out loud: in real numbers, with financing mentioned before they ask.",Consult booking on the same screen: not behind a form that goes to an inbox.,Financing pre-qualification: the objection handled before the call.,"Automated recall and reactivation: the patients you already have, coming back."
Smile Arkansas,info@smilearkansas.com,"no-booking,not-mobile-friendly,outdated-design","Case work buried: a smile-makeover patient researches for months alone at night, and the before-and-afters are two menus deep.",No price range anywhere: the biggest case of the month wants a number before they will pick up the phone.,Booking that needs the front desk awake: the consult request that would have come in at nine at night never comes in at all.,"Case gallery up front: filterable by treatment, sized for a phone.","A price range said out loud: in real numbers, with financing mentioned before they ask.",Consult booking on the same screen: not behind a form that goes to an inbox.,Financing pre-qualification: the objection handled before the call.,"Automated recall and reactivation: the patients you already have, coming back."
Taylor Dentistry,info@taylordentistry.com,"no-booking,not-mobile-friendly,outdated-design","Case work buried: a smile-makeover patient researches for months alone at night, and the before-and-afters are two menus deep.",No price range anywhere: the biggest case of the month wants a number before they will pick up the phone.,Booking that needs the front desk awake: the consult request that would have come in at nine at night never comes in at all.,"Case gallery up front: filterable by treatment, sized for a phone.","A price range said out loud: in real numbers, with financing mentioned before they ask.",Consult booking on the same screen: not behind a form that goes to an inbox.,Financing pre-qualification: the objection handled before the call.,"Automated recall and reactivation: the patients you already have, coming back."
Tomlinson Construction,info@tomlinsonconstruction.com,"not-mobile-friendly,outdated-design,no-booking",Before-and-afters are the whole pitch and they are hard to reach: a remodel is bought with the eyes.,No budget guidance at all: every enquiry starts with a conversation about whether they can afford you.,No way to book a consultation: the form goes to an inbox and the momentum dies over the weekend.,"Before-and-after galleries by room: sized for a phone, quick to scroll.","Budget ranges stated: typical spend for a kitchen and for a bath, plainly.",Consultation booking online: while they are still looking at the photos.,"Design questionnaire before the visit: a shorter, better first meeting.",Financing pre-qualification: the objection handled before you drive out there.
Transformation Dentistry,info@transformationdentistry.com,"no-booking,not-mobile-friendly,outdated-design","Case work buried: a smile-makeover patient researches for months alone at night, and the before-and-afters are two menus deep.",No price range anywhere: the biggest case of the month wants a number before they will pick up the phone.,Booking that needs the front desk awake: the consult request that would have come in at nine at night never comes in at all.,"Case gallery up front: filterable by treatment, sized for a phone.","A price range said out loud: in real numbers, with financing mentioned before they ask.",Consult booking on the same screen: not behind a form that goes to an inbox.,Financing pre-qualification: the objection handled before the call.,"Automated recall and reactivation: the patients you already have, coming back."
WELBuilt Homes,info@welbuilthomes.com,"not-mobile-friendly,outdated-design,weak-branding",The portfolio is the entire sale and it is presented badly: a phone-sized gallery of finished homes is what wins a build.,No price band anywhere: a client with a budget cannot tell whether you are their builder or twice their budget.,"Nothing about how the process works: the fear with a custom build is the unknown, not the price.","Portfolio built for a phone: full-bleed, fast, filterable by style and size.","A price band stated out loud: per square foot or per project, so the wrong enquiries stop.",The process explained: what happens between the first meeting and the keys.,Client build portal: selections and progress without the weekly phone call.,Land and lot listings: the enquiry that starts before there is a plan.
Winsome Construction,info@winsomeconstruction.com,"not-mobile-friendly,outdated-design,weak-branding",The portfolio is the entire sale and it is presented badly: a phone-sized gallery of finished homes is what wins a build.,No price band anywhere: a client with a budget cannot tell whether you are their builder or twice their budget.,"Nothing about how the process works: the fear with a custom build is the unknown, not the price.","Portfolio built for a phone: full-bleed, fast, filterable by style and size.","A price band stated out loud: per square foot or per project, so the wrong enquiries stop.",The process explained: what happens between the first meeting and the keys.,Client build portal: selections and progress without the weekly phone call.,Land and lot listings: the enquiry that starts before there is a plan.
Coley Cosmetic and Hand Surgery,info@coleycosmetic.com,"no-booking,not-mobile-friendly,outdated-design","No booking after hours: the decision to book happens at nine at night on a phone, and the only way in is a front desk that shut at five.","Treatments with no prices: she has to ring and ask what tox costs, which is the one call a first-timer will not make.",Reviews doing the selling on the wrong page: the thing that closes her is two clicks from where she lands.,"Booking on the homepage: live at midnight, two taps, no phone call.",Treatment menu with prices: stated plainly so nobody has to ring to find out.,Reviews beside the booking button: the proof and the action on one screen.,Membership signup online: recurring revenue that does not need the front desk.,Automated reminders and rebooking: fewer no-shows without anybody chasing.
Carolina Age Management Institute,info@carolinaagemanagement.com,"no-booking,not-mobile-friendly,outdated-design","No booking after hours: the decision to book happens at nine at night on a phone, and the only way in is a front desk that shut at five.","Treatments with no prices: she has to ring and ask what tox costs, which is the one call a first-timer will not make.",Reviews doing the selling on the wrong page: the thing that closes her is two clicks from where she lands.,"Booking on the homepage: live at midnight, two taps, no phone call.",Treatment menu with prices: stated plainly so nobody has to ring to find out.,Reviews beside the booking button: the proof and the action on one screen.,Membership signup online: recurring revenue that does not need the front desk.,Automated reminders and rebooking: fewer no-shows without anybody chasing.
Papillion Construction,info@papillionconstruction.com,"not-mobile-friendly,outdated-design,weak-branding",The build gallery is what sells and it is buried: nobody buys a pool from a spec list.,No price band anywhere: a homeowner has no idea whether you build forty-thousand pools or hundred-and-forty.,"A season-long sales cycle with nothing to hold the enquiry: they look in February and buy in May, from whoever stayed in front of them.","Build gallery front and centre: full-bleed, phone-first, filterable by style.",A starting price said out loud: so the enquiries you get are ones you want.,Consultation booking online: at the hour people daydream about this.,Design visualiser or 3D walkthrough: the thing that closes the February looker.,Service and maintenance signup: revenue after the build is paid for.
Parker Pools,info@parkerpools.us,"not-mobile-friendly,outdated-design,weak-branding",The build gallery is what sells and it is buried: nobody buys a pool from a spec list.,No price band anywhere: a homeowner has no idea whether you build forty-thousand pools or hundred-and-forty.,"A season-long sales cycle with nothing to hold the enquiry: they look in February and buy in May, from whoever stayed in front of them.","Build gallery front and centre: full-bleed, phone-first, filterable by style.",A starting price said out loud: so the enquiries you get are ones you want.,Consultation booking online: at the hour people daydream about this.,Design visualiser or 3D walkthrough: the thing that closes the February looker.,Service and maintenance signup: revenue after the build is paid for.
Payne Pool Professionals,info@paynepoolprofessionals.com,"not-mobile-friendly,outdated-design,weak-branding",The build gallery is what sells and it is buried: nobody buys a pool from a spec list.,No price band anywhere: a homeowner has no idea whether you build forty-thousand pools or hundred-and-forty.,"A season-long sales cycle with nothing to hold the enquiry: they look in February and buy in May, from whoever stayed in front of them.","Build gallery front and centre: full-bleed, phone-first, filterable by style.",A starting price said out loud: so the enquiries you get are ones you want.,Consultation booking online: at the hour people daydream about this.,Design visualiser or 3D walkthrough: the thing that closes the February looker.,Service and maintenance signup: revenue after the build is paid for.
Vaughn's Pools,info@vaughnspools.com,"not-mobile-friendly,outdated-design,weak-branding",The build gallery is what sells and it is buried: nobody buys a pool from a spec list.,No price band anywhere: a homeowner has no idea whether you build forty-thousand pools or hundred-and-forty.,"A season-long sales cycle with nothing to hold the enquiry: they look in February and buy in May, from whoever stayed in front of them.","Build gallery front and centre: full-bleed, phone-first, filterable by style.",A starting price said out loud: so the enquiries you get are ones you want.,Consultation booking online: at the hour people daydream about this.,Design visualiser or 3D walkthrough: the thing that closes the February looker.,Service and maintenance signup: revenue after the build is paid for.
Dayton Kitchen and Bathroom Remodeling,info@daytonohremodeling.com,"not-mobile-friendly,outdated-design,no-booking",Before-and-afters are the whole pitch and they are hard to reach: a remodel is bought with the eyes.,No budget guidance at all: every enquiry starts with a conversation about whether they can afford you.,No way to book a consultation: the form goes to an inbox and the momentum dies over the weekend.,"Before-and-after galleries by room: sized for a phone, quick to scroll.","Budget ranges stated: typical spend for a kitchen and for a bath, plainly.",Consultation booking online: while they are still looking at the photos.,"Design questionnaire before the visit: a shorter, better first meeting.",Financing pre-qualification: the objection handled before you drive out there.
Bathroom Remodel Dayton,info@bathroomremodeldayton.net,"not-mobile-friendly,outdated-design,no-booking",Before-and-afters are the whole pitch and they are hard to reach: a remodel is bought with the eyes.,No budget guidance at all: every enquiry starts with a conversation about whether they can afford you.,No way to book a consultation: the form goes to an inbox and the momentum dies over the weekend.,"Before-and-after galleries by room: sized for a phone, quick to scroll.","Budget ranges stated: typical spend for a kitchen and for a bath, plainly.",Consultation booking online: while they are still looking at the photos.,"Design questionnaire before the visit: a shorter, better first meeting.",Financing pre-qualification: the objection handled before you drive out there.
Premier Custom Homes,info@nwohomebuilders.com,"not-mobile-friendly,outdated-design,weak-branding",The portfolio is the entire sale and it is presented badly: a phone-sized gallery of finished homes is what wins a build.,No price band anywhere: a client with a budget cannot tell whether you are their builder or twice their budget.,"Nothing about how the process works: the fear with a custom build is the unknown, not the price.","Portfolio built for a phone: full-bleed, fast, filterable by style and size.","A price band stated out loud: per square foot or per project, so the wrong enquiries stop.",The process explained: what happens between the first meeting and the keys.,Client build portal: selections and progress without the weekly phone call.,Land and lot listings: the enquiry that starts before there is a plan.
Woodland Custom Home Builders,info@woodlandcustomhomes.com,"not-mobile-friendly,outdated-design,weak-branding",The portfolio is the entire sale and it is presented badly: a phone-sized gallery of finished homes is what wins a build.,No price band anywhere: a client with a budget cannot tell whether you are their builder or twice their budget.,"Nothing about how the process works: the fear with a custom build is the unknown, not the price.","Portfolio built for a phone: full-bleed, fast, filterable by style and size.","A price band stated out loud: per square foot or per project, so the wrong enquiries stop.",The process explained: what happens between the first meeting and the keys.,Client build portal: selections and progress without the weekly phone call.,Land and lot listings: the enquiry that starts before there is a plan.
