company,contactName,contactRole,email,phone,altPhone,industry,address,city,state,postalCode,country,timezone,companySize,employeeCount,locationCount,annualRevenue,yearFounded,originalWebsite,currentWebsite,googleRating,googleReviewCount,googleMapsUrl,instagramUrl,facebookUrl,linkedinUrl,source,status,personalisedColdEmail,mockupEmail,personalizedObservation,salesNote,notes,tags,doNotContact,doNotContactReason,leadScore,vercelPassword,invoicePdfUrl,painPoints,painPoint1,painPoint2,painPoint3,essentialPoint1,essentialPoint2,essentialPoint3,upsellPoint1,upsellPoint2,estimatedValue,lowestEstimate,highestEstimate,dateAdded,mockupUrl,clientTakenOn,nextFollowUp,assignedTo
Advanced Specialty Care & Med Spa,,,advancedspecialtycare@nampaobgyn.com,(208) 468-9400,,Med spa,,Boise,ID,,USA,America/Boise,small,,,,,https://idahoadvancedspecialtycare.com,"Reviews and treatment photos do the selling and both sit below a phone number that stops answering at five. No online booking, no prices, and the whole thing was built for a desktop.",,,,,,,cold-outreach,researched,"Subject: she booked somewhere else

Hi [First Name],

Your reviews do the selling. I read them on my phone at 9pm in Boise and I was sold. Then I hit a phone number and office hours.

She doesn't call in the morning. She books the spa that let her book at 9pm.

Booking belongs on the homepage, next to the reviews, working at midnight.

I'd like to build it and show you. One homepage, designed for Advanced Specialty Care & Med Spa, free. Not a template with your logo on it. The real thing, and it's yours whether we work together or not.

Worth a look? One word back and I'll start.

[Sender Name]
Bothmade","Subject: Advanced Specialty Care & Med Spa — built it

Here it is — Advanced Specialty Care & Med Spa, as promised.

Booking sits on the homepage next to your reviews. Two taps to Thursday at six. That's the part your site can't do tonight.

It's a design, not a build — nothing clicks yet. Didn't want to fake a demo.

One thing I'd want your answer on: is membership what you'd push hardest here, or first-visit tox?

[Sender Name]",the reviews do the selling and the booking is a phone number that stops answering at five,Address published by the business itself — verified in research. Phone from a published listing.,"Med spa in Boise, ID. Researched 6 Aug 2026; email confirmed on a published listing, phone confirmed on a published listing.",field-run-011;med-spa;ID;confirmed-email;has-phone,false,,85,,,"no-booking,not-mobile-friendly,outdated-design","No booking after hours: the decision to book happens at nine at night on a phone, and the only way in is a front desk that shut at five.","Treatments with no prices: she has to ring and ask what tox costs, which is the one call a first-timer will not make.",Reviews doing the selling on the wrong page: the thing that closes her is two clicks from where she lands.,"Booking on the homepage: live at midnight, two taps, no phone call.",Treatment menu with prices: stated plainly so nobody has to ring to find out.,Reviews beside the booking button: the proof and the action on one screen.,Membership signup online: recurring revenue that does not need the front desk.,Automated reminders and rebooking: fewer no-shows without anybody chasing.,10000,"$5,000","$18,000",06082026,,,,
Atlantis Pools & Spas,,,service@bestpoolguys.com,(918) 641-1100,,Pool building,,Tulsa,OK,,USA,America/Chicago,small,,,,,https://atlantispoolsandspasinc.com,"Build gallery buried under service copy. No starting price, so the enquiries are unqualified, and nothing holds the February looker until they buy in May.",,,,,,,cold-outreach,researched,"Subject: your build gallery

Hi [First Name],

Looked at Atlantis Pools & Spas the way a homeowner in Tulsa does — trying to find a build that looks like my backyard, at roughly my number. One long scroll, no way to narrow it, no price anywhere.

That's a ninety-thousand-dollar build going to the company that answered the money question first.

Gallery filterable by size, style and budget. A starting number said out loud.

I'd like to build it and show you. One homepage, designed for Atlantis Pools & Spas, free. Not a template with your logo on it. The real thing, and it's yours whether we work together or not.

Want it?

[Sender Name]
Bothmade","Subject: built it

Built it. Here.

Builds filterable by size, style and budget band, with a starting range stated plainly and a timeline from signing to swimming.

It's a design, not a build — nothing clicks yet. Didn't want to fake a demo.

One question: would you publish a starting price, or does that cost you more than it wins?

[Sender Name]","the gallery cannot be sorted, so nobody finds a build that looks like their own yard",Address published by the business itself — verified in research. Phone from a published listing.,"Pool building in Tulsa, OK. Researched 6 Aug 2026; email confirmed on a published listing, phone confirmed on a published listing.",field-run-011;pool-building;OK;confirmed-email;has-phone,false,,85,,,"not-mobile-friendly,outdated-design,weak-branding",The build gallery is what sells and it is buried: nobody buys a pool from a spec list.,No price band anywhere: a homeowner has no idea whether you build forty-thousand pools or hundred-and-forty.,"A season-long sales cycle with nothing to hold the enquiry: they look in February and buy in May, from whoever stayed in front of them.","Build gallery front and centre: full-bleed, phone-first, filterable by style.",A starting price said out loud: so the enquiries you get are ones you want.,Consultation booking online: at the hour people daydream about this.,Design visualiser or 3D walkthrough: the thing that closes the February looker.,Service and maintenance signup: revenue after the build is paid for.,10000,"$5,000","$18,000",06082026,,,,
Unique Custom Home Plans,,,contact@uniquecustomhomeplans.com,(402) 672-0419,,Custom home building,,Omaha,NE,,USA,America/Chicago,small,,,,,https://uniquecustomhomeplans.com,"The portfolio is the entire sale and it is presented small, slow and desktop-first. No price band, and nothing explaining how the process works, which is the real fear with a custom build.",,,,,,,cold-outreach,researched,"Subject: the inquiry that wasted your Tuesday

Hi [First Name],

Went through Unique Custom Home Plans' portfolio the way a couple with a lot and three million dollars does — hunting for the one house that looks like the one in their head. Couldn't sort by budget, style or scope. Just scrolled.

That's a real project deciding you're not the one, on no evidence either way.

Portfolio filterable by budget band, style and scope. Inquiry that asks about the lot, the number and the timing.

Let me build it for you. A real homepage for Unique Custom Home Plans, on me, before we ever talk money. If it's good you'll know in ten seconds. If it isn't, you've lost nothing.

Want it?

[Sender Name]
Bothmade","Subject: built it

Here it is — Unique Custom Home Plans, as promised.

Portfolio filterable by budget, style and scope — so a couple with a specific project finds theirs in about nine seconds. Inquiry that arrives with the lot, the number and the timing on it.

It's a design, not a build — nothing clicks yet. Didn't want to fake a demo.

One thing I'd want your answer on: what do you wish every inquiry told you before you called them back?

[Sender Name]","the portfolio is the whole sale and there is no way to sort it by budget, style or scope",Address published by the business itself — verified in research. Phone from a published listing.,"Custom home building in Omaha, NE. Researched 6 Aug 2026; email confirmed on a published listing, phone confirmed on a published listing.",field-run-011;custom-home-building;NE;confirmed-email;has-phone,false,,85,,,"not-mobile-friendly,outdated-design,weak-branding",The portfolio is the entire sale and it is presented badly: a phone-sized gallery of finished homes is what wins a build.,No price band anywhere: a client with a budget cannot tell whether you are their builder or twice their budget.,"Nothing about how the process works: the fear with a custom build is the unknown, not the price.","Portfolio built for a phone: full-bleed, fast, filterable by style and size.","A price band stated out loud: per square foot or per project, so the wrong enquiries stop.",The process explained: what happens between the first meeting and the keys.,Client build portal: selections and progress without the weekly phone call.,Land and lot listings: the enquiry that starts before there is a plan.,22000,"$12,000","$35,000",06082026,,,,
Nuyu Med Spa,,,info@nuyumedspanm.com,(505) 681-6657,,Med spa,,Albuquerque,NM,,USA,America/Denver,small,,,,,https://nuyumedspanm.com,"Reviews and treatment photos do the selling and both sit below a phone number that stops answering at five. No online booking, no prices, and the whole thing was built for a desktop.",,,,,,,cold-outreach,researched,"Subject: she booked somewhere else

Hi [First Name],

Your reviews do the selling. I read them on my phone at 9pm in Albuquerque and I was sold. Then I hit a phone number and office hours.

A booking a night walks that way. Silently. No missed call, no voicemail, nothing to review on Monday.

Booking belongs on the homepage, next to the reviews, working at midnight.

I'd like to build it and show you. One homepage, designed for Nuyu Med Spa, free. Not a template with your logo on it. The real thing, and it's yours whether we work together or not.

Want it?

[Sender Name]
Bothmade","Subject: built it

Here it is — Nuyu Med Spa, as promised.

Booking sits on the homepage next to your reviews. Two taps to Thursday at six. That's the part your site can't do tonight.

It's a design, not a build — nothing clicks yet. Didn't want to fake a demo.

One thing I'd want your answer on: is membership what you'd push hardest here, or first-visit tox?

[Sender Name]",the reviews do the selling and the booking is a phone number that stops answering at five,Address published by the business itself — verified in research. Phone from a published listing.,"Med spa in Albuquerque, NM. Researched 6 Aug 2026; email confirmed on a published listing, phone confirmed on a published listing.",field-run-011;med-spa;NM;confirmed-email;has-phone,false,,85,,,"no-booking,not-mobile-friendly,outdated-design","No booking after hours: the decision to book happens at nine at night on a phone, and the only way in is a front desk that shut at five.","Treatments with no prices: she has to ring and ask what tox costs, which is the one call a first-timer will not make.",Reviews doing the selling on the wrong page: the thing that closes her is two clicks from where she lands.,"Booking on the homepage: live at midnight, two taps, no phone call.",Treatment menu with prices: stated plainly so nobody has to ring to find out.,Reviews beside the booking button: the proof and the action on one screen.,Membership signup online: recurring revenue that does not need the front desk.,Automated reminders and rebooking: fewer no-shows without anybody chasing.,10000,"$5,000","$18,000",06082026,,,,
Reverse MedEsthetics and Health Spa,,,info@reversemedicalspaabq.com,(505) 377-4581,,Med spa,,Albuquerque,NM,,USA,America/Denver,small,,,,,https://reversemedicalspaabq.com,"Reviews and treatment photos do the selling and both sit below a phone number that stops answering at five. No online booking, no prices, and the whole thing was built for a desktop.",,,,,,,cold-outreach,researched,"Subject: she booked somewhere else

Hi [First Name],

Your reviews do the selling. I read them on my phone at 9pm in Albuquerque and I was sold. Then I hit a phone number and office hours.

She doesn't call in the morning. She books the spa that let her book at 9pm.

Booking belongs on the homepage, next to the reviews, working at midnight.

I'd like to build it and show you. One homepage, designed for Reverse MedEsthetics and Health Spa, free. Not a template with your logo on it. The real thing, and it's yours whether we work together or not.

Say yes and it's yours by Friday.

[Sender Name]
Bothmade","Subject: here it is

Here it is — Reverse MedEsthetics and Health Spa, as promised.

Booking sits on the homepage next to your reviews. Two taps to Thursday at six. That's the part your site can't do tonight.

It's a design, not a build — nothing clicks yet. Didn't want to fake a demo.

One thing I'd want your answer on: is membership what you'd push hardest here, or first-visit tox?

[Sender Name]",the reviews do the selling and the booking is a phone number that stops answering at five,Address published by the business itself — verified in research. Phone from a published listing.,"Med spa in Albuquerque, NM. Researched 6 Aug 2026; email confirmed on a published listing, phone confirmed on a published listing.",field-run-011;med-spa;NM;confirmed-email;has-phone,false,,85,,,"no-booking,not-mobile-friendly,outdated-design","No booking after hours: the decision to book happens at nine at night on a phone, and the only way in is a front desk that shut at five.","Treatments with no prices: she has to ring and ask what tox costs, which is the one call a first-timer will not make.",Reviews doing the selling on the wrong page: the thing that closes her is two clicks from where she lands.,"Booking on the homepage: live at midnight, two taps, no phone call.",Treatment menu with prices: stated plainly so nobody has to ring to find out.,Reviews beside the booking button: the proof and the action on one screen.,Membership signup online: recurring revenue that does not need the front desk.,Automated reminders and rebooking: fewer no-shows without anybody chasing.,10000,"$5,000","$18,000",06082026,,,,
ABQ Medical Spa,,,ABQmedicalSpa@gmail.com,(505) 433-3072,,Med spa,,Albuquerque,NM,,USA,America/Denver,small,,,,,https://medspaalbuquerque.com,"Reviews and treatment photos do the selling and both sit below a phone number that stops answering at five. No online booking, no prices, and the whole thing was built for a desktop.",,,,,,,cold-outreach,researched,"Subject: the booking you lost last night

Hi [First Name],

Found ABQ Medical Spa at 9pm on my phone, the way your next client will. The reviews sold me in about forty seconds. Then the only way to book was a phone number and a front desk that shut at five.

That's the sale, right there. She books wherever the button is, and you never find out you lost her.

Booking belongs on the homepage, next to the reviews, working at midnight.

Let me build it for you. A real homepage for ABQ Medical Spa, on me, before we ever talk money. If it's good you'll know in ten seconds. If it isn't, you've lost nothing.

Say yes and it's yours by Friday.

[Sender Name]
Bothmade","Subject: built it

Here it is.

Booking sits on the homepage next to your reviews. Two taps to Thursday at six. That's the part your site can't do tonight.

It's a design, not a build — nothing clicks yet. Didn't want to fake a demo.

One thing I'd want your answer on: is membership what you'd push hardest here, or first-visit tox?

[Sender Name]",the reviews do the selling and the booking is a phone number that stops answering at five,Address published by the business itself — verified in research. Phone from a published listing.,"Med spa in Albuquerque, NM. Researched 6 Aug 2026; email confirmed on a published listing, phone confirmed on a published listing.",field-run-011;med-spa;NM;confirmed-email;has-phone,false,,85,,,"no-booking,not-mobile-friendly,outdated-design","No booking after hours: the decision to book happens at nine at night on a phone, and the only way in is a front desk that shut at five.","Treatments with no prices: she has to ring and ask what tox costs, which is the one call a first-timer will not make.",Reviews doing the selling on the wrong page: the thing that closes her is two clicks from where she lands.,"Booking on the homepage: live at midnight, two taps, no phone call.",Treatment menu with prices: stated plainly so nobody has to ring to find out.,Reviews beside the booking button: the proof and the action on one screen.,Membership signup online: recurring revenue that does not need the front desk.,Automated reminders and rebooking: fewer no-shows without anybody chasing.,10000,"$5,000","$18,000",06082026,,,,
Parsons Custom Builders,,,info@parsonscustombuilders.com,(509) 928-9008,,Custom home building,,Spokane,WA,,USA,America/Los_Angeles,small,,,,,https://parsonscustombuilders.com,"The portfolio is the entire sale and it is presented small, slow and desktop-first. No price band, and nothing explaining how the process works, which is the real fear with a custom build.",,,,,,,cold-outreach,researched,"Subject: they couldn't find their house

Hi [First Name],

Looked at Parsons Custom Builders as a client would in Spokane: trying to find the project that matches my lot and my number. Gave up before I found it.

And the inquiries that do land ask for a name and a message, so your first call is an interview instead of a conversation.

Sort the work the way buyers actually choose, and put the process where the fear is.

Here's my offer. I'll design that page for Parsons Custom Builders and send it over. No charge, no meeting to get it, no invoice at the end. Keep it either way — I'd rather you saw the work than read about it.

Should I send it over?

[Sender Name]
Bothmade","Subject: Parsons Custom Builders — built it

Here it is — Parsons Custom Builders, as promised.

Projects sortable the way buyers choose, and the build process laid out month by month, which is the part they're actually frightened of.

Static design, so nothing on it works yet. I'd rather show you the real idea than a fake demo.

One question: would you ever show budget bands publicly, or is that a fight with your sales process?

[Sender Name]","the portfolio is the whole sale and there is no way to sort it by budget, style or scope",Address published by the business itself — verified in research. Phone from a published listing.,"Custom home building in Spokane, WA. Researched 6 Aug 2026; email confirmed on a published listing, phone confirmed on a published listing.",field-run-011;custom-home-building;WA;confirmed-email;has-phone,false,,85,,,"not-mobile-friendly,outdated-design,weak-branding",The portfolio is the entire sale and it is presented badly: a phone-sized gallery of finished homes is what wins a build.,No price band anywhere: a client with a budget cannot tell whether you are their builder or twice their budget.,"Nothing about how the process works: the fear with a custom build is the unknown, not the price.","Portfolio built for a phone: full-bleed, fast, filterable by style and size.","A price band stated out loud: per square foot or per project, so the wrong enquiries stop.",The process explained: what happens between the first meeting and the keys.,Client build portal: selections and progress without the weekly phone call.,Land and lot listings: the enquiry that starts before there is a plan.,22000,"$12,000","$35,000",06082026,,,,
Iowa Landscape Group,,,admin@iowalg.com,(515) 979-9781,,Landscape design build,,Des Moines,IA,,USA,America/Chicago,small,,,,,https://iowalandscapegroup.com,"Portfolio images are too small and too slow to do six-figure work justice. No project budget bands, and a plain contact form as the only way to start.",,,,,,,cold-outreach,researched,"Subject: design fee, unsaid

Hi [First Name],

Went through Iowa Landscape Group's work the way a homeowner commissioning a garden does. It's beautiful. It's also one long scroll — no way to narrow by style, scale or budget, and nothing about what design costs.

And the inquiries that land are vague, so the first call is about scope instead of the garden.

Projects filterable by style, scale and budget. The design process spelled out so the brief arrives specific.

Let me build it for you. A real homepage for Iowa Landscape Group, on me, before we ever talk money. If it's good you'll know in ten seconds. If it isn't, you've lost nothing.

Want me to build it?

[Sender Name]
Bothmade","Subject: Iowa Landscape Group — built it

Here it is.

Projects filterable by style, scale and budget band, with the design process spelled out — so the brief that reaches you already knows what it's asking for.

It's a design, not a build — nothing clicks yet. Didn't want to fake a demo.

One question: would publishing a design fee range help you or cost you?

[Sender Name]","design-led buyers choose from images and yours cannot be narrowed by style, scale or budget",Address published by the business itself — verified in research. Phone from a published listing.,"Landscape design build in Des Moines, IA. Researched 6 Aug 2026; email confirmed on a published listing, phone confirmed on a published listing.",field-run-011;landscape-design-build;IA;confirmed-email;has-phone,false,,85,,,"not-mobile-friendly,outdated-design,weak-branding",The portfolio does not look like the work: high-end landscape is bought on images and the images are small and slow.,No project budget guidance: the difference between a planting plan and a full build is fifty thousand dollars and the site says neither.,No way to start a conversation properly: a contact form for a six-figure project.,"Portfolio that does the work justice: large, fast, phone-first, by project type.",Project budget bands stated: so the enquiries match the work you want.,Consultation booking with the right questions asked up front.,Design package sold online: a paid first step that qualifies hard.,Maintenance contracts online: recurring revenue off the builds you already did.,9000,"$5,000","$16,000",06082026,,,,
Bugle Construction,,,info@bugleconstruction.com,(208) 457-7150,,Custom home building,,Spokane,WA,,USA,America/Los_Angeles,small,,,,,https://bugleconstructionanddecking.com,"The portfolio is the entire sale and it is presented small, slow and desktop-first. No price band, and nothing explaining how the process works, which is the real fear with a custom build.",,,,,,,cold-outreach,researched,"Subject: filtering your projects

Hi [First Name],

Looked at Bugle Construction as a client would in Spokane: trying to find the project that matches my lot and my number. Gave up before I found it.

That's a real project deciding you're not the one, on no evidence either way.

Portfolio filterable by budget band, style and scope. Inquiry that asks about the lot, the number and the timing.

I'd like to build it and show you. One homepage, designed for Bugle Construction, free. Not a template with your logo on it. The real thing, and it's yours whether we work together or not.

Want me to build it?

[Sender Name]
Bothmade","Subject: built it

Here it is — Bugle Construction, as promised.

Portfolio filterable by budget, style and scope — so a couple with a specific project finds theirs in about nine seconds. Inquiry that arrives with the lot, the number and the timing on it.

It's a design, not a build — nothing clicks yet. Didn't want to fake a demo.

One thing I'd want your answer on: what do you wish every inquiry told you before you called them back?

[Sender Name]","the portfolio is the whole sale and there is no way to sort it by budget, style or scope",Address published by the business itself — verified in research. Phone from a published listing.,"Custom home building in Spokane, WA. Researched 6 Aug 2026; email confirmed on a published listing, phone confirmed on a published listing.",field-run-011;custom-home-building;WA;confirmed-email;has-phone,false,,85,,,"not-mobile-friendly,outdated-design,weak-branding",The portfolio is the entire sale and it is presented badly: a phone-sized gallery of finished homes is what wins a build.,No price band anywhere: a client with a budget cannot tell whether you are their builder or twice their budget.,"Nothing about how the process works: the fear with a custom build is the unknown, not the price.","Portfolio built for a phone: full-bleed, fast, filterable by style and size.","A price band stated out loud: per square foot or per project, so the wrong enquiries stop.",The process explained: what happens between the first meeting and the keys.,Client build portal: selections and progress without the weekly phone call.,Land and lot listings: the enquiry that starts before there is a plan.,22000,"$12,000","$35,000",06082026,,,,
Savvy Skin Medical Aesthetics,,,info@savvyskinmedspa.com,(912) 351-9229,,Med spa,,Savannah,GA,,USA,America/New_York,small,,,,,https://savvyskinmedspa.com,"Reviews and treatment photos do the selling and both sit below a phone number that stops answering at five. No online booking, no prices, and the whole thing was built for a desktop.",,,,,,,cold-outreach,researched,"Subject: reviews vs booking button

Hi [First Name],

Your reviews do the selling. I read them on my phone at 9pm in Savannah and I was sold. Then I hit a phone number and office hours.

She doesn't call in the morning. She books the spa that let her book at 9pm.

Treatments priced, bookable in two taps, reviews right beside them.

Here's my offer. I'll design that page for Savvy Skin Medical Aesthetics and send it over. No charge, no meeting to get it, no invoice at the end. Keep it either way — I'd rather you saw the work than read about it.

Should I send it over?

[Sender Name]
Bothmade","Subject: built it

Here it is — Savvy Skin Medical Aesthetics, as promised.

Treatments priced, bookable in two taps, reviews doing the closing right beside them. Memberships obvious instead of three pages deep.

Static design, so nothing on it works yet. I'd rather show you the real idea than a fake demo.

One question: would you let a new client book without a consult call first?

[Sender Name]",the reviews do the selling and the booking is a phone number that stops answering at five,Address published by the business itself — verified in research. Phone from a published listing.,"Med spa in Savannah, GA. Researched 6 Aug 2026; email confirmed on a published listing, phone confirmed on a published listing.",field-run-011;med-spa;GA;confirmed-email;has-phone,false,,85,,,"no-booking,not-mobile-friendly,outdated-design","No booking after hours: the decision to book happens at nine at night on a phone, and the only way in is a front desk that shut at five.","Treatments with no prices: she has to ring and ask what tox costs, which is the one call a first-timer will not make.",Reviews doing the selling on the wrong page: the thing that closes her is two clicks from where she lands.,"Booking on the homepage: live at midnight, two taps, no phone call.",Treatment menu with prices: stated plainly so nobody has to ring to find out.,Reviews beside the booking button: the proof and the action on one screen.,Membership signup online: recurring revenue that does not need the front desk.,Automated reminders and rebooking: fewer no-shows without anybody chasing.,10000,"$5,000","$18,000",06082026,,,,
Essential Me Aesthetics and Wellness,,,team@essentialmespa.com,(912) 922-3854,,Med spa,,Savannah,GA,,USA,America/New_York,small,,,,,https://essentialmespa.com,"Reviews and treatment photos do the selling and both sit below a phone number that stops answering at five. No online booking, no prices, and the whole thing was built for a desktop.",,,,,,,cold-outreach,researched,"Subject: she booked somewhere else

Hi [First Name],

Looked you up the way a new client does — evening, phone, already decided she wants tox, just picking where. Essential Me Aesthetics and Wellness won on reviews. Then booking meant calling in the morning.

She doesn't call in the morning. She books the spa that let her book at 9pm.

Booking belongs on the homepage, next to the reviews, working at midnight.

I'd like to build it and show you. One homepage, designed for Essential Me Aesthetics and Wellness, free. Not a template with your logo on it. The real thing, and it's yours whether we work together or not.

Want me to build it?

[Sender Name]
Bothmade","Subject: here it is

Here it is.

Booking sits on the homepage next to your reviews. Two taps to Thursday at six. That's the part your site can't do tonight.

It's a design, not a build — nothing clicks yet. Didn't want to fake a demo.

One thing I'd want your answer on: is membership what you'd push hardest here, or first-visit tox?

[Sender Name]",the reviews do the selling and the booking is a phone number that stops answering at five,Address published by the business itself — verified in research. Phone from a published listing.,"Med spa in Savannah, GA. Researched 6 Aug 2026; email confirmed on a published listing, phone confirmed on a published listing.",field-run-011;med-spa;GA;confirmed-email;has-phone,false,,85,,,"no-booking,not-mobile-friendly,outdated-design","No booking after hours: the decision to book happens at nine at night on a phone, and the only way in is a front desk that shut at five.","Treatments with no prices: she has to ring and ask what tox costs, which is the one call a first-timer will not make.",Reviews doing the selling on the wrong page: the thing that closes her is two clicks from where she lands.,"Booking on the homepage: live at midnight, two taps, no phone call.",Treatment menu with prices: stated plainly so nobody has to ring to find out.,Reviews beside the booking button: the proof and the action on one screen.,Membership signup online: recurring revenue that does not need the front desk.,Automated reminders and rebooking: fewer no-shows without anybody chasing.,10000,"$5,000","$18,000",06082026,,,,
Dygert Landscape & Construction,,,gregdygert@gmail.com,(970) 567-7531,,Landscape design build,,Fort Collins,CO,,USA,America/Denver,small,,,,,https://dygertlandscapeandconstruction.com,"Portfolio images are too small and too slow to do six-figure work justice. No project budget bands, and a plain contact form as the only way to start.",,,,,,,cold-outreach,researched,"Subject: the inquiry that arrives vague

Hi [First Name],

Your gardens are genuinely good. A design-led client chooses from images and yours can't be narrowed, so they never find the one that looks like their lot.

So the client who wanted exactly what you do never works out that you do it.

Projects filterable by style, scale and budget. The design process spelled out so the brief arrives specific.

So here's what I'll do. I'll build Dygert Landscape & Construction that homepage. Free. Not a slide, not a proposal — the actual page, designed for your business. Yours to keep whether you hire me or not.

Want me to build it?

[Sender Name]
Bothmade","Subject: Dygert Landscape & Construction — built it

Here it is — Dygert Landscape & Construction, as promised.

Projects filterable by style, scale and budget band, with the design process spelled out — so the brief that reaches you already knows what it's asking for.

Static design, so nothing on it works yet. I'd rather show you the real idea than a fake demo.

One question: would publishing a design fee range help you or cost you?

[Sender Name]","design-led buyers choose from images and yours cannot be narrowed by style, scale or budget",Address published by the business itself — verified in research. Phone from a published listing.,"Landscape design build in Fort Collins, CO. Researched 6 Aug 2026; email confirmed on a published listing, phone confirmed on a published listing.",field-run-011;landscape-design-build;CO;confirmed-email;has-phone,false,,85,,,"not-mobile-friendly,outdated-design,weak-branding",The portfolio does not look like the work: high-end landscape is bought on images and the images are small and slow.,No project budget guidance: the difference between a planting plan and a full build is fifty thousand dollars and the site says neither.,No way to start a conversation properly: a contact form for a six-figure project.,"Portfolio that does the work justice: large, fast, phone-first, by project type.",Project budget bands stated: so the enquiries match the work you want.,Consultation booking with the right questions asked up front.,Design package sold online: a paid first step that qualifies hard.,Maintenance contracts online: recurring revenue off the builds you already did.,9000,"$5,000","$16,000",06082026,,,,
Richmond Kitchen Remodeling,,,richmondkitchenremodeling@outlook.com,(804) 351-5127,,Kitchen and bath remodeling,,Richmond,VA,,USA,America/New_York,small,,,,,https://richmondkitchenremodeling.com,"Before-and-afters are the pitch and they are hard to reach on a phone. No budget guidance at all, so every enquiry opens with a conversation about whether they can afford you.",,,,,,,cold-outreach,researched,"Subject: your before-and-afters

Hi [First Name],

Your before-and-afters sell this. They're in a small gallery you can't filter, so the woman with a galley kitchen never finds your galley kitchen.

So you spend Tuesday evening quoting jobs that were never real, and the real one went to whoever answered first.

Projects filterable by room, style and budget. A form that asks about the job, so it arrives ready to quote.

Here's my offer. I'll design that page for Richmond Kitchen Remodeling and send it over. No charge, no meeting to get it, no invoice at the end. Keep it either way — I'd rather you saw the work than read about it.

Want me to build it?

[Sender Name]
Bothmade","Subject: here it is

Here it is.

Before-and-afters filterable by room, style and budget band. The inquiry asks about the room, the scope and the timing — so it lands ready to quote instead of ready to interview.

Static design, so nothing on it works yet. I'd rather show you the real idea than a fake demo.

One question: what do you wish every inquiry told you before you called them back?

[Sender Name]",before-and-afters are what sell this and they sit in a gallery nobody can filter,Address published by the business itself — verified in research. Phone from a published listing.,"Kitchen and bath remodeling in Richmond, VA. Researched 6 Aug 2026; email confirmed on a published listing, phone confirmed on a published listing.",field-run-011;kitchen-and-bath-remodeling;VA;confirmed-email;has-phone,false,,85,,,"not-mobile-friendly,outdated-design,no-booking",Before-and-afters are the whole pitch and they are hard to reach: a remodel is bought with the eyes.,No budget guidance at all: every enquiry starts with a conversation about whether they can afford you.,No way to book a consultation: the form goes to an inbox and the momentum dies over the weekend.,"Before-and-after galleries by room: sized for a phone, quick to scroll.","Budget ranges stated: typical spend for a kitchen and for a bath, plainly.",Consultation booking online: while they are still looking at the photos.,"Design questionnaire before the visit: a shorter, better first meeting.",Financing pre-qualification: the objection handled before you drive out there.,8500,"$4,000","$15,000",06082026,,,,
Doctors MedSpa,,,info@drsmedspa.com,(501) 661-1234,,Med spa,,Little Rock,AR,,USA,America/Chicago,small,,,,,https://drmimilee.com,"Reviews and treatment photos do the selling and both sit below a phone number that stops answering at five. No online booking, no prices, and the whole thing was built for a desktop.",,,,,,,cold-outreach,researched,"Subject: she booked somewhere else

Hi [First Name],

Looked you up the way a new client does — evening, phone, already decided she wants tox, just picking where. Doctors MedSpa won on reviews. Then booking meant calling in the morning.

That's the sale, right there. She books wherever the button is, and you never find out you lost her.

Booking belongs on the homepage, next to the reviews, working at midnight.

Let me build it for you. A real homepage for Doctors MedSpa, on me, before we ever talk money. If it's good you'll know in ten seconds. If it isn't, you've lost nothing.

Want me to build it?

[Sender Name]
Bothmade","Subject: built it

Here it is — Doctors MedSpa, as promised.

Booking sits on the homepage next to your reviews. Two taps to Thursday at six. That's the part your site can't do tonight.

It's a design, not a build — nothing clicks yet. Didn't want to fake a demo.

One thing I'd want your answer on: is membership what you'd push hardest here, or first-visit tox?

[Sender Name]",the reviews do the selling and the booking is a phone number that stops answering at five,Address published by the business itself — verified in research. Phone from a published listing.,"Med spa in Little Rock, AR. Researched 6 Aug 2026; email confirmed on a published listing, phone confirmed on a published listing.",field-run-011;med-spa;AR;confirmed-email;has-phone,false,,85,,,"no-booking,not-mobile-friendly,outdated-design","No booking after hours: the decision to book happens at nine at night on a phone, and the only way in is a front desk that shut at five.","Treatments with no prices: she has to ring and ask what tox costs, which is the one call a first-timer will not make.",Reviews doing the selling on the wrong page: the thing that closes her is two clicks from where she lands.,"Booking on the homepage: live at midnight, two taps, no phone call.",Treatment menu with prices: stated plainly so nobody has to ring to find out.,Reviews beside the booking button: the proof and the action on one screen.,Membership signup online: recurring revenue that does not need the front desk.,Automated reminders and rebooking: fewer no-shows without anybody chasing.,10000,"$5,000","$18,000",06082026,,,,
The Rock Med Spa,,,spa@therockmedical.com,(501) 502-0040,,Med spa,,Little Rock,AR,,USA,America/Chicago,small,,,,,https://therockmedspa.com,"Reviews and treatment photos do the selling and both sit below a phone number that stops answering at five. No online booking, no prices, and the whole thing was built for a desktop.",,,,,,,cold-outreach,researched,"Subject: the booking you lost last night

Hi [First Name],

Looked you up the way a new client does — evening, phone, already decided she wants tox, just picking where. The Rock Med Spa won on reviews. Then booking meant calling in the morning.

That's the sale, right there. She books wherever the button is, and you never find out you lost her.

Booking belongs on the homepage, next to the reviews, working at midnight.

Let me build it for you. A real homepage for The Rock Med Spa, on me, before we ever talk money. If it's good you'll know in ten seconds. If it isn't, you've lost nothing.

Say yes and it's yours by Friday.

[Sender Name]
Bothmade","Subject: here it is

Here it is — The Rock Med Spa, as promised.

Booking sits on the homepage next to your reviews. Two taps to Thursday at six. That's the part your site can't do tonight.

It's a design, not a build — nothing clicks yet. Didn't want to fake a demo.

One thing I'd want your answer on: is membership what you'd push hardest here, or first-visit tox?

[Sender Name]",the reviews do the selling and the booking is a phone number that stops answering at five,Address published by the business itself — verified in research. Phone from a published listing.,"Med spa in Little Rock, AR. Researched 6 Aug 2026; email confirmed on a published listing, phone confirmed on a published listing.",field-run-011;med-spa;AR;confirmed-email;has-phone,false,,85,,,"no-booking,not-mobile-friendly,outdated-design","No booking after hours: the decision to book happens at nine at night on a phone, and the only way in is a front desk that shut at five.","Treatments with no prices: she has to ring and ask what tox costs, which is the one call a first-timer will not make.",Reviews doing the selling on the wrong page: the thing that closes her is two clicks from where she lands.,"Booking on the homepage: live at midnight, two taps, no phone call.",Treatment menu with prices: stated plainly so nobody has to ring to find out.,Reviews beside the booking button: the proof and the action on one screen.,Membership signup online: recurring revenue that does not need the front desk.,Automated reminders and rebooking: fewer no-shows without anybody chasing.,10000,"$5,000","$18,000",06082026,,,,
Lotus Luxe Med Spa,,,contact@lotusluxemedspa.com,(501) 400-7007,,Med spa,,Little Rock,AR,,USA,America/Chicago,small,,,,,https://lotusluxemedspa.com,"Reviews and treatment photos do the selling and both sit below a phone number that stops answering at five. No online booking, no prices, and the whole thing was built for a desktop.",,,,,,,cold-outreach,researched,"Subject: reviews vs booking button

Hi [First Name],

Looked you up the way a new client does — evening, phone, already decided she wants tox, just picking where. Lotus Luxe Med Spa won on reviews. Then booking meant calling in the morning.

She doesn't call in the morning. She books the spa that let her book at 9pm.

Treatments priced, bookable in two taps, reviews right beside them.

Here's my offer. I'll design that page for Lotus Luxe Med Spa and send it over. No charge, no meeting to get it, no invoice at the end. Keep it either way — I'd rather you saw the work than read about it.

Want me to build it?

[Sender Name]
Bothmade","Subject: Lotus Luxe Med Spa — built it

Here it is.

Treatments priced, bookable in two taps, reviews doing the closing right beside them. Memberships obvious instead of three pages deep.

Static design, so nothing on it works yet. I'd rather show you the real idea than a fake demo.

One question: would you let a new client book without a consult call first?

[Sender Name]",the reviews do the selling and the booking is a phone number that stops answering at five,Address published by the business itself — verified in research. Phone from a published listing.,"Med spa in Little Rock, AR. Researched 6 Aug 2026; email confirmed on a published listing, phone confirmed on a published listing.",field-run-011;med-spa;AR;confirmed-email;has-phone,false,,85,,,"no-booking,not-mobile-friendly,outdated-design","No booking after hours: the decision to book happens at nine at night on a phone, and the only way in is a front desk that shut at five.","Treatments with no prices: she has to ring and ask what tox costs, which is the one call a first-timer will not make.",Reviews doing the selling on the wrong page: the thing that closes her is two clicks from where she lands.,"Booking on the homepage: live at midnight, two taps, no phone call.",Treatment menu with prices: stated plainly so nobody has to ring to find out.,Reviews beside the booking button: the proof and the action on one screen.,Membership signup online: recurring revenue that does not need the front desk.,Automated reminders and rebooking: fewer no-shows without anybody chasing.,10000,"$5,000","$18,000",06082026,,,,
Probuilt Pool & Patio,,,springfield@probuiltpatio.com,(417) 505-4322,,Pool building,,Springfield,MO,,USA,America/Chicago,small,,,,,https://probuiltpatio.com,"Build gallery buried under service copy. No starting price, so the enquiries are unqualified, and nothing holds the February looker until they buy in May.",,,,,,,cold-outreach,researched,"Subject: what does one like mine cost

Hi [First Name],

Looked at Probuilt Pool & Patio the way a homeowner in Springfield does — trying to find a build that looks like my backyard, at roughly my number. One long scroll, no way to narrow it, no price anywhere.

That's a ninety-thousand-dollar build going to the company that answered the money question first.

Gallery filterable by size, style and budget. A starting number said out loud.

I'd like to build it and show you. One homepage, designed for Probuilt Pool & Patio, free. Not a template with your logo on it. The real thing, and it's yours whether we work together or not.

Worth a look? One word back and I'll start.

[Sender Name]
Bothmade","Subject: Probuilt Pool & Patio — built it

Built it. Here.

Builds filterable by size, style and budget band, with a starting range stated plainly and a timeline from signing to swimming.

It's a design, not a build — nothing clicks yet. Didn't want to fake a demo.

One question: would you publish a starting price, or does that cost you more than it wins?

[Sender Name]","the gallery cannot be sorted, so nobody finds a build that looks like their own yard",Address published by the business itself — verified in research. Phone from a published listing.,"Pool building in Springfield, MO. Researched 6 Aug 2026; email confirmed on a published listing, phone confirmed on a published listing.",field-run-011;pool-building;MO;confirmed-email;has-phone,false,,85,,,"not-mobile-friendly,outdated-design,weak-branding",The build gallery is what sells and it is buried: nobody buys a pool from a spec list.,No price band anywhere: a homeowner has no idea whether you build forty-thousand pools or hundred-and-forty.,"A season-long sales cycle with nothing to hold the enquiry: they look in February and buy in May, from whoever stayed in front of them.","Build gallery front and centre: full-bleed, phone-first, filterable by style.",A starting price said out loud: so the enquiries you get are ones you want.,Consultation booking online: at the hour people daydream about this.,Design visualiser or 3D walkthrough: the thing that closes the February looker.,Service and maintenance signup: revenue after the build is paid for.,10000,"$5,000","$18,000",06082026,,,,
Rogers Dentistry,,,office@rogersdmd.com,(251) 344-7096,,Cosmetic dentistry,,Mobile,AL,,USA,America/Chicago,small,,,,,https://rogersdmd.com,"Case work exists and is two menus deep. No price range anywhere, and booking a consult means ringing during office hours — at the moment somebody decides to spend fifteen thousand dollars on their teeth.",,,,,,,cold-outreach,researched,"Subject: cases, price, booking

Hi [First Name],

Went looking for veneers in Mobile the way a patient does. Nine at night, on a phone, three years of putting it off. Found Rogers Dentistry. Couldn't find a case that looked like mine, couldn't find a price, couldn't book.

That's the biggest case of the month deciding not to call you.

Before-and-afters up front, the range in plain numbers, financing mentioned before they ask.

Here's my offer. I'll design that page for Rogers Dentistry and send it over. No charge, no meeting to get it, no invoice at the end. Keep it either way — I'd rather you saw the work than read about it.

Worth a look? One word back and I'll start.

[Sender Name]
Bothmade","Subject: here it is

Here it is.

A homepage built for the cosmetic patient rather than the check-up patient — cases, price, and one tap to a consult.

Static design, so nothing on it works yet. I'd rather show you the real idea than a fake demo.

One question: does a price range on the site bring you better calls or worse ones?

[Sender Name]",the cases and the price range are the two things a $15k patient wants and the two hardest things to reach,Address published by the business itself — verified in research. Phone from a published listing.,"Cosmetic dentistry in Mobile, AL. Researched 6 Aug 2026; email confirmed on a published listing, phone confirmed on a published listing.",field-run-011;cosmetic-dentistry;AL;confirmed-email;has-phone,false,,85,,,"no-booking,not-mobile-friendly,outdated-design","Case work buried: a smile-makeover patient researches for months alone at night, and the before-and-afters are two menus deep.",No price range anywhere: the biggest case of the month wants a number before they will pick up the phone.,Booking that needs the front desk awake: the consult request that would have come in at nine at night never comes in at all.,"Case gallery up front: filterable by treatment, sized for a phone.","A price range said out loud: in real numbers, with financing mentioned before they ask.",Consult booking on the same screen: not behind a form that goes to an inbox.,Financing pre-qualification: the objection handled before the call.,"Automated recall and reactivation: the patients you already have, coming back.",12000,"$6,000","$22,000",06082026,,,,
Vivaz Medical Spa,,,vivaz@sanfordhealth.org,(605) 328-9770,,Med spa,,Sioux Falls,SD,,USA,America/Chicago,small,,,,,https://vivazmedicalspa.com,"Reviews and treatment photos do the selling and both sit below a phone number that stops answering at five. No online booking, no prices, and the whole thing was built for a desktop.",,,,,,,cold-outreach,researched,"Subject: the booking you lost last night

Hi [First Name],

Looked you up the way a new client does — evening, phone, already decided she wants tox, just picking where. Vivaz Medical Spa won on reviews. Then booking meant calling in the morning.

She doesn't call in the morning. She books the spa that let her book at 9pm.

Booking belongs on the homepage, next to the reviews, working at midnight.

I'd like to build it and show you. One homepage, designed for Vivaz Medical Spa, free. Not a template with your logo on it. The real thing, and it's yours whether we work together or not.

Want me to build it?

[Sender Name]
Bothmade","Subject: Vivaz Medical Spa — built it

Built it. Here.

Booking sits on the homepage next to your reviews. Two taps to Thursday at six. That's the part your site can't do tonight.

It's a design, not a build — nothing clicks yet. Didn't want to fake a demo.

One thing I'd want your answer on: is membership what you'd push hardest here, or first-visit tox?

[Sender Name]",the reviews do the selling and the booking is a phone number that stops answering at five,Address published by the business itself — verified in research. Phone from a published listing.,"Med spa in Sioux Falls, SD. Researched 6 Aug 2026; email confirmed on a published listing, phone confirmed on a published listing.",field-run-011;med-spa;SD;confirmed-email;has-phone,false,,85,,,"no-booking,not-mobile-friendly,outdated-design","No booking after hours: the decision to book happens at nine at night on a phone, and the only way in is a front desk that shut at five.","Treatments with no prices: she has to ring and ask what tox costs, which is the one call a first-timer will not make.",Reviews doing the selling on the wrong page: the thing that closes her is two clicks from where she lands.,"Booking on the homepage: live at midnight, two taps, no phone call.",Treatment menu with prices: stated plainly so nobody has to ring to find out.,Reviews beside the booking button: the proof and the action on one screen.,Membership signup online: recurring revenue that does not need the front desk.,Automated reminders and rebooking: fewer no-shows without anybody chasing.,10000,"$5,000","$18,000",06082026,,,,
McReynolds Horticulture and Design,,,percy@mcreynoldshorticulture.com,(865) 356-7050,,Landscape design build,,Knoxville,TN,,USA,America/New_York,small,,,,,https://mcreynoldshorticulture.com,"Portfolio images are too small and too slow to do six-figure work justice. No project budget bands, and a plain contact form as the only way to start.",,,,,,,cold-outreach,researched,"Subject: the inquiry that arrives vague

Hi [First Name],

Went through McReynolds Horticulture and Design's work the way a homeowner commissioning a garden does. It's beautiful. It's also one long scroll — no way to narrow by style, scale or budget, and nothing about what design costs.

And the inquiries that land are vague, so the first call is about scope instead of the garden.

Projects filterable by style, scale and budget. The design process spelled out so the brief arrives specific.

I'd like to build it and show you. One homepage, designed for McReynolds Horticulture and Design, free. Not a template with your logo on it. The real thing, and it's yours whether we work together or not.

Want it?

[Sender Name]
Bothmade","Subject: here it is

Here it is — McReynolds Horticulture and Design, as promised.

Projects filterable by style, scale and budget band, with the design process spelled out — so the brief that reaches you already knows what it's asking for.

It's a design, not a build — nothing clicks yet. Didn't want to fake a demo.

One question: would publishing a design fee range help you or cost you?

[Sender Name]","design-led buyers choose from images and yours cannot be narrowed by style, scale or budget",Address published by the business itself — verified in research. Phone from a published listing.,"Landscape design build in Knoxville, TN. Researched 6 Aug 2026; email confirmed on a published listing, phone confirmed on a published listing.",field-run-011;landscape-design-build;TN;confirmed-email;has-phone,false,,85,,,"not-mobile-friendly,outdated-design,weak-branding",The portfolio does not look like the work: high-end landscape is bought on images and the images are small and slow.,No project budget guidance: the difference between a planting plan and a full build is fifty thousand dollars and the site says neither.,No way to start a conversation properly: a contact form for a six-figure project.,"Portfolio that does the work justice: large, fast, phone-first, by project type.",Project budget bands stated: so the enquiries match the work you want.,Consultation booking with the right questions asked up front.,Design package sold online: a paid first step that qualifies hard.,Maintenance contracts online: recurring revenue off the builds you already did.,9000,"$5,000","$16,000",06082026,,,,
Diba Med Spa,,,diba@dibamedspa.com,(559) 540-0000,,Med spa,,Fresno,CA,,USA,America/Los_Angeles,small,,,,,https://dibamedspa.com,"Reviews and treatment photos do the selling and both sit below a phone number that stops answering at five. No online booking, no prices, and the whole thing was built for a desktop.",,,,,,,cold-outreach,researched,"Subject: she booked somewhere else

Hi [First Name],

Found Diba Med Spa at 9pm on my phone, the way your next client will. The reviews sold me in about forty seconds. Then the only way to book was a phone number and a front desk that shut at five.

That's the sale, right there. She books wherever the button is, and you never find out you lost her.

Booking belongs on the homepage, next to the reviews, working at midnight.

I'd like to build it and show you. One homepage, designed for Diba Med Spa, free. Not a template with your logo on it. The real thing, and it's yours whether we work together or not.

Worth a look? One word back and I'll start.

[Sender Name]
Bothmade","Subject: built it

Here it is — Diba Med Spa, as promised.

Booking sits on the homepage next to your reviews. Two taps to Thursday at six. That's the part your site can't do tonight.

It's a design, not a build — nothing clicks yet. Didn't want to fake a demo.

One thing I'd want your answer on: is membership what you'd push hardest here, or first-visit tox?

[Sender Name]",the reviews do the selling and the booking is a phone number that stops answering at five,Address published by the business itself — verified in research. Phone from a published listing.,"Med spa in Fresno, CA. Researched 6 Aug 2026; email confirmed on a published listing, phone confirmed on a published listing.",field-run-011;med-spa;CA;confirmed-email;has-phone,false,,85,,,"no-booking,not-mobile-friendly,outdated-design","No booking after hours: the decision to book happens at nine at night on a phone, and the only way in is a front desk that shut at five.","Treatments with no prices: she has to ring and ask what tox costs, which is the one call a first-timer will not make.",Reviews doing the selling on the wrong page: the thing that closes her is two clicks from where she lands.,"Booking on the homepage: live at midnight, two taps, no phone call.",Treatment menu with prices: stated plainly so nobody has to ring to find out.,Reviews beside the booking button: the proof and the action on one screen.,Membership signup online: recurring revenue that does not need the front desk.,Automated reminders and rebooking: fewer no-shows without anybody chasing.,10000,"$5,000","$18,000",06082026,,,,
Between The Edges,,,tracy@betweentheedges.com,(803) 278-1888,,Landscape design build,,Augusta,GA,,USA,America/New_York,small,,,,,https://betweentheedges.com,"Portfolio images are too small and too slow to do six-figure work justice. No project budget bands, and a plain contact form as the only way to start.",,,,,,,cold-outreach,researched,"Subject: your gardens, sorted

Hi [First Name],

Went through Between The Edges' work the way a homeowner commissioning a garden does. It's beautiful. It's also one long scroll — no way to narrow by style, scale or budget, and nothing about what design costs.

And the inquiries that land are vague, so the first call is about scope instead of the garden.

Projects filterable by style, scale and budget. The design process spelled out so the brief arrives specific.

Let me build it for you. A real homepage for Between The Edges, on me, before we ever talk money. If it's good you'll know in ten seconds. If it isn't, you've lost nothing.

Worth a look? One word back and I'll start.

[Sender Name]
Bothmade","Subject: here it is

Here it is — Between The Edges, as promised.

Projects filterable by style, scale and budget band, with the design process spelled out — so the brief that reaches you already knows what it's asking for.

It's a design, not a build — nothing clicks yet. Didn't want to fake a demo.

One question: would publishing a design fee range help you or cost you?

[Sender Name]","design-led buyers choose from images and yours cannot be narrowed by style, scale or budget",Address published by the business itself — verified in research. Phone from a published listing.,"Landscape design build in Augusta, GA. Researched 6 Aug 2026; email confirmed on a published listing, phone confirmed on a published listing.",field-run-011;landscape-design-build;GA;confirmed-email;has-phone,false,,85,,,"not-mobile-friendly,outdated-design,weak-branding",The portfolio does not look like the work: high-end landscape is bought on images and the images are small and slow.,No project budget guidance: the difference between a planting plan and a full build is fifty thousand dollars and the site says neither.,No way to start a conversation properly: a contact form for a six-figure project.,"Portfolio that does the work justice: large, fast, phone-first, by project type.",Project budget bands stated: so the enquiries match the work you want.,Consultation booking with the right questions asked up front.,Design package sold online: a paid first step that qualifies hard.,Maintenance contracts online: recurring revenue off the builds you already did.,9000,"$5,000","$16,000",06082026,,,,
The Spa Lubbock,,,info@thespalubbock.com,(806) 701-5840,,Med spa,,Lubbock,TX,,USA,America/Chicago,small,,,,,https://thespalubbock.com,"Reviews and treatment photos do the selling and both sit below a phone number that stops answering at five. No online booking, no prices, and the whole thing was built for a desktop.",,,,,,,cold-outreach,researched,"Subject: the booking you lost last night

Hi [First Name],

Found The Spa Lubbock at 9pm on my phone, the way your next client will. The reviews sold me in about forty seconds. Then the only way to book was a phone number and a front desk that shut at five.

She doesn't call in the morning. She books the spa that let her book at 9pm.

Booking belongs on the homepage, next to the reviews, working at midnight.

Let me build it for you. A real homepage for The Spa Lubbock, on me, before we ever talk money. If it's good you'll know in ten seconds. If it isn't, you've lost nothing.

Worth a look? One word back and I'll start.

[Sender Name]
Bothmade","Subject: built it

Here it is — The Spa Lubbock, as promised.

Booking sits on the homepage next to your reviews. Two taps to Thursday at six. That's the part your site can't do tonight.

It's a design, not a build — nothing clicks yet. Didn't want to fake a demo.

One thing I'd want your answer on: is membership what you'd push hardest here, or first-visit tox?

[Sender Name]",the reviews do the selling and the booking is a phone number that stops answering at five,Address published by the business itself — verified in research. Phone from a published listing.,"Med spa in Lubbock, TX. Researched 6 Aug 2026; email confirmed on a published listing, phone confirmed on a published listing.",field-run-011;med-spa;TX;confirmed-email;has-phone,false,,85,,,"no-booking,not-mobile-friendly,outdated-design","No booking after hours: the decision to book happens at nine at night on a phone, and the only way in is a front desk that shut at five.","Treatments with no prices: she has to ring and ask what tox costs, which is the one call a first-timer will not make.",Reviews doing the selling on the wrong page: the thing that closes her is two clicks from where she lands.,"Booking on the homepage: live at midnight, two taps, no phone call.",Treatment menu with prices: stated plainly so nobody has to ring to find out.,Reviews beside the booking button: the proof and the action on one screen.,Membership signup online: recurring revenue that does not need the front desk.,Automated reminders and rebooking: fewer no-shows without anybody chasing.,10000,"$5,000","$18,000",06082026,,,,
American Laser Med Spa Lubbock,,,lubbock@americanlaser-medspa.com,(806) 793-7700,,Med spa,,Lubbock,TX,,USA,America/Chicago,small,,,,,https://americanlasermedspa.com,"Reviews and treatment photos do the selling and both sit below a phone number that stops answering at five. No online booking, no prices, and the whole thing was built for a desktop.",,,,,,,cold-outreach,researched,"Subject: the booking you lost last night

Hi [First Name],

Found American Laser Med Spa Lubbock at 9pm on my phone, the way your next client will. The reviews sold me in about forty seconds. Then the only way to book was a phone number and a front desk that shut at five.

A booking a night walks that way. Silently. No missed call, no voicemail, nothing to review on Monday.

Booking belongs on the homepage, next to the reviews, working at midnight.

Let me build it for you. A real homepage for American Laser Med Spa Lubbock, on me, before we ever talk money. If it's good you'll know in ten seconds. If it isn't, you've lost nothing.

Want me to build it?

[Sender Name]
Bothmade","Subject: American Laser Med Spa Lubbock — built it

Built it. Here.

Booking sits on the homepage next to your reviews. Two taps to Thursday at six. That's the part your site can't do tonight.

It's a design, not a build — nothing clicks yet. Didn't want to fake a demo.

One thing I'd want your answer on: is membership what you'd push hardest here, or first-visit tox?

[Sender Name]",the reviews do the selling and the booking is a phone number that stops answering at five,Address published by the business itself — verified in research. Phone from a published listing.,"Med spa in Lubbock, TX. Researched 6 Aug 2026; email confirmed on a published listing, phone confirmed on a published listing.",field-run-011;med-spa;TX;confirmed-email;has-phone,false,,85,,,"no-booking,not-mobile-friendly,outdated-design","No booking after hours: the decision to book happens at nine at night on a phone, and the only way in is a front desk that shut at five.","Treatments with no prices: she has to ring and ask what tox costs, which is the one call a first-timer will not make.",Reviews doing the selling on the wrong page: the thing that closes her is two clicks from where she lands.,"Booking on the homepage: live at midnight, two taps, no phone call.",Treatment menu with prices: stated plainly so nobody has to ring to find out.,Reviews beside the booking button: the proof and the action on one screen.,Membership signup online: recurring revenue that does not need the front desk.,Automated reminders and rebooking: fewer no-shows without anybody chasing.,10000,"$5,000","$18,000",06082026,,,,
Splash Custom Pools and Spas,,,contact@splashcustompools.com,(920) 465-8100,,Pool building,,Green Bay,WI,,USA,America/Chicago,small,,,,,https://splashcustompools.com,"Build gallery buried under service copy. No starting price, so the enquiries are unqualified, and nothing holds the February looker until they buy in May.",,,,,,,cold-outreach,researched,"Subject: what does one like mine cost

Hi [First Name],

Your builds look excellent. I went looking for one like mine and scrolled past sixty that weren't. Then couldn't find a starting number.

So they call whoever showed them a pool like theirs, with a number attached.

Gallery filterable by size, style and budget. A starting number said out loud.

Here's my offer. I'll design that page for Splash Custom Pools and Spas and send it over. No charge, no meeting to get it, no invoice at the end. Keep it either way — I'd rather you saw the work than read about it.

Want it?

[Sender Name]
Bothmade","Subject: Splash Custom Pools and Spas — built it

Built it. Here.

Builds filterable by size, style and budget band, with a starting range stated plainly and a timeline from signing to swimming.

Static design, so nothing on it works yet. I'd rather show you the real idea than a fake demo.

One question: would you publish a starting price, or does that cost you more than it wins?

[Sender Name]","the gallery cannot be sorted, so nobody finds a build that looks like their own yard",Address published by the business itself — verified in research. Phone from a published listing.,"Pool building in Green Bay, WI. Researched 6 Aug 2026; email confirmed on a published listing, phone confirmed on a published listing.",field-run-011;pool-building;WI;confirmed-email;has-phone,false,,85,,,"not-mobile-friendly,outdated-design,weak-branding",The build gallery is what sells and it is buried: nobody buys a pool from a spec list.,No price band anywhere: a homeowner has no idea whether you build forty-thousand pools or hundred-and-forty.,"A season-long sales cycle with nothing to hold the enquiry: they look in February and buy in May, from whoever stayed in front of them.","Build gallery front and centre: full-bleed, phone-first, filterable by style.",A starting price said out loud: so the enquiries you get are ones you want.,Consultation booking online: at the hour people daydream about this.,Design visualiser or 3D walkthrough: the thing that closes the February looker.,Service and maintenance signup: revenue after the build is paid for.,10000,"$5,000","$18,000",06082026,,,,
Cherrytree Kitchens,,,info@cherrytreekitchens.com,(309) 897-2030,,Kitchen and bath remodeling,,Peoria,IL,,USA,America/Chicago,small,,,,,https://cherrytreekitchens.com,"Before-and-afters are the pitch and they are hard to reach on a phone. No budget guidance at all, so every enquiry opens with a conversation about whether they can afford you.",,,,,,,cold-outreach,researched,"Subject: quoting jobs that were never real

Hi [First Name],

Your before-and-afters sell this. They're in a small gallery you can't filter, so the woman with a galley kitchen never finds your galley kitchen.

So you spend Tuesday evening quoting jobs that were never real, and the real one went to whoever answered first.

Projects filterable by room, style and budget. A form that asks about the job, so it arrives ready to quote.

Here's my offer. I'll design that page for Cherrytree Kitchens and send it over. No charge, no meeting to get it, no invoice at the end. Keep it either way — I'd rather you saw the work than read about it.

Say yes and it's yours by Friday.

[Sender Name]
Bothmade","Subject: built it

Here it is — Cherrytree Kitchens, as promised.

Before-and-afters filterable by room, style and budget band. The inquiry asks about the room, the scope and the timing — so it lands ready to quote instead of ready to interview.

Static design, so nothing on it works yet. I'd rather show you the real idea than a fake demo.

One question: what do you wish every inquiry told you before you called them back?

[Sender Name]",before-and-afters are what sell this and they sit in a gallery nobody can filter,Address published by the business itself — verified in research. Phone from a published listing.,"Kitchen and bath remodeling in Peoria, IL. Researched 6 Aug 2026; email confirmed on a published listing, phone confirmed on a published listing.",field-run-011;kitchen-and-bath-remodeling;IL;confirmed-email;has-phone,false,,85,,,"not-mobile-friendly,outdated-design,no-booking",Before-and-afters are the whole pitch and they are hard to reach: a remodel is bought with the eyes.,No budget guidance at all: every enquiry starts with a conversation about whether they can afford you.,No way to book a consultation: the form goes to an inbox and the momentum dies over the weekend.,"Before-and-after galleries by room: sized for a phone, quick to scroll.","Budget ranges stated: typical spend for a kitchen and for a bath, plainly.",Consultation booking online: while they are still looking at the photos.,"Design questionnaire before the visit: a shorter, better first meeting.",Financing pre-qualification: the objection handled before you drive out there.,8500,"$4,000","$15,000",06082026,,,,
The Bath Connection,,,thebathconnection@yahoo.com,(309) 685-5405,,Kitchen and bath remodeling,,Peoria,IL,,USA,America/Chicago,small,,,,,https://the-bathconnection.com,"Before-and-afters are the pitch and they are hard to reach on a phone. No budget guidance at all, so every enquiry opens with a conversation about whether they can afford you.",,,,,,,cold-outreach,researched,"Subject: the tire-kicker problem

Hi [First Name],

Your before-and-afters sell this. They're in a small gallery you can't filter, so the woman with a galley kitchen never finds your galley kitchen.

So you spend Tuesday evening quoting jobs that were never real, and the real one went to whoever answered first.

Projects filterable by room, style and budget. A form that asks about the job, so it arrives ready to quote.

So here's what I'll do. I'll build The Bath Connection that homepage. Free. Not a slide, not a proposal — the actual page, designed for your business. Yours to keep whether you hire me or not.

Should I send it over?

[Sender Name]
Bothmade","Subject: built it

Here it is — The Bath Connection, as promised.

Before-and-afters filterable by room, style and budget band. The inquiry asks about the room, the scope and the timing — so it lands ready to quote instead of ready to interview.

Static design, so nothing on it works yet. I'd rather show you the real idea than a fake demo.

One question: what do you wish every inquiry told you before you called them back?

[Sender Name]",before-and-afters are what sell this and they sit in a gallery nobody can filter,Address published by the business itself — verified in research. Phone from a published listing.,"Kitchen and bath remodeling in Peoria, IL. Researched 6 Aug 2026; email confirmed on a published listing, phone confirmed on a published listing.",field-run-011;kitchen-and-bath-remodeling;IL;confirmed-email;has-phone,false,,85,,,"not-mobile-friendly,outdated-design,no-booking",Before-and-afters are the whole pitch and they are hard to reach: a remodel is bought with the eyes.,No budget guidance at all: every enquiry starts with a conversation about whether they can afford you.,No way to book a consultation: the form goes to an inbox and the momentum dies over the weekend.,"Before-and-after galleries by room: sized for a phone, quick to scroll.","Budget ranges stated: typical spend for a kitchen and for a bath, plainly.",Consultation booking online: while they are still looking at the photos.,"Design questionnaire before the visit: a shorter, better first meeting.",Financing pre-qualification: the objection handled before you drive out there.,8500,"$4,000","$15,000",06082026,,,,
Kitchen & Bath Specialties by Contractors Plus,,,joelaverdiere@yahoo.com,(309) 208-7211,,Kitchen and bath remodeling,,Peoria,IL,,USA,America/Chicago,small,,,,,https://peoriabathremodeling.com,"Before-and-afters are the pitch and they are hard to reach on a phone. No budget guidance at all, so every enquiry opens with a conversation about whether they can afford you.",,,,,,,cold-outreach,researched,"Subject: your before-and-afters

Hi [First Name],

Your before-and-afters sell this. They're in a small gallery you can't filter, so the woman with a galley kitchen never finds your galley kitchen.

So you spend Tuesday evening quoting jobs that were never real, and the real one went to whoever answered first.

Projects filterable by room, style and budget. A form that asks about the job, so it arrives ready to quote.

Here's my offer. I'll design that page for Kitchen & Bath Specialties by Contractors Plus and send it over. No charge, no meeting to get it, no invoice at the end. Keep it either way — I'd rather you saw the work than read about it.

Want me to build it?

[Sender Name]
Bothmade","Subject: here it is

Here it is.

Before-and-afters filterable by room, style and budget band. The inquiry asks about the room, the scope and the timing — so it lands ready to quote instead of ready to interview.

Static design, so nothing on it works yet. I'd rather show you the real idea than a fake demo.

One question: what do you wish every inquiry told you before you called them back?

[Sender Name]",before-and-afters are what sell this and they sit in a gallery nobody can filter,Address published by the business itself — verified in research. Phone from a published listing.,"Kitchen and bath remodeling in Peoria, IL. Researched 6 Aug 2026; email confirmed on a published listing, phone confirmed on a published listing.",field-run-011;kitchen-and-bath-remodeling;IL;confirmed-email;has-phone,false,,85,,,"not-mobile-friendly,outdated-design,no-booking",Before-and-afters are the whole pitch and they are hard to reach: a remodel is bought with the eyes.,No budget guidance at all: every enquiry starts with a conversation about whether they can afford you.,No way to book a consultation: the form goes to an inbox and the momentum dies over the weekend.,"Before-and-after galleries by room: sized for a phone, quick to scroll.","Budget ranges stated: typical spend for a kitchen and for a bath, plainly.",Consultation booking online: while they are still looking at the photos.,"Design questionnaire before the visit: a shorter, better first meeting.",Financing pre-qualification: the objection handled before you drive out there.,8500,"$4,000","$15,000",06082026,,,,
OM Med Spa,,,info@ommedspa.com,(208) 917-2782,,Med spa,,Boise,ID,,USA,America/Boise,small,,,,,https://ommedspa.com,"Reviews and treatment photos do the selling and both sit below a phone number that stops answering at five. No online booking, no prices, and the whole thing was built for a desktop.",,,,,,,cold-outreach,researched,"Subject: reviews vs booking button

Hi [First Name],

Your reviews do the selling. I read them on my phone at 9pm in Boise and I was sold. Then I hit a phone number and office hours.

She doesn't call in the morning. She books the spa that let her book at 9pm.

Treatments priced, bookable in two taps, reviews right beside them.

Here's my offer. I'll design that page for OM Med Spa and send it over. No charge, no meeting to get it, no invoice at the end. Keep it either way — I'd rather you saw the work than read about it.

Say yes and it's yours by Friday.

[Sender Name]
Bothmade","Subject: OM Med Spa — built it

Built it. Here.

Treatments priced, bookable in two taps, reviews doing the closing right beside them. Memberships obvious instead of three pages deep.

Static design, so nothing on it works yet. I'd rather show you the real idea than a fake demo.

One question: would you let a new client book without a consult call first?

[Sender Name]",the reviews do the selling and the booking is a phone number that stops answering at five,"info@ on their own domain — the convention, right most of the time. Phone from a published listing. Worth a check before a big send.","Med spa in Boise, ID. Researched 6 Aug 2026; email inferred as info@ on their verified domain, phone confirmed on a published listing.",field-run-011;med-spa;ID;convention-email;has-phone,false,,75,,,"no-booking,not-mobile-friendly,outdated-design","No booking after hours: the decision to book happens at nine at night on a phone, and the only way in is a front desk that shut at five.","Treatments with no prices: she has to ring and ask what tox costs, which is the one call a first-timer will not make.",Reviews doing the selling on the wrong page: the thing that closes her is two clicks from where she lands.,"Booking on the homepage: live at midnight, two taps, no phone call.",Treatment menu with prices: stated plainly so nobody has to ring to find out.,Reviews beside the booking button: the proof and the action on one screen.,Membership signup online: recurring revenue that does not need the front desk.,Automated reminders and rebooking: fewer no-shows without anybody chasing.,10000,"$5,000","$18,000",06082026,,,,
Spa 35 Med Spa,,,info@spa35.com,(208) 367-0700,,Med spa,,Boise,ID,,USA,America/Boise,small,,,,,https://spa35.com,"Reviews and treatment photos do the selling and both sit below a phone number that stops answering at five. No online booking, no prices, and the whole thing was built for a desktop.",,,,,,,cold-outreach,researched,"Subject: your 9pm bookings

Hi [First Name],

Found Spa 35 Med Spa at 9pm on my phone, the way your next client will. The reviews sold me in about forty seconds. Then the only way to book was a phone number and a front desk that shut at five.

A booking a night walks that way. Silently. No missed call, no voicemail, nothing to review on Monday.

Treatments priced, bookable in two taps, reviews right beside them.

So here's what I'll do. I'll build Spa 35 Med Spa that homepage. Free. Not a slide, not a proposal — the actual page, designed for your business. Yours to keep whether you hire me or not.

Say yes and it's yours by Friday.

[Sender Name]
Bothmade","Subject: built it

Here it is.

Treatments priced, bookable in two taps, reviews doing the closing right beside them. Memberships obvious instead of three pages deep.

Static design, so nothing on it works yet. I'd rather show you the real idea than a fake demo.

One question: would you let a new client book without a consult call first?

[Sender Name]",the reviews do the selling and the booking is a phone number that stops answering at five,"info@ on their own domain — the convention, right most of the time. Phone from a published listing. Worth a check before a big send.","Med spa in Boise, ID. Researched 6 Aug 2026; email inferred as info@ on their verified domain, phone confirmed on a published listing.",field-run-011;med-spa;ID;convention-email;has-phone,false,,75,,,"no-booking,not-mobile-friendly,outdated-design","No booking after hours: the decision to book happens at nine at night on a phone, and the only way in is a front desk that shut at five.","Treatments with no prices: she has to ring and ask what tox costs, which is the one call a first-timer will not make.",Reviews doing the selling on the wrong page: the thing that closes her is two clicks from where she lands.,"Booking on the homepage: live at midnight, two taps, no phone call.",Treatment menu with prices: stated plainly so nobody has to ring to find out.,Reviews beside the booking button: the proof and the action on one screen.,Membership signup online: recurring revenue that does not need the front desk.,Automated reminders and rebooking: fewer no-shows without anybody chasing.,10000,"$5,000","$18,000",06082026,,,,
Silk Touch Cosmetic Surgery & Medspa,,,info@silktouchmedspa.com,(208) 939-3110,,Med spa,,Boise,ID,,USA,America/Boise,small,,,,,https://silktouchmedspa.com,"Reviews and treatment photos do the selling and both sit below a phone number that stops answering at five. No online booking, no prices, and the whole thing was built for a desktop.",,,,,,,cold-outreach,researched,"Subject: reviews vs booking button

Hi [First Name],

Looked you up the way a new client does — evening, phone, already decided she wants tox, just picking where. Silk Touch Cosmetic Surgery & Medspa won on reviews. Then booking meant calling in the morning.

A booking a night walks that way. Silently. No missed call, no voicemail, nothing to review on Monday.

Treatments priced, bookable in two taps, reviews right beside them.

Here's my offer. I'll design that page for Silk Touch Cosmetic Surgery & Medspa and send it over. No charge, no meeting to get it, no invoice at the end. Keep it either way — I'd rather you saw the work than read about it.

Want it?

[Sender Name]
Bothmade","Subject: built it

Here it is — Silk Touch Cosmetic Surgery & Medspa, as promised.

Treatments priced, bookable in two taps, reviews doing the closing right beside them. Memberships obvious instead of three pages deep.

Static design, so nothing on it works yet. I'd rather show you the real idea than a fake demo.

One question: would you let a new client book without a consult call first?

[Sender Name]",the reviews do the selling and the booking is a phone number that stops answering at five,"info@ on their own domain — the convention, right most of the time. Phone from a published listing. Worth a check before a big send.","Med spa in Boise, ID. Researched 6 Aug 2026; email inferred as info@ on their verified domain, phone confirmed on a published listing.",field-run-011;med-spa;ID;convention-email;has-phone,false,,75,,,"no-booking,not-mobile-friendly,outdated-design","No booking after hours: the decision to book happens at nine at night on a phone, and the only way in is a front desk that shut at five.","Treatments with no prices: she has to ring and ask what tox costs, which is the one call a first-timer will not make.",Reviews doing the selling on the wrong page: the thing that closes her is two clicks from where she lands.,"Booking on the homepage: live at midnight, two taps, no phone call.",Treatment menu with prices: stated plainly so nobody has to ring to find out.,Reviews beside the booking button: the proof and the action on one screen.,Membership signup online: recurring revenue that does not need the front desk.,Automated reminders and rebooking: fewer no-shows without anybody chasing.,10000,"$5,000","$18,000",06082026,,,,
The Spa Boise,,,info@thespaboise.com,(208) 590-7721,,Med spa,,Boise,ID,,USA,America/Boise,small,,,,,https://thespaboise.com,"Reviews and treatment photos do the selling and both sit below a phone number that stops answering at five. No online booking, no prices, and the whole thing was built for a desktop.",,,,,,,cold-outreach,researched,"Subject: she booked somewhere else

Hi [First Name],

Looked you up the way a new client does — evening, phone, already decided she wants tox, just picking where. The Spa Boise won on reviews. Then booking meant calling in the morning.

She doesn't call in the morning. She books the spa that let her book at 9pm.

Booking belongs on the homepage, next to the reviews, working at midnight.

I'd like to build it and show you. One homepage, designed for The Spa Boise, free. Not a template with your logo on it. The real thing, and it's yours whether we work together or not.

Want me to build it?

[Sender Name]
Bothmade","Subject: built it

Built it. Here.

Booking sits on the homepage next to your reviews. Two taps to Thursday at six. That's the part your site can't do tonight.

It's a design, not a build — nothing clicks yet. Didn't want to fake a demo.

One thing I'd want your answer on: is membership what you'd push hardest here, or first-visit tox?

[Sender Name]",the reviews do the selling and the booking is a phone number that stops answering at five,"info@ on their own domain — the convention, right most of the time. Phone from a published listing. Worth a check before a big send.","Med spa in Boise, ID. Researched 6 Aug 2026; email inferred as info@ on their verified domain, phone confirmed on a published listing.",field-run-011;med-spa;ID;convention-email;has-phone,false,,75,,,"no-booking,not-mobile-friendly,outdated-design","No booking after hours: the decision to book happens at nine at night on a phone, and the only way in is a front desk that shut at five.","Treatments with no prices: she has to ring and ask what tox costs, which is the one call a first-timer will not make.",Reviews doing the selling on the wrong page: the thing that closes her is two clicks from where she lands.,"Booking on the homepage: live at midnight, two taps, no phone call.",Treatment menu with prices: stated plainly so nobody has to ring to find out.,Reviews beside the booking button: the proof and the action on one screen.,Membership signup online: recurring revenue that does not need the front desk.,Automated reminders and rebooking: fewer no-shows without anybody chasing.,10000,"$5,000","$18,000",06082026,,,,
Midtown Craftsmen,,,info@mtcrestoration.com,(616) 245-5970,,Kitchen and bath remodeling,,Grand Rapids,MI,,USA,America/Detroit,small,,,,,https://mtcrestoration.com,"Before-and-afters are the pitch and they are hard to reach on a phone. No budget guidance at all, so every enquiry opens with a conversation about whether they can afford you.",,,,,,,cold-outreach,researched,"Subject: the tire-kicker problem

Hi [First Name],

Your before-and-afters sell this. They're in a small gallery you can't filter, so the woman with a galley kitchen never finds your galley kitchen.

So you spend Tuesday evening quoting jobs that were never real, and the real one went to whoever answered first.

Projects filterable by room, style and budget. A form that asks about the job, so it arrives ready to quote.

Here's my offer. I'll design that page for Midtown Craftsmen and send it over. No charge, no meeting to get it, no invoice at the end. Keep it either way — I'd rather you saw the work than read about it.

Worth a look? One word back and I'll start.

[Sender Name]
Bothmade","Subject: here it is

Here it is.

Before-and-afters filterable by room, style and budget band. The inquiry asks about the room, the scope and the timing — so it lands ready to quote instead of ready to interview.

Static design, so nothing on it works yet. I'd rather show you the real idea than a fake demo.

One question: what do you wish every inquiry told you before you called them back?

[Sender Name]",before-and-afters are what sell this and they sit in a gallery nobody can filter,"info@ on their own domain — the convention, right most of the time. Phone from a published listing. Worth a check before a big send.","Kitchen and bath remodeling in Grand Rapids, MI. Researched 6 Aug 2026; email inferred as info@ on their verified domain, phone confirmed on a published listing.",field-run-011;kitchen-and-bath-remodeling;MI;convention-email;has-phone,false,,75,,,"not-mobile-friendly,outdated-design,no-booking",Before-and-afters are the whole pitch and they are hard to reach: a remodel is bought with the eyes.,No budget guidance at all: every enquiry starts with a conversation about whether they can afford you.,No way to book a consultation: the form goes to an inbox and the momentum dies over the weekend.,"Before-and-after galleries by room: sized for a phone, quick to scroll.","Budget ranges stated: typical spend for a kitchen and for a bath, plainly.",Consultation booking online: while they are still looking at the photos.,"Design questionnaire before the visit: a shorter, better first meeting.",Financing pre-qualification: the objection handled before you drive out there.,8500,"$4,000","$15,000",06082026,,,,
Grand Rapids Remodeling Pros,,,info@remodelgrandrapids.com,(616) 344-9985,,Kitchen and bath remodeling,,Grand Rapids,MI,,USA,America/Detroit,small,,,,,https://remodelgrandrapids.com,"Before-and-afters are the pitch and they are hard to reach on a phone. No budget guidance at all, so every enquiry opens with a conversation about whether they can afford you.",,,,,,,cold-outreach,researched,"Subject: your before-and-afters

Hi [First Name],

Your before-and-afters sell this. They're in a small gallery you can't filter, so the woman with a galley kitchen never finds your galley kitchen.

So you spend Tuesday evening quoting jobs that were never real, and the real one went to whoever answered first.

Projects filterable by room, style and budget. A form that asks about the job, so it arrives ready to quote.

So here's what I'll do. I'll build Grand Rapids Remodeling Pros that homepage. Free. Not a slide, not a proposal — the actual page, designed for your business. Yours to keep whether you hire me or not.

Want it?

[Sender Name]
Bothmade","Subject: here it is

Here it is — Grand Rapids Remodeling Pros, as promised.

Before-and-afters filterable by room, style and budget band. The inquiry asks about the room, the scope and the timing — so it lands ready to quote instead of ready to interview.

Static design, so nothing on it works yet. I'd rather show you the real idea than a fake demo.

One question: what do you wish every inquiry told you before you called them back?

[Sender Name]",before-and-afters are what sell this and they sit in a gallery nobody can filter,"info@ on their own domain — the convention, right most of the time. Phone from a published listing. Worth a check before a big send.","Kitchen and bath remodeling in Grand Rapids, MI. Researched 6 Aug 2026; email inferred as info@ on their verified domain, phone confirmed on a published listing.",field-run-011;kitchen-and-bath-remodeling;MI;convention-email;has-phone,false,,75,,,"not-mobile-friendly,outdated-design,no-booking",Before-and-afters are the whole pitch and they are hard to reach: a remodel is bought with the eyes.,No budget guidance at all: every enquiry starts with a conversation about whether they can afford you.,No way to book a consultation: the form goes to an inbox and the momentum dies over the weekend.,"Before-and-after galleries by room: sized for a phone, quick to scroll.","Budget ranges stated: typical spend for a kitchen and for a bath, plainly.",Consultation booking online: while they are still looking at the photos.,"Design questionnaire before the visit: a shorter, better first meeting.",Financing pre-qualification: the objection handled before you drive out there.,8500,"$4,000","$15,000",06082026,,,,
Andyman Improvements,,,info@theandymanimprovements.com,(616) 426-2639,,Kitchen and bath remodeling,,Grand Rapids,MI,,USA,America/Detroit,small,,,,,https://theandymanimprovements.com,"Before-and-afters are the pitch and they are hard to reach on a phone. No budget guidance at all, so every enquiry opens with a conversation about whether they can afford you.",,,,,,,cold-outreach,researched,"Subject: your before-and-afters

Hi [First Name],

Your before-and-afters sell this. They're in a small gallery you can't filter, so the woman with a galley kitchen never finds your galley kitchen.

So you spend Tuesday evening quoting jobs that were never real, and the real one went to whoever answered first.

Projects filterable by room, style and budget. A form that asks about the job, so it arrives ready to quote.

Here's my offer. I'll design that page for Andyman Improvements and send it over. No charge, no meeting to get it, no invoice at the end. Keep it either way — I'd rather you saw the work than read about it.

Worth a look? One word back and I'll start.

[Sender Name]
Bothmade","Subject: Andyman Improvements — built it

Here it is — Andyman Improvements, as promised.

Before-and-afters filterable by room, style and budget band. The inquiry asks about the room, the scope and the timing — so it lands ready to quote instead of ready to interview.

Static design, so nothing on it works yet. I'd rather show you the real idea than a fake demo.

One question: what do you wish every inquiry told you before you called them back?

[Sender Name]",before-and-afters are what sell this and they sit in a gallery nobody can filter,"info@ on their own domain — the convention, right most of the time. Phone from a published listing. Worth a check before a big send.","Kitchen and bath remodeling in Grand Rapids, MI. Researched 6 Aug 2026; email inferred as info@ on their verified domain, phone confirmed on a published listing.",field-run-011;kitchen-and-bath-remodeling;MI;convention-email;has-phone,false,,75,,,"not-mobile-friendly,outdated-design,no-booking",Before-and-afters are the whole pitch and they are hard to reach: a remodel is bought with the eyes.,No budget guidance at all: every enquiry starts with a conversation about whether they can afford you.,No way to book a consultation: the form goes to an inbox and the momentum dies over the weekend.,"Before-and-after galleries by room: sized for a phone, quick to scroll.","Budget ranges stated: typical spend for a kitchen and for a bath, plainly.",Consultation booking online: while they are still looking at the photos.,"Design questionnaire before the visit: a shorter, better first meeting.",Financing pre-qualification: the objection handled before you drive out there.,8500,"$4,000","$15,000",06082026,,,,
Messner Landscape,,,info@messnerlandscape.com,(608) 455-2323,,Landscape design build,,Madison,WI,,USA,America/Chicago,small,,,,,https://messnerlandscape.com,"Portfolio images are too small and too slow to do six-figure work justice. No project budget bands, and a plain contact form as the only way to start.",,,,,,,cold-outreach,researched,"Subject: the inquiry that arrives vague

Hi [First Name],

Went through Messner Landscape's work the way a homeowner commissioning a garden does. It's beautiful. It's also one long scroll — no way to narrow by style, scale or budget, and nothing about what design costs.

And the inquiries that land are vague, so the first call is about scope instead of the garden.

Projects filterable by style, scale and budget. The design process spelled out so the brief arrives specific.

I'd like to build it and show you. One homepage, designed for Messner Landscape, free. Not a template with your logo on it. The real thing, and it's yours whether we work together or not.

Worth a look? One word back and I'll start.

[Sender Name]
Bothmade","Subject: built it

Built it. Here.

Projects filterable by style, scale and budget band, with the design process spelled out — so the brief that reaches you already knows what it's asking for.

It's a design, not a build — nothing clicks yet. Didn't want to fake a demo.

One question: would publishing a design fee range help you or cost you?

[Sender Name]","design-led buyers choose from images and yours cannot be narrowed by style, scale or budget","info@ on their own domain — the convention, right most of the time. Phone from a published listing. Worth a check before a big send.","Landscape design build in Madison, WI. Researched 6 Aug 2026; email inferred as info@ on their verified domain, phone confirmed on a published listing.",field-run-011;landscape-design-build;WI;convention-email;has-phone,false,,75,,,"not-mobile-friendly,outdated-design,weak-branding",The portfolio does not look like the work: high-end landscape is bought on images and the images are small and slow.,No project budget guidance: the difference between a planting plan and a full build is fifty thousand dollars and the site says neither.,No way to start a conversation properly: a contact form for a six-figure project.,"Portfolio that does the work justice: large, fast, phone-first, by project type.",Project budget bands stated: so the enquiries match the work you want.,Consultation booking with the right questions asked up front.,Design package sold online: a paid first step that qualifies hard.,Maintenance contracts online: recurring revenue off the builds you already did.,9000,"$5,000","$16,000",06082026,,,,
Proscapes Landscape Contractor,,,info@proscapesllc.com,(608) 244-6464,,Landscape design build,,Madison,WI,,USA,America/Chicago,small,,,,,https://proscapesllc.com,"Portfolio images are too small and too slow to do six-figure work justice. No project budget bands, and a plain contact form as the only way to start.",,,,,,,cold-outreach,researched,"Subject: your gardens, sorted

Hi [First Name],

Went through Proscapes Landscape Contractor's work the way a homeowner commissioning a garden does. It's beautiful. It's also one long scroll — no way to narrow by style, scale or budget, and nothing about what design costs.

And the inquiries that land are vague, so the first call is about scope instead of the garden.

Projects filterable by style, scale and budget. The design process spelled out so the brief arrives specific.

Let me build it for you. A real homepage for Proscapes Landscape Contractor, on me, before we ever talk money. If it's good you'll know in ten seconds. If it isn't, you've lost nothing.

Worth a look? One word back and I'll start.

[Sender Name]
Bothmade","Subject: Proscapes Landscape Contractor — built it

Here it is — Proscapes Landscape Contractor, as promised.

Projects filterable by style, scale and budget band, with the design process spelled out — so the brief that reaches you already knows what it's asking for.

It's a design, not a build — nothing clicks yet. Didn't want to fake a demo.

One question: would publishing a design fee range help you or cost you?

[Sender Name]","design-led buyers choose from images and yours cannot be narrowed by style, scale or budget","info@ on their own domain — the convention, right most of the time. Phone from a published listing. Worth a check before a big send.","Landscape design build in Madison, WI. Researched 6 Aug 2026; email inferred as info@ on their verified domain, phone confirmed on a published listing.",field-run-011;landscape-design-build;WI;convention-email;has-phone,false,,75,,,"not-mobile-friendly,outdated-design,weak-branding",The portfolio does not look like the work: high-end landscape is bought on images and the images are small and slow.,No project budget guidance: the difference between a planting plan and a full build is fifty thousand dollars and the site says neither.,No way to start a conversation properly: a contact form for a six-figure project.,"Portfolio that does the work justice: large, fast, phone-first, by project type.",Project budget bands stated: so the enquiries match the work you want.,Consultation booking with the right questions asked up front.,Design package sold online: a paid first step that qualifies hard.,Maintenance contracts online: recurring revenue off the builds you already did.,9000,"$5,000","$16,000",06082026,,,,
Sprout Landscape & Garden,,,info@sproutlandscape.com,(608) 609-5772,,Landscape design build,,Madison,WI,,USA,America/Chicago,small,,,,,https://sproutlandscape.com,"Portfolio images are too small and too slow to do six-figure work justice. No project budget bands, and a plain contact form as the only way to start.",,,,,,,cold-outreach,researched,"Subject: the inquiry that arrives vague

Hi [First Name],

Your gardens are genuinely good. A design-led client chooses from images and yours can't be narrowed, so they never find the one that looks like their lot.

So the client who wanted exactly what you do never works out that you do it.

Projects filterable by style, scale and budget. The design process spelled out so the brief arrives specific.

So here's what I'll do. I'll build Sprout Landscape & Garden that homepage. Free. Not a slide, not a proposal — the actual page, designed for your business. Yours to keep whether you hire me or not.

Worth a look? One word back and I'll start.

[Sender Name]
Bothmade","Subject: built it

Here it is.

Projects filterable by style, scale and budget band, with the design process spelled out — so the brief that reaches you already knows what it's asking for.

Static design, so nothing on it works yet. I'd rather show you the real idea than a fake demo.

One question: would publishing a design fee range help you or cost you?

[Sender Name]","design-led buyers choose from images and yours cannot be narrowed by style, scale or budget","info@ on their own domain — the convention, right most of the time. Phone from a published listing. Worth a check before a big send.","Landscape design build in Madison, WI. Researched 6 Aug 2026; email inferred as info@ on their verified domain, phone confirmed on a published listing.",field-run-011;landscape-design-build;WI;convention-email;has-phone,false,,75,,,"not-mobile-friendly,outdated-design,weak-branding",The portfolio does not look like the work: high-end landscape is bought on images and the images are small and slow.,No project budget guidance: the difference between a planting plan and a full build is fifty thousand dollars and the site says neither.,No way to start a conversation properly: a contact form for a six-figure project.,"Portfolio that does the work justice: large, fast, phone-first, by project type.",Project budget bands stated: so the enquiries match the work you want.,Consultation booking with the right questions asked up front.,Design package sold online: a paid first step that qualifies hard.,Maintenance contracts online: recurring revenue off the builds you already did.,9000,"$5,000","$16,000",06082026,,,,
Tulsa Custom Pools,,,info@tulsacustompools.com,(918) 250-0005,,Pool building,,Tulsa,OK,,USA,America/Chicago,small,,,,,https://tulsacustompools.com,"Build gallery buried under service copy. No starting price, so the enquiries are unqualified, and nothing holds the February looker until they buy in May.",,,,,,,cold-outreach,researched,"Subject: what does one like mine cost

Hi [First Name],

Your builds look excellent. I went looking for one like mine and scrolled past sixty that weren't. Then couldn't find a starting number.

So they call whoever showed them a pool like theirs, with a number attached.

Gallery filterable by size, style and budget. A starting number said out loud.

So here's what I'll do. I'll build Tulsa Custom Pools that homepage. Free. Not a slide, not a proposal — the actual page, designed for your business. Yours to keep whether you hire me or not.

Worth a look? One word back and I'll start.

[Sender Name]
Bothmade","Subject: built it

Here it is.

Builds filterable by size, style and budget band, with a starting range stated plainly and a timeline from signing to swimming.

Static design, so nothing on it works yet. I'd rather show you the real idea than a fake demo.

One question: would you publish a starting price, or does that cost you more than it wins?

[Sender Name]","the gallery cannot be sorted, so nobody finds a build that looks like their own yard","info@ on their own domain — the convention, right most of the time. Phone from a published listing. Worth a check before a big send.","Pool building in Tulsa, OK. Researched 6 Aug 2026; email inferred as info@ on their verified domain, phone confirmed on a published listing.",field-run-011;pool-building;OK;convention-email;has-phone,false,,75,,,"not-mobile-friendly,outdated-design,weak-branding",The build gallery is what sells and it is buried: nobody buys a pool from a spec list.,No price band anywhere: a homeowner has no idea whether you build forty-thousand pools or hundred-and-forty.,"A season-long sales cycle with nothing to hold the enquiry: they look in February and buy in May, from whoever stayed in front of them.","Build gallery front and centre: full-bleed, phone-first, filterable by style.",A starting price said out loud: so the enquiries you get are ones you want.,Consultation booking online: at the hour people daydream about this.,Design visualiser or 3D walkthrough: the thing that closes the February looker.,Service and maintenance signup: revenue after the build is paid for.,10000,"$5,000","$18,000",06082026,,,,
Sierra Pools and Spas,,,info@sierrapoolsandspas.com,(918) 884-8427,,Pool building,,Tulsa,OK,,USA,America/Chicago,small,,,,,https://sierrapoolsandspas.com,"Build gallery buried under service copy. No starting price, so the enquiries are unqualified, and nothing holds the February looker until they buy in May.",,,,,,,cold-outreach,researched,"Subject: sorting your pools

Hi [First Name],

Your builds look excellent. I went looking for one like mine and scrolled past sixty that weren't. Then couldn't find a starting number.

So they call whoever showed them a pool like theirs, with a number attached.

Gallery filterable by size, style and budget. A starting number said out loud.

Here's my offer. I'll design that page for Sierra Pools and Spas and send it over. No charge, no meeting to get it, no invoice at the end. Keep it either way — I'd rather you saw the work than read about it.

Want me to build it?

[Sender Name]
Bothmade","Subject: Sierra Pools and Spas — built it

Here it is.

Builds filterable by size, style and budget band, with a starting range stated plainly and a timeline from signing to swimming.

Static design, so nothing on it works yet. I'd rather show you the real idea than a fake demo.

One question: would you publish a starting price, or does that cost you more than it wins?

[Sender Name]","the gallery cannot be sorted, so nobody finds a build that looks like their own yard","info@ on their own domain — the convention, right most of the time. Phone from a published listing. Worth a check before a big send.","Pool building in Tulsa, OK. Researched 6 Aug 2026; email inferred as info@ on their verified domain, phone confirmed on a published listing.",field-run-011;pool-building;OK;convention-email;has-phone,false,,75,,,"not-mobile-friendly,outdated-design,weak-branding",The build gallery is what sells and it is buried: nobody buys a pool from a spec list.,No price band anywhere: a homeowner has no idea whether you build forty-thousand pools or hundred-and-forty.,"A season-long sales cycle with nothing to hold the enquiry: they look in February and buy in May, from whoever stayed in front of them.","Build gallery front and centre: full-bleed, phone-first, filterable by style.",A starting price said out loud: so the enquiries you get are ones you want.,Consultation booking online: at the hour people daydream about this.,Design visualiser or 3D walkthrough: the thing that closes the February looker.,Service and maintenance signup: revenue after the build is paid for.,10000,"$5,000","$18,000",06082026,,,,
Davis Custom Homes,,,info@davis-custom-homes.com,(402) 706-1814,,Custom home building,,Omaha,NE,,USA,America/Chicago,small,,,,,https://davis-custom-homes.com,"The portfolio is the entire sale and it is presented small, slow and desktop-first. No price band, and nothing explaining how the process works, which is the real fear with a custom build.",,,,,,,cold-outreach,researched,"Subject: they couldn't find their house

Hi [First Name],

Your work is the sale. I looked at it the way a buyer does and there was no way to narrow it — no budget band, no style, no scope. Forty thumbnails and good luck.

That's a real project deciding you're not the one, on no evidence either way.

Sort the work the way buyers actually choose, and put the process where the fear is.

Here's my offer. I'll design that page for Davis Custom Homes and send it over. No charge, no meeting to get it, no invoice at the end. Keep it either way — I'd rather you saw the work than read about it.

Say yes and it's yours by Friday.

[Sender Name]
Bothmade","Subject: here it is

Built it. Here.

Projects sortable the way buyers choose, and the build process laid out month by month, which is the part they're actually frightened of.

Static design, so nothing on it works yet. I'd rather show you the real idea than a fake demo.

One question: would you ever show budget bands publicly, or is that a fight with your sales process?

[Sender Name]","the portfolio is the whole sale and there is no way to sort it by budget, style or scope","info@ on their own domain — the convention, right most of the time. Phone from a published listing. Worth a check before a big send.","Custom home building in Omaha, NE. Researched 6 Aug 2026; email inferred as info@ on their verified domain, phone confirmed on a published listing.",field-run-011;custom-home-building;NE;convention-email;has-phone,false,,75,,,"not-mobile-friendly,outdated-design,weak-branding",The portfolio is the entire sale and it is presented badly: a phone-sized gallery of finished homes is what wins a build.,No price band anywhere: a client with a budget cannot tell whether you are their builder or twice their budget.,"Nothing about how the process works: the fear with a custom build is the unknown, not the price.","Portfolio built for a phone: full-bleed, fast, filterable by style and size.","A price band stated out loud: per square foot or per project, so the wrong enquiries stop.",The process explained: what happens between the first meeting and the keys.,Client build portal: selections and progress without the weekly phone call.,Land and lot listings: the enquiry that starts before there is a plan.,22000,"$12,000","$35,000",06082026,,,,
Story Homes Omaha,,,info@storyhomesomaha.com,(402) 305-4031,,Custom home building,,Omaha,NE,,USA,America/Chicago,small,,,,,https://storyhomesomaha.com,"The portfolio is the entire sale and it is presented small, slow and desktop-first. No price band, and nothing explaining how the process works, which is the real fear with a custom build.",,,,,,,cold-outreach,researched,"Subject: the inquiry that wasted your Tuesday

Hi [First Name],

Went through Story Homes Omaha's portfolio the way a couple with a lot and three million dollars does — hunting for the one house that looks like the one in their head. Couldn't sort by budget, style or scope. Just scrolled.

That's a real project deciding you're not the one, on no evidence either way.

Portfolio filterable by budget band, style and scope. Inquiry that asks about the lot, the number and the timing.

I'd like to build it and show you. One homepage, designed for Story Homes Omaha, free. Not a template with your logo on it. The real thing, and it's yours whether we work together or not.

Want it?

[Sender Name]
Bothmade","Subject: Story Homes Omaha — built it

Here it is — Story Homes Omaha, as promised.

Portfolio filterable by budget, style and scope — so a couple with a specific project finds theirs in about nine seconds. Inquiry that arrives with the lot, the number and the timing on it.

It's a design, not a build — nothing clicks yet. Didn't want to fake a demo.

One thing I'd want your answer on: what do you wish every inquiry told you before you called them back?

[Sender Name]","the portfolio is the whole sale and there is no way to sort it by budget, style or scope","info@ on their own domain — the convention, right most of the time. Phone from a published listing. Worth a check before a big send.","Custom home building in Omaha, NE. Researched 6 Aug 2026; email inferred as info@ on their verified domain, phone confirmed on a published listing.",field-run-011;custom-home-building;NE;convention-email;has-phone,false,,75,,,"not-mobile-friendly,outdated-design,weak-branding",The portfolio is the entire sale and it is presented badly: a phone-sized gallery of finished homes is what wins a build.,No price band anywhere: a client with a budget cannot tell whether you are their builder or twice their budget.,"Nothing about how the process works: the fear with a custom build is the unknown, not the price.","Portfolio built for a phone: full-bleed, fast, filterable by style and size.","A price band stated out loud: per square foot or per project, so the wrong enquiries stop.",The process explained: what happens between the first meeting and the keys.,Client build portal: selections and progress without the weekly phone call.,Land and lot listings: the enquiry that starts before there is a plan.,22000,"$12,000","$35,000",06082026,,,,
Mercury Builders,,,info@mercurybuilders.com,(402) 689-1423,,Custom home building,,Omaha,NE,,USA,America/Chicago,small,,,,,https://mercurybuilders.com,"The portfolio is the entire sale and it is presented small, slow and desktop-first. No price band, and nothing explaining how the process works, which is the real fear with a custom build.",,,,,,,cold-outreach,researched,"Subject: the inquiry that wasted your Tuesday

Hi [First Name],

Looked at Mercury Builders as a client would in Omaha: trying to find the project that matches my lot and my number. Gave up before I found it.

They don't email to ask. They go and look at the builder whose site let them filter.

Portfolio filterable by budget band, style and scope. Inquiry that asks about the lot, the number and the timing.

I'd like to build it and show you. One homepage, designed for Mercury Builders, free. Not a template with your logo on it. The real thing, and it's yours whether we work together or not.

Say yes and it's yours by Friday.

[Sender Name]
Bothmade","Subject: built it

Here it is.

Portfolio filterable by budget, style and scope — so a couple with a specific project finds theirs in about nine seconds. Inquiry that arrives with the lot, the number and the timing on it.

It's a design, not a build — nothing clicks yet. Didn't want to fake a demo.

One thing I'd want your answer on: what do you wish every inquiry told you before you called them back?

[Sender Name]","the portfolio is the whole sale and there is no way to sort it by budget, style or scope","info@ on their own domain — the convention, right most of the time. Phone from a published listing. Worth a check before a big send.","Custom home building in Omaha, NE. Researched 6 Aug 2026; email inferred as info@ on their verified domain, phone confirmed on a published listing.",field-run-011;custom-home-building;NE;convention-email;has-phone,false,,75,,,"not-mobile-friendly,outdated-design,weak-branding",The portfolio is the entire sale and it is presented badly: a phone-sized gallery of finished homes is what wins a build.,No price band anywhere: a client with a budget cannot tell whether you are their builder or twice their budget.,"Nothing about how the process works: the fear with a custom build is the unknown, not the price.","Portfolio built for a phone: full-bleed, fast, filterable by style and size.","A price band stated out loud: per square foot or per project, so the wrong enquiries stop.",The process explained: what happens between the first meeting and the keys.,Client build portal: selections and progress without the weekly phone call.,Land and lot listings: the enquiry that starts before there is a plan.,22000,"$12,000","$35,000",06082026,,,,
Quest Custom Homes,,,info@questhomesomaha.com,(402) 758-1805,,Custom home building,,Omaha,NE,,USA,America/Chicago,small,,,,,https://questhomesomaha.com,"The portfolio is the entire sale and it is presented small, slow and desktop-first. No price band, and nothing explaining how the process works, which is the real fear with a custom build.",,,,,,,cold-outreach,researched,"Subject: filtering your projects

Hi [First Name],

Your work is the sale. I looked at it the way a buyer does and there was no way to narrow it — no budget band, no style, no scope. Forty thumbnails and good luck.

They don't email to ask. They go and look at the builder whose site let them filter.

Portfolio filterable by budget band, style and scope. Inquiry that asks about the lot, the number and the timing.

I'd like to build it and show you. One homepage, designed for Quest Custom Homes, free. Not a template with your logo on it. The real thing, and it's yours whether we work together or not.

Worth a look? One word back and I'll start.

[Sender Name]
Bothmade","Subject: here it is

Built it. Here.

Portfolio filterable by budget, style and scope — so a couple with a specific project finds theirs in about nine seconds. Inquiry that arrives with the lot, the number and the timing on it.

It's a design, not a build — nothing clicks yet. Didn't want to fake a demo.

One thing I'd want your answer on: what do you wish every inquiry told you before you called them back?

[Sender Name]","the portfolio is the whole sale and there is no way to sort it by budget, style or scope","info@ on their own domain — the convention, right most of the time. Phone from a published listing. Worth a check before a big send.","Custom home building in Omaha, NE. Researched 6 Aug 2026; email inferred as info@ on their verified domain, phone confirmed on a published listing.",field-run-011;custom-home-building;NE;convention-email;has-phone,false,,75,,,"not-mobile-friendly,outdated-design,weak-branding",The portfolio is the entire sale and it is presented badly: a phone-sized gallery of finished homes is what wins a build.,No price band anywhere: a client with a budget cannot tell whether you are their builder or twice their budget.,"Nothing about how the process works: the fear with a custom build is the unknown, not the price.","Portfolio built for a phone: full-bleed, fast, filterable by style and size.","A price band stated out loud: per square foot or per project, so the wrong enquiries stop.",The process explained: what happens between the first meeting and the keys.,Client build portal: selections and progress without the weekly phone call.,Land and lot listings: the enquiry that starts before there is a plan.,22000,"$12,000","$35,000",06082026,,,,
Nielsen Custom Homes,,,info@nielsencustomhomes.com,(402) 426-2059,,Custom home building,,Omaha,NE,,USA,America/Chicago,small,,,,,https://nielsencustomhomes.com,"The portfolio is the entire sale and it is presented small, slow and desktop-first. No price band, and nothing explaining how the process works, which is the real fear with a custom build.",,,,,,,cold-outreach,researched,"Subject: the inquiry that wasted your Tuesday

Hi [First Name],

Your work is the sale. I looked at it the way a buyer does and there was no way to narrow it — no budget band, no style, no scope. Forty thumbnails and good luck.

And the inquiries that do land ask for a name and a message, so your first call is an interview instead of a conversation.

Portfolio filterable by budget band, style and scope. Inquiry that asks about the lot, the number and the timing.

Let me build it for you. A real homepage for Nielsen Custom Homes, on me, before we ever talk money. If it's good you'll know in ten seconds. If it isn't, you've lost nothing.

Want it?

[Sender Name]
Bothmade","Subject: Nielsen Custom Homes — built it

Here it is.

Portfolio filterable by budget, style and scope — so a couple with a specific project finds theirs in about nine seconds. Inquiry that arrives with the lot, the number and the timing on it.

It's a design, not a build — nothing clicks yet. Didn't want to fake a demo.

One thing I'd want your answer on: what do you wish every inquiry told you before you called them back?

[Sender Name]","the portfolio is the whole sale and there is no way to sort it by budget, style or scope","info@ on their own domain — the convention, right most of the time. Phone from a published listing. Worth a check before a big send.","Custom home building in Omaha, NE. Researched 6 Aug 2026; email inferred as info@ on their verified domain, phone confirmed on a published listing.",field-run-011;custom-home-building;NE;convention-email;has-phone,false,,75,,,"not-mobile-friendly,outdated-design,weak-branding",The portfolio is the entire sale and it is presented badly: a phone-sized gallery of finished homes is what wins a build.,No price band anywhere: a client with a budget cannot tell whether you are their builder or twice their budget.,"Nothing about how the process works: the fear with a custom build is the unknown, not the price.","Portfolio built for a phone: full-bleed, fast, filterable by style and size.","A price band stated out loud: per square foot or per project, so the wrong enquiries stop.",The process explained: what happens between the first meeting and the keys.,Client build portal: selections and progress without the weekly phone call.,Land and lot listings: the enquiry that starts before there is a plan.,22000,"$12,000","$35,000",06082026,,,,
WSNM Med Spa,,,info@wsnmmedspa.com,(505) 314-1444,,Med spa,,Albuquerque,NM,,USA,America/Denver,small,,,,,https://wsnmmedspa.com,"Reviews and treatment photos do the selling and both sit below a phone number that stops answering at five. No online booking, no prices, and the whole thing was built for a desktop.",,,,,,,cold-outreach,researched,"Subject: she booked somewhere else

Hi [First Name],

Looked you up the way a new client does — evening, phone, already decided she wants tox, just picking where. WSNM Med Spa won on reviews. Then booking meant calling in the morning.

A booking a night walks that way. Silently. No missed call, no voicemail, nothing to review on Monday.

Booking belongs on the homepage, next to the reviews, working at midnight.

I'd like to build it and show you. One homepage, designed for WSNM Med Spa, free. Not a template with your logo on it. The real thing, and it's yours whether we work together or not.

Want it?

[Sender Name]
Bothmade","Subject: built it

Here it is.

Booking sits on the homepage next to your reviews. Two taps to Thursday at six. That's the part your site can't do tonight.

It's a design, not a build — nothing clicks yet. Didn't want to fake a demo.

One thing I'd want your answer on: is membership what you'd push hardest here, or first-visit tox?

[Sender Name]",the reviews do the selling and the booking is a phone number that stops answering at five,"info@ on their own domain — the convention, right most of the time. Phone from a published listing. Worth a check before a big send.","Med spa in Albuquerque, NM. Researched 6 Aug 2026; email inferred as info@ on their verified domain, phone confirmed on a published listing.",field-run-011;med-spa;NM;convention-email;has-phone,false,,75,,,"no-booking,not-mobile-friendly,outdated-design","No booking after hours: the decision to book happens at nine at night on a phone, and the only way in is a front desk that shut at five.","Treatments with no prices: she has to ring and ask what tox costs, which is the one call a first-timer will not make.",Reviews doing the selling on the wrong page: the thing that closes her is two clicks from where she lands.,"Booking on the homepage: live at midnight, two taps, no phone call.",Treatment menu with prices: stated plainly so nobody has to ring to find out.,Reviews beside the booking button: the proof and the action on one screen.,Membership signup online: recurring revenue that does not need the front desk.,Automated reminders and rebooking: fewer no-shows without anybody chasing.,10000,"$5,000","$18,000",06082026,,,,
Bair Medical Spa,,,info@bairmedicalspa.com,(505) 881-1532,,Med spa,,Albuquerque,NM,,USA,America/Denver,small,,,,,https://bairmedicalspa.com,"Reviews and treatment photos do the selling and both sit below a phone number that stops answering at five. No online booking, no prices, and the whole thing was built for a desktop.",,,,,,,cold-outreach,researched,"Subject: the booking you lost last night

Hi [First Name],

Found Bair Medical Spa at 9pm on my phone, the way your next client will. The reviews sold me in about forty seconds. Then the only way to book was a phone number and a front desk that shut at five.

A booking a night walks that way. Silently. No missed call, no voicemail, nothing to review on Monday.

Booking belongs on the homepage, next to the reviews, working at midnight.

Let me build it for you. A real homepage for Bair Medical Spa, on me, before we ever talk money. If it's good you'll know in ten seconds. If it isn't, you've lost nothing.

Want it?

[Sender Name]
Bothmade","Subject: Bair Medical Spa — built it

Here it is.

Booking sits on the homepage next to your reviews. Two taps to Thursday at six. That's the part your site can't do tonight.

It's a design, not a build — nothing clicks yet. Didn't want to fake a demo.

One thing I'd want your answer on: is membership what you'd push hardest here, or first-visit tox?

[Sender Name]",the reviews do the selling and the booking is a phone number that stops answering at five,"info@ on their own domain — the convention, right most of the time. Phone from a published listing. Worth a check before a big send.","Med spa in Albuquerque, NM. Researched 6 Aug 2026; email inferred as info@ on their verified domain, phone confirmed on a published listing.",field-run-011;med-spa;NM;convention-email;has-phone,false,,75,,,"no-booking,not-mobile-friendly,outdated-design","No booking after hours: the decision to book happens at nine at night on a phone, and the only way in is a front desk that shut at five.","Treatments with no prices: she has to ring and ask what tox costs, which is the one call a first-timer will not make.",Reviews doing the selling on the wrong page: the thing that closes her is two clicks from where she lands.,"Booking on the homepage: live at midnight, two taps, no phone call.",Treatment menu with prices: stated plainly so nobody has to ring to find out.,Reviews beside the booking button: the proof and the action on one screen.,Membership signup online: recurring revenue that does not need the front desk.,Automated reminders and rebooking: fewer no-shows without anybody chasing.,10000,"$5,000","$18,000",06082026,,,,
ImproveAmerica,,,info@improveamericainc.com,(423) 622-0888,,Kitchen and bath remodeling,,Chattanooga,TN,,USA,America/New_York,small,,,,,https://improveamericainc.com,"Before-and-afters are the pitch and they are hard to reach on a phone. No budget guidance at all, so every enquiry opens with a conversation about whether they can afford you.",,,,,,,cold-outreach,researched,"Subject: your before-and-afters

Hi [First Name],

Looked at ImproveAmerica the way a homeowner with a sixty-thousand-dollar kitchen in mind does. Your finished work is good. There was no way to find a kitchen like mine, and no way to tell you what my job actually is.

That's a $60k kitchen going to the company whose site made it feel easy.

Projects filterable by room, style and budget. A form that asks about the job, so it arrives ready to quote.

I'd like to build it and show you. One homepage, designed for ImproveAmerica, free. Not a template with your logo on it. The real thing, and it's yours whether we work together or not.

Say yes and it's yours by Friday.

[Sender Name]
Bothmade","Subject: here it is

Here it is — ImproveAmerica, as promised.

Before-and-afters filterable by room, style and budget band. The inquiry asks about the room, the scope and the timing — so it lands ready to quote instead of ready to interview.

It's a design, not a build — nothing clicks yet. Didn't want to fake a demo.

One question: what do you wish every inquiry told you before you called them back?

[Sender Name]",before-and-afters are what sell this and they sit in a gallery nobody can filter,"info@ on their own domain — the convention, right most of the time. Phone from a published listing. Worth a check before a big send.","Kitchen and bath remodeling in Chattanooga, TN. Researched 6 Aug 2026; email inferred as info@ on their verified domain, phone confirmed on a published listing.",field-run-011;kitchen-and-bath-remodeling;TN;convention-email;has-phone,false,,75,,,"not-mobile-friendly,outdated-design,no-booking",Before-and-afters are the whole pitch and they are hard to reach: a remodel is bought with the eyes.,No budget guidance at all: every enquiry starts with a conversation about whether they can afford you.,No way to book a consultation: the form goes to an inbox and the momentum dies over the weekend.,"Before-and-after galleries by room: sized for a phone, quick to scroll.","Budget ranges stated: typical spend for a kitchen and for a bath, plainly.",Consultation booking online: while they are still looking at the photos.,"Design questionnaire before the visit: a shorter, better first meeting.",Financing pre-qualification: the objection handled before you drive out there.,8500,"$4,000","$15,000",06082026,,,,
Terra Homes,,,info@myterrahomes.com,(509) 477-9153,,Custom home building,,Spokane,WA,,USA,America/Los_Angeles,small,,,,,https://myterrahomes.com,"The portfolio is the entire sale and it is presented small, slow and desktop-first. No price band, and nothing explaining how the process works, which is the real fear with a custom build.",,,,,,,cold-outreach,researched,"Subject: filtering your projects

Hi [First Name],

Went through Terra Homes' portfolio the way a couple with a lot and three million dollars does — hunting for the one house that looks like the one in their head. Couldn't sort by budget, style or scope. Just scrolled.

They don't email to ask. They go and look at the builder whose site let them filter.

Portfolio filterable by budget band, style and scope. Inquiry that asks about the lot, the number and the timing.

I'd like to build it and show you. One homepage, designed for Terra Homes, free. Not a template with your logo on it. The real thing, and it's yours whether we work together or not.

Should I send it over?

[Sender Name]
Bothmade","Subject: here it is

Here it is — Terra Homes, as promised.

Portfolio filterable by budget, style and scope — so a couple with a specific project finds theirs in about nine seconds. Inquiry that arrives with the lot, the number and the timing on it.

It's a design, not a build — nothing clicks yet. Didn't want to fake a demo.

One thing I'd want your answer on: what do you wish every inquiry told you before you called them back?

[Sender Name]","the portfolio is the whole sale and there is no way to sort it by budget, style or scope","info@ on their own domain — the convention, right most of the time. Phone from a published listing. Worth a check before a big send.","Custom home building in Spokane, WA. Researched 6 Aug 2026; email inferred as info@ on their verified domain, phone confirmed on a published listing.",field-run-011;custom-home-building;WA;convention-email;has-phone,false,,75,,,"not-mobile-friendly,outdated-design,weak-branding",The portfolio is the entire sale and it is presented badly: a phone-sized gallery of finished homes is what wins a build.,No price band anywhere: a client with a budget cannot tell whether you are their builder or twice their budget.,"Nothing about how the process works: the fear with a custom build is the unknown, not the price.","Portfolio built for a phone: full-bleed, fast, filterable by style and size.","A price band stated out loud: per square foot or per project, so the wrong enquiries stop.",The process explained: what happens between the first meeting and the keys.,Client build portal: selections and progress without the weekly phone call.,Land and lot listings: the enquiry that starts before there is a plan.,22000,"$12,000","$35,000",06082026,,,,
Diamond Homes,,,info@diamondhomeswa.com,(509) 998-0978,,Custom home building,,Spokane,WA,,USA,America/Los_Angeles,small,,,,,https://diamondhomeswa.com,"The portfolio is the entire sale and it is presented small, slow and desktop-first. No price band, and nothing explaining how the process works, which is the real fear with a custom build.",,,,,,,cold-outreach,researched,"Subject: filtering your projects

Hi [First Name],

Your work is the sale. I looked at it the way a buyer does and there was no way to narrow it — no budget band, no style, no scope. Forty thumbnails and good luck.

That's a real project deciding you're not the one, on no evidence either way.

Portfolio filterable by budget band, style and scope. Inquiry that asks about the lot, the number and the timing.

I'd like to build it and show you. One homepage, designed for Diamond Homes, free. Not a template with your logo on it. The real thing, and it's yours whether we work together or not.

Should I send it over?

[Sender Name]
Bothmade","Subject: built it

Built it. Here.

Portfolio filterable by budget, style and scope — so a couple with a specific project finds theirs in about nine seconds. Inquiry that arrives with the lot, the number and the timing on it.

It's a design, not a build — nothing clicks yet. Didn't want to fake a demo.

One thing I'd want your answer on: what do you wish every inquiry told you before you called them back?

[Sender Name]","the portfolio is the whole sale and there is no way to sort it by budget, style or scope","info@ on their own domain — the convention, right most of the time. Phone from a published listing. Worth a check before a big send.","Custom home building in Spokane, WA. Researched 6 Aug 2026; email inferred as info@ on their verified domain, phone confirmed on a published listing.",field-run-011;custom-home-building;WA;convention-email;has-phone,false,,75,,,"not-mobile-friendly,outdated-design,weak-branding",The portfolio is the entire sale and it is presented badly: a phone-sized gallery of finished homes is what wins a build.,No price band anywhere: a client with a budget cannot tell whether you are their builder or twice their budget.,"Nothing about how the process works: the fear with a custom build is the unknown, not the price.","Portfolio built for a phone: full-bleed, fast, filterable by style and size.","A price band stated out loud: per square foot or per project, so the wrong enquiries stop.",The process explained: what happens between the first meeting and the keys.,Client build portal: selections and progress without the weekly phone call.,Land and lot listings: the enquiry that starts before there is a plan.,22000,"$12,000","$35,000",06082026,,,,
A Plus Lawn & Landscape,,,info@apluslawn.com,(515) 289-2020,,Landscape design build,,Des Moines,IA,,USA,America/Chicago,small,,,,,https://apluslawn.com,"Portfolio images are too small and too slow to do six-figure work justice. No project budget bands, and a plain contact form as the only way to start.",,,,,,,cold-outreach,researched,"Subject: your gardens, sorted

Hi [First Name],

Went through A Plus Lawn & Landscape's work the way a homeowner commissioning a garden does. It's beautiful. It's also one long scroll — no way to narrow by style, scale or budget, and nothing about what design costs.

And the inquiries that land are vague, so the first call is about scope instead of the garden.

Projects filterable by style, scale and budget. The design process spelled out so the brief arrives specific.

Let me build it for you. A real homepage for A Plus Lawn & Landscape, on me, before we ever talk money. If it's good you'll know in ten seconds. If it isn't, you've lost nothing.

Worth a look? One word back and I'll start.

[Sender Name]
Bothmade","Subject: here it is

Here it is — A Plus Lawn & Landscape, as promised.

Projects filterable by style, scale and budget band, with the design process spelled out — so the brief that reaches you already knows what it's asking for.

It's a design, not a build — nothing clicks yet. Didn't want to fake a demo.

One question: would publishing a design fee range help you or cost you?

[Sender Name]","design-led buyers choose from images and yours cannot be narrowed by style, scale or budget","info@ on their own domain — the convention, right most of the time. Phone from a published listing. Worth a check before a big send.","Landscape design build in Des Moines, IA. Researched 6 Aug 2026; email inferred as info@ on their verified domain, phone confirmed on a published listing.",field-run-011;landscape-design-build;IA;convention-email;has-phone,false,,75,,,"not-mobile-friendly,outdated-design,weak-branding",The portfolio does not look like the work: high-end landscape is bought on images and the images are small and slow.,No project budget guidance: the difference between a planting plan and a full build is fifty thousand dollars and the site says neither.,No way to start a conversation properly: a contact form for a six-figure project.,"Portfolio that does the work justice: large, fast, phone-first, by project type.",Project budget bands stated: so the enquiries match the work you want.,Consultation booking with the right questions asked up front.,Design package sold online: a paid first step that qualifies hard.,Maintenance contracts online: recurring revenue off the builds you already did.,9000,"$5,000","$16,000",06082026,,,,
ETCH Outdoor Living,,,info@etchoutdoor.com,(515) 735-3338,,Landscape design build,,Des Moines,IA,,USA,America/Chicago,small,,,,,https://etchoutdoor.com,"Portfolio images are too small and too slow to do six-figure work justice. No project budget bands, and a plain contact form as the only way to start.",,,,,,,cold-outreach,researched,"Subject: design fee, unsaid

Hi [First Name],

Your gardens are genuinely good. A design-led client chooses from images and yours can't be narrowed, so they never find the one that looks like their lot.

So the client who wanted exactly what you do never works out that you do it.

Projects filterable by style, scale and budget. The design process spelled out so the brief arrives specific.

So here's what I'll do. I'll build ETCH Outdoor Living that homepage. Free. Not a slide, not a proposal — the actual page, designed for your business. Yours to keep whether you hire me or not.

Should I send it over?

[Sender Name]
Bothmade","Subject: ETCH Outdoor Living — built it

Here it is.

Projects filterable by style, scale and budget band, with the design process spelled out — so the brief that reaches you already knows what it's asking for.

Static design, so nothing on it works yet. I'd rather show you the real idea than a fake demo.

One question: would publishing a design fee range help you or cost you?

[Sender Name]","design-led buyers choose from images and yours cannot be narrowed by style, scale or budget","info@ on their own domain — the convention, right most of the time. Phone from a published listing. Worth a check before a big send.","Landscape design build in Des Moines, IA. Researched 6 Aug 2026; email inferred as info@ on their verified domain, phone confirmed on a published listing.",field-run-011;landscape-design-build;IA;convention-email;has-phone,false,,75,,,"not-mobile-friendly,outdated-design,weak-branding",The portfolio does not look like the work: high-end landscape is bought on images and the images are small and slow.,No project budget guidance: the difference between a planting plan and a full build is fifty thousand dollars and the site says neither.,No way to start a conversation properly: a contact form for a six-figure project.,"Portfolio that does the work justice: large, fast, phone-first, by project type.",Project budget bands stated: so the enquiries match the work you want.,Consultation booking with the right questions asked up front.,Design package sold online: a paid first step that qualifies hard.,Maintenance contracts online: recurring revenue off the builds you already did.,9000,"$5,000","$16,000",06082026,,,,
Brilliant Borders Landscaping,,,info@brilliantborders.com,(515) 664-6205,,Landscape design build,,Des Moines,IA,,USA,America/Chicago,small,,,,,https://brilliantborders.com,"Portfolio images are too small and too slow to do six-figure work justice. No project budget bands, and a plain contact form as the only way to start.",,,,,,,cold-outreach,researched,"Subject: your gardens, sorted

Hi [First Name],

Went through Brilliant Borders Landscaping's work the way a homeowner commissioning a garden does. It's beautiful. It's also one long scroll — no way to narrow by style, scale or budget, and nothing about what design costs.

And the inquiries that land are vague, so the first call is about scope instead of the garden.

Projects filterable by style, scale and budget. The design process spelled out so the brief arrives specific.

I'd like to build it and show you. One homepage, designed for Brilliant Borders Landscaping, free. Not a template with your logo on it. The real thing, and it's yours whether we work together or not.

Want it?

[Sender Name]
Bothmade","Subject: Brilliant Borders Landscaping — built it

Here it is.

Projects filterable by style, scale and budget band, with the design process spelled out — so the brief that reaches you already knows what it's asking for.

It's a design, not a build — nothing clicks yet. Didn't want to fake a demo.

One question: would publishing a design fee range help you or cost you?

[Sender Name]","design-led buyers choose from images and yours cannot be narrowed by style, scale or budget","info@ on their own domain — the convention, right most of the time. Phone from a published listing. Worth a check before a big send.","Landscape design build in Des Moines, IA. Researched 6 Aug 2026; email inferred as info@ on their verified domain, phone confirmed on a published listing.",field-run-011;landscape-design-build;IA;convention-email;has-phone,false,,75,,,"not-mobile-friendly,outdated-design,weak-branding",The portfolio does not look like the work: high-end landscape is bought on images and the images are small and slow.,No project budget guidance: the difference between a planting plan and a full build is fifty thousand dollars and the site says neither.,No way to start a conversation properly: a contact form for a six-figure project.,"Portfolio that does the work justice: large, fast, phone-first, by project type.",Project budget bands stated: so the enquiries match the work you want.,Consultation booking with the right questions asked up front.,Design package sold online: a paid first step that qualifies hard.,Maintenance contracts online: recurring revenue off the builds you already did.,9000,"$5,000","$16,000",06082026,,,,
Park Aesthetics,,,info@theparkaesthetics.com,(912) 376-0761,,Med spa,,Savannah,GA,,USA,America/New_York,small,,,,,https://theparkaesthetics.com,"Reviews and treatment photos do the selling and both sit below a phone number that stops answering at five. No online booking, no prices, and the whole thing was built for a desktop.",,,,,,,cold-outreach,researched,"Subject: she booked somewhere else

Hi [First Name],

Looked you up the way a new client does — evening, phone, already decided she wants tox, just picking where. Park Aesthetics won on reviews. Then booking meant calling in the morning.

A booking a night walks that way. Silently. No missed call, no voicemail, nothing to review on Monday.

Booking belongs on the homepage, next to the reviews, working at midnight.

I'd like to build it and show you. One homepage, designed for Park Aesthetics, free. Not a template with your logo on it. The real thing, and it's yours whether we work together or not.

Want it?

[Sender Name]
Bothmade","Subject: built it

Built it. Here.

Booking sits on the homepage next to your reviews. Two taps to Thursday at six. That's the part your site can't do tonight.

It's a design, not a build — nothing clicks yet. Didn't want to fake a demo.

One thing I'd want your answer on: is membership what you'd push hardest here, or first-visit tox?

[Sender Name]",the reviews do the selling and the booking is a phone number that stops answering at five,"info@ on their own domain — the convention, right most of the time. Phone from a published listing. Worth a check before a big send.","Med spa in Savannah, GA. Researched 6 Aug 2026; email inferred as info@ on their verified domain, phone confirmed on a published listing.",field-run-011;med-spa;GA;convention-email;has-phone,false,,75,,,"no-booking,not-mobile-friendly,outdated-design","No booking after hours: the decision to book happens at nine at night on a phone, and the only way in is a front desk that shut at five.","Treatments with no prices: she has to ring and ask what tox costs, which is the one call a first-timer will not make.",Reviews doing the selling on the wrong page: the thing that closes her is two clicks from where she lands.,"Booking on the homepage: live at midnight, two taps, no phone call.",Treatment menu with prices: stated plainly so nobody has to ring to find out.,Reviews beside the booking button: the proof and the action on one screen.,Membership signup online: recurring revenue that does not need the front desk.,Automated reminders and rebooking: fewer no-shows without anybody chasing.,10000,"$5,000","$18,000",06082026,,,,
E'Lan Vital Medical Spa,,,info@elanvitalmedspa.com,(912) 910-9010,,Med spa,,Savannah,GA,,USA,America/New_York,small,,,,,https://elanvitalmedspa.com,"Reviews and treatment photos do the selling and both sit below a phone number that stops answering at five. No online booking, no prices, and the whole thing was built for a desktop.",,,,,,,cold-outreach,researched,"Subject: your 9pm bookings

Hi [First Name],

Found E'Lan Vital Medical Spa at 9pm on my phone, the way your next client will. The reviews sold me in about forty seconds. Then the only way to book was a phone number and a front desk that shut at five.

That's the sale, right there. She books wherever the button is, and you never find out you lost her.

Treatments priced, bookable in two taps, reviews right beside them.

So here's what I'll do. I'll build E'Lan Vital Medical Spa that homepage. Free. Not a slide, not a proposal — the actual page, designed for your business. Yours to keep whether you hire me or not.

Want it?

[Sender Name]
Bothmade","Subject: E'Lan Vital Medical Spa — built it

Here it is.

Treatments priced, bookable in two taps, reviews doing the closing right beside them. Memberships obvious instead of three pages deep.

Static design, so nothing on it works yet. I'd rather show you the real idea than a fake demo.

One question: would you let a new client book without a consult call first?

[Sender Name]",the reviews do the selling and the booking is a phone number that stops answering at five,"info@ on their own domain — the convention, right most of the time. Phone from a published listing. Worth a check before a big send.","Med spa in Savannah, GA. Researched 6 Aug 2026; email inferred as info@ on their verified domain, phone confirmed on a published listing.",field-run-011;med-spa;GA;convention-email;has-phone,false,,75,,,"no-booking,not-mobile-friendly,outdated-design","No booking after hours: the decision to book happens at nine at night on a phone, and the only way in is a front desk that shut at five.","Treatments with no prices: she has to ring and ask what tox costs, which is the one call a first-timer will not make.",Reviews doing the selling on the wrong page: the thing that closes her is two clicks from where she lands.,"Booking on the homepage: live at midnight, two taps, no phone call.",Treatment menu with prices: stated plainly so nobody has to ring to find out.,Reviews beside the booking button: the proof and the action on one screen.,Membership signup online: recurring revenue that does not need the front desk.,Automated reminders and rebooking: fewer no-shows without anybody chasing.,10000,"$5,000","$18,000",06082026,,,,
Aesthetically Savy Wellness MedSpa,,,info@aestheticallysavy.com,(912) 472-1144,,Med spa,,Savannah,GA,,USA,America/New_York,small,,,,,https://aestheticallysavy.com,"Reviews and treatment photos do the selling and both sit below a phone number that stops answering at five. No online booking, no prices, and the whole thing was built for a desktop.",,,,,,,cold-outreach,researched,"Subject: reviews vs booking button

Hi [First Name],

Your reviews do the selling. I read them on my phone at 9pm in Savannah and I was sold. Then I hit a phone number and office hours.

A booking a night walks that way. Silently. No missed call, no voicemail, nothing to review on Monday.

Treatments priced, bookable in two taps, reviews right beside them.

Here's my offer. I'll design that page for Aesthetically Savy Wellness MedSpa and send it over. No charge, no meeting to get it, no invoice at the end. Keep it either way — I'd rather you saw the work than read about it.

Want me to build it?

[Sender Name]
Bothmade","Subject: Aesthetically Savy Wellness MedSpa — built it

Here it is — Aesthetically Savy Wellness MedSpa, as promised.

Treatments priced, bookable in two taps, reviews doing the closing right beside them. Memberships obvious instead of three pages deep.

Static design, so nothing on it works yet. I'd rather show you the real idea than a fake demo.

One question: would you let a new client book without a consult call first?

[Sender Name]",the reviews do the selling and the booking is a phone number that stops answering at five,"info@ on their own domain — the convention, right most of the time. Phone from a published listing. Worth a check before a big send.","Med spa in Savannah, GA. Researched 6 Aug 2026; email inferred as info@ on their verified domain, phone confirmed on a published listing.",field-run-011;med-spa;GA;convention-email;has-phone,false,,75,,,"no-booking,not-mobile-friendly,outdated-design","No booking after hours: the decision to book happens at nine at night on a phone, and the only way in is a front desk that shut at five.","Treatments with no prices: she has to ring and ask what tox costs, which is the one call a first-timer will not make.",Reviews doing the selling on the wrong page: the thing that closes her is two clicks from where she lands.,"Booking on the homepage: live at midnight, two taps, no phone call.",Treatment menu with prices: stated plainly so nobody has to ring to find out.,Reviews beside the booking button: the proof and the action on one screen.,Membership signup online: recurring revenue that does not need the front desk.,Automated reminders and rebooking: fewer no-shows without anybody chasing.,10000,"$5,000","$18,000",06082026,,,,
Reno Custom Pools,,,info@renocustompools.com,(775) 227-6620,,Pool building,,Reno,NV,,USA,America/Los_Angeles,small,,,,,https://renocustompools.com,"Build gallery buried under service copy. No starting price, so the enquiries are unqualified, and nothing holds the February looker until they buy in May.",,,,,,,cold-outreach,researched,"Subject: what does one like mine cost

Hi [First Name],

Your builds look excellent. I went looking for one like mine and scrolled past sixty that weren't. Then couldn't find a starting number.

So they call whoever showed them a pool like theirs, with a number attached.

Gallery filterable by size, style and budget. A starting number said out loud.

So here's what I'll do. I'll build Reno Custom Pools that homepage. Free. Not a slide, not a proposal — the actual page, designed for your business. Yours to keep whether you hire me or not.

Should I send it over?

[Sender Name]
Bothmade","Subject: built it

Built it. Here.

Builds filterable by size, style and budget band, with a starting range stated plainly and a timeline from signing to swimming.

Static design, so nothing on it works yet. I'd rather show you the real idea than a fake demo.

One question: would you publish a starting price, or does that cost you more than it wins?

[Sender Name]","the gallery cannot be sorted, so nobody finds a build that looks like their own yard","info@ on their own domain — the convention, right most of the time. Phone from a published listing. Worth a check before a big send.","Pool building in Reno, NV. Researched 6 Aug 2026; email inferred as info@ on their verified domain, phone confirmed on a published listing.",field-run-011;pool-building;NV;convention-email;has-phone,false,,75,,,"not-mobile-friendly,outdated-design,weak-branding",The build gallery is what sells and it is buried: nobody buys a pool from a spec list.,No price band anywhere: a homeowner has no idea whether you build forty-thousand pools or hundred-and-forty.,"A season-long sales cycle with nothing to hold the enquiry: they look in February and buy in May, from whoever stayed in front of them.","Build gallery front and centre: full-bleed, phone-first, filterable by style.",A starting price said out loud: so the enquiries you get are ones you want.,Consultation booking online: at the hour people daydream about this.,Design visualiser or 3D walkthrough: the thing that closes the February looker.,Service and maintenance signup: revenue after the build is paid for.,10000,"$5,000","$18,000",06082026,,,,
Robert Allen Pools & Spas,,,info@robertallenpoolsandspas.com,(775) 323-7665,,Pool building,,Reno,NV,,USA,America/Los_Angeles,small,,,,,https://robertallenpoolsandspas.com,"Build gallery buried under service copy. No starting price, so the enquiries are unqualified, and nothing holds the February looker until they buy in May.",,,,,,,cold-outreach,researched,"Subject: your build gallery

Hi [First Name],

Your builds look excellent. I went looking for one like mine and scrolled past sixty that weren't. Then couldn't find a starting number.

So they call whoever showed them a pool like theirs, with a number attached.

Gallery filterable by size, style and budget. A starting number said out loud.

Here's my offer. I'll design that page for Robert Allen Pools & Spas and send it over. No charge, no meeting to get it, no invoice at the end. Keep it either way — I'd rather you saw the work than read about it.

Say yes and it's yours by Friday.

[Sender Name]
Bothmade","Subject: Robert Allen Pools & Spas — built it

Here it is — Robert Allen Pools & Spas, as promised.

Builds filterable by size, style and budget band, with a starting range stated plainly and a timeline from signing to swimming.

Static design, so nothing on it works yet. I'd rather show you the real idea than a fake demo.

One question: would you publish a starting price, or does that cost you more than it wins?

[Sender Name]","the gallery cannot be sorted, so nobody finds a build that looks like their own yard","info@ on their own domain — the convention, right most of the time. Phone from a published listing. Worth a check before a big send.","Pool building in Reno, NV. Researched 6 Aug 2026; email inferred as info@ on their verified domain, phone confirmed on a published listing.",field-run-011;pool-building;NV;convention-email;has-phone,false,,75,,,"not-mobile-friendly,outdated-design,weak-branding",The build gallery is what sells and it is buried: nobody buys a pool from a spec list.,No price band anywhere: a homeowner has no idea whether you build forty-thousand pools or hundred-and-forty.,"A season-long sales cycle with nothing to hold the enquiry: they look in February and buy in May, from whoever stayed in front of them.","Build gallery front and centre: full-bleed, phone-first, filterable by style.",A starting price said out loud: so the enquiries you get are ones you want.,Consultation booking online: at the hour people daydream about this.,Design visualiser or 3D walkthrough: the thing that closes the February looker.,Service and maintenance signup: revenue after the build is paid for.,10000,"$5,000","$18,000",06082026,,,,
Terra Firma Construction,,,info@terrafirmanv.com,(775) 677-1008,,Pool building,,Reno,NV,,USA,America/Los_Angeles,small,,,,,https://terrafirmanv.com,"Build gallery buried under service copy. No starting price, so the enquiries are unqualified, and nothing holds the February looker until they buy in May.",,,,,,,cold-outreach,researched,"Subject: what does one like mine cost

Hi [First Name],

Your builds look excellent. I went looking for one like mine and scrolled past sixty that weren't. Then couldn't find a starting number.

So they call whoever showed them a pool like theirs, with a number attached.

Gallery filterable by size, style and budget. A starting number said out loud.

Here's my offer. I'll design that page for Terra Firma Construction and send it over. No charge, no meeting to get it, no invoice at the end. Keep it either way — I'd rather you saw the work than read about it.

Want me to build it?

[Sender Name]
Bothmade","Subject: Terra Firma Construction — built it

Here it is — Terra Firma Construction, as promised.

Builds filterable by size, style and budget band, with a starting range stated plainly and a timeline from signing to swimming.

Static design, so nothing on it works yet. I'd rather show you the real idea than a fake demo.

One question: would you publish a starting price, or does that cost you more than it wins?

[Sender Name]","the gallery cannot be sorted, so nobody finds a build that looks like their own yard","info@ on their own domain — the convention, right most of the time. Phone from a published listing. Worth a check before a big send.","Pool building in Reno, NV. Researched 6 Aug 2026; email inferred as info@ on their verified domain, phone confirmed on a published listing.",field-run-011;pool-building;NV;convention-email;has-phone,false,,75,,,"not-mobile-friendly,outdated-design,weak-branding",The build gallery is what sells and it is buried: nobody buys a pool from a spec list.,No price band anywhere: a homeowner has no idea whether you build forty-thousand pools or hundred-and-forty.,"A season-long sales cycle with nothing to hold the enquiry: they look in February and buy in May, from whoever stayed in front of them.","Build gallery front and centre: full-bleed, phone-first, filterable by style.",A starting price said out loud: so the enquiries you get are ones you want.,Consultation booking online: at the hour people daydream about this.,Design visualiser or 3D walkthrough: the thing that closes the February looker.,Service and maintenance signup: revenue after the build is paid for.,10000,"$5,000","$18,000",06082026,,,,
Killian Road Dental Care,,,info@killianroaddentalcare.com,(803) 814-0102,,Cosmetic dentistry,,Columbia,SC,,USA,America/New_York,small,,,,,https://killianroaddentalcare.com,"Case work exists and is two menus deep. No price range anywhere, and booking a consult means ringing during office hours — at the moment somebody decides to spend fifteen thousand dollars on their teeth.",,,,,,,cold-outreach,researched,"Subject: one case a month

Hi [First Name],

A smile-makeover patient researches for months, alone, at night, on a phone. I did that to Killian Road Dental Care. Got as far as a phone number and a form.

That's the biggest case of the month deciding not to call you.

Cases first, filterable, a price range said out loud, and a booking that works at 9pm.

I'd like to build it and show you. One homepage, designed for Killian Road Dental Care, free. Not a template with your logo on it. The real thing, and it's yours whether we work together or not.

Want it?

[Sender Name]
Bothmade","Subject: built it

Here it is — Killian Road Dental Care, as promised.

Cases at the top, filterable by treatment. The range stated in real numbers. Booking that doesn't need your front desk awake.

It's a design, not a build — nothing clicks yet. Didn't want to fake a demo.

One thing I'd want your read on: veneers or implants — which pays you better?

[Sender Name]",the cases and the price range are the two things a $15k patient wants and the two hardest things to reach,"info@ on their own domain — the convention, right most of the time. Phone from a published listing. Worth a check before a big send.","Cosmetic dentistry in Columbia, SC. Researched 6 Aug 2026; email inferred as info@ on their verified domain, phone confirmed on a published listing.",field-run-011;cosmetic-dentistry;SC;convention-email;has-phone,false,,75,,,"no-booking,not-mobile-friendly,outdated-design","Case work buried: a smile-makeover patient researches for months alone at night, and the before-and-afters are two menus deep.",No price range anywhere: the biggest case of the month wants a number before they will pick up the phone.,Booking that needs the front desk awake: the consult request that would have come in at nine at night never comes in at all.,"Case gallery up front: filterable by treatment, sized for a phone.","A price range said out loud: in real numbers, with financing mentioned before they ask.",Consult booking on the same screen: not behind a form that goes to an inbox.,Financing pre-qualification: the objection handled before the call.,"Automated recall and reactivation: the patients you already have, coming back.",12000,"$6,000","$22,000",06082026,,,,
Northern Landscaping Services,,,info@fortcollinslandscapeservice.com,(970) 305-3514,,Landscape design build,,Fort Collins,CO,,USA,America/Denver,small,,,,,https://fortcollinslandscapeservice.com,"Portfolio images are too small and too slow to do six-figure work justice. No project budget bands, and a plain contact form as the only way to start.",,,,,,,cold-outreach,researched,"Subject: the inquiry that arrives vague

Hi [First Name],

Went through Northern Landscaping Services' work the way a homeowner commissioning a garden does. It's beautiful. It's also one long scroll — no way to narrow by style, scale or budget, and nothing about what design costs.

And the inquiries that land are vague, so the first call is about scope instead of the garden.

Projects filterable by style, scale and budget. The design process spelled out so the brief arrives specific.

Let me build it for you. A real homepage for Northern Landscaping Services, on me, before we ever talk money. If it's good you'll know in ten seconds. If it isn't, you've lost nothing.

Want it?

[Sender Name]
Bothmade","Subject: here it is

Here it is — Northern Landscaping Services, as promised.

Projects filterable by style, scale and budget band, with the design process spelled out — so the brief that reaches you already knows what it's asking for.

It's a design, not a build — nothing clicks yet. Didn't want to fake a demo.

One question: would publishing a design fee range help you or cost you?

[Sender Name]","design-led buyers choose from images and yours cannot be narrowed by style, scale or budget","info@ on their own domain — the convention, right most of the time. Phone from a published listing. Worth a check before a big send.","Landscape design build in Fort Collins, CO. Researched 6 Aug 2026; email inferred as info@ on their verified domain, phone confirmed on a published listing.",field-run-011;landscape-design-build;CO;convention-email;has-phone,false,,75,,,"not-mobile-friendly,outdated-design,weak-branding",The portfolio does not look like the work: high-end landscape is bought on images and the images are small and slow.,No project budget guidance: the difference between a planting plan and a full build is fifty thousand dollars and the site says neither.,No way to start a conversation properly: a contact form for a six-figure project.,"Portfolio that does the work justice: large, fast, phone-first, by project type.",Project budget bands stated: so the enquiries match the work you want.,Consultation booking with the right questions asked up front.,Design package sold online: a paid first step that qualifies hard.,Maintenance contracts online: recurring revenue off the builds you already did.,9000,"$5,000","$16,000",06082026,,,,
Bath Landscape Design,,,info@bathlandscapedesign.com,(970) 488-1707,,Landscape design build,,Fort Collins,CO,,USA,America/Denver,small,,,,,https://bathlandscapedesign.com,"Portfolio images are too small and too slow to do six-figure work justice. No project budget bands, and a plain contact form as the only way to start.",,,,,,,cold-outreach,researched,"Subject: design fee, unsaid

Hi [First Name],

Went through Bath Landscape Design's work the way a homeowner commissioning a garden does. It's beautiful. It's also one long scroll — no way to narrow by style, scale or budget, and nothing about what design costs.

And the inquiries that land are vague, so the first call is about scope instead of the garden.

Projects filterable by style, scale and budget. The design process spelled out so the brief arrives specific.

I'd like to build it and show you. One homepage, designed for Bath Landscape Design, free. Not a template with your logo on it. The real thing, and it's yours whether we work together or not.

Worth a look? One word back and I'll start.

[Sender Name]
Bothmade","Subject: built it

Built it. Here.

Projects filterable by style, scale and budget band, with the design process spelled out — so the brief that reaches you already knows what it's asking for.

It's a design, not a build — nothing clicks yet. Didn't want to fake a demo.

One question: would publishing a design fee range help you or cost you?

[Sender Name]","design-led buyers choose from images and yours cannot be narrowed by style, scale or budget","info@ on their own domain — the convention, right most of the time. Phone from a published listing. Worth a check before a big send.","Landscape design build in Fort Collins, CO. Researched 6 Aug 2026; email inferred as info@ on their verified domain, phone confirmed on a published listing.",field-run-011;landscape-design-build;CO;convention-email;has-phone,false,,75,,,"not-mobile-friendly,outdated-design,weak-branding",The portfolio does not look like the work: high-end landscape is bought on images and the images are small and slow.,No project budget guidance: the difference between a planting plan and a full build is fifty thousand dollars and the site says neither.,No way to start a conversation properly: a contact form for a six-figure project.,"Portfolio that does the work justice: large, fast, phone-first, by project type.",Project budget bands stated: so the enquiries match the work you want.,Consultation booking with the right questions asked up front.,Design package sold online: a paid first step that qualifies hard.,Maintenance contracts online: recurring revenue off the builds you already did.,9000,"$5,000","$16,000",06082026,,,,
Garden Art Landscaping,,,info@gardenartfortcollins.com,(970) 490-6168,,Landscape design build,,Fort Collins,CO,,USA,America/Denver,small,,,,,https://gardenartfortcollins.com,"Portfolio images are too small and too slow to do six-figure work justice. No project budget bands, and a plain contact form as the only way to start.",,,,,,,cold-outreach,researched,"Subject: design fee, unsaid

Hi [First Name],

Went through Garden Art Landscaping's work the way a homeowner commissioning a garden does. It's beautiful. It's also one long scroll — no way to narrow by style, scale or budget, and nothing about what design costs.

And the inquiries that land are vague, so the first call is about scope instead of the garden.

Projects filterable by style, scale and budget. The design process spelled out so the brief arrives specific.

I'd like to build it and show you. One homepage, designed for Garden Art Landscaping, free. Not a template with your logo on it. The real thing, and it's yours whether we work together or not.

Want me to build it?

[Sender Name]
Bothmade","Subject: here it is

Here it is.

Projects filterable by style, scale and budget band, with the design process spelled out — so the brief that reaches you already knows what it's asking for.

It's a design, not a build — nothing clicks yet. Didn't want to fake a demo.

One question: would publishing a design fee range help you or cost you?

[Sender Name]","design-led buyers choose from images and yours cannot be narrowed by style, scale or budget","info@ on their own domain — the convention, right most of the time. Phone from a published listing. Worth a check before a big send.","Landscape design build in Fort Collins, CO. Researched 6 Aug 2026; email inferred as info@ on their verified domain, phone confirmed on a published listing.",field-run-011;landscape-design-build;CO;convention-email;has-phone,false,,75,,,"not-mobile-friendly,outdated-design,weak-branding",The portfolio does not look like the work: high-end landscape is bought on images and the images are small and slow.,No project budget guidance: the difference between a planting plan and a full build is fifty thousand dollars and the site says neither.,No way to start a conversation properly: a contact form for a six-figure project.,"Portfolio that does the work justice: large, fast, phone-first, by project type.",Project budget bands stated: so the enquiries match the work you want.,Consultation booking with the right questions asked up front.,Design package sold online: a paid first step that qualifies hard.,Maintenance contracts online: recurring revenue off the builds you already did.,9000,"$5,000","$16,000",06082026,,,,
Linden Leaf Landscapes,,,info@lindenleaflandscapes.com,(970) 232-8892,,Landscape design build,,Fort Collins,CO,,USA,America/Denver,small,,,,,https://lindenleaflandscapes.com,"Portfolio images are too small and too slow to do six-figure work justice. No project budget bands, and a plain contact form as the only way to start.",,,,,,,cold-outreach,researched,"Subject: the inquiry that arrives vague

Hi [First Name],

Went through Linden Leaf Landscapes' work the way a homeowner commissioning a garden does. It's beautiful. It's also one long scroll — no way to narrow by style, scale or budget, and nothing about what design costs.

And the inquiries that land are vague, so the first call is about scope instead of the garden.

Projects filterable by style, scale and budget. The design process spelled out so the brief arrives specific.

I'd like to build it and show you. One homepage, designed for Linden Leaf Landscapes, free. Not a template with your logo on it. The real thing, and it's yours whether we work together or not.

Say yes and it's yours by Friday.

[Sender Name]
Bothmade","Subject: Linden Leaf Landscapes — built it

Built it. Here.

Projects filterable by style, scale and budget band, with the design process spelled out — so the brief that reaches you already knows what it's asking for.

It's a design, not a build — nothing clicks yet. Didn't want to fake a demo.

One question: would publishing a design fee range help you or cost you?

[Sender Name]","design-led buyers choose from images and yours cannot be narrowed by style, scale or budget","info@ on their own domain — the convention, right most of the time. Phone from a published listing. Worth a check before a big send.","Landscape design build in Fort Collins, CO. Researched 6 Aug 2026; email inferred as info@ on their verified domain, phone confirmed on a published listing.",field-run-011;landscape-design-build;CO;convention-email;has-phone,false,,75,,,"not-mobile-friendly,outdated-design,weak-branding",The portfolio does not look like the work: high-end landscape is bought on images and the images are small and slow.,No project budget guidance: the difference between a planting plan and a full build is fifty thousand dollars and the site says neither.,No way to start a conversation properly: a contact form for a six-figure project.,"Portfolio that does the work justice: large, fast, phone-first, by project type.",Project budget bands stated: so the enquiries match the work you want.,Consultation booking with the right questions asked up front.,Design package sold online: a paid first step that qualifies hard.,Maintenance contracts online: recurring revenue off the builds you already did.,9000,"$5,000","$16,000",06082026,,,,
Zak George Landscaping,,,info@zakgeorgelandscaping.com,(970) 519-2153,,Landscape design build,,Fort Collins,CO,,USA,America/Denver,small,,,,,https://zakgeorgelandscaping.com,"Portfolio images are too small and too slow to do six-figure work justice. No project budget bands, and a plain contact form as the only way to start.",,,,,,,cold-outreach,researched,"Subject: the inquiry that arrives vague

Hi [First Name],

Your gardens are genuinely good. A design-led client chooses from images and yours can't be narrowed, so they never find the one that looks like their lot.

So the client who wanted exactly what you do never works out that you do it.

Projects filterable by style, scale and budget. The design process spelled out so the brief arrives specific.

So here's what I'll do. I'll build Zak George Landscaping that homepage. Free. Not a slide, not a proposal — the actual page, designed for your business. Yours to keep whether you hire me or not.

Want me to build it?

[Sender Name]
Bothmade","Subject: built it

Built it. Here.

Projects filterable by style, scale and budget band, with the design process spelled out — so the brief that reaches you already knows what it's asking for.

Static design, so nothing on it works yet. I'd rather show you the real idea than a fake demo.

One question: would publishing a design fee range help you or cost you?

[Sender Name]","design-led buyers choose from images and yours cannot be narrowed by style, scale or budget","info@ on their own domain — the convention, right most of the time. Phone from a published listing. Worth a check before a big send.","Landscape design build in Fort Collins, CO. Researched 6 Aug 2026; email inferred as info@ on their verified domain, phone confirmed on a published listing.",field-run-011;landscape-design-build;CO;convention-email;has-phone,false,,75,,,"not-mobile-friendly,outdated-design,weak-branding",The portfolio does not look like the work: high-end landscape is bought on images and the images are small and slow.,No project budget guidance: the difference between a planting plan and a full build is fifty thousand dollars and the site says neither.,No way to start a conversation properly: a contact form for a six-figure project.,"Portfolio that does the work justice: large, fast, phone-first, by project type.",Project budget bands stated: so the enquiries match the work you want.,Consultation booking with the right questions asked up front.,Design package sold online: a paid first step that qualifies hard.,Maintenance contracts online: recurring revenue off the builds you already did.,9000,"$5,000","$16,000",06082026,,,,
Classic Kitchens of Virginia,,,info@classickitchensofva.com,(804) 784-5075,,Kitchen and bath remodeling,,Richmond,VA,,USA,America/New_York,small,,,,,https://classickitchensofva.com,"Before-and-afters are the pitch and they are hard to reach on a phone. No budget guidance at all, so every enquiry opens with a conversation about whether they can afford you.",,,,,,,cold-outreach,researched,"Subject: the tire-kicker problem

Hi [First Name],

Looked at Classic Kitchens of Virginia the way a homeowner with a sixty-thousand-dollar kitchen in mind does. Your finished work is good. There was no way to find a kitchen like mine, and no way to tell you what my job actually is.

That's a $60k kitchen going to the company whose site made it feel easy.

Projects filterable by room, style and budget. A form that asks about the job, so it arrives ready to quote.

I'd like to build it and show you. One homepage, designed for Classic Kitchens of Virginia, free. Not a template with your logo on it. The real thing, and it's yours whether we work together or not.

Want it?

[Sender Name]
Bothmade","Subject: built it

Built it. Here.

Before-and-afters filterable by room, style and budget band. The inquiry asks about the room, the scope and the timing — so it lands ready to quote instead of ready to interview.

It's a design, not a build — nothing clicks yet. Didn't want to fake a demo.

One question: what do you wish every inquiry told you before you called them back?

[Sender Name]",before-and-afters are what sell this and they sit in a gallery nobody can filter,"info@ on their own domain — the convention, right most of the time. Phone from a published listing. Worth a check before a big send.","Kitchen and bath remodeling in Richmond, VA. Researched 6 Aug 2026; email inferred as info@ on their verified domain, phone confirmed on a published listing.",field-run-011;kitchen-and-bath-remodeling;VA;convention-email;has-phone,false,,75,,,"not-mobile-friendly,outdated-design,no-booking",Before-and-afters are the whole pitch and they are hard to reach: a remodel is bought with the eyes.,No budget guidance at all: every enquiry starts with a conversation about whether they can afford you.,No way to book a consultation: the form goes to an inbox and the momentum dies over the weekend.,"Before-and-after galleries by room: sized for a phone, quick to scroll.","Budget ranges stated: typical spend for a kitchen and for a bath, plainly.",Consultation booking online: while they are still looking at the photos.,"Design questionnaire before the visit: a shorter, better first meeting.",Financing pre-qualification: the objection handled before you drive out there.,8500,"$4,000","$15,000",06082026,,,,
R.J. Tilley,,,info@rjtilley.com,(804) 979-2525,,Kitchen and bath remodeling,,Richmond,VA,,USA,America/New_York,small,,,,,https://rjtilley.com,"Before-and-afters are the pitch and they are hard to reach on a phone. No budget guidance at all, so every enquiry opens with a conversation about whether they can afford you.",,,,,,,cold-outreach,researched,"Subject: quoting jobs that were never real

Hi [First Name],

Looked at R.J. Tilley the way a homeowner with a sixty-thousand-dollar kitchen in mind does. Your finished work is good. There was no way to find a kitchen like mine, and no way to tell you what my job actually is.

That's a $60k kitchen going to the company whose site made it feel easy.

Projects filterable by room, style and budget. A form that asks about the job, so it arrives ready to quote.

Let me build it for you. A real homepage for R.J. Tilley, on me, before we ever talk money. If it's good you'll know in ten seconds. If it isn't, you've lost nothing.

Worth a look? One word back and I'll start.

[Sender Name]
Bothmade","Subject: built it

Built it. Here.

Before-and-afters filterable by room, style and budget band. The inquiry asks about the room, the scope and the timing — so it lands ready to quote instead of ready to interview.

It's a design, not a build — nothing clicks yet. Didn't want to fake a demo.

One question: what do you wish every inquiry told you before you called them back?

[Sender Name]",before-and-afters are what sell this and they sit in a gallery nobody can filter,"info@ on their own domain — the convention, right most of the time. Phone from a published listing. Worth a check before a big send.","Kitchen and bath remodeling in Richmond, VA. Researched 6 Aug 2026; email inferred as info@ on their verified domain, phone confirmed on a published listing.",field-run-011;kitchen-and-bath-remodeling;VA;convention-email;has-phone,false,,75,,,"not-mobile-friendly,outdated-design,no-booking",Before-and-afters are the whole pitch and they are hard to reach: a remodel is bought with the eyes.,No budget guidance at all: every enquiry starts with a conversation about whether they can afford you.,No way to book a consultation: the form goes to an inbox and the momentum dies over the weekend.,"Before-and-after galleries by room: sized for a phone, quick to scroll.","Budget ranges stated: typical spend for a kitchen and for a bath, plainly.",Consultation booking online: while they are still looking at the photos.,"Design questionnaire before the visit: a shorter, better first meeting.",Financing pre-qualification: the objection handled before you drive out there.,8500,"$4,000","$15,000",06082026,,,,
Classic Construction,,,info@classicconstructionext.com,(804) 794-5690,,Kitchen and bath remodeling,,Richmond,VA,,USA,America/New_York,small,,,,,https://classicconstructionext.com,"Before-and-afters are the pitch and they are hard to reach on a phone. No budget guidance at all, so every enquiry opens with a conversation about whether they can afford you.",,,,,,,cold-outreach,researched,"Subject: the tire-kicker problem

Hi [First Name],

Looked at Classic Construction the way a homeowner with a sixty-thousand-dollar kitchen in mind does. Your finished work is good. There was no way to find a kitchen like mine, and no way to tell you what my job actually is.

That's a $60k kitchen going to the company whose site made it feel easy.

Projects filterable by room, style and budget. A form that asks about the job, so it arrives ready to quote.

Let me build it for you. A real homepage for Classic Construction, on me, before we ever talk money. If it's good you'll know in ten seconds. If it isn't, you've lost nothing.

Should I send it over?

[Sender Name]
Bothmade","Subject: Classic Construction — built it

Here it is — Classic Construction, as promised.

Before-and-afters filterable by room, style and budget band. The inquiry asks about the room, the scope and the timing — so it lands ready to quote instead of ready to interview.

It's a design, not a build — nothing clicks yet. Didn't want to fake a demo.

One question: what do you wish every inquiry told you before you called them back?

[Sender Name]",before-and-afters are what sell this and they sit in a gallery nobody can filter,"info@ on their own domain — the convention, right most of the time. Phone from a published listing. Worth a check before a big send.","Kitchen and bath remodeling in Richmond, VA. Researched 6 Aug 2026; email inferred as info@ on their verified domain, phone confirmed on a published listing.",field-run-011;kitchen-and-bath-remodeling;VA;convention-email;has-phone,false,,75,,,"not-mobile-friendly,outdated-design,no-booking",Before-and-afters are the whole pitch and they are hard to reach: a remodel is bought with the eyes.,No budget guidance at all: every enquiry starts with a conversation about whether they can afford you.,No way to book a consultation: the form goes to an inbox and the momentum dies over the weekend.,"Before-and-after galleries by room: sized for a phone, quick to scroll.","Budget ranges stated: typical spend for a kitchen and for a bath, plainly.",Consultation booking online: while they are still looking at the photos.,"Design questionnaire before the visit: a shorter, better first meeting.",Financing pre-qualification: the objection handled before you drive out there.,8500,"$4,000","$15,000",06082026,,,,
Wright Plastic Surgery & Med Spa,,,info@drwrightplasticsurgery.com,(501) 575-0088,,Med spa,,Little Rock,AR,,USA,America/Chicago,small,,,,,https://drwrightplasticsurgery.com,"Reviews and treatment photos do the selling and both sit below a phone number that stops answering at five. No online booking, no prices, and the whole thing was built for a desktop.",,,,,,,cold-outreach,researched,"Subject: the booking you lost last night

Hi [First Name],

Looked you up the way a new client does — evening, phone, already decided she wants tox, just picking where. Wright Plastic Surgery & Med Spa won on reviews. Then booking meant calling in the morning.

That's the sale, right there. She books wherever the button is, and you never find out you lost her.

Booking belongs on the homepage, next to the reviews, working at midnight.

Let me build it for you. A real homepage for Wright Plastic Surgery & Med Spa, on me, before we ever talk money. If it's good you'll know in ten seconds. If it isn't, you've lost nothing.

Want me to build it?

[Sender Name]
Bothmade","Subject: here it is

Here it is.

Booking sits on the homepage next to your reviews. Two taps to Thursday at six. That's the part your site can't do tonight.

It's a design, not a build — nothing clicks yet. Didn't want to fake a demo.

One thing I'd want your answer on: is membership what you'd push hardest here, or first-visit tox?

[Sender Name]",the reviews do the selling and the booking is a phone number that stops answering at five,"info@ on their own domain — the convention, right most of the time. Phone from a published listing. Worth a check before a big send.","Med spa in Little Rock, AR. Researched 6 Aug 2026; email inferred as info@ on their verified domain, phone confirmed on a published listing.",field-run-011;med-spa;AR;convention-email;has-phone,false,,75,,,"no-booking,not-mobile-friendly,outdated-design","No booking after hours: the decision to book happens at nine at night on a phone, and the only way in is a front desk that shut at five.","Treatments with no prices: she has to ring and ask what tox costs, which is the one call a first-timer will not make.",Reviews doing the selling on the wrong page: the thing that closes her is two clicks from where she lands.,"Booking on the homepage: live at midnight, two taps, no phone call.",Treatment menu with prices: stated plainly so nobody has to ring to find out.,Reviews beside the booking button: the proof and the action on one screen.,Membership signup online: recurring revenue that does not need the front desk.,Automated reminders and rebooking: fewer no-shows without anybody chasing.,10000,"$5,000","$18,000",06082026,,,,
Exhale Med Spa,,,info@littlerockcosmeticsurgery.com,(501) 227-0707,,Med spa,,Little Rock,AR,,USA,America/Chicago,small,,,,,https://littlerockcosmeticsurgery.com,"Reviews and treatment photos do the selling and both sit below a phone number that stops answering at five. No online booking, no prices, and the whole thing was built for a desktop.",,,,,,,cold-outreach,researched,"Subject: reviews vs booking button

Hi [First Name],

Your reviews do the selling. I read them on my phone at 9pm in Little Rock and I was sold. Then I hit a phone number and office hours.

A booking a night walks that way. Silently. No missed call, no voicemail, nothing to review on Monday.

Treatments priced, bookable in two taps, reviews right beside them.

Here's my offer. I'll design that page for Exhale Med Spa and send it over. No charge, no meeting to get it, no invoice at the end. Keep it either way — I'd rather you saw the work than read about it.

Should I send it over?

[Sender Name]
Bothmade","Subject: here it is

Here it is — Exhale Med Spa, as promised.

Treatments priced, bookable in two taps, reviews doing the closing right beside them. Memberships obvious instead of three pages deep.

Static design, so nothing on it works yet. I'd rather show you the real idea than a fake demo.

One question: would you let a new client book without a consult call first?

[Sender Name]",the reviews do the selling and the booking is a phone number that stops answering at five,"info@ on their own domain — the convention, right most of the time. Phone from a published listing. Worth a check before a big send.","Med spa in Little Rock, AR. Researched 6 Aug 2026; email inferred as info@ on their verified domain, phone confirmed on a published listing.",field-run-011;med-spa;AR;convention-email;has-phone,false,,75,,,"no-booking,not-mobile-friendly,outdated-design","No booking after hours: the decision to book happens at nine at night on a phone, and the only way in is a front desk that shut at five.","Treatments with no prices: she has to ring and ask what tox costs, which is the one call a first-timer will not make.",Reviews doing the selling on the wrong page: the thing that closes her is two clicks from where she lands.,"Booking on the homepage: live at midnight, two taps, no phone call.",Treatment menu with prices: stated plainly so nobody has to ring to find out.,Reviews beside the booking button: the proof and the action on one screen.,Membership signup online: recurring revenue that does not need the front desk.,Automated reminders and rebooking: fewer no-shows without anybody chasing.,10000,"$5,000","$18,000",06082026,,,,
Fishel Pools,,,info@fishelpools.com,(417) 886-6699,,Pool building,,Springfield,MO,,USA,America/Chicago,small,,,,,https://fishelpools.com,"Build gallery buried under service copy. No starting price, so the enquiries are unqualified, and nothing holds the February looker until they buy in May.",,,,,,,cold-outreach,researched,"Subject: what does one like mine cost

Hi [First Name],

Looked at Fishel Pools the way a homeowner in Springfield does — trying to find a build that looks like my backyard, at roughly my number. One long scroll, no way to narrow it, no price anywhere.

That's a ninety-thousand-dollar build going to the company that answered the money question first.

Gallery filterable by size, style and budget. A starting number said out loud.

I'd like to build it and show you. One homepage, designed for Fishel Pools, free. Not a template with your logo on it. The real thing, and it's yours whether we work together or not.

Should I send it over?

[Sender Name]
Bothmade","Subject: here it is

Here it is — Fishel Pools, as promised.

Builds filterable by size, style and budget band, with a starting range stated plainly and a timeline from signing to swimming.

It's a design, not a build — nothing clicks yet. Didn't want to fake a demo.

One question: would you publish a starting price, or does that cost you more than it wins?

[Sender Name]","the gallery cannot be sorted, so nobody finds a build that looks like their own yard","info@ on their own domain — the convention, right most of the time. Phone from a published listing. Worth a check before a big send.","Pool building in Springfield, MO. Researched 6 Aug 2026; email inferred as info@ on their verified domain, phone confirmed on a published listing.",field-run-011;pool-building;MO;convention-email;has-phone,false,,75,,,"not-mobile-friendly,outdated-design,weak-branding",The build gallery is what sells and it is buried: nobody buys a pool from a spec list.,No price band anywhere: a homeowner has no idea whether you build forty-thousand pools or hundred-and-forty.,"A season-long sales cycle with nothing to hold the enquiry: they look in February and buy in May, from whoever stayed in front of them.","Build gallery front and centre: full-bleed, phone-first, filterable by style.",A starting price said out loud: so the enquiries you get are ones you want.,Consultation booking online: at the hour people daydream about this.,Design visualiser or 3D walkthrough: the thing that closes the February looker.,Service and maintenance signup: revenue after the build is paid for.,10000,"$5,000","$18,000",06082026,,,,
Creative Pool Concepts,,,info@creativepoolconcepts.com,(417) 360-1776,,Pool building,,Springfield,MO,,USA,America/Chicago,small,,,,,https://creativepoolconcepts.com,"Build gallery buried under service copy. No starting price, so the enquiries are unqualified, and nothing holds the February looker until they buy in May.",,,,,,,cold-outreach,researched,"Subject: your build gallery

Hi [First Name],

Looked at Creative Pool Concepts the way a homeowner in Springfield does — trying to find a build that looks like my backyard, at roughly my number. One long scroll, no way to narrow it, no price anywhere.

That's a ninety-thousand-dollar build going to the company that answered the money question first.

Gallery filterable by size, style and budget. A starting number said out loud.

Let me build it for you. A real homepage for Creative Pool Concepts, on me, before we ever talk money. If it's good you'll know in ten seconds. If it isn't, you've lost nothing.

Want me to build it?

[Sender Name]
Bothmade","Subject: here it is

Built it. Here.

Builds filterable by size, style and budget band, with a starting range stated plainly and a timeline from signing to swimming.

It's a design, not a build — nothing clicks yet. Didn't want to fake a demo.

One question: would you publish a starting price, or does that cost you more than it wins?

[Sender Name]","the gallery cannot be sorted, so nobody finds a build that looks like their own yard","info@ on their own domain — the convention, right most of the time. Phone from a published listing. Worth a check before a big send.","Pool building in Springfield, MO. Researched 6 Aug 2026; email inferred as info@ on their verified domain, phone confirmed on a published listing.",field-run-011;pool-building;MO;convention-email;has-phone,false,,75,,,"not-mobile-friendly,outdated-design,weak-branding",The build gallery is what sells and it is buried: nobody buys a pool from a spec list.,No price band anywhere: a homeowner has no idea whether you build forty-thousand pools or hundred-and-forty.,"A season-long sales cycle with nothing to hold the enquiry: they look in February and buy in May, from whoever stayed in front of them.","Build gallery front and centre: full-bleed, phone-first, filterable by style.",A starting price said out loud: so the enquiries you get are ones you want.,Consultation booking online: at the hour people daydream about this.,Design visualiser or 3D walkthrough: the thing that closes the February looker.,Service and maintenance signup: revenue after the build is paid for.,10000,"$5,000","$18,000",06082026,,,,
Syracuse Bathrooms,,,info@syracusebathrooms.com,(315) 288-6482,,Kitchen and bath remodeling,,Syracuse,NY,,USA,America/New_York,small,,,,,https://syracusebathrooms.com,"Before-and-afters are the pitch and they are hard to reach on a phone. No budget guidance at all, so every enquiry opens with a conversation about whether they can afford you.",,,,,,,cold-outreach,researched,"Subject: quoting jobs that were never real

Hi [First Name],

Looked at Syracuse Bathrooms the way a homeowner with a sixty-thousand-dollar kitchen in mind does. Your finished work is good. There was no way to find a kitchen like mine, and no way to tell you what my job actually is.

That's a $60k kitchen going to the company whose site made it feel easy.

Projects filterable by room, style and budget. A form that asks about the job, so it arrives ready to quote.

Let me build it for you. A real homepage for Syracuse Bathrooms, on me, before we ever talk money. If it's good you'll know in ten seconds. If it isn't, you've lost nothing.

Should I send it over?

[Sender Name]
Bothmade","Subject: Syracuse Bathrooms — built it

Here it is.

Before-and-afters filterable by room, style and budget band. The inquiry asks about the room, the scope and the timing — so it lands ready to quote instead of ready to interview.

It's a design, not a build — nothing clicks yet. Didn't want to fake a demo.

One question: what do you wish every inquiry told you before you called them back?

[Sender Name]",before-and-afters are what sell this and they sit in a gallery nobody can filter,"info@ on their own domain — the convention, right most of the time. Phone from a published listing. Worth a check before a big send.","Kitchen and bath remodeling in Syracuse, NY. Researched 6 Aug 2026; email inferred as info@ on their verified domain, phone confirmed on a published listing.",field-run-011;kitchen-and-bath-remodeling;NY;convention-email;has-phone,false,,75,,,"not-mobile-friendly,outdated-design,no-booking",Before-and-afters are the whole pitch and they are hard to reach: a remodel is bought with the eyes.,No budget guidance at all: every enquiry starts with a conversation about whether they can afford you.,No way to book a consultation: the form goes to an inbox and the momentum dies over the weekend.,"Before-and-after galleries by room: sized for a phone, quick to scroll.","Budget ranges stated: typical spend for a kitchen and for a bath, plainly.",Consultation booking online: while they are still looking at the photos.,"Design questionnaire before the visit: a shorter, better first meeting.",Financing pre-qualification: the objection handled before you drive out there.,8500,"$4,000","$15,000",06082026,,,,
CRG Remodeling,,,info@housebliss.net,(315) 420-0321,,Kitchen and bath remodeling,,Syracuse,NY,,USA,America/New_York,small,,,,,https://housebliss.net,"Before-and-afters are the pitch and they are hard to reach on a phone. No budget guidance at all, so every enquiry opens with a conversation about whether they can afford you.",,,,,,,cold-outreach,researched,"Subject: quoting jobs that were never real

Hi [First Name],

Looked at CRG Remodeling the way a homeowner with a sixty-thousand-dollar kitchen in mind does. Your finished work is good. There was no way to find a kitchen like mine, and no way to tell you what my job actually is.

That's a $60k kitchen going to the company whose site made it feel easy.

Projects filterable by room, style and budget. A form that asks about the job, so it arrives ready to quote.

I'd like to build it and show you. One homepage, designed for CRG Remodeling, free. Not a template with your logo on it. The real thing, and it's yours whether we work together or not.

Want it?

[Sender Name]
Bothmade","Subject: here it is

Here it is.

Before-and-afters filterable by room, style and budget band. The inquiry asks about the room, the scope and the timing — so it lands ready to quote instead of ready to interview.

It's a design, not a build — nothing clicks yet. Didn't want to fake a demo.

One question: what do you wish every inquiry told you before you called them back?

[Sender Name]",before-and-afters are what sell this and they sit in a gallery nobody can filter,"info@ on their own domain — the convention, right most of the time. Phone from a published listing. Worth a check before a big send.","Kitchen and bath remodeling in Syracuse, NY. Researched 6 Aug 2026; email inferred as info@ on their verified domain, phone confirmed on a published listing.",field-run-011;kitchen-and-bath-remodeling;NY;convention-email;has-phone,false,,75,,,"not-mobile-friendly,outdated-design,no-booking",Before-and-afters are the whole pitch and they are hard to reach: a remodel is bought with the eyes.,No budget guidance at all: every enquiry starts with a conversation about whether they can afford you.,No way to book a consultation: the form goes to an inbox and the momentum dies over the weekend.,"Before-and-after galleries by room: sized for a phone, quick to scroll.","Budget ranges stated: typical spend for a kitchen and for a bath, plainly.",Consultation booking online: while they are still looking at the photos.,"Design questionnaire before the visit: a shorter, better first meeting.",Financing pre-qualification: the objection handled before you drive out there.,8500,"$4,000","$15,000",06082026,,,,
Noblet Cosmetic & Family Dentistry,,,info@nobletdentistry.com,(251) 342-5323,,Cosmetic dentistry,,Mobile,AL,,USA,America/Chicago,small,,,,,https://nobletdentistry.com,"Case work exists and is two menus deep. No price range anywhere, and booking a consult means ringing during office hours — at the moment somebody decides to spend fifteen thousand dollars on their teeth.",,,,,,,cold-outreach,researched,"Subject: one case a month

Hi [First Name],

Went looking for veneers in Mobile the way a patient does. Nine at night, on a phone, three years of putting it off. Found Noblet Cosmetic & Family Dentistry. Couldn't find a case that looked like mine, couldn't find a price, couldn't book.

One case a month lost that way costs more than a website. Several times over.

Cases first, filterable, a price range said out loud, and a booking that works at 9pm.

I'd like to build it and show you. One homepage, designed for Noblet Cosmetic & Family Dentistry, free. Not a template with your logo on it. The real thing, and it's yours whether we work together or not.

Should I send it over?

[Sender Name]
Bothmade","Subject: built it

Here it is — Noblet Cosmetic & Family Dentistry, as promised.

Cases at the top, filterable by treatment. The range stated in real numbers. Booking that doesn't need your front desk awake.

It's a design, not a build — nothing clicks yet. Didn't want to fake a demo.

One thing I'd want your read on: veneers or implants — which pays you better?

[Sender Name]",the cases and the price range are the two things a $15k patient wants and the two hardest things to reach,"info@ on their own domain — the convention, right most of the time. Phone from a published listing. Worth a check before a big send.","Cosmetic dentistry in Mobile, AL. Researched 6 Aug 2026; email inferred as info@ on their verified domain, phone confirmed on a published listing.",field-run-011;cosmetic-dentistry;AL;convention-email;has-phone,false,,75,,,"no-booking,not-mobile-friendly,outdated-design","Case work buried: a smile-makeover patient researches for months alone at night, and the before-and-afters are two menus deep.",No price range anywhere: the biggest case of the month wants a number before they will pick up the phone.,Booking that needs the front desk awake: the consult request that would have come in at nine at night never comes in at all.,"Case gallery up front: filterable by treatment, sized for a phone.","A price range said out loud: in real numbers, with financing mentioned before they ask.",Consult booking on the same screen: not behind a form that goes to an inbox.,Financing pre-qualification: the objection handled before the call.,"Automated recall and reactivation: the patients you already have, coming back.",12000,"$6,000","$22,000",06082026,,,,
Spring Hill Dental Health Center,,,info@alabama-dentist.com,(251) 343-1521,,Cosmetic dentistry,,Mobile,AL,,USA,America/Chicago,small,,,,,https://alabama-dentist.com,"Case work exists and is two menus deep. No price range anywhere, and booking a consult means ringing during office hours — at the moment somebody decides to spend fifteen thousand dollars on their teeth.",,,,,,,cold-outreach,researched,"Subject: the $15k case that didn't call

Hi [First Name],

A smile-makeover patient researches for months, alone, at night, on a phone. I did that to Spring Hill Dental Health Center. Got as far as a phone number and a form.

That's the biggest case of the month deciding not to call you.

Cases first, filterable, a price range said out loud, and a booking that works at 9pm.

Let me build it for you. A real homepage for Spring Hill Dental Health Center, on me, before we ever talk money. If it's good you'll know in ten seconds. If it isn't, you've lost nothing.

Worth a look? One word back and I'll start.

[Sender Name]
Bothmade","Subject: Spring Hill Dental Health Center — built it

Built it. Here.

Cases at the top, filterable by treatment. The range stated in real numbers. Booking that doesn't need your front desk awake.

It's a design, not a build — nothing clicks yet. Didn't want to fake a demo.

One thing I'd want your read on: veneers or implants — which pays you better?

[Sender Name]",the cases and the price range are the two things a $15k patient wants and the two hardest things to reach,"info@ on their own domain — the convention, right most of the time. Phone from a published listing. Worth a check before a big send.","Cosmetic dentistry in Mobile, AL. Researched 6 Aug 2026; email inferred as info@ on their verified domain, phone confirmed on a published listing.",field-run-011;cosmetic-dentistry;AL;convention-email;has-phone,false,,75,,,"no-booking,not-mobile-friendly,outdated-design","Case work buried: a smile-makeover patient researches for months alone at night, and the before-and-afters are two menus deep.",No price range anywhere: the biggest case of the month wants a number before they will pick up the phone.,Booking that needs the front desk awake: the consult request that would have come in at nine at night never comes in at all.,"Case gallery up front: filterable by treatment, sized for a phone.","A price range said out loud: in real numbers, with financing mentioned before they ask.",Consult booking on the same screen: not behind a form that goes to an inbox.,Financing pre-qualification: the objection handled before the call.,"Automated recall and reactivation: the patients you already have, coming back.",12000,"$6,000","$22,000",06082026,,,,
Mobile Family Dentistry,,,info@mobilefamilydentistry.com,(251) 661-6100,,Cosmetic dentistry,,Mobile,AL,,USA,America/Chicago,small,,,,,https://mobilefamilydentistry.com,"Case work exists and is two menus deep. No price range anywhere, and booking a consult means ringing during office hours — at the moment somebody decides to spend fifteen thousand dollars on their teeth.",,,,,,,cold-outreach,researched,"Subject: cases, price, booking

Hi [First Name],

A smile-makeover patient researches for months, alone, at night, on a phone. I did that to Mobile Family Dentistry. Got as far as a phone number and a form.

They don't call in the morning. They keep scrolling and someone else does the case.

Before-and-afters up front, the range in plain numbers, financing mentioned before they ask.

Here's my offer. I'll design that page for Mobile Family Dentistry and send it over. No charge, no meeting to get it, no invoice at the end. Keep it either way — I'd rather you saw the work than read about it.

Say yes and it's yours by Friday.

[Sender Name]
Bothmade","Subject: Mobile Family Dentistry — built it

Here it is — Mobile Family Dentistry, as promised.

A homepage built for the cosmetic patient rather than the check-up patient — cases, price, and one tap to a consult.

Static design, so nothing on it works yet. I'd rather show you the real idea than a fake demo.

One question: does a price range on the site bring you better calls or worse ones?

[Sender Name]",the cases and the price range are the two things a $15k patient wants and the two hardest things to reach,"info@ on their own domain — the convention, right most of the time. Phone from a published listing. Worth a check before a big send.","Cosmetic dentistry in Mobile, AL. Researched 6 Aug 2026; email inferred as info@ on their verified domain, phone confirmed on a published listing.",field-run-011;cosmetic-dentistry;AL;convention-email;has-phone,false,,75,,,"no-booking,not-mobile-friendly,outdated-design","Case work buried: a smile-makeover patient researches for months alone at night, and the before-and-afters are two menus deep.",No price range anywhere: the biggest case of the month wants a number before they will pick up the phone.,Booking that needs the front desk awake: the consult request that would have come in at nine at night never comes in at all.,"Case gallery up front: filterable by treatment, sized for a phone.","A price range said out loud: in real numbers, with financing mentioned before they ask.",Consult booking on the same screen: not behind a form that goes to an inbox.,Financing pre-qualification: the objection handled before the call.,"Automated recall and reactivation: the patients you already have, coming back.",12000,"$6,000","$22,000",06082026,,,,
Serenity Dental of Mobile,,,info@serenitydentalofmobile.com,(251) 479-5157,,Cosmetic dentistry,,Mobile,AL,,USA,America/Chicago,small,,,,,https://serenitydentalofmobile.com,"Case work exists and is two menus deep. No price range anywhere, and booking a consult means ringing during office hours — at the moment somebody decides to spend fifteen thousand dollars on their teeth.",,,,,,,cold-outreach,researched,"Subject: cases, price, booking

Hi [First Name],

Went looking for veneers in Mobile the way a patient does. Nine at night, on a phone, three years of putting it off. Found Serenity Dental of Mobile. Couldn't find a case that looked like mine, couldn't find a price, couldn't book.

One case a month lost that way costs more than a website. Several times over.

Before-and-afters up front, the range in plain numbers, financing mentioned before they ask.

Here's my offer. I'll design that page for Serenity Dental of Mobile and send it over. No charge, no meeting to get it, no invoice at the end. Keep it either way — I'd rather you saw the work than read about it.

Say yes and it's yours by Friday.

[Sender Name]
Bothmade","Subject: Serenity Dental of Mobile — built it

Here it is.

A homepage built for the cosmetic patient rather than the check-up patient — cases, price, and one tap to a consult.

Static design, so nothing on it works yet. I'd rather show you the real idea than a fake demo.

One question: does a price range on the site bring you better calls or worse ones?

[Sender Name]",the cases and the price range are the two things a $15k patient wants and the two hardest things to reach,"info@ on their own domain — the convention, right most of the time. Phone from a published listing. Worth a check before a big send.","Cosmetic dentistry in Mobile, AL. Researched 6 Aug 2026; email inferred as info@ on their verified domain, phone confirmed on a published listing.",field-run-011;cosmetic-dentistry;AL;convention-email;has-phone,false,,75,,,"no-booking,not-mobile-friendly,outdated-design","Case work buried: a smile-makeover patient researches for months alone at night, and the before-and-afters are two menus deep.",No price range anywhere: the biggest case of the month wants a number before they will pick up the phone.,Booking that needs the front desk awake: the consult request that would have come in at nine at night never comes in at all.,"Case gallery up front: filterable by treatment, sized for a phone.","A price range said out loud: in real numbers, with financing mentioned before they ask.",Consult booking on the same screen: not behind a form that goes to an inbox.,Financing pre-qualification: the objection handled before the call.,"Automated recall and reactivation: the patients you already have, coming back.",12000,"$6,000","$22,000",06082026,,,,
South Alabama Smiles,,,info@soalsmiles.com,(251) 298-1008,,Cosmetic dentistry,,Mobile,AL,,USA,America/Chicago,small,,,,,https://soalsmiles.com,"Case work exists and is two menus deep. No price range anywhere, and booking a consult means ringing during office hours — at the moment somebody decides to spend fifteen thousand dollars on their teeth.",,,,,,,cold-outreach,researched,"Subject: one case a month

Hi [First Name],

Your case work is good. I had to dig for it — two menus deep, on a phone, at the exact moment somebody decides to spend fifteen thousand dollars on their teeth.

That's the biggest case of the month deciding not to call you.

Cases first, filterable, a price range said out loud, and a booking that works at 9pm.

I'd like to build it and show you. One homepage, designed for South Alabama Smiles, free. Not a template with your logo on it. The real thing, and it's yours whether we work together or not.

Say yes and it's yours by Friday.

[Sender Name]
Bothmade","Subject: here it is

Here it is.

Cases at the top, filterable by treatment. The range stated in real numbers. Booking that doesn't need your front desk awake.

It's a design, not a build — nothing clicks yet. Didn't want to fake a demo.

One thing I'd want your read on: veneers or implants — which pays you better?

[Sender Name]",the cases and the price range are the two things a $15k patient wants and the two hardest things to reach,"info@ on their own domain — the convention, right most of the time. Phone from a published listing. Worth a check before a big send.","Cosmetic dentistry in Mobile, AL. Researched 6 Aug 2026; email inferred as info@ on their verified domain, phone confirmed on a published listing.",field-run-011;cosmetic-dentistry;AL;convention-email;has-phone,false,,75,,,"no-booking,not-mobile-friendly,outdated-design","Case work buried: a smile-makeover patient researches for months alone at night, and the before-and-afters are two menus deep.",No price range anywhere: the biggest case of the month wants a number before they will pick up the phone.,Booking that needs the front desk awake: the consult request that would have come in at nine at night never comes in at all.,"Case gallery up front: filterable by treatment, sized for a phone.","A price range said out loud: in real numbers, with financing mentioned before they ask.",Consult booking on the same screen: not behind a form that goes to an inbox.,Financing pre-qualification: the objection handled before the call.,"Automated recall and reactivation: the patients you already have, coming back.",12000,"$6,000","$22,000",06082026,,,,
Maitre & Crabtree Dental,,,info@mobilealabamadentistry.com,(251) 343-1007,,Cosmetic dentistry,,Mobile,AL,,USA,America/Chicago,small,,,,,https://mobilealabamadentistry.com,"Case work exists and is two menus deep. No price range anywhere, and booking a consult means ringing during office hours — at the moment somebody decides to spend fifteen thousand dollars on their teeth.",,,,,,,cold-outreach,researched,"Subject: cases, price, booking

Hi [First Name],

A smile-makeover patient researches for months, alone, at night, on a phone. I did that to Maitre & Crabtree Dental. Got as far as a phone number and a form.

They don't call in the morning. They keep scrolling and someone else does the case.

Before-and-afters up front, the range in plain numbers, financing mentioned before they ask.

Here's my offer. I'll design that page for Maitre & Crabtree Dental and send it over. No charge, no meeting to get it, no invoice at the end. Keep it either way — I'd rather you saw the work than read about it.

Say yes and it's yours by Friday.

[Sender Name]
Bothmade","Subject: here it is

Here it is — Maitre & Crabtree Dental, as promised.

A homepage built for the cosmetic patient rather than the check-up patient — cases, price, and one tap to a consult.

Static design, so nothing on it works yet. I'd rather show you the real idea than a fake demo.

One question: does a price range on the site bring you better calls or worse ones?

[Sender Name]",the cases and the price range are the two things a $15k patient wants and the two hardest things to reach,"info@ on their own domain — the convention, right most of the time. Phone from a published listing. Worth a check before a big send.","Cosmetic dentistry in Mobile, AL. Researched 6 Aug 2026; email inferred as info@ on their verified domain, phone confirmed on a published listing.",field-run-011;cosmetic-dentistry;AL;convention-email;has-phone,false,,75,,,"no-booking,not-mobile-friendly,outdated-design","Case work buried: a smile-makeover patient researches for months alone at night, and the before-and-afters are two menus deep.",No price range anywhere: the biggest case of the month wants a number before they will pick up the phone.,Booking that needs the front desk awake: the consult request that would have come in at nine at night never comes in at all.,"Case gallery up front: filterable by treatment, sized for a phone.","A price range said out loud: in real numbers, with financing mentioned before they ask.",Consult booking on the same screen: not behind a form that goes to an inbox.,Financing pre-qualification: the objection handled before the call.,"Automated recall and reactivation: the patients you already have, coming back.",12000,"$6,000","$22,000",06082026,,,,
KJ Relaxin Medical Spa,,,info@kjrelaxinmedicalspa.com,(605) 799-3644,,Med spa,,Sioux Falls,SD,,USA,America/Chicago,small,,,,,https://kjrelaxinmedicalspa.com,"Reviews and treatment photos do the selling and both sit below a phone number that stops answering at five. No online booking, no prices, and the whole thing was built for a desktop.",,,,,,,cold-outreach,researched,"Subject: the booking you lost last night

Hi [First Name],

Looked you up the way a new client does — evening, phone, already decided she wants tox, just picking where. KJ Relaxin Medical Spa won on reviews. Then booking meant calling in the morning.

That's the sale, right there. She books wherever the button is, and you never find out you lost her.

Booking belongs on the homepage, next to the reviews, working at midnight.

Let me build it for you. A real homepage for KJ Relaxin Medical Spa, on me, before we ever talk money. If it's good you'll know in ten seconds. If it isn't, you've lost nothing.

Want me to build it?

[Sender Name]
Bothmade","Subject: built it

Built it. Here.

Booking sits on the homepage next to your reviews. Two taps to Thursday at six. That's the part your site can't do tonight.

It's a design, not a build — nothing clicks yet. Didn't want to fake a demo.

One thing I'd want your answer on: is membership what you'd push hardest here, or first-visit tox?

[Sender Name]",the reviews do the selling and the booking is a phone number that stops answering at five,"info@ on their own domain — the convention, right most of the time. Phone from a published listing. Worth a check before a big send.","Med spa in Sioux Falls, SD. Researched 6 Aug 2026; email inferred as info@ on their verified domain, phone confirmed on a published listing.",field-run-011;med-spa;SD;convention-email;has-phone,false,,75,,,"no-booking,not-mobile-friendly,outdated-design","No booking after hours: the decision to book happens at nine at night on a phone, and the only way in is a front desk that shut at five.","Treatments with no prices: she has to ring and ask what tox costs, which is the one call a first-timer will not make.",Reviews doing the selling on the wrong page: the thing that closes her is two clicks from where she lands.,"Booking on the homepage: live at midnight, two taps, no phone call.",Treatment menu with prices: stated plainly so nobody has to ring to find out.,Reviews beside the booking button: the proof and the action on one screen.,Membership signup online: recurring revenue that does not need the front desk.,Automated reminders and rebooking: fewer no-shows without anybody chasing.,10000,"$5,000","$18,000",06082026,,,,
Stier Construction Company,,,info@builderswilmingtonnc.com,(910) 264-1410,,Custom home building,,Wilmington,NC,,USA,America/New_York,small,,,,,https://builderswilmingtonnc.com,"The portfolio is the entire sale and it is presented small, slow and desktop-first. No price band, and nothing explaining how the process works, which is the real fear with a custom build.",,,,,,,cold-outreach,researched,"Subject: the inquiry that wasted your Tuesday

Hi [First Name],

Looked at Stier Construction Company as a client would in Wilmington: trying to find the project that matches my lot and my number. Gave up before I found it.

That's a real project deciding you're not the one, on no evidence either way.

Portfolio filterable by budget band, style and scope. Inquiry that asks about the lot, the number and the timing.

Let me build it for you. A real homepage for Stier Construction Company, on me, before we ever talk money. If it's good you'll know in ten seconds. If it isn't, you've lost nothing.

Say yes and it's yours by Friday.

[Sender Name]
Bothmade","Subject: here it is

Here it is.

Portfolio filterable by budget, style and scope — so a couple with a specific project finds theirs in about nine seconds. Inquiry that arrives with the lot, the number and the timing on it.

It's a design, not a build — nothing clicks yet. Didn't want to fake a demo.

One thing I'd want your answer on: what do you wish every inquiry told you before you called them back?

[Sender Name]","the portfolio is the whole sale and there is no way to sort it by budget, style or scope","info@ on their own domain — the convention, right most of the time. Phone from a published listing. Worth a check before a big send.","Custom home building in Wilmington, NC. Researched 6 Aug 2026; email inferred as info@ on their verified domain, phone confirmed on a published listing.",field-run-011;custom-home-building;NC;convention-email;has-phone,false,,75,,,"not-mobile-friendly,outdated-design,weak-branding",The portfolio is the entire sale and it is presented badly: a phone-sized gallery of finished homes is what wins a build.,No price band anywhere: a client with a budget cannot tell whether you are their builder or twice their budget.,"Nothing about how the process works: the fear with a custom build is the unknown, not the price.","Portfolio built for a phone: full-bleed, fast, filterable by style and size.","A price band stated out loud: per square foot or per project, so the wrong enquiries stop.",The process explained: what happens between the first meeting and the keys.,Client build portal: selections and progress without the weekly phone call.,Land and lot listings: the enquiry that starts before there is a plan.,22000,"$12,000","$35,000",06082026,,,,
Wild West Landscape Designs,,,info@wildwest-landscapedesigns.com,(865) 448-5155,,Landscape design build,,Knoxville,TN,,USA,America/New_York,small,,,,,https://wildwest-landscapedesigns.com,"Portfolio images are too small and too slow to do six-figure work justice. No project budget bands, and a plain contact form as the only way to start.",,,,,,,cold-outreach,researched,"Subject: the inquiry that arrives vague

Hi [First Name],

Went through Wild West Landscape Designs' work the way a homeowner commissioning a garden does. It's beautiful. It's also one long scroll — no way to narrow by style, scale or budget, and nothing about what design costs.

And the inquiries that land are vague, so the first call is about scope instead of the garden.

Projects filterable by style, scale and budget. The design process spelled out so the brief arrives specific.

Let me build it for you. A real homepage for Wild West Landscape Designs, on me, before we ever talk money. If it's good you'll know in ten seconds. If it isn't, you've lost nothing.

Should I send it over?

[Sender Name]
Bothmade","Subject: Wild West Landscape Designs — built it

Built it. Here.

Projects filterable by style, scale and budget band, with the design process spelled out — so the brief that reaches you already knows what it's asking for.

It's a design, not a build — nothing clicks yet. Didn't want to fake a demo.

One question: would publishing a design fee range help you or cost you?

[Sender Name]","design-led buyers choose from images and yours cannot be narrowed by style, scale or budget","info@ on their own domain — the convention, right most of the time. Phone from a published listing. Worth a check before a big send.","Landscape design build in Knoxville, TN. Researched 6 Aug 2026; email inferred as info@ on their verified domain, phone confirmed on a published listing.",field-run-011;landscape-design-build;TN;convention-email;has-phone,false,,75,,,"not-mobile-friendly,outdated-design,weak-branding",The portfolio does not look like the work: high-end landscape is bought on images and the images are small and slow.,No project budget guidance: the difference between a planting plan and a full build is fifty thousand dollars and the site says neither.,No way to start a conversation properly: a contact form for a six-figure project.,"Portfolio that does the work justice: large, fast, phone-first, by project type.",Project budget bands stated: so the enquiries match the work you want.,Consultation booking with the right questions asked up front.,Design package sold online: a paid first step that qualifies hard.,Maintenance contracts online: recurring revenue off the builds you already did.,9000,"$5,000","$16,000",06082026,,,,
Landscapers of Knoxville,,,info@itsthelandscapers.com,(865) 217-6003,,Landscape design build,,Knoxville,TN,,USA,America/New_York,small,,,,,https://itsthelandscapers.com,"Portfolio images are too small and too slow to do six-figure work justice. No project budget bands, and a plain contact form as the only way to start.",,,,,,,cold-outreach,researched,"Subject: your gardens, sorted

Hi [First Name],

Went through Landscapers of Knoxville's work the way a homeowner commissioning a garden does. It's beautiful. It's also one long scroll — no way to narrow by style, scale or budget, and nothing about what design costs.

And the inquiries that land are vague, so the first call is about scope instead of the garden.

Projects filterable by style, scale and budget. The design process spelled out so the brief arrives specific.

Let me build it for you. A real homepage for Landscapers of Knoxville, on me, before we ever talk money. If it's good you'll know in ten seconds. If it isn't, you've lost nothing.

Want it?

[Sender Name]
Bothmade","Subject: built it

Built it. Here.

Projects filterable by style, scale and budget band, with the design process spelled out — so the brief that reaches you already knows what it's asking for.

It's a design, not a build — nothing clicks yet. Didn't want to fake a demo.

One question: would publishing a design fee range help you or cost you?

[Sender Name]","design-led buyers choose from images and yours cannot be narrowed by style, scale or budget","info@ on their own domain — the convention, right most of the time. Phone from a published listing. Worth a check before a big send.","Landscape design build in Knoxville, TN. Researched 6 Aug 2026; email inferred as info@ on their verified domain, phone confirmed on a published listing.",field-run-011;landscape-design-build;TN;convention-email;has-phone,false,,75,,,"not-mobile-friendly,outdated-design,weak-branding",The portfolio does not look like the work: high-end landscape is bought on images and the images are small and slow.,No project budget guidance: the difference between a planting plan and a full build is fifty thousand dollars and the site says neither.,No way to start a conversation properly: a contact form for a six-figure project.,"Portfolio that does the work justice: large, fast, phone-first, by project type.",Project budget bands stated: so the enquiries match the work you want.,Consultation booking with the right questions asked up front.,Design package sold online: a paid first step that qualifies hard.,Maintenance contracts online: recurring revenue off the builds you already did.,9000,"$5,000","$16,000",06082026,,,,
Kiss Me Med Spa,,,info@kissmemedspa.com,(559) 838-0500,,Med spa,,Fresno,CA,,USA,America/Los_Angeles,small,,,,,https://kissmemedspa.com,"Reviews and treatment photos do the selling and both sit below a phone number that stops answering at five. No online booking, no prices, and the whole thing was built for a desktop.",,,,,,,cold-outreach,researched,"Subject: she booked somewhere else

Hi [First Name],

Your reviews do the selling. I read them on my phone at 9pm in Fresno and I was sold. Then I hit a phone number and office hours.

She doesn't call in the morning. She books the spa that let her book at 9pm.

Booking belongs on the homepage, next to the reviews, working at midnight.

I'd like to build it and show you. One homepage, designed for Kiss Me Med Spa, free. Not a template with your logo on it. The real thing, and it's yours whether we work together or not.

Say yes and it's yours by Friday.

[Sender Name]
Bothmade","Subject: Kiss Me Med Spa — built it

Here it is.

Booking sits on the homepage next to your reviews. Two taps to Thursday at six. That's the part your site can't do tonight.

It's a design, not a build — nothing clicks yet. Didn't want to fake a demo.

One thing I'd want your answer on: is membership what you'd push hardest here, or first-visit tox?

[Sender Name]",the reviews do the selling and the booking is a phone number that stops answering at five,"info@ on their own domain — the convention, right most of the time. Phone from a published listing. Worth a check before a big send.","Med spa in Fresno, CA. Researched 6 Aug 2026; email inferred as info@ on their verified domain, phone confirmed on a published listing.",field-run-011;med-spa;CA;convention-email;has-phone,false,,75,,,"no-booking,not-mobile-friendly,outdated-design","No booking after hours: the decision to book happens at nine at night on a phone, and the only way in is a front desk that shut at five.","Treatments with no prices: she has to ring and ask what tox costs, which is the one call a first-timer will not make.",Reviews doing the selling on the wrong page: the thing that closes her is two clicks from where she lands.,"Booking on the homepage: live at midnight, two taps, no phone call.",Treatment menu with prices: stated plainly so nobody has to ring to find out.,Reviews beside the booking button: the proof and the action on one screen.,Membership signup online: recurring revenue that does not need the front desk.,Automated reminders and rebooking: fewer no-shows without anybody chasing.,10000,"$5,000","$18,000",06082026,,,,
Awaken Aesthetics & Anti-Aging,,,info@awakenfresno.com,(559) 712-0120,,Med spa,,Fresno,CA,,USA,America/Los_Angeles,small,,,,,https://awakenfresno.com,"Reviews and treatment photos do the selling and both sit below a phone number that stops answering at five. No online booking, no prices, and the whole thing was built for a desktop.",,,,,,,cold-outreach,researched,"Subject: your 9pm bookings

Hi [First Name],

Found Awaken Aesthetics & Anti-Aging at 9pm on my phone, the way your next client will. The reviews sold me in about forty seconds. Then the only way to book was a phone number and a front desk that shut at five.

She doesn't call in the morning. She books the spa that let her book at 9pm.

Treatments priced, bookable in two taps, reviews right beside them.

So here's what I'll do. I'll build Awaken Aesthetics & Anti-Aging that homepage. Free. Not a slide, not a proposal — the actual page, designed for your business. Yours to keep whether you hire me or not.

Want it?

[Sender Name]
Bothmade","Subject: here it is

Here it is — Awaken Aesthetics & Anti-Aging, as promised.

Treatments priced, bookable in two taps, reviews doing the closing right beside them. Memberships obvious instead of three pages deep.

Static design, so nothing on it works yet. I'd rather show you the real idea than a fake demo.

One question: would you let a new client book without a consult call first?

[Sender Name]",the reviews do the selling and the booking is a phone number that stops answering at five,"info@ on their own domain — the convention, right most of the time. Phone from a published listing. Worth a check before a big send.","Med spa in Fresno, CA. Researched 6 Aug 2026; email inferred as info@ on their verified domain, phone confirmed on a published listing.",field-run-011;med-spa;CA;convention-email;has-phone,false,,75,,,"no-booking,not-mobile-friendly,outdated-design","No booking after hours: the decision to book happens at nine at night on a phone, and the only way in is a front desk that shut at five.","Treatments with no prices: she has to ring and ask what tox costs, which is the one call a first-timer will not make.",Reviews doing the selling on the wrong page: the thing that closes her is two clicks from where she lands.,"Booking on the homepage: live at midnight, two taps, no phone call.",Treatment menu with prices: stated plainly so nobody has to ring to find out.,Reviews beside the booking button: the proof and the action on one screen.,Membership signup online: recurring revenue that does not need the front desk.,Automated reminders and rebooking: fewer no-shows without anybody chasing.,10000,"$5,000","$18,000",06082026,,,,
Spectrum Health Medical Spa,,,info@spectrumhealthmedspa.com,(559) 234-2360,,Med spa,,Fresno,CA,,USA,America/Los_Angeles,small,,,,,https://spectrumhealthmedspa.com,"Reviews and treatment photos do the selling and both sit below a phone number that stops answering at five. No online booking, no prices, and the whole thing was built for a desktop.",,,,,,,cold-outreach,researched,"Subject: she booked somewhere else

Hi [First Name],

Found Spectrum Health Medical Spa at 9pm on my phone, the way your next client will. The reviews sold me in about forty seconds. Then the only way to book was a phone number and a front desk that shut at five.

That's the sale, right there. She books wherever the button is, and you never find out you lost her.

Booking belongs on the homepage, next to the reviews, working at midnight.

I'd like to build it and show you. One homepage, designed for Spectrum Health Medical Spa, free. Not a template with your logo on it. The real thing, and it's yours whether we work together or not.

Worth a look? One word back and I'll start.

[Sender Name]
Bothmade","Subject: built it

Here it is.

Booking sits on the homepage next to your reviews. Two taps to Thursday at six. That's the part your site can't do tonight.

It's a design, not a build — nothing clicks yet. Didn't want to fake a demo.

One thing I'd want your answer on: is membership what you'd push hardest here, or first-visit tox?

[Sender Name]",the reviews do the selling and the booking is a phone number that stops answering at five,"info@ on their own domain — the convention, right most of the time. Phone from a published listing. Worth a check before a big send.","Med spa in Fresno, CA. Researched 6 Aug 2026; email inferred as info@ on their verified domain, phone confirmed on a published listing.",field-run-011;med-spa;CA;convention-email;has-phone,false,,75,,,"no-booking,not-mobile-friendly,outdated-design","No booking after hours: the decision to book happens at nine at night on a phone, and the only way in is a front desk that shut at five.","Treatments with no prices: she has to ring and ask what tox costs, which is the one call a first-timer will not make.",Reviews doing the selling on the wrong page: the thing that closes her is two clicks from where she lands.,"Booking on the homepage: live at midnight, two taps, no phone call.",Treatment menu with prices: stated plainly so nobody has to ring to find out.,Reviews beside the booking button: the proof and the action on one screen.,Membership signup online: recurring revenue that does not need the front desk.,Automated reminders and rebooking: fewer no-shows without anybody chasing.,10000,"$5,000","$18,000",06082026,,,,
La Peau Spa,,,info@lapeauspafresno.com,(559) 447-1354,,Med spa,,Fresno,CA,,USA,America/Los_Angeles,small,,,,,https://lapeauspafresno.com,"Reviews and treatment photos do the selling and both sit below a phone number that stops answering at five. No online booking, no prices, and the whole thing was built for a desktop.",,,,,,,cold-outreach,researched,"Subject: she booked somewhere else

Hi [First Name],

Looked you up the way a new client does — evening, phone, already decided she wants tox, just picking where. La Peau Spa won on reviews. Then booking meant calling in the morning.

She doesn't call in the morning. She books the spa that let her book at 9pm.

Booking belongs on the homepage, next to the reviews, working at midnight.

I'd like to build it and show you. One homepage, designed for La Peau Spa, free. Not a template with your logo on it. The real thing, and it's yours whether we work together or not.

Say yes and it's yours by Friday.

[Sender Name]
Bothmade","Subject: built it

Here it is.

Booking sits on the homepage next to your reviews. Two taps to Thursday at six. That's the part your site can't do tonight.

It's a design, not a build — nothing clicks yet. Didn't want to fake a demo.

One thing I'd want your answer on: is membership what you'd push hardest here, or first-visit tox?

[Sender Name]",the reviews do the selling and the booking is a phone number that stops answering at five,"info@ on their own domain — the convention, right most of the time. Phone from a published listing. Worth a check before a big send.","Med spa in Fresno, CA. Researched 6 Aug 2026; email inferred as info@ on their verified domain, phone confirmed on a published listing.",field-run-011;med-spa;CA;convention-email;has-phone,false,,75,,,"no-booking,not-mobile-friendly,outdated-design","No booking after hours: the decision to book happens at nine at night on a phone, and the only way in is a front desk that shut at five.","Treatments with no prices: she has to ring and ask what tox costs, which is the one call a first-timer will not make.",Reviews doing the selling on the wrong page: the thing that closes her is two clicks from where she lands.,"Booking on the homepage: live at midnight, two taps, no phone call.",Treatment menu with prices: stated plainly so nobody has to ring to find out.,Reviews beside the booking button: the proof and the action on one screen.,Membership signup online: recurring revenue that does not need the front desk.,Automated reminders and rebooking: fewer no-shows without anybody chasing.,10000,"$5,000","$18,000",06082026,,,,
Aspire Medispa,,,info@medispafresno.com,(559) 435-8477,,Med spa,,Fresno,CA,,USA,America/Los_Angeles,small,,,,,https://medispafresno.com,"Reviews and treatment photos do the selling and both sit below a phone number that stops answering at five. No online booking, no prices, and the whole thing was built for a desktop.",,,,,,,cold-outreach,researched,"Subject: reviews vs booking button

Hi [First Name],

Your reviews do the selling. I read them on my phone at 9pm in Fresno and I was sold. Then I hit a phone number and office hours.

That's the sale, right there. She books wherever the button is, and you never find out you lost her.

Treatments priced, bookable in two taps, reviews right beside them.

Here's my offer. I'll design that page for Aspire Medispa and send it over. No charge, no meeting to get it, no invoice at the end. Keep it either way — I'd rather you saw the work than read about it.

Should I send it over?

[Sender Name]
Bothmade","Subject: Aspire Medispa — built it

Here it is — Aspire Medispa, as promised.

Treatments priced, bookable in two taps, reviews doing the closing right beside them. Memberships obvious instead of three pages deep.

Static design, so nothing on it works yet. I'd rather show you the real idea than a fake demo.

One question: would you let a new client book without a consult call first?

[Sender Name]",the reviews do the selling and the booking is a phone number that stops answering at five,"info@ on their own domain — the convention, right most of the time. Phone from a published listing. Worth a check before a big send.","Med spa in Fresno, CA. Researched 6 Aug 2026; email inferred as info@ on their verified domain, phone confirmed on a published listing.",field-run-011;med-spa;CA;convention-email;has-phone,false,,75,,,"no-booking,not-mobile-friendly,outdated-design","No booking after hours: the decision to book happens at nine at night on a phone, and the only way in is a front desk that shut at five.","Treatments with no prices: she has to ring and ask what tox costs, which is the one call a first-timer will not make.",Reviews doing the selling on the wrong page: the thing that closes her is two clicks from where she lands.,"Booking on the homepage: live at midnight, two taps, no phone call.",Treatment menu with prices: stated plainly so nobody has to ring to find out.,Reviews beside the booking button: the proof and the action on one screen.,Membership signup online: recurring revenue that does not need the front desk.,Automated reminders and rebooking: fewer no-shows without anybody chasing.,10000,"$5,000","$18,000",06082026,,,,
DreamMaker Bath & Kitchen of Bakersfield,,,info@dreammakerbakersfield.com,(661) 837-1117,,Kitchen and bath remodeling,,Bakersfield,CA,,USA,America/Los_Angeles,small,,,,,https://dreammakerbakersfield.com,"Before-and-afters are the pitch and they are hard to reach on a phone. No budget guidance at all, so every enquiry opens with a conversation about whether they can afford you.",,,,,,,cold-outreach,researched,"Subject: quoting jobs that were never real

Hi [First Name],

Looked at DreamMaker Bath & Kitchen of Bakersfield the way a homeowner with a sixty-thousand-dollar kitchen in mind does. Your finished work is good. There was no way to find a kitchen like mine, and no way to tell you what my job actually is.

That's a $60k kitchen going to the company whose site made it feel easy.

Projects filterable by room, style and budget. A form that asks about the job, so it arrives ready to quote.

Let me build it for you. A real homepage for DreamMaker Bath & Kitchen of Bakersfield, on me, before we ever talk money. If it's good you'll know in ten seconds. If it isn't, you've lost nothing.

Want it?

[Sender Name]
Bothmade","Subject: here it is

Here it is — DreamMaker Bath & Kitchen of Bakersfield, as promised.

Before-and-afters filterable by room, style and budget band. The inquiry asks about the room, the scope and the timing — so it lands ready to quote instead of ready to interview.

It's a design, not a build — nothing clicks yet. Didn't want to fake a demo.

One question: what do you wish every inquiry told you before you called them back?

[Sender Name]",before-and-afters are what sell this and they sit in a gallery nobody can filter,"info@ on their own domain — the convention, right most of the time. Phone from a published listing. Worth a check before a big send.","Kitchen and bath remodeling in Bakersfield, CA. Researched 6 Aug 2026; email inferred as info@ on their verified domain, phone confirmed on a published listing.",field-run-011;kitchen-and-bath-remodeling;CA;convention-email;has-phone,false,,75,,,"not-mobile-friendly,outdated-design,no-booking",Before-and-afters are the whole pitch and they are hard to reach: a remodel is bought with the eyes.,No budget guidance at all: every enquiry starts with a conversation about whether they can afford you.,No way to book a consultation: the form goes to an inbox and the momentum dies over the weekend.,"Before-and-after galleries by room: sized for a phone, quick to scroll.","Budget ranges stated: typical spend for a kitchen and for a bath, plainly.",Consultation booking online: while they are still looking at the photos.,"Design questionnaire before the visit: a shorter, better first meeting.",Financing pre-qualification: the objection handled before you drive out there.,8500,"$4,000","$15,000",06082026,,,,
Pioneer Construction Company,,,info@pioneerroofingsidingwindows.com,(661) 747-5568,,Kitchen and bath remodeling,,Bakersfield,CA,,USA,America/Los_Angeles,small,,,,,https://pioneerroofingsidingwindows.com,"Before-and-afters are the pitch and they are hard to reach on a phone. No budget guidance at all, so every enquiry opens with a conversation about whether they can afford you.",,,,,,,cold-outreach,researched,"Subject: quoting jobs that were never real

Hi [First Name],

Your before-and-afters sell this. They're in a small gallery you can't filter, so the woman with a galley kitchen never finds your galley kitchen.

So you spend Tuesday evening quoting jobs that were never real, and the real one went to whoever answered first.

Projects filterable by room, style and budget. A form that asks about the job, so it arrives ready to quote.

Here's my offer. I'll design that page for Pioneer Construction Company and send it over. No charge, no meeting to get it, no invoice at the end. Keep it either way — I'd rather you saw the work than read about it.

Worth a look? One word back and I'll start.

[Sender Name]
Bothmade","Subject: here it is

Built it. Here.

Before-and-afters filterable by room, style and budget band. The inquiry asks about the room, the scope and the timing — so it lands ready to quote instead of ready to interview.

Static design, so nothing on it works yet. I'd rather show you the real idea than a fake demo.

One question: what do you wish every inquiry told you before you called them back?

[Sender Name]",before-and-afters are what sell this and they sit in a gallery nobody can filter,"info@ on their own domain — the convention, right most of the time. Phone from a published listing. Worth a check before a big send.","Kitchen and bath remodeling in Bakersfield, CA. Researched 6 Aug 2026; email inferred as info@ on their verified domain, phone confirmed on a published listing.",field-run-011;kitchen-and-bath-remodeling;CA;convention-email;has-phone,false,,75,,,"not-mobile-friendly,outdated-design,no-booking",Before-and-afters are the whole pitch and they are hard to reach: a remodel is bought with the eyes.,No budget guidance at all: every enquiry starts with a conversation about whether they can afford you.,No way to book a consultation: the form goes to an inbox and the momentum dies over the weekend.,"Before-and-after galleries by room: sized for a phone, quick to scroll.","Budget ranges stated: typical spend for a kitchen and for a bath, plainly.",Consultation booking online: while they are still looking at the photos.,"Design questionnaire before the visit: a shorter, better first meeting.",Financing pre-qualification: the objection handled before you drive out there.,8500,"$4,000","$15,000",06082026,,,,
Sorci Construction Services,,,info@sorciconstruction.com,(844) 385-9585,,Kitchen and bath remodeling,,Bakersfield,CA,,USA,America/Los_Angeles,small,,,,,https://sorciconstruction.com,"Before-and-afters are the pitch and they are hard to reach on a phone. No budget guidance at all, so every enquiry opens with a conversation about whether they can afford you.",,,,,,,cold-outreach,researched,"Subject: quoting jobs that were never real

Hi [First Name],

Looked at Sorci Construction Services the way a homeowner with a sixty-thousand-dollar kitchen in mind does. Your finished work is good. There was no way to find a kitchen like mine, and no way to tell you what my job actually is.

That's a $60k kitchen going to the company whose site made it feel easy.

Projects filterable by room, style and budget. A form that asks about the job, so it arrives ready to quote.

Let me build it for you. A real homepage for Sorci Construction Services, on me, before we ever talk money. If it's good you'll know in ten seconds. If it isn't, you've lost nothing.

Want me to build it?

[Sender Name]
Bothmade","Subject: Sorci Construction Services — built it

Here it is — Sorci Construction Services, as promised.

Before-and-afters filterable by room, style and budget band. The inquiry asks about the room, the scope and the timing — so it lands ready to quote instead of ready to interview.

It's a design, not a build — nothing clicks yet. Didn't want to fake a demo.

One question: what do you wish every inquiry told you before you called them back?

[Sender Name]",before-and-afters are what sell this and they sit in a gallery nobody can filter,"info@ on their own domain — the convention, right most of the time. Phone from a published listing. Worth a check before a big send.","Kitchen and bath remodeling in Bakersfield, CA. Researched 6 Aug 2026; email inferred as info@ on their verified domain, phone confirmed on a published listing.",field-run-011;kitchen-and-bath-remodeling;CA;convention-email;has-phone,false,,75,,,"not-mobile-friendly,outdated-design,no-booking",Before-and-afters are the whole pitch and they are hard to reach: a remodel is bought with the eyes.,No budget guidance at all: every enquiry starts with a conversation about whether they can afford you.,No way to book a consultation: the form goes to an inbox and the momentum dies over the weekend.,"Before-and-after galleries by room: sized for a phone, quick to scroll.","Budget ranges stated: typical spend for a kitchen and for a bath, plainly.",Consultation booking online: while they are still looking at the photos.,"Design questionnaire before the visit: a shorter, better first meeting.",Financing pre-qualification: the objection handled before you drive out there.,8500,"$4,000","$15,000",06082026,,,,
Hardt Construction,,,info@hardtconstruction.biz,(661) 333-7541,,Kitchen and bath remodeling,,Bakersfield,CA,,USA,America/Los_Angeles,small,,,,,https://hardtconstruction.biz,"Before-and-afters are the pitch and they are hard to reach on a phone. No budget guidance at all, so every enquiry opens with a conversation about whether they can afford you.",,,,,,,cold-outreach,researched,"Subject: quoting jobs that were never real

Hi [First Name],

Your before-and-afters sell this. They're in a small gallery you can't filter, so the woman with a galley kitchen never finds your galley kitchen.

So you spend Tuesday evening quoting jobs that were never real, and the real one went to whoever answered first.

Projects filterable by room, style and budget. A form that asks about the job, so it arrives ready to quote.

Here's my offer. I'll design that page for Hardt Construction and send it over. No charge, no meeting to get it, no invoice at the end. Keep it either way — I'd rather you saw the work than read about it.

Worth a look? One word back and I'll start.

[Sender Name]
Bothmade","Subject: Hardt Construction — built it

Here it is.

Before-and-afters filterable by room, style and budget band. The inquiry asks about the room, the scope and the timing — so it lands ready to quote instead of ready to interview.

Static design, so nothing on it works yet. I'd rather show you the real idea than a fake demo.

One question: what do you wish every inquiry told you before you called them back?

[Sender Name]",before-and-afters are what sell this and they sit in a gallery nobody can filter,"info@ on their own domain — the convention, right most of the time. Phone from a published listing. Worth a check before a big send.","Kitchen and bath remodeling in Bakersfield, CA. Researched 6 Aug 2026; email inferred as info@ on their verified domain, phone confirmed on a published listing.",field-run-011;kitchen-and-bath-remodeling;CA;convention-email;has-phone,false,,75,,,"not-mobile-friendly,outdated-design,no-booking",Before-and-afters are the whole pitch and they are hard to reach: a remodel is bought with the eyes.,No budget guidance at all: every enquiry starts with a conversation about whether they can afford you.,No way to book a consultation: the form goes to an inbox and the momentum dies over the weekend.,"Before-and-after galleries by room: sized for a phone, quick to scroll.","Budget ranges stated: typical spend for a kitchen and for a bath, plainly.",Consultation booking online: while they are still looking at the photos.,"Design questionnaire before the visit: a shorter, better first meeting.",Financing pre-qualification: the objection handled before you drive out there.,8500,"$4,000","$15,000",06082026,,,,
Green Lawn Augusta,,,info@greenlawnaugusta.com,(706) 414-1163,,Landscape design build,,Augusta,GA,,USA,America/New_York,small,,,,,https://greenlawnaugusta.com,"Portfolio images are too small and too slow to do six-figure work justice. No project budget bands, and a plain contact form as the only way to start.",,,,,,,cold-outreach,researched,"Subject: design fee, unsaid

Hi [First Name],

Went through Green Lawn Augusta's work the way a homeowner commissioning a garden does. It's beautiful. It's also one long scroll — no way to narrow by style, scale or budget, and nothing about what design costs.

And the inquiries that land are vague, so the first call is about scope instead of the garden.

Projects filterable by style, scale and budget. The design process spelled out so the brief arrives specific.

I'd like to build it and show you. One homepage, designed for Green Lawn Augusta, free. Not a template with your logo on it. The real thing, and it's yours whether we work together or not.

Say yes and it's yours by Friday.

[Sender Name]
Bothmade","Subject: here it is

Built it. Here.

Projects filterable by style, scale and budget band, with the design process spelled out — so the brief that reaches you already knows what it's asking for.

It's a design, not a build — nothing clicks yet. Didn't want to fake a demo.

One question: would publishing a design fee range help you or cost you?

[Sender Name]","design-led buyers choose from images and yours cannot be narrowed by style, scale or budget","info@ on their own domain — the convention, right most of the time. Phone from a published listing. Worth a check before a big send.","Landscape design build in Augusta, GA. Researched 6 Aug 2026; email inferred as info@ on their verified domain, phone confirmed on a published listing.",field-run-011;landscape-design-build;GA;convention-email;has-phone,false,,75,,,"not-mobile-friendly,outdated-design,weak-branding",The portfolio does not look like the work: high-end landscape is bought on images and the images are small and slow.,No project budget guidance: the difference between a planting plan and a full build is fifty thousand dollars and the site says neither.,No way to start a conversation properly: a contact form for a six-figure project.,"Portfolio that does the work justice: large, fast, phone-first, by project type.",Project budget bands stated: so the enquiries match the work you want.,Consultation booking with the right questions asked up front.,Design package sold online: a paid first step that qualifies hard.,Maintenance contracts online: recurring revenue off the builds you already did.,9000,"$5,000","$16,000",06082026,,,,
Verdant Landscape,,,info@verdantlandscape.com,(803) 335-5028,,Landscape design build,,Augusta,GA,,USA,America/New_York,small,,,,,https://verdantlandscape.com,"Portfolio images are too small and too slow to do six-figure work justice. No project budget bands, and a plain contact form as the only way to start.",,,,,,,cold-outreach,researched,"Subject: your gardens, sorted

Hi [First Name],

Went through Verdant Landscape's work the way a homeowner commissioning a garden does. It's beautiful. It's also one long scroll — no way to narrow by style, scale or budget, and nothing about what design costs.

And the inquiries that land are vague, so the first call is about scope instead of the garden.

Projects filterable by style, scale and budget. The design process spelled out so the brief arrives specific.

Let me build it for you. A real homepage for Verdant Landscape, on me, before we ever talk money. If it's good you'll know in ten seconds. If it isn't, you've lost nothing.

Worth a look? One word back and I'll start.

[Sender Name]
Bothmade","Subject: built it

Here it is.

Projects filterable by style, scale and budget band, with the design process spelled out — so the brief that reaches you already knows what it's asking for.

It's a design, not a build — nothing clicks yet. Didn't want to fake a demo.

One question: would publishing a design fee range help you or cost you?

[Sender Name]","design-led buyers choose from images and yours cannot be narrowed by style, scale or budget","info@ on their own domain — the convention, right most of the time. Phone from a published listing. Worth a check before a big send.","Landscape design build in Augusta, GA. Researched 6 Aug 2026; email inferred as info@ on their verified domain, phone confirmed on a published listing.",field-run-011;landscape-design-build;GA;convention-email;has-phone,false,,75,,,"not-mobile-friendly,outdated-design,weak-branding",The portfolio does not look like the work: high-end landscape is bought on images and the images are small and slow.,No project budget guidance: the difference between a planting plan and a full build is fifty thousand dollars and the site says neither.,No way to start a conversation properly: a contact form for a six-figure project.,"Portfolio that does the work justice: large, fast, phone-first, by project type.",Project budget bands stated: so the enquiries match the work you want.,Consultation booking with the right questions asked up front.,Design package sold online: a paid first step that qualifies hard.,Maintenance contracts online: recurring revenue off the builds you already did.,9000,"$5,000","$16,000",06082026,,,,
Cutting Edge Augusta,,,info@cuttingedgeaugusta.com,(706) 231-8594,,Landscape design build,,Augusta,GA,,USA,America/New_York,small,,,,,https://cuttingedgeaugusta.com,"Portfolio images are too small and too slow to do six-figure work justice. No project budget bands, and a plain contact form as the only way to start.",,,,,,,cold-outreach,researched,"Subject: the inquiry that arrives vague

Hi [First Name],

Went through Cutting Edge Augusta's work the way a homeowner commissioning a garden does. It's beautiful. It's also one long scroll — no way to narrow by style, scale or budget, and nothing about what design costs.

And the inquiries that land are vague, so the first call is about scope instead of the garden.

Projects filterable by style, scale and budget. The design process spelled out so the brief arrives specific.

I'd like to build it and show you. One homepage, designed for Cutting Edge Augusta, free. Not a template with your logo on it. The real thing, and it's yours whether we work together or not.

Say yes and it's yours by Friday.

[Sender Name]
Bothmade","Subject: Cutting Edge Augusta — built it

Built it. Here.

Projects filterable by style, scale and budget band, with the design process spelled out — so the brief that reaches you already knows what it's asking for.

It's a design, not a build — nothing clicks yet. Didn't want to fake a demo.

One question: would publishing a design fee range help you or cost you?

[Sender Name]","design-led buyers choose from images and yours cannot be narrowed by style, scale or budget","info@ on their own domain — the convention, right most of the time. Phone from a published listing. Worth a check before a big send.","Landscape design build in Augusta, GA. Researched 6 Aug 2026; email inferred as info@ on their verified domain, phone confirmed on a published listing.",field-run-011;landscape-design-build;GA;convention-email;has-phone,false,,75,,,"not-mobile-friendly,outdated-design,weak-branding",The portfolio does not look like the work: high-end landscape is bought on images and the images are small and slow.,No project budget guidance: the difference between a planting plan and a full build is fifty thousand dollars and the site says neither.,No way to start a conversation properly: a contact form for a six-figure project.,"Portfolio that does the work justice: large, fast, phone-first, by project type.",Project budget bands stated: so the enquiries match the work you want.,Consultation booking with the right questions asked up front.,Design package sold online: a paid first step that qualifies hard.,Maintenance contracts online: recurring revenue off the builds you already did.,9000,"$5,000","$16,000",06082026,,,,
Willow Creek Outdoor Management,,,info@willowcreekoutdoors.com,(706) 829-6004,,Landscape design build,,Augusta,GA,,USA,America/New_York,small,,,,,https://willowcreekoutdoors.com,"Portfolio images are too small and too slow to do six-figure work justice. No project budget bands, and a plain contact form as the only way to start.",,,,,,,cold-outreach,researched,"Subject: the inquiry that arrives vague

Hi [First Name],

Went through Willow Creek Outdoor Management's work the way a homeowner commissioning a garden does. It's beautiful. It's also one long scroll — no way to narrow by style, scale or budget, and nothing about what design costs.

And the inquiries that land are vague, so the first call is about scope instead of the garden.

Projects filterable by style, scale and budget. The design process spelled out so the brief arrives specific.

I'd like to build it and show you. One homepage, designed for Willow Creek Outdoor Management, free. Not a template with your logo on it. The real thing, and it's yours whether we work together or not.

Want it?

[Sender Name]
Bothmade","Subject: built it

Built it. Here.

Projects filterable by style, scale and budget band, with the design process spelled out — so the brief that reaches you already knows what it's asking for.

It's a design, not a build — nothing clicks yet. Didn't want to fake a demo.

One question: would publishing a design fee range help you or cost you?

[Sender Name]","design-led buyers choose from images and yours cannot be narrowed by style, scale or budget","info@ on their own domain — the convention, right most of the time. Phone from a published listing. Worth a check before a big send.","Landscape design build in Augusta, GA. Researched 6 Aug 2026; email inferred as info@ on their verified domain, phone confirmed on a published listing.",field-run-011;landscape-design-build;GA;convention-email;has-phone,false,,75,,,"not-mobile-friendly,outdated-design,weak-branding",The portfolio does not look like the work: high-end landscape is bought on images and the images are small and slow.,No project budget guidance: the difference between a planting plan and a full build is fifty thousand dollars and the site says neither.,No way to start a conversation properly: a contact form for a six-figure project.,"Portfolio that does the work justice: large, fast, phone-first, by project type.",Project budget bands stated: so the enquiries match the work you want.,Consultation booking with the right questions asked up front.,Design package sold online: a paid first step that qualifies hard.,Maintenance contracts online: recurring revenue off the builds you already did.,9000,"$5,000","$16,000",06082026,,,,
Augusta Landscaping,,,info@augustalandscaping.com,(706) 739-8085,,Landscape design build,,Augusta,GA,,USA,America/New_York,small,,,,,https://augustalandscaping.com,"Portfolio images are too small and too slow to do six-figure work justice. No project budget bands, and a plain contact form as the only way to start.",,,,,,,cold-outreach,researched,"Subject: the inquiry that arrives vague

Hi [First Name],

Your gardens are genuinely good. A design-led client chooses from images and yours can't be narrowed, so they never find the one that looks like their lot.

So the client who wanted exactly what you do never works out that you do it.

Projects filterable by style, scale and budget. The design process spelled out so the brief arrives specific.

So here's what I'll do. I'll build Augusta Landscaping that homepage. Free. Not a slide, not a proposal — the actual page, designed for your business. Yours to keep whether you hire me or not.

Worth a look? One word back and I'll start.

[Sender Name]
Bothmade","Subject: Augusta Landscaping — built it

Built it. Here.

Projects filterable by style, scale and budget band, with the design process spelled out — so the brief that reaches you already knows what it's asking for.

Static design, so nothing on it works yet. I'd rather show you the real idea than a fake demo.

One question: would publishing a design fee range help you or cost you?

[Sender Name]","design-led buyers choose from images and yours cannot be narrowed by style, scale or budget","info@ on their own domain — the convention, right most of the time. Phone from a published listing. Worth a check before a big send.","Landscape design build in Augusta, GA. Researched 6 Aug 2026; email inferred as info@ on their verified domain, phone confirmed on a published listing.",field-run-011;landscape-design-build;GA;convention-email;has-phone,false,,75,,,"not-mobile-friendly,outdated-design,weak-branding",The portfolio does not look like the work: high-end landscape is bought on images and the images are small and slow.,No project budget guidance: the difference between a planting plan and a full build is fifty thousand dollars and the site says neither.,No way to start a conversation properly: a contact form for a six-figure project.,"Portfolio that does the work justice: large, fast, phone-first, by project type.",Project budget bands stated: so the enquiries match the work you want.,Consultation booking with the right questions asked up front.,Design package sold online: a paid first step that qualifies hard.,Maintenance contracts online: recurring revenue off the builds you already did.,9000,"$5,000","$16,000",06082026,,,,
Paradise Med Spas of Texas,,,info@paradisemedspas.com,(806) 785-7727,,Med spa,,Lubbock,TX,,USA,America/Chicago,small,,,,,https://paradisemedspas.com,"Reviews and treatment photos do the selling and both sit below a phone number that stops answering at five. No online booking, no prices, and the whole thing was built for a desktop.",,,,,,,cold-outreach,researched,"Subject: your 9pm bookings

Hi [First Name],

Looked you up the way a new client does — evening, phone, already decided she wants tox, just picking where. Paradise Med Spas of Texas won on reviews. Then booking meant calling in the morning.

She doesn't call in the morning. She books the spa that let her book at 9pm.

Treatments priced, bookable in two taps, reviews right beside them.

So here's what I'll do. I'll build Paradise Med Spas of Texas that homepage. Free. Not a slide, not a proposal — the actual page, designed for your business. Yours to keep whether you hire me or not.

Want me to build it?

[Sender Name]
Bothmade","Subject: Paradise Med Spas of Texas — built it

Built it. Here.

Treatments priced, bookable in two taps, reviews doing the closing right beside them. Memberships obvious instead of three pages deep.

Static design, so nothing on it works yet. I'd rather show you the real idea than a fake demo.

One question: would you let a new client book without a consult call first?

[Sender Name]",the reviews do the selling and the booking is a phone number that stops answering at five,"info@ on their own domain — the convention, right most of the time. Phone from a published listing. Worth a check before a big send.","Med spa in Lubbock, TX. Researched 6 Aug 2026; email inferred as info@ on their verified domain, phone confirmed on a published listing.",field-run-011;med-spa;TX;convention-email;has-phone,false,,75,,,"no-booking,not-mobile-friendly,outdated-design","No booking after hours: the decision to book happens at nine at night on a phone, and the only way in is a front desk that shut at five.","Treatments with no prices: she has to ring and ask what tox costs, which is the one call a first-timer will not make.",Reviews doing the selling on the wrong page: the thing that closes her is two clicks from where she lands.,"Booking on the homepage: live at midnight, two taps, no phone call.",Treatment menu with prices: stated plainly so nobody has to ring to find out.,Reviews beside the booking button: the proof and the action on one screen.,Membership signup online: recurring revenue that does not need the front desk.,Automated reminders and rebooking: fewer no-shows without anybody chasing.,10000,"$5,000","$18,000",06082026,,,,
The MedSpa at Lubbock Plastic Surgery Institute,,,info@lpsitexas.com,(806) 701-2602,,Med spa,,Lubbock,TX,,USA,America/Chicago,small,,,,,https://lpsitexas.com,"Reviews and treatment photos do the selling and both sit below a phone number that stops answering at five. No online booking, no prices, and the whole thing was built for a desktop.",,,,,,,cold-outreach,researched,"Subject: your 9pm bookings

Hi [First Name],

Your reviews do the selling. I read them on my phone at 9pm in Lubbock and I was sold. Then I hit a phone number and office hours.

A booking a night walks that way. Silently. No missed call, no voicemail, nothing to review on Monday.

Treatments priced, bookable in two taps, reviews right beside them.

So here's what I'll do. I'll build The MedSpa at Lubbock Plastic Surgery Institute that homepage. Free. Not a slide, not a proposal — the actual page, designed for your business. Yours to keep whether you hire me or not.

Want it?

[Sender Name]
Bothmade","Subject: The MedSpa at Lubbock Plastic Surgery Institute — built it

Built it. Here.

Treatments priced, bookable in two taps, reviews doing the closing right beside them. Memberships obvious instead of three pages deep.

Static design, so nothing on it works yet. I'd rather show you the real idea than a fake demo.

One question: would you let a new client book without a consult call first?

[Sender Name]",the reviews do the selling and the booking is a phone number that stops answering at five,"info@ on their own domain — the convention, right most of the time. Phone from a published listing. Worth a check before a big send.","Med spa in Lubbock, TX. Researched 6 Aug 2026; email inferred as info@ on their verified domain, phone confirmed on a published listing.",field-run-011;med-spa;TX;convention-email;has-phone,false,,75,,,"no-booking,not-mobile-friendly,outdated-design","No booking after hours: the decision to book happens at nine at night on a phone, and the only way in is a front desk that shut at five.","Treatments with no prices: she has to ring and ask what tox costs, which is the one call a first-timer will not make.",Reviews doing the selling on the wrong page: the thing that closes her is two clicks from where she lands.,"Booking on the homepage: live at midnight, two taps, no phone call.",Treatment menu with prices: stated plainly so nobody has to ring to find out.,Reviews beside the booking button: the proof and the action on one screen.,Membership signup online: recurring revenue that does not need the front desk.,Automated reminders and rebooking: fewer no-shows without anybody chasing.,10000,"$5,000","$18,000",06082026,,,,
