company,email,industry,city,state,country,originalWebsite,source,status,personalisedColdEmail,mockupEmail,personalizedObservation,salesNote,tags,leadScore,estimatedValue,lowestEstimate,highestEstimate,dateAdded
12 Oaks Dental,,Cosmetic dentistry,Austin,TX,USA,,cold-outreach,researched,"Subject: one thing worth flagging

Hi [First Name],

I looked at 12 Oaks Dental the way a patient who has been putting this off for three years looks at it — half-decided, on a phone, easily scared off.

The clinical side is clearly strong, and this is a category where patients can tell.

There's a problem underneath it that isn't anybody's fault. The decision happens at night on a phone, and booking usually means ringing a front desk between nine and five, so the moment somebody finally feels ready has nowhere to go. One case a month lost that way is more than a website costs, several times over.

Here's what I'd like to do about it. I'll build 12 Oaks Dental a homepage concept — a real one, designed for your business, not a template with your logo dropped in — and send it over. It costs you nothing and there's no obligation attached to it. If you like it we can talk. If you don't, you keep the ideas and I go away.

Say the word and I'll start on it — want it?

[Sender Name]
Bothmade","Subject: here it is

Here it is.

Cases first, filterable by treatment, with a price range stated plainly and a booking that works at 9pm.

It's a static design rather than a working build, so nothing clicks. I'd rather show you the idea honestly than fake a demo.

Two things I'd genuinely like your view on: would you separate the cosmetic patient from the general one like this? And how many cases a month start as a form rather than a call?

[Sender Name]",the cosmetic patient and the check-up patient want opposite things from one homepage,"No website found in research. Look up the site and address, or call.",field-run-003;cosmetic-dentistry;TX,75,12000,"$6,000","$22,000",06082026
41 West,info@41west.com,Custom home building,Naples,FL,USA,https://41west.com,cold-outreach,researched,"Subject: one thing about your gallery

Hi [First Name],

I looked at 41 West the way people do at the start of this — nervous, doing homework, trying to work out who is going to be easy to work with for eighteen months.

Nobody builds at this level by accident — the craft comes across.

But there's a structural problem underneath it that isn't anyone's fault. Your portfolio is the entire product and it's shown as a grid of thumbnails with no way to sort by budget, style or scope. The buyer with a specific project cannot find the one job that looks like theirs, and that project is the only thing that would have convinced them. So they leave without finding it, and go and look at the builder whose site let them filter.

I'd like to build you one. A homepage concept for 41 West, designed properly, at my expense — not a proposal, not a deck, the actual thing. Yours to keep whether we ever work together or not. Most people who see theirs want to talk. Some don't, and that's genuinely fine.

Worth two minutes of your time? Just reply yes.

[Sender Name]
Bothmade","Subject: here it is

Here it is — 41 West, as promised.

Projects sortable the way people actually choose, plus the process laid out month by month, because that's the thing they're really nervous about.

It's a static design rather than a working build, so nothing clicks. I'd rather show you the idea honestly than fake a demo.

Two things I'd like your answer to: do people arrive with a lot already, or before? And would showing the process month by month help you or scare people?

[Sender Name]","the enquiry form asks for a name and a message, so every lead arrives unqualified","Confirm the inbox before sending — info@ is the convention, not a verified address.",field-run-003;custom-home-building;FL,75,22000,"$12,000","$35,000",06082026
4Ever Young Med Spa & Wellness,,Med spa,Boca Raton,FL,USA,,cold-outreach,researched,"Subject: the gap between your reviews and your site

Hi [First Name],

I spent twenty minutes on your site the way a first-time client would: scrolling on a phone, comparing you against two other Boca Raton spas, ready to book if someone made it easy.

The reviews are doing a lot of work for you, and the treatment menu is clearly built by people who know the category.

But there's a structural problem underneath it that isn't anyone's fault. A website can list treatments; it can't take a booking at nine at night, and nine at night is when the decision gets made. Most spa sites hand that moment to a phone number and office hours. That's a booking a night that goes somewhere else, and nobody ever knows it happened.

Here's my offer, and it's a simple one. Let me build 4Ever Young Med Spa & Wellness a homepage concept for free. I'll design it around exactly this problem, send it over, and you decide. There's no obligation and nothing to sign to see it — I'd rather show you what we do than tell you.

Want me to send one over?

[Sender Name]
Bothmade","Subject: 4Ever Young Med Spa & Wellness — here it is

Here it is. Two minutes and you have seen it.

Everything a phone-first client needs in one screen: what it costs, what it looks like, and a slot on Thursday, without a phone call.

It's a design, not a live site — nothing on it actually clicks yet. I'd rather be straight about that than fake a working demo.

Two questions I'd genuinely like your answer to either way: would you let clients book without a consult call first? And is membership the thing you'd want pushed hardest here?

[Sender Name]","everyone arriving is already sold and wants a time, and the site is built to describe treatments instead","No website found in research. Look up the site and address, or call.",field-run-003;med-spa;FL,75,10000,"$5,000","$18,000",06082026
61Five Health & Wellness,,Med spa,Nashville,TN,USA,,cold-outreach,researched,"Subject: booking you at 9pm

Hi [First Name],

I went looking for a med spa in Nashville the way a new client does — on a phone, in the evening, three tabs open, wanting to book Botox for Thursday.

The reviews are doing a lot of work for you, and the treatment menu is clearly built by people who know the category.

But there's a structural problem underneath it that isn't anyone's fault. A website can list treatments; it can't take a booking at nine at night, and nine at night is when the decision gets made. Most spa sites hand that moment to a phone number and office hours. The client doesn't wait until morning to call. She books wherever the button was.

Here's my offer, and it's a simple one. Let me build 61Five Health & Wellness a homepage concept for free. I'll design it around exactly this problem, send it over, and you decide. There's no obligation and nothing to sign to see it — I'd rather show you what we do than tell you.

Say the word and I'll start on it — want it?

[Sender Name]
Bothmade","Subject: the concept, as promised

Here it is — 61Five Health & Wellness, as promised.

Treatments priced and bookable in two taps, reviews on the same screen, and the memberships made obvious rather than hidden three pages in.

It's a design, not a live site — nothing on it actually clicks yet. I'd rather be straight about that than fake a working demo.

Two questions I'd genuinely like your answer to either way: would you let clients book without a consult call first? And is membership the thing you'd want pushed hardest here?

[Sender Name]","everyone arriving is already sold and wants a time, and the site is built to describe treatments instead","No website found in research. Look up the site and address, or call.",field-run-003;med-spa;TN,75,10000,"$5,000","$18,000",06082026
A1 Building Concepts,,Kitchen and bath remodeling,Denver,CO,USA,,cold-outreach,researched,"Subject: what your form doesn't ask

Hi [First Name],

I spent a while on your site as a homeowner who has been putting this off for two years and has finally decided to do it.

The finished work looks genuinely good, and the reviews say the crews turn up — which in this trade is half the sale.

But there's a structural problem underneath it that isn't anyone's fault. Before-and-afters are what sell this, and they're usually shown as a small unfilterable gallery — so the homeowner with a galley kitchen never finds your galley kitchen. That's a $60k kitchen going to the company whose site made it feel easy.

Here's what I'd like to do about it. I'll build A1 Building Concepts a homepage concept — a real one, designed for your business, not a template with your logo dropped in — and send it over. It costs you nothing and there's no obligation attached to it. If you like it we can talk. If you don't, you keep the ideas and I go away.

Want me to send one over?

[Sender Name]
Bothmade","Subject: the concept, as promised

Here it is.

Projects sorted the way homeowners choose, ranges said out loud, and a form that arrives ready to quote.

It's a static design rather than a working build, so nothing clicks. I'd rather show you the idea honestly than fake a demo.

Two questions I'd like your answer to either way: would you show budget bands? And what do you wish every enquiry told you before you rang them back?

[Sender Name]",before-and-afters are what sell this and they are shown as a small unfilterable gallery,"No website found in research. Look up the site and address, or call.",field-run-003;kitchen-and-bath-remodeling;CO,75,8500,"$4,000","$15,000",06082026
AIR Kitchen and Bath,info@airkitchenandbath.com,Kitchen and bath remodeling,Atlanta,GA,USA,https://airkitchenandbath.com,cold-outreach,researched,"Subject: Atlanta · the unqualified enquiry problem

Hi [First Name],

I spent a while on your site as a homeowner who has been putting this off for two years and has finally decided to do it.

The finished work looks genuinely good, and the reviews say the crews turn up — which in this trade is half the sale.

But there's a structural problem underneath it that isn't anyone's fault. Before-and-afters are what sell this, and they're usually shown as a small unfilterable gallery — so the homeowner with a galley kitchen never finds your galley kitchen. That's a $60k kitchen going to the company whose site made it feel easy.

Here's what I'd like to do about it. I'll build AIR Kitchen and Bath a homepage concept — a real one, designed for your business, not a template with your logo dropped in — and send it over. It costs you nothing and there's no obligation attached to it. If you like it we can talk. If you don't, you keep the ideas and I go away.

Want me to build you one?

[Sender Name]
Bothmade","Subject: the concept, as promised

Here it is.

Projects sorted the way homeowners choose, ranges said out loud, and a form that arrives ready to quote.

It's a static design rather than a working build, so nothing clicks. I'd rather show you the idea honestly than fake a demo.

Two questions I'd like your answer to either way: would you show budget bands? And what do you wish every enquiry told you before you rang them back?

[Sender Name]",before-and-afters are what sell this and they are shown as a small unfilterable gallery,"Confirm the inbox before sending — info@ is the convention, not a verified address.",field-run-003;kitchen-and-bath-remodeling;GA,75,8500,"$4,000","$15,000",06082026
Advanced Fertility Center of Chicago,info@advancedfertility.com,Fertility clinic,Chicago,IL,USA,https://advancedfertility.com,cold-outreach,researched,"Subject: the 2am research problem

Hi [First Name],

I went through your site the way someone starting IVF in Chicago does — at two in the morning, on a phone, six months into researching, terrified and thorough.

This is a decision people research harder than a house purchase, and your reputation is clearly holding up to it.

But something structural is in the way, and it isn't anyone's fault. This is a twenty-thousand-dollar decision made by exhausted people at 2am, and most clinic sites are written for a referring physician rather than for them. So they book a consult with the clinic that answered the money question without making them ask.

So rather than describe what I'd change, I'd rather just build it. I'll put together a homepage concept for Advanced Fertility Center of Chicago, free, and send it to you. No meeting required to get it, no invoice at the end, no catch. Look at it for two minutes and tell me I'm wrong if I am.

Should I put one together for you?

[Sender Name]
Bothmade","Subject: Advanced Fertility Center of Chicago — here it is

Here it is.

Costs stated plainly, success rates explained in language a patient understands rather than a table they can't read, and a consult request that works at two in the morning.

It's a design, not a live site — nothing on it actually clicks yet. I'd rather be straight about that than fake a working demo.

Two questions I'd genuinely like your view on: is publishing cost ranges something you'd do? And which of your numbers do patients misread most often?

[Sender Name]",what it costs and what the success rates mean are the two hardest things on the site to find,"Confirm the inbox before sending — info@ is the convention, not a verified address.",field-run-003;fertility-clinic;IL,75,22000,"$12,000","$35,000",06082026
Aeris Plastic Surgery,info@aeris.co,Plastic surgery,Miami,FL,USA,https://aeris.co,cold-outreach,researched,"Subject: the 11pm version of your site

Hi [First Name],

I went looking for a plastic surgeon in Miami the way a patient actually does — at eleven at night, on a phone, having already read every review twice.

The surgical reputation is clearly there, and the reviews say what reviews for a good practice say.

But there's a structural problem underneath it that isn't anyone's fault. Your before-and-afters are the product — they are the single thing that converts — and on a phone they're usually three taps deep, in a viewer that fights you, with no way to filter to the one procedure she actually came for. So the request that would have come in at 11pm doesn't, and by morning she's booked a consult with whoever made it easy.

So rather than describe what I'd change, I'd rather just build it. I'll put together a homepage concept for Aeris Plastic Surgery, free, and send it to you. No meeting required to get it, no invoice at the end, no catch. Look at it for two minutes and tell me I'm wrong if I am.

Want me to build you one?

[Sender Name]
Bothmade","Subject: here it is

Here it is. Two minutes and you have seen it.

A phone-first layout: results at the top filterable by procedure, the reviews next to them where they do the most work, and a consult request that takes fifteen seconds at midnight.

It's a design, not a live site — nothing on it actually clicks yet. I'd rather be straight about that than fake a working demo.

Two questions I'd genuinely like your view on either way: which procedure do most of your consult requests come in for? And would you ever let someone book a consult without speaking to your coordinator first?

[Sender Name]",the gallery is what converts a consult and on a phone it is three taps deep and unfilterable,"Confirm the inbox before sending — info@ is the convention, not a verified address.",field-run-003;plastic-surgery;FL,75,16000,"$8,000","$28,000",06082026
Aesthetica Med Spa,,Med spa,Austin,TX,USA,,cold-outreach,researched,"Subject: one thing about your booking

Hi [First Name],

I looked at Aesthetica Med Spa the way a client who follows you on Instagram does — arriving from a phone, already sold on the treatment, just needing a time.

The client loyalty in this category is everything and yours reads real.

But there's a structural problem underneath it that isn't anyone's fault. A website can list treatments; it can't take a booking at nine at night, and nine at night is when the decision gets made. Most spa sites hand that moment to a phone number and office hours. Every one of those is revenue that left without leaving a trace.

Here's what I'd like to do about it. I'll build Aesthetica Med Spa a homepage concept — a real one, designed for your business, not a template with your logo dropped in — and send it over. It costs you nothing and there's no obligation attached to it. If you like it we can talk. If you don't, you keep the ideas and I go away.

Should I put one together for you?

[Sender Name]
Bothmade","Subject: Aesthetica Med Spa — here it is

Here it is — Aesthetica Med Spa, as promised.

Booking is the homepage — pick the treatment, pick a time, done — with the reviews sitting right beside it where they close the sale.

It's a static design rather than a working build, so nothing clicks. I'd rather show you the idea honestly than fake a demo.

Two things I'd like your view on: are prices on the site a help or a headache for you? And which treatment brings you the most new clients?

[Sender Name]",the reviews doing the selling live on Google rather than on the homepage where the decision is made,"No website found in research. Look up the site and address, or call.",field-run-003;med-spa;TX,75,10000,"$5,000","$18,000",06082026
Alair Homes Dallas,,Custom home building,Dallas,TX,USA,,cold-outreach,researched,"Subject: one thing about your gallery

Hi [First Name],

I looked at Alair Homes Dallas the way people do at the start of this — nervous, doing homework, trying to work out who is going to be easy to work with for eighteen months.

The work itself is the strongest thing you have, and the photography does show it.

But something structural is working against you, and it isn't anybody's fault. What people are actually frightened of is the process — eighteen months, their money, decisions they've never made before — and almost no builder's site addresses that anywhere, so the fear does its work in silence. That's a real project deciding, quietly, that you're not the one — on no evidence either way.

I'd like to build you one. A homepage concept for Alair Homes Dallas, designed properly, at my expense — not a proposal, not a deck, the actual thing. Yours to keep whether we ever work together or not. Most people who see theirs want to talk. Some don't, and that's genuinely fine.

Say the word and I'll start on it — want it?

[Sender Name]
Bothmade","Subject: Alair Homes Dallas — here it is

Here it is. Two minutes and you have seen it.

A portfolio you can filter and an enquiry that asks about the lot, the budget and the timing — so your first call starts where the third one currently does.

It's a static design rather than a working build, so nothing clicks. I'd rather show you the idea honestly than fake a demo.

Two things I'd like your answer to: do people arrive with a lot already, or before? And would showing the process month by month help you or scare people?

[Sender Name]","the enquiry form asks for a name and a message, so every lead arrives unqualified","No website found in research. Look up the site and address, or call.",field-run-003;custom-home-building;TX,75,22000,"$12,000","$35,000",06082026
Alani Skin MD,,Med spa,Scottsdale,AZ,USA,,cold-outreach,researched,"Subject: one thing about your booking

Hi [First Name],

I looked at Alani Skin MD the way a client who follows you on Instagram does — arriving from a phone, already sold on the treatment, just needing a time.

Your reputation locally is obvious, and that is the hardest part of this business to build.

There's a problem underneath it that isn't anybody's fault. Your reviews are your best salesperson and they live on Google, not on your homepage, where the person deciding between you and the spa down the road never sees them. Every one of those is revenue that left without leaving a trace.

I'd like to build you one. A homepage concept for Alani Skin MD, designed properly, at my expense — not a proposal, not a deck, the actual thing. Yours to keep whether we ever work together or not. Most people who see theirs want to talk. Some don't, and that's genuinely fine.

Want me to send one over?

[Sender Name]
Bothmade","Subject: Alani Skin MD — here it is

Here it is.

Booking is the homepage — pick the treatment, pick a time, done — with the reviews sitting right beside it where they close the sale.

It's a static design rather than a working build, so nothing clicks. I'd rather show you the idea honestly than fake a demo.

Two things I'd like your view on: are prices on the site a help or a headache for you? And which treatment brings you the most new clients?

[Sender Name]",the reviews doing the selling live on Google rather than on the homepage where the decision is made,"No website found in research. Look up the site and address, or call.",field-run-003;med-spa;AZ,75,10000,"$5,000","$18,000",06082026
Alford Homes,info@alfordhomes.com,Custom home building,Dallas,TX,USA,https://alfordhomes.com,cold-outreach,researched,"Subject: one thing about your gallery

Hi [First Name],

I looked at Alford Homes the way people do at the start of this — nervous, doing homework, trying to work out who is going to be easy to work with for eighteen months.

Nobody builds at this level by accident — the craft comes across.

But something structural is working against you, and it isn't anybody's fault. What people are actually frightened of is the process — eighteen months, their money, decisions they've never made before — and almost no builder's site addresses that anywhere, so the fear does its work in silence. And half the calls you do take were never going to be anything.

Here's what I'd like to do about it. I'll build Alford Homes a homepage concept — a real one, designed for your business, not a template with your logo dropped in — and send it over. It costs you nothing and there's no obligation attached to it. If you like it we can talk. If you don't, you keep the ideas and I go away.

Want me to send one over?

[Sender Name]
Bothmade","Subject: Alford Homes — here it is

Here it is.

The portfolio filterable by budget band, style and scope, so the couple with a specific project finds their project in about nine seconds.

It's a static design rather than a working build, so nothing clicks. I'd rather show you the idea honestly than fake a demo.

Two things I'd like your answer to: do people arrive with a lot already, or before? And would showing the process month by month help you or scare people?

[Sender Name]","the enquiry form asks for a name and a message, so every lead arrives unqualified","Confirm the inbox before sending — info@ is the convention, not a verified address.",field-run-003;custom-home-building;TX,75,22000,"$12,000","$35,000",06082026
Alpers Family & Cosmetic Dentistry,info@alpersdentistry.com,Cosmetic dentistry,Scottsdale,AZ,USA,https://alpersdentistry.com,cold-outreach,researched,"Subject: your veneer cases, and your website

Hi [First Name],

I went looking for a cosmetic dentist in Scottsdale the way a veneer patient does — evening, on a phone, wanting to see cases and find out roughly what it costs before speaking to anybody.

The case work speaks for itself, and the reviews back it up.

There's a problem underneath it that isn't anybody's fault. The decision happens at night on a phone, and booking usually means ringing a front desk between nine and five, so the moment somebody finally feels ready has nowhere to go. That's the biggest case of the month deciding not to ring.

So rather than describe what I'd change, I'd rather just build it. I'll put together a homepage concept for Alpers Family & Cosmetic Dentistry, free, and send it to you. No meeting required to get it, no invoice at the end, no catch. Look at it for two minutes and tell me I'm wrong if I am.

Say the word and I'll start on it — want it?

[Sender Name]
Bothmade","Subject: the concept, as promised

Here it is.

A homepage built for the cosmetic patient: before-and-afters at the top, the range in plain numbers, and a request form that takes fifteen seconds.

It's a design, not a live site — nothing on it actually clicks yet. I'd rather be straight about that than fake a working demo.

Two questions I'd like your answer to either way: does putting a price range on the site help you or bring you the wrong calls? And is it veneers or implants that pays best for you?

[Sender Name]","a $15k veneer case is decided from before-and-afters and a price range, and neither is easy to reach","Confirm the inbox before sending — info@ is the convention, not a verified address.",field-run-003;cosmetic-dentistry;AZ,75,12000,"$6,000","$22,000",06082026
Alterra Landscape Design,info@alterradesignllc.com,Landscape design build,Dallas,TX,USA,https://alterradesignllc.com,cold-outreach,researched,"Subject: Dallas · what a design client can't find

Hi [First Name],

I looked at Alterra Landscape Design as somebody planning a serious outdoor project would: design-led, photo-first, and quietly worried about what it will cost.

The work is beautiful and clearly design-led, which is rarer in this trade than it should be.

But there's a structural problem underneath it that isn't anyone's fault. Design-led buyers choose from images, and your images are shown as a scroll rather than something you can narrow by style, scale or budget. That's a design fee lost to the studio with a better-sorted website.

I'd like to build you one. A homepage concept for Alterra Landscape Design, designed properly, at my expense — not a proposal, not a deck, the actual thing. Yours to keep whether we ever work together or not. Most people who see theirs want to talk. Some don't, and that's genuinely fine.

Worth two minutes of your time? Just reply yes.

[Sender Name]
Bothmade","Subject: Alterra Landscape Design — here it is

Here it is. Two minutes and you have seen it.

The portfolio narrowed the way designers choose, and a brief form that captures the lot, the ambition and the timing.

It's a static design rather than a working build, so nothing clicks. I'd rather show you the idea honestly than fake a demo.

Two questions either way: do clients come to you for design or for build first? And would publishing a design fee range help or hurt?

[Sender Name]","design-led buyers choose from images, and the images cannot be narrowed by style, scale or budget","Confirm the inbox before sending — info@ is the convention, not a verified address.",field-run-003;landscape-design-build;TX,75,9000,"$5,000","$16,000",06082026
Amaka Aesthetics,,Med spa,Nashville,TN,USA,,cold-outreach,researched,"Subject: the gap between your reviews and your site

Hi [First Name],

I spent twenty minutes on your site the way a first-time client would: scrolling on a phone, comparing you against two other Nashville spas, ready to book if someone made it easy.

The reviews are doing a lot of work for you, and the treatment menu is clearly built by people who know the category.

But something structural is working against you here, and it isn't anyone's fault. Everyone arriving is already sold — they want a time, not a description — and most spa sites are built to describe treatments rather than to sell a slot on Thursday. Every one of those is revenue that left without leaving a trace.

Here's my offer, and it's a simple one. Let me build Amaka Aesthetics a homepage concept for free. I'll design it around exactly this problem, send it over, and you decide. There's no obligation and nothing to sign to see it — I'd rather show you what we do than tell you.

Worth two minutes of your time? Just reply yes.

[Sender Name]
Bothmade","Subject: the concept, as promised

Here it is.

Booking is the homepage — pick the treatment, pick a time, done — with the reviews sitting right beside it where they close the sale.

It's a design, not a live site — nothing on it actually clicks yet. I'd rather be straight about that than fake a working demo.

Two questions I'd genuinely like your answer to either way: would you let clients book without a consult call first? And is membership the thing you'd want pushed hardest here?

[Sender Name]","everyone arriving is already sold and wants a time, and the site is built to describe treatments instead","No website found in research. Look up the site and address, or call.",field-run-003;med-spa;TN,75,10000,"$5,000","$18,000",06082026
Angel Reyes & Associates,,Personal injury law,Dallas,TX,USA,,cold-outreach,researched,"Subject: Dallas · what an injured caller needs first

Hi [First Name],

I went through your site in Dallas the way an injured person does — on a phone, in pain, two days after a crash, with an adjuster already calling them.

The record is genuinely strong, and in this category that record is the whole product.

There's a problem underneath it that isn't anyone's fault. Intake is the whole business, and most firms send an injured person to a contact form that asks for a name and a message — so nobody can tell a real case from a tyre-kicker until somebody has spent an hour on the phone. So the case that was worth a quarter of a million rings the firm whose site felt like it was written for them.

I'd like to build you one. A homepage concept for Angel Reyes & Associates, designed properly, at my expense — not a proposal, not a deck, the actual thing. Yours to keep whether we ever work together or not. Most people who see theirs want to talk. Some don't, and that's genuinely fine.

Want me to send one over?

[Sender Name]
Bothmade","Subject: here it is

Here it is — Angel Reyes & Associates, as promised.

Case types up front in plain words, the results next to them, and an intake that works at 2am without a human on the line.

It's a static design rather than a working build, so nothing clicks. I'd rather show you the idea honestly than fake a demo.

Two things I'd like your answer to: which case type is worth the most to you? And would you let a form triage before a human speaks to them?

[Sender Name]",intake is the whole business and it runs through a form that asks for a name and a message,"No website found in research. Look up the site and address, or call.",field-run-003;personal-injury-law;TX,75,20000,"$10,000","$35,000",06082026
Ann Webb Skin Clinic,,Med spa,Austin,TX,USA,,cold-outreach,researched,"Subject: the gap between your reviews and your site

Hi [First Name],

I spent twenty minutes on your site the way a first-time client would: scrolling on a phone, comparing you against two other Austin spas, ready to book if someone made it easy.

Your reputation locally is obvious, and that is the hardest part of this business to build.

But there's a structural problem underneath it that isn't anyone's fault. A website can list treatments; it can't take a booking at nine at night, and nine at night is when the decision gets made. Most spa sites hand that moment to a phone number and office hours. The client doesn't wait until morning to call. She books wherever the button was.

Here's my offer, and it's a simple one. Let me build Ann Webb Skin Clinic a homepage concept for free. I'll design it around exactly this problem, send it over, and you decide. There's no obligation and nothing to sign to see it — I'd rather show you what we do than tell you.

Should I put one together for you?

[Sender Name]
Bothmade","Subject: Ann Webb Skin Clinic — here it is

Here it is — Ann Webb Skin Clinic, as promised.

Everything a phone-first client needs in one screen: what it costs, what it looks like, and a slot on Thursday, without a phone call.

It's a design, not a live site — nothing on it actually clicks yet. I'd rather be straight about that than fake a working demo.

Two questions I'd genuinely like your answer to either way: would you let clients book without a consult call first? And is membership the thing you'd want pushed hardest here?

[Sender Name]","everyone arriving is already sold and wants a time, and the site is built to describe treatments instead","No website found in research. Look up the site and address, or call.",field-run-003;med-spa;TX,75,10000,"$5,000","$18,000",06082026
Anthony & Sylvan Pools,info@anthonysylvan.com,Pool building,Austin,TX,USA,https://anthonysylvan.com,cold-outreach,researched,"Subject: Austin · the backyard problem

Hi [First Name],

I went through your site in Austin the way a homeowner planning a pool does — trying to find a build that looks like their backyard, at roughly their number.

The builds are genuinely impressive, and this is a business that lives or dies on photography.

But there's a structural problem underneath it that isn't anyone's fault. The gallery is the product, and it's shown as one long scroll with no way to sort by size, style, budget or lot shape — so nobody finds the build that resembles their own yard. That's a $90k build going to the company that answered the money question first.

I'd like to build you one. A homepage concept for Anthony & Sylvan Pools, designed properly, at my expense — not a proposal, not a deck, the actual thing. Yours to keep whether we ever work together or not. Most people who see theirs want to talk. Some don't, and that's genuinely fine.

Want me to send one over?

[Sender Name]
Bothmade","Subject: the concept, as promised

Here it is — Anthony & Sylvan Pools, as promised.

The gallery sorted the way buyers actually choose, plus a timeline that says what happens between signing and swimming.

It's a static design rather than a working build, so nothing clicks. I'd rather show you the idea honestly than fake a demo.

Two questions either way: would you ever publish a starting price? And do people come to you with a design in mind, or a budget?

[Sender Name]","the gallery cannot be sorted by size or budget, so nobody finds a build that looks like their own yard","Confirm the inbox before sending — info@ is the convention, not a verified address.",field-run-003;pool-building;TX,75,10000,"$5,000","$18,000",06082026
Apex Homes,,Custom home building,Denver,CO,USA,,cold-outreach,researched,"Subject: what your enquiry form doesn't ask

Hi [First Name],

I spent a while in your portfolio the way a homeowner does: hunting for the project that matches their lot, their budget and their taste, in that order.

The work itself is the strongest thing you have, and the photography does show it.

But something structural is working against you, and it isn't anybody's fault. What people are actually frightened of is the process — eighteen months, their money, decisions they've never made before — and almost no builder's site addresses that anywhere, so the fear does its work in silence. So they leave without finding it, and go and look at the builder whose site let them filter.

Here's my offer, and it's a simple one. Let me build Apex Homes a homepage concept for free. I'll design it around exactly this problem, send it over, and you decide. There's no obligation and nothing to sign to see it — I'd rather show you what we do than tell you.

Say the word and I'll start on it — want it?

[Sender Name]
Bothmade","Subject: here it is

Here it is. Two minutes and you have seen it.

Projects sortable the way people actually choose, plus the process laid out month by month, because that's the thing they're really nervous about.

It's a design, not a live site — nothing on it actually clicks yet. I'd rather be straight about that than fake a working demo.

Two questions I'd genuinely like your view on, whether or not this goes anywhere: is budget band something you'd ever show publicly? And what's the one question you wish every enquiry answered before you called them?

[Sender Name]","the portfolio is the entire product and there is no way to sort it by budget, style or scope","No website found in research. Look up the site and address, or call.",field-run-003;custom-home-building;CO,75,22000,"$12,000","$35,000",06082026
AquaPools,,Pool building,Austin,TX,USA,,cold-outreach,researched,"Subject: what a pool buyer can't find

Hi [First Name],

I looked at AquaPools as somebody about to spend eighty thousand dollars on a backyard would: photos first, price second, everything else a distant third.

The builds are genuinely impressive, and this is a business that lives or dies on photography.

But there's a structural problem underneath it that isn't anyone's fault. The gallery is the product, and it's shown as one long scroll with no way to sort by size, style, budget or lot shape — so nobody finds the build that resembles their own yard. That's a $90k build going to the company that answered the money question first.

Here's what I'd like to do about it. I'll build AquaPools a homepage concept — a real one, designed for your business, not a template with your logo dropped in — and send it over. It costs you nothing and there's no obligation attached to it. If you like it we can talk. If you don't, you keep the ideas and I go away.

Say the word and I'll start on it — want it?

[Sender Name]
Bothmade","Subject: here it is

Here it is. Two minutes and you have seen it.

The gallery sorted the way buyers actually choose, plus a timeline that says what happens between signing and swimming.

It's a static design rather than a working build, so nothing clicks. I'd rather show you the idea honestly than fake a demo.

Two questions either way: would you ever publish a starting price? And do people come to you with a design in mind, or a budget?

[Sender Name]","the gallery cannot be sorted by size or budget, so nobody finds a build that looks like their own yard","No website found in research. Look up the site and address, or call.",field-run-003;pool-building;TX,75,10000,"$5,000","$18,000",06082026
Aquatic Pools and Spas,info@aquaticpoolaz.com,Pool building,Phoenix,AZ,USA,https://aquaticpoolaz.com,cold-outreach,researched,"Subject: Phoenix · the backyard problem

Hi [First Name],

I went through your site in Phoenix the way a homeowner planning a pool does — trying to find a build that looks like their backyard, at roughly their number.

The work looks excellent, and the reviews in this category are hard-won.

But something structural is working against you here, and it isn't anybody's fault. Everyone arrives with the same two questions — what does something like mine cost, and how long does it take — and almost no pool site answers either, so both become a phone call, and most people don't make it. So they keep scrolling, and eventually ring whoever showed them a pool like theirs.

Here's my offer, and it's a simple one. Let me build Aquatic Pools and Spas a homepage concept for free. I'll design it around exactly this problem, send it over, and you decide. There's no obligation and nothing to sign to see it — I'd rather show you what we do than tell you.

Want me to send one over?

[Sender Name]
Bothmade","Subject: Aquatic Pools and Spas — here it is

Here it is. Two minutes and you have seen it.

Builds filterable by size, style and budget band, with a rough range said out loud and a proper enquiry rather than a contact box.

It's a design, not a live site — nothing on it actually clicks yet. I'd rather be straight about that than fake a working demo.

Two questions either way: would you ever publish a starting price? And do people come to you with a design in mind, or a budget?

[Sender Name]","the gallery cannot be sorted by size or budget, so nobody finds a build that looks like their own yard","Confirm the inbox before sending — info@ is the convention, not a verified address.",field-run-003;pool-building;AZ,75,10000,"$5,000","$18,000",06082026
Arcadia Custom Builders,info@arcadiabuildersllc.com,Custom home building,Scottsdale,AZ,USA,https://arcadiabuildersllc.com,cold-outreach,researched,"Subject: what your enquiry form doesn't ask

Hi [First Name],

I spent a while in your portfolio the way a homeowner does: hunting for the project that matches their lot, their budget and their taste, in that order.

The homes are genuinely good and the reputation is clearly earned.

There's a problem underneath it that isn't anyone's fault. Your enquiry form asks for a name and a message. So every lead arrives unqualified, and your first call is spent finding out whether the project was ever real instead of talking about the house. And half the calls you do take were never going to be anything.

So rather than describe what I'd change, I'd rather just build it. I'll put together a homepage concept for Arcadia Custom Builders, free, and send it to you. No meeting required to get it, no invoice at the end, no catch. Look at it for two minutes and tell me I'm wrong if I am.

Want me to build you one?

[Sender Name]
Bothmade","Subject: Arcadia Custom Builders — here it is

Here it is.

The portfolio filterable by budget band, style and scope, so the couple with a specific project finds their project in about nine seconds.

It's a design, not a live site — nothing on it actually clicks yet. I'd rather be straight about that than fake a working demo.

Two questions I'd genuinely like your view on, whether or not this goes anywhere: is budget band something you'd ever show publicly? And what's the one question you wish every enquiry answered before you called them?

[Sender Name]","the portfolio is the entire product and there is no way to sort it by budget, style or scope","Confirm the inbox before sending — info@ is the convention, not a verified address.",field-run-003;custom-home-building;AZ,75,22000,"$12,000","$35,000",06082026
Arizona Injury Law Group,,Personal injury law,Phoenix,AZ,USA,,cold-outreach,researched,"Subject: one thing about your case pages

Hi [First Name],

I went through your site in Phoenix the way an injured person does — on a phone, in pain, two days after a crash, with an adjuster already calling them.

You've clearly won the cases that matter. That is not the problem.

But there's a structural problem underneath it that isn't anyone's fault. The site is about the firm — the years, the awards, the team — and the visitor arrived with a situation. They want to know whether you handle this, what happens next, and whether it costs them anything to ask. Those three answers are usually the hardest things on the page to find. That's a real case walking, on nothing but a website's tone.

I'd like to build you one. A homepage concept for Arizona Injury Law Group, designed properly, at my expense — not a proposal, not a deck, the actual thing. Yours to keep whether we ever work together or not. Most people who see theirs want to talk. Some don't, and that's genuinely fine.

Want me to send one over?

[Sender Name]
Bothmade","Subject: here it is

Here it is. Two minutes and you have seen it.

A homepage that answers the three questions every caller has in the first screen, and an intake form that arrives already sorted by case type and severity.

It's a static design rather than a working build, so nothing clicks. I'd rather show you the idea honestly than fake a demo.

Two things I'd like your answer to: which case type is worth the most to you? And would you let a form triage before a human speaks to them?

[Sender Name]",intake is the whole business and it runs through a form that asks for a name and a message,"No website found in research. Look up the site and address, or call.",field-run-003;personal-injury-law;AZ,75,20000,"$10,000","$35,000",06082026
Ary Krau MD,info@arykraumd.com,Plastic surgery,Miami,FL,USA,https://arykraumd.com,cold-outreach,researched,"Subject: your gallery, on a phone

Hi [First Name],

I looked at Ary Krau MD the way a woman who has been thinking about this for two years looks at it. Phone, evening, already knows what she wants, wants to know if you're the one to do it.

The surgical reputation is clearly there, and the reviews say what reviews for a good practice say.

But something structural is working against you, and it isn't anyone's fault. The decision gets made at night, on a phone, and the two things that make it — the results and the price bracket — are the two hardest things to reach on most practice sites. That decision is live for about four minutes. If booking means a phone number and office hours, it's gone.

I'd like to build you one. A homepage concept for Ary Krau MD, designed properly, at my expense — not a proposal, not a deck, the actual thing. Yours to keep whether we ever work together or not. Most people who see theirs want to talk. Some don't, and that's genuinely fine.

Say the word and I'll start on it — want it?

[Sender Name]
Bothmade","Subject: Ary Krau MD — here it is

Here it is.

Results first, filterable by procedure, sized for a phone — because that's the device and that's the decision. Consult booking sits on the same screen rather than behind a phone number.

It's a static design rather than a working build, so nothing clicks. I'd rather show you the idea honestly than fake a demo.

Two things I'd like your answer to: is it the gallery or the reviews that closes a consult for you? And does putting a price bracket on the site help you or waste your time?

[Sender Name]","the consult decision happens at 11pm on a phone, and booking means a phone number and office hours","Confirm the inbox before sending — info@ is the convention, not a verified address.",field-run-003;plastic-surgery;FL,75,16000,"$8,000","$28,000",06082026
Aspire Dental Wellness,info@aspiredw.com,Cosmetic dentistry,Charlotte,NC,USA,https://aspiredw.com,cold-outreach,researched,"Subject: Charlotte · the 9pm booking problem

Hi [First Name],

I looked at Aspire Dental Wellness as somebody quietly researching a smile makeover would. On a phone, at night, not ready to ring a front desk yet.

The case work speaks for itself, and the reviews back it up.

But there's a structural problem underneath it that isn't anyone's fault. A veneer case is a fifteen-thousand-dollar decision made from before-and-after photos and a price range — and on most practice sites the photos are buried in a subpage and the price is nowhere at all, which reads as expensive rather than as discreet. One case a month lost that way is more than a website costs, several times over.

I'd like to build you one. A homepage concept for Aspire Dental Wellness, designed properly, at my expense — not a proposal, not a deck, the actual thing. Yours to keep whether we ever work together or not. Most people who see theirs want to talk. Some don't, and that's genuinely fine.

Should I put one together for you?

[Sender Name]
Bothmade","Subject: the concept, as promised

Here it is — Aspire Dental Wellness, as promised.

Smile-makeover cases up front, the reviews next to them, financing said out loud, and booking that doesn't need your front desk to be awake.

It's a static design rather than a working build, so nothing clicks. I'd rather show you the idea honestly than fake a demo.

Two things I'd genuinely like your view on: would you separate the cosmetic patient from the general one like this? And how many cases a month start as a form rather than a call?

[Sender Name]",the cosmetic patient and the check-up patient want opposite things from one homepage,"Confirm the inbox before sending — info@ is the convention, not a verified address.",field-run-003;cosmetic-dentistry;NC,75,12000,"$6,000","$22,000",06082026
Athena Pools,,Pool building,Austin,TX,USA,,cold-outreach,researched,"Subject: your build photos, sorted

Hi [First Name],

I looked at Athena Pools as somebody about to spend eighty thousand dollars on a backyard would: photos first, price second, everything else a distant third.

The work looks excellent, and the reviews in this category are hard-won.

But something structural is working against you here, and it isn't anybody's fault. Everyone arrives with the same two questions — what does something like mine cost, and how long does it take — and almost no pool site answers either, so both become a phone call, and most people don't make it. So they keep scrolling, and eventually ring whoever showed them a pool like theirs.

Here's my offer, and it's a simple one. Let me build Athena Pools a homepage concept for free. I'll design it around exactly this problem, send it over, and you decide. There's no obligation and nothing to sign to see it — I'd rather show you what we do than tell you.

Should I put one together for you?

[Sender Name]
Bothmade","Subject: the concept, as promised

Here it is — Athena Pools, as promised.

Builds filterable by size, style and budget band, with a rough range said out loud and a proper enquiry rather than a contact box.

It's a design, not a live site — nothing on it actually clicks yet. I'd rather be straight about that than fake a working demo.

Two questions either way: would you ever publish a starting price? And do people come to you with a design in mind, or a budget?

[Sender Name]","the gallery cannot be sorted by size or budget, so nobody finds a build that looks like their own yard","No website found in research. Look up the site and address, or call.",field-run-003;pool-building;TX,75,10000,"$5,000","$18,000",06082026
Atlanta Plastic & Reconstructive Specialists,,Plastic surgery,Atlanta,GA,USA,,cold-outreach,researched,"Subject: the 11pm version of your site

Hi [First Name],

I went looking for a plastic surgeon in Atlanta the way a patient actually does — at eleven at night, on a phone, having already read every review twice.

The surgical reputation is clearly there, and the reviews say what reviews for a good practice say.

But there's a structural problem underneath it that isn't anyone's fault. Your before-and-afters are the product — they are the single thing that converts — and on a phone they're usually three taps deep, in a viewer that fights you, with no way to filter to the one procedure she actually came for. The patient who was ready doesn't come back tomorrow. She books with the practice whose site answered her at midnight.

So rather than describe what I'd change, I'd rather just build it. I'll put together a homepage concept for Atlanta Plastic & Reconstructive Specialists, free, and send it to you. No meeting required to get it, no invoice at the end, no catch. Look at it for two minutes and tell me I'm wrong if I am.

Say the word and I'll start on it — want it?

[Sender Name]
Bothmade","Subject: here it is

Here it is.

The gallery is the homepage, filtered by procedure and swipeable properly. Booking a consult takes one tap from any result rather than a phone call in office hours.

It's a design, not a live site — nothing on it actually clicks yet. I'd rather be straight about that than fake a working demo.

Two questions I'd genuinely like your view on either way: which procedure do most of your consult requests come in for? And would you ever let someone book a consult without speaking to your coordinator first?

[Sender Name]",the gallery is what converts a consult and on a phone it is three taps deep and unfilterable,"No website found in research. Look up the site and address, or call.",field-run-003;plastic-surgery;GA,75,16000,"$8,000","$28,000",06082026
Austin Artistic Dental,,Cosmetic dentistry,Austin,TX,USA,,cold-outreach,researched,"Subject: one thing worth flagging

Hi [First Name],

I looked at Austin Artistic Dental the way a patient who has been putting this off for three years looks at it — half-decided, on a phone, easily scared off.

The case work speaks for itself, and the reviews back it up.

There's a problem underneath it that isn't anybody's fault. The decision happens at night on a phone, and booking usually means ringing a front desk between nine and five, so the moment somebody finally feels ready has nowhere to go. That's the biggest case of the month deciding not to ring.

I'd like to build you one. A homepage concept for Austin Artistic Dental, designed properly, at my expense — not a proposal, not a deck, the actual thing. Yours to keep whether we ever work together or not. Most people who see theirs want to talk. Some don't, and that's genuinely fine.

Should I put one together for you?

[Sender Name]
Bothmade","Subject: the concept, as promised

Here it is.

A homepage built for the cosmetic patient: before-and-afters at the top, the range in plain numbers, and a request form that takes fifteen seconds.

It's a static design rather than a working build, so nothing clicks. I'd rather show you the idea honestly than fake a demo.

Two things I'd genuinely like your view on: would you separate the cosmetic patient from the general one like this? And how many cases a month start as a form rather than a call?

[Sender Name]",the cosmetic patient and the check-up patient want opposite things from one homepage,"No website found in research. Look up the site and address, or call.",field-run-003;cosmetic-dentistry;TX,75,12000,"$6,000","$22,000",06082026
Austin Cosmetic Dentistry,,Cosmetic dentistry,Austin,TX,USA,,cold-outreach,researched,"Subject: Austin · the 9pm booking problem

Hi [First Name],

I looked at Austin Cosmetic Dentistry as somebody quietly researching a smile makeover would. On a phone, at night, not ready to ring a front desk yet.

The clinical side is clearly strong, and this is a category where patients can tell.

There's a problem underneath it that isn't anybody's fault. The decision happens at night on a phone, and booking usually means ringing a front desk between nine and five, so the moment somebody finally feels ready has nowhere to go. That's the biggest case of the month deciding not to ring.

Here's what I'd like to do about it. I'll build Austin Cosmetic Dentistry a homepage concept — a real one, designed for your business, not a template with your logo dropped in — and send it over. It costs you nothing and there's no obligation attached to it. If you like it we can talk. If you don't, you keep the ideas and I go away.

Want me to send one over?

[Sender Name]
Bothmade","Subject: the concept, as promised

Here it is — Austin Cosmetic Dentistry, as promised.

Cases first, filterable by treatment, with a price range stated plainly and a booking that works at 9pm.

It's a static design rather than a working build, so nothing clicks. I'd rather show you the idea honestly than fake a demo.

Two things I'd genuinely like your view on: would you separate the cosmetic patient from the general one like this? And how many cases a month start as a form rather than a call?

[Sender Name]",the cosmetic patient and the check-up patient want opposite things from one homepage,"No website found in research. Look up the site and address, or call.",field-run-003;cosmetic-dentistry;TX,75,12000,"$6,000","$22,000",06082026
Austin Kitchen and Bath,,Kitchen and bath remodeling,Austin,TX,USA,,cold-outreach,researched,"Subject: what your form doesn't ask

Hi [First Name],

I spent a while on your site as a homeowner who has been putting this off for two years and has finally decided to do it.

The craftsmanship comes across, and that is not true of most sites in this category.

But something structural is working against you, and it isn't anybody's fault. Your enquiry form asks for a name and a message, so every lead arrives unqualified and your first call is an interview instead of a conversation. So you spend your evenings quoting jobs that were never real, and the real ones went to whoever answered faster.

So rather than describe what I'd change, I'd rather just build it. I'll put together a homepage concept for Austin Kitchen and Bath, free, and send it to you. No meeting required to get it, no invoice at the end, no catch. Look at it for two minutes and tell me I'm wrong if I am.

Want me to build you one?

[Sender Name]
Bothmade","Subject: the concept, as promised

Here it is.

Before-and-afters filterable by room, style and budget band, and an enquiry that asks about the room, the scope and the timing.

It's a design, not a live site — nothing on it actually clicks yet. I'd rather be straight about that than fake a working demo.

Two questions I'd like your answer to either way: would you show budget bands? And what do you wish every enquiry told you before you rang them back?

[Sender Name]",before-and-afters are what sell this and they are shown as a small unfilterable gallery,"No website found in research. Look up the site and address, or call.",field-run-003;kitchen-and-bath-remodeling;TX,75,8500,"$4,000","$15,000",06082026
Avana Plastic Surgery,,Plastic surgery,Miami,FL,USA,,cold-outreach,researched,"Subject: your gallery, on a phone

Hi [First Name],

I looked at Avana Plastic Surgery the way someone books a consult does: late, on a phone, after six months of thinking about it and about ninety minutes of reading reviews.

You are obviously good at this. The work and the reputation both hold up.

But there's a structural problem underneath it that isn't anyone's fault. Your before-and-afters are the product — they are the single thing that converts — and on a phone they're usually three taps deep, in a viewer that fights you, with no way to filter to the one procedure she actually came for. So the request that would have come in at 11pm doesn't, and by morning she's booked a consult with whoever made it easy.

Here's what I'd like to do about it. I'll build Avana Plastic Surgery a homepage concept — a real one, designed for your business, not a template with your logo dropped in — and send it over. It costs you nothing and there's no obligation attached to it. If you like it we can talk. If you don't, you keep the ideas and I go away.

Worth two minutes of your time? Just reply yes.

[Sender Name]
Bothmade","Subject: Avana Plastic Surgery — here it is

Here it is — Avana Plastic Surgery, as promised.

A phone-first layout: results at the top filterable by procedure, the reviews next to them where they do the most work, and a consult request that takes fifteen seconds at midnight.

It's a static design rather than a working build, so nothing clicks. I'd rather show you the idea honestly than fake a demo.

Two things I'd like your answer to: is it the gallery or the reviews that closes a consult for you? And does putting a price bracket on the site help you or waste your time?

[Sender Name]","the consult decision happens at 11pm on a phone, and booking means a phone number and office hours","No website found in research. Look up the site and address, or call.",field-run-003;plastic-surgery;FL,75,16000,"$8,000","$28,000",06082026
BCB Homes,info@bcbhomes.com,Custom home building,Naples,FL,USA,https://bcbhomes.com,cold-outreach,researched,"Subject: what your enquiry form doesn't ask

Hi [First Name],

I spent a while in your portfolio the way a homeowner does: hunting for the project that matches their lot, their budget and their taste, in that order.

Nobody builds at this level by accident — the craft comes across.

But something structural is working against you, and it isn't anybody's fault. What people are actually frightened of is the process — eighteen months, their money, decisions they've never made before — and almost no builder's site addresses that anywhere, so the fear does its work in silence. That's a real project deciding, quietly, that you're not the one — on no evidence either way.

Here's my offer, and it's a simple one. Let me build BCB Homes a homepage concept for free. I'll design it around exactly this problem, send it over, and you decide. There's no obligation and nothing to sign to see it — I'd rather show you what we do than tell you.

Want me to send one over?

[Sender Name]
Bothmade","Subject: the concept, as promised

Here it is. Two minutes and you have seen it.

The portfolio filterable by budget band, style and scope, so the couple with a specific project finds their project in about nine seconds.

It's a design, not a live site — nothing on it actually clicks yet. I'd rather be straight about that than fake a working demo.

Two questions I'd genuinely like your view on, whether or not this goes anywhere: is budget band something you'd ever show publicly? And what's the one question you wish every enquiry answered before you called them?

[Sender Name]","the portfolio is the entire product and there is no way to sort it by budget, style or scope","Confirm the inbox before sending — info@ is the convention, not a verified address.",field-run-003;custom-home-building;FL,75,22000,"$12,000","$35,000",06082026
BLUE Landscape & Outdoor Solutions,info@bluelandscape.com,Landscape design build,Naples,FL,USA,https://bluelandscape.com,cold-outreach,researched,"Subject: Naples · what a design client can't find

Hi [First Name],

I went through your site in Naples the way a homeowner commissioning a garden does — hunting for a project that looks like their lot and their taste.

The gardens photograph well and the craft is obvious.

But something structural is in the way, and it isn't anybody's fault. Nobody explains where design ends and build begins, or what either costs, so the enquiry arrives vague and the first call is spent on scope instead of the garden. So the client who wanted exactly what you do never realises you do it.

So rather than describe what I'd change, I'd rather just build it. I'll put together a homepage concept for BLUE Landscape & Outdoor Solutions, free, and send it to you. No meeting required to get it, no invoice at the end, no catch. Look at it for two minutes and tell me I'm wrong if I am.

Want me to build you one?

[Sender Name]
Bothmade","Subject: BLUE Landscape & Outdoor Solutions — here it is

Here it is. Two minutes and you have seen it.

Projects filterable by style, scale and budget band, with the design process laid out so the enquiry arrives knowing what it's asking for.

It's a design, not a live site — nothing on it actually clicks yet. I'd rather be straight about that than fake a working demo.

Two questions either way: do clients come to you for design or for build first? And would publishing a design fee range help or hurt?

[Sender Name]","design-led buyers choose from images, and the images cannot be narrowed by style, scale or budget","Confirm the inbox before sending — info@ is the convention, not a verified address.",field-run-003;landscape-design-build;FL,75,9000,"$5,000","$16,000",06082026
Ballantyne Center for Dentistry,,Cosmetic dentistry,Charlotte,NC,USA,,cold-outreach,researched,"Subject: what a smile-makeover patient sees

Hi [First Name],

I spent a while on your site as a patient with a $15k case in mind. They research for months and they research on a phone, at night, alone.

You are obviously good at the dentistry. That is not the problem here.

But there's a structural problem underneath it that isn't anyone's fault. A veneer case is a fifteen-thousand-dollar decision made from before-and-after photos and a price range — and on most practice sites the photos are buried in a subpage and the price is nowhere at all, which reads as expensive rather than as discreet. One case a month lost that way is more than a website costs, several times over.

So rather than describe what I'd change, I'd rather just build it. I'll put together a homepage concept for Ballantyne Center for Dentistry, free, and send it to you. No meeting required to get it, no invoice at the end, no catch. Look at it for two minutes and tell me I'm wrong if I am.

Should I put one together for you?

[Sender Name]
Bothmade","Subject: here it is

Here it is.

Cases first, filterable by treatment, with a price range stated plainly and a booking that works at 9pm.

It's a design, not a live site — nothing on it actually clicks yet. I'd rather be straight about that than fake a working demo.

Two questions I'd like your answer to either way: does putting a price range on the site help you or bring you the wrong calls? And is it veneers or implants that pays best for you?

[Sender Name]","a $15k veneer case is decided from before-and-afters and a price range, and neither is easy to reach","No website found in research. Look up the site and address, or call.",field-run-003;cosmetic-dentistry;NC,75,12000,"$6,000","$22,000",06082026
Beautify Spa,info@lovebeautify.com,Med spa,Scottsdale,AZ,USA,https://lovebeautify.com,cold-outreach,researched,"Subject: one thing about your booking

Hi [First Name],

I looked at Beautify Spa the way a client who follows you on Instagram does — arriving from a phone, already sold on the treatment, just needing a time.

The reviews are doing a lot of work for you, and the treatment menu is clearly built by people who know the category.

But something structural is working against you here, and it isn't anyone's fault. Everyone arriving is already sold — they want a time, not a description — and most spa sites are built to describe treatments rather than to sell a slot on Thursday. That's a booking a night that goes somewhere else, and nobody ever knows it happened.

Here's what I'd like to do about it. I'll build Beautify Spa a homepage concept — a real one, designed for your business, not a template with your logo dropped in — and send it over. It costs you nothing and there's no obligation attached to it. If you like it we can talk. If you don't, you keep the ideas and I go away.

Want me to build you one?

[Sender Name]
Bothmade","Subject: the concept, as promised

Here it is.

Booking is the homepage — pick the treatment, pick a time, done — with the reviews sitting right beside it where they close the sale.

It's a static design rather than a working build, so nothing clicks. I'd rather show you the idea honestly than fake a demo.

Two things I'd like your view on: are prices on the site a help or a headache for you? And which treatment brings you the most new clients?

[Sender Name]",the reviews doing the selling live on Google rather than on the homepage where the decision is made,"Confirm the inbox before sending — info@ is the convention, not a verified address.",field-run-003;med-spa;AZ,75,10000,"$5,000","$18,000",06082026
Beauty Boost Med Spa,info@beautyboostmedspa.com,Med spa,Newport Beach,CA,USA,https://beautyboostmedspa.com,cold-outreach,researched,"Subject: Newport Beach · your regulars vs your website

Hi [First Name],

I looked at Beauty Boost Med Spa the way a client who follows you on Instagram does — arriving from a phone, already sold on the treatment, just needing a time.

Your reputation locally is obvious, and that is the hardest part of this business to build.

But there's a structural problem underneath it that isn't anyone's fault. A website can list treatments; it can't take a booking at nine at night, and nine at night is when the decision gets made. Most spa sites hand that moment to a phone number and office hours. The client doesn't wait until morning to call. She books wherever the button was.

I'd like to build you one. A homepage concept for Beauty Boost Med Spa, designed properly, at my expense — not a proposal, not a deck, the actual thing. Yours to keep whether we ever work together or not. Most people who see theirs want to talk. Some don't, and that's genuinely fine.

Say the word and I'll start on it — want it?

[Sender Name]
Bothmade","Subject: Beauty Boost Med Spa — here it is

Here it is. Two minutes and you have seen it.

Treatments priced and bookable in two taps, reviews on the same screen, and the memberships made obvious rather than hidden three pages in.

It's a static design rather than a working build, so nothing clicks. I'd rather show you the idea honestly than fake a demo.

Two things I'd like your view on: are prices on the site a help or a headache for you? And which treatment brings you the most new clients?

[Sender Name]",the reviews doing the selling live on Google rather than on the homepage where the decision is made,"Confirm the inbox before sending — info@ is the convention, not a verified address.",field-run-003;med-spa;CA,75,10000,"$5,000","$18,000",06082026
Beck Building Company,,Custom home building,Boulder,CO,USA,,cold-outreach,researched,"Subject: one thing about your gallery

Hi [First Name],

I looked at Beck Building Company the way people do at the start of this — nervous, doing homework, trying to work out who is going to be easy to work with for eighteen months.

Nobody builds at this level by accident — the craft comes across.

But there's a structural problem underneath it that isn't anyone's fault. Your portfolio is the entire product and it's shown as a grid of thumbnails with no way to sort by budget, style or scope. The buyer with a specific project cannot find the one job that looks like theirs, and that project is the only thing that would have convinced them. And half the calls you do take were never going to be anything.

Here's what I'd like to do about it. I'll build Beck Building Company a homepage concept — a real one, designed for your business, not a template with your logo dropped in — and send it over. It costs you nothing and there's no obligation attached to it. If you like it we can talk. If you don't, you keep the ideas and I go away.

Want me to build you one?

[Sender Name]
Bothmade","Subject: here it is

Here it is. Two minutes and you have seen it.

A portfolio you can filter and an enquiry that asks about the lot, the budget and the timing — so your first call starts where the third one currently does.

It's a static design rather than a working build, so nothing clicks. I'd rather show you the idea honestly than fake a demo.

Two things I'd like your answer to: do people arrive with a lot already, or before? And would showing the process month by month help you or scare people?

[Sender Name]","the enquiry form asks for a name and a message, so every lead arrives unqualified","No website found in research. Look up the site and address, or call.",field-run-003;custom-home-building;CO,75,22000,"$12,000","$35,000",06082026
Bella Custom Homes,,Custom home building,Dallas,TX,USA,,cold-outreach,researched,"Subject: what your enquiry form doesn't ask

Hi [First Name],

I spent a while in your portfolio the way a homeowner does: hunting for the project that matches their lot, their budget and their taste, in that order.

The homes are genuinely good and the reputation is clearly earned.

But there's a structural problem underneath it that isn't anyone's fault. Your portfolio is the entire product and it's shown as a grid of thumbnails with no way to sort by budget, style or scope. The buyer with a specific project cannot find the one job that looks like theirs, and that project is the only thing that would have convinced them. And half the calls you do take were never going to be anything.

So rather than describe what I'd change, I'd rather just build it. I'll put together a homepage concept for Bella Custom Homes, free, and send it to you. No meeting required to get it, no invoice at the end, no catch. Look at it for two minutes and tell me I'm wrong if I am.

Want me to send one over?

[Sender Name]
Bothmade","Subject: the concept, as promised

Here it is — Bella Custom Homes, as promised.

Projects sortable the way people actually choose, plus the process laid out month by month, because that's the thing they're really nervous about.

It's a design, not a live site — nothing on it actually clicks yet. I'd rather be straight about that than fake a working demo.

Two questions I'd genuinely like your view on, whether or not this goes anywhere: is budget band something you'd ever show publicly? And what's the one question you wish every enquiry answered before you called them?

[Sender Name]","the portfolio is the entire product and there is no way to sort it by budget, style or scope","No website found in research. Look up the site and address, or call.",field-run-003;custom-home-building;TX,75,22000,"$12,000","$35,000",06082026
Belle Meade Medical Spa,,Med spa,Nashville,TN,USA,,cold-outreach,researched,"Subject: Nashville · your regulars vs your website

Hi [First Name],

I looked at Belle Meade Medical Spa as somebody who has decided they want tox and just needs to pick where. Phone, evening, ten minutes of attention, maximum.

The client loyalty in this category is everything and yours reads real.

But there's a structural problem underneath it that isn't anyone's fault. A website can list treatments; it can't take a booking at nine at night, and nine at night is when the decision gets made. Most spa sites hand that moment to a phone number and office hours. That's a booking a night that goes somewhere else, and nobody ever knows it happened.

Here's what I'd like to do about it. I'll build Belle Meade Medical Spa a homepage concept — a real one, designed for your business, not a template with your logo dropped in — and send it over. It costs you nothing and there's no obligation attached to it. If you like it we can talk. If you don't, you keep the ideas and I go away.

Say the word and I'll start on it — want it?

[Sender Name]
Bothmade","Subject: here it is

Here it is.

Everything a phone-first client needs in one screen: what it costs, what it looks like, and a slot on Thursday, without a phone call.

It's a static design rather than a working build, so nothing clicks. I'd rather show you the idea honestly than fake a demo.

Two things I'd like your view on: are prices on the site a help or a headache for you? And which treatment brings you the most new clients?

[Sender Name]",the reviews doing the selling live on Google rather than on the homepage where the decision is made,"No website found in research. Look up the site and address, or call.",field-run-003;med-spa;TN,75,10000,"$5,000","$18,000",06082026
Belterra Dental,info@belterradentalatx.com,Cosmetic dentistry,Austin,TX,USA,https://belterradentalatx.com,cold-outreach,researched,"Subject: Austin · the 9pm booking problem

Hi [First Name],

I looked at Belterra Dental as somebody quietly researching a smile makeover would. On a phone, at night, not ready to ring a front desk yet.

The case work speaks for itself, and the reviews back it up.

But there's a structural problem underneath it that isn't anyone's fault. A veneer case is a fifteen-thousand-dollar decision made from before-and-after photos and a price range — and on most practice sites the photos are buried in a subpage and the price is nowhere at all, which reads as expensive rather than as discreet. That's the biggest case of the month deciding not to ring.

I'd like to build you one. A homepage concept for Belterra Dental, designed properly, at my expense — not a proposal, not a deck, the actual thing. Yours to keep whether we ever work together or not. Most people who see theirs want to talk. Some don't, and that's genuinely fine.

Should I put one together for you?

[Sender Name]
Bothmade","Subject: the concept, as promised

Here it is.

Smile-makeover cases up front, the reviews next to them, financing said out loud, and booking that doesn't need your front desk to be awake.

It's a static design rather than a working build, so nothing clicks. I'd rather show you the idea honestly than fake a demo.

Two things I'd genuinely like your view on: would you separate the cosmetic patient from the general one like this? And how many cases a month start as a form rather than a call?

[Sender Name]",the cosmetic patient and the check-up patient want opposite things from one homepage,"Confirm the inbox before sending — info@ is the convention, not a verified address.",field-run-003;cosmetic-dentistry;TX,75,12000,"$6,000","$22,000",06082026
BioSpa,,Med spa,Newport Beach,CA,USA,,cold-outreach,researched,"Subject: the gap between your reviews and your site

Hi [First Name],

I spent twenty minutes on your site the way a first-time client would: scrolling on a phone, comparing you against two other Newport Beach spas, ready to book if someone made it easy.

Your reputation locally is obvious, and that is the hardest part of this business to build.

There's a problem underneath it that isn't anybody's fault. Your reviews are your best salesperson and they live on Google, not on your homepage, where the person deciding between you and the spa down the road never sees them. That's a booking a night that goes somewhere else, and nobody ever knows it happened.

Here's my offer, and it's a simple one. Let me build BioSpa a homepage concept for free. I'll design it around exactly this problem, send it over, and you decide. There's no obligation and nothing to sign to see it — I'd rather show you what we do than tell you.

Worth two minutes of your time? Just reply yes.

[Sender Name]
Bothmade","Subject: here it is

Here it is. Two minutes and you have seen it.

Booking is the homepage — pick the treatment, pick a time, done — with the reviews sitting right beside it where they close the sale.

It's a design, not a live site — nothing on it actually clicks yet. I'd rather be straight about that than fake a working demo.

Two questions I'd genuinely like your answer to either way: would you let clients book without a consult call first? And is membership the thing you'd want pushed hardest here?

[Sender Name]","everyone arriving is already sold and wants a time, and the site is built to describe treatments instead","No website found in research. Look up the site and address, or call.",field-run-003;med-spa;CA,75,10000,"$5,000","$18,000",06082026
Blue Horse Construction,,Kitchen and bath remodeling,Denver,CO,USA,,cold-outreach,researched,"Subject: what your form doesn't ask

Hi [First Name],

I looked at Blue Horse Construction as somebody about to spend sixty thousand dollars on a kitchen would. Photos, price, and whether you'll turn up when you say.

The craftsmanship comes across, and that is not true of most sites in this category.

But something structural is working against you, and it isn't anybody's fault. Your enquiry form asks for a name and a message, so every lead arrives unqualified and your first call is an interview instead of a conversation. So you spend your evenings quoting jobs that were never real, and the real ones went to whoever answered faster.

Here's my offer, and it's a simple one. Let me build Blue Horse Construction a homepage concept for free. I'll design it around exactly this problem, send it over, and you decide. There's no obligation and nothing to sign to see it — I'd rather show you what we do than tell you.

Want me to build you one?

[Sender Name]
Bothmade","Subject: Blue Horse Construction — here it is

Here it is — Blue Horse Construction, as promised.

Before-and-afters filterable by room, style and budget band, and an enquiry that asks about the room, the scope and the timing.

It's a design, not a live site — nothing on it actually clicks yet. I'd rather be straight about that than fake a working demo.

Two questions I'd like your answer to either way: would you show budget bands? And what do you wish every enquiry told you before you rang them back?

[Sender Name]",before-and-afters are what sell this and they are shown as a small unfilterable gallery,"No website found in research. Look up the site and address, or call.",field-run-003;kitchen-and-bath-remodeling;CO,75,8500,"$4,000","$15,000",06082026
Blume Skin & Body,,Med spa,Scottsdale,AZ,USA,,cold-outreach,researched,"Subject: the gap between your reviews and your site

Hi [First Name],

I spent twenty minutes on your site the way a first-time client would: scrolling on a phone, comparing you against two other Scottsdale spas, ready to book if someone made it easy.

Your reputation locally is obvious, and that is the hardest part of this business to build.

But there's a structural problem underneath it that isn't anyone's fault. A website can list treatments; it can't take a booking at nine at night, and nine at night is when the decision gets made. Most spa sites hand that moment to a phone number and office hours. The client doesn't wait until morning to call. She books wherever the button was.

So rather than describe what I'd change, I'd rather just build it. I'll put together a homepage concept for Blume Skin & Body, free, and send it to you. No meeting required to get it, no invoice at the end, no catch. Look at it for two minutes and tell me I'm wrong if I am.

Worth two minutes of your time? Just reply yes.

[Sender Name]
Bothmade","Subject: Blume Skin & Body — here it is

Here it is. Two minutes and you have seen it.

Treatments priced and bookable in two taps, reviews on the same screen, and the memberships made obvious rather than hidden three pages in.

It's a design, not a live site — nothing on it actually clicks yet. I'd rather be straight about that than fake a working demo.

Two questions I'd genuinely like your answer to either way: would you let clients book without a consult call first? And is membership the thing you'd want pushed hardest here?

[Sender Name]","everyone arriving is already sold and wants a time, and the site is built to describe treatments instead","No website found in research. Look up the site and address, or call.",field-run-003;med-spa;AZ,75,10000,"$5,000","$18,000",06082026
Body Tonic Aesthetics & Wellness,,Med spa,Austin,TX,USA,,cold-outreach,researched,"Subject: Austin · your regulars vs your website

Hi [First Name],

I looked at Body Tonic Aesthetics & Wellness as somebody who has decided they want tox and just needs to pick where. Phone, evening, ten minutes of attention, maximum.

The reviews are doing a lot of work for you, and the treatment menu is clearly built by people who know the category.

But something structural is working against you here, and it isn't anyone's fault. Everyone arriving is already sold — they want a time, not a description — and most spa sites are built to describe treatments rather than to sell a slot on Thursday. That's a booking a night that goes somewhere else, and nobody ever knows it happened.

Here's what I'd like to do about it. I'll build Body Tonic Aesthetics & Wellness a homepage concept — a real one, designed for your business, not a template with your logo dropped in — and send it over. It costs you nothing and there's no obligation attached to it. If you like it we can talk. If you don't, you keep the ideas and I go away.

Want me to send one over?

[Sender Name]
Bothmade","Subject: Body Tonic Aesthetics & Wellness — here it is

Here it is.

Treatments priced and bookable in two taps, reviews on the same screen, and the memberships made obvious rather than hidden three pages in.

It's a static design rather than a working build, so nothing clicks. I'd rather show you the idea honestly than fake a demo.

Two things I'd like your view on: are prices on the site a help or a headache for you? And which treatment brings you the most new clients?

[Sender Name]",the reviews doing the selling live on Google rather than on the homepage where the decision is made,"No website found in research. Look up the site and address, or call.",field-run-003;med-spa;TX,75,10000,"$5,000","$18,000",06082026
Borelli Construction of Naples,info@borelliconstructionofnaples.com,Custom home building,Naples,FL,USA,https://borelliconstructionofnaples.com,cold-outreach,researched,"Subject: one thing about your gallery

Hi [First Name],

I looked at Borelli Construction of Naples the way people do at the start of this — nervous, doing homework, trying to work out who is going to be easy to work with for eighteen months.

The work itself is the strongest thing you have, and the photography does show it.

But something structural is working against you, and it isn't anybody's fault. What people are actually frightened of is the process — eighteen months, their money, decisions they've never made before — and almost no builder's site addresses that anywhere, so the fear does its work in silence. And half the calls you do take were never going to be anything.

I'd like to build you one. A homepage concept for Borelli Construction of Naples, designed properly, at my expense — not a proposal, not a deck, the actual thing. Yours to keep whether we ever work together or not. Most people who see theirs want to talk. Some don't, and that's genuinely fine.

Say the word and I'll start on it — want it?

[Sender Name]
Bothmade","Subject: here it is

Here it is. Two minutes and you have seen it.

The portfolio filterable by budget band, style and scope, so the couple with a specific project finds their project in about nine seconds.

It's a static design rather than a working build, so nothing clicks. I'd rather show you the idea honestly than fake a demo.

Two things I'd like your answer to: do people arrive with a lot already, or before? And would showing the process month by month help you or scare people?

[Sender Name]","the enquiry form asks for a name and a message, so every lead arrives unqualified","Confirm the inbox before sending — info@ is the convention, not a verified address.",field-run-003;custom-home-building;FL,75,22000,"$12,000","$35,000",06082026
Boxwell Homes,info@boxwellhomes.com,Custom home building,Scottsdale,AZ,USA,https://boxwellhomes.com,cold-outreach,researched,"Subject: one thing about your gallery

Hi [First Name],

I looked at Boxwell Homes the way people do at the start of this — nervous, doing homework, trying to work out who is going to be easy to work with for eighteen months.

Nobody builds at this level by accident — the craft comes across.

But there's a structural problem underneath it that isn't anyone's fault. Your portfolio is the entire product and it's shown as a grid of thumbnails with no way to sort by budget, style or scope. The buyer with a specific project cannot find the one job that looks like theirs, and that project is the only thing that would have convinced them. And half the calls you do take were never going to be anything.

Here's what I'd like to do about it. I'll build Boxwell Homes a homepage concept — a real one, designed for your business, not a template with your logo dropped in — and send it over. It costs you nothing and there's no obligation attached to it. If you like it we can talk. If you don't, you keep the ideas and I go away.

Should I put one together for you?

[Sender Name]
Bothmade","Subject: the concept, as promised

Here it is.

A portfolio you can filter and an enquiry that asks about the lot, the budget and the timing — so your first call starts where the third one currently does.

It's a static design rather than a working build, so nothing clicks. I'd rather show you the idea honestly than fake a demo.

Two things I'd like your answer to: do people arrive with a lot already, or before? And would showing the process month by month help you or scare people?

[Sender Name]","the enquiry form asks for a name and a message, so every lead arrives unqualified","Confirm the inbox before sending — info@ is the convention, not a verified address.",field-run-003;custom-home-building;AZ,75,22000,"$12,000","$35,000",06082026
Boys Arnold Wealth Management,,Wealth management,Charlotte,NC,USA,,cold-outreach,researched,"Subject: your site vs your minimum

Hi [First Name],

I looked at Boys Arnold Wealth Management the way a business owner who just sold would: checking whether you handle people like them before they'd ever make contact.

Fee-only and independent is a genuinely strong position, and the credentials are clear.

But there's a structural problem underneath it that isn't anyone's fault. Everybody in this category says the same things — independent, fiduciary, personalised — on the same navy blue site, so a prospect with real money has no way to tell you from the firm across the street. That's the introduction that would have paid for a decade of website, not happening.

Here's what I'd like to do about it. I'll build Boys Arnold Wealth Management a homepage concept — a real one, designed for your business, not a template with your logo dropped in — and send it over. It costs you nothing and there's no obligation attached to it. If you like it we can talk. If you don't, you keep the ideas and I go away.

Want me to build you one?

[Sender Name]
Bothmade","Subject: Boys Arnold Wealth Management — here it is

Here it is.

A homepage that names the client you want, the problem you solve for them, and what working together actually costs.

It's a static design rather than a working build, so nothing clicks. I'd rather show you the idea honestly than fake a demo.

Two questions either way: how much of your fee model would compliance let you state publicly? And what's the client profile you'd most like more of?

[Sender Name]","every firm in the category says the same three things, so a real prospect has no way to tell you apart","No website found in research. Look up the site and address, or call.",field-run-003;wealth-management;NC,75,15000,"$8,000","$25,000",06082026
Brady Family Dentistry,info@bradyfamilydentistry.com,Cosmetic dentistry,Charlotte,NC,USA,https://bradyfamilydentistry.com,cold-outreach,researched,"Subject: what a smile-makeover patient sees

Hi [First Name],

I spent a while on your site as a patient with a $15k case in mind. They research for months and they research on a phone, at night, alone.

The clinical side is clearly strong, and this is a category where patients can tell.

But there's something structural working against you, and it isn't anyone's fault. Cosmetic patients and check-up patients want completely different things, and one homepage is nearly always built for the check-up patient — so the $15k case has to hunt for what it came for. That's the biggest case of the month deciding not to ring.

So rather than describe what I'd change, I'd rather just build it. I'll put together a homepage concept for Brady Family Dentistry, free, and send it to you. No meeting required to get it, no invoice at the end, no catch. Look at it for two minutes and tell me I'm wrong if I am.

Should I put one together for you?

[Sender Name]
Bothmade","Subject: the concept, as promised

Here it is. Two minutes and you have seen it.

Smile-makeover cases up front, the reviews next to them, financing said out loud, and booking that doesn't need your front desk to be awake.

It's a design, not a live site — nothing on it actually clicks yet. I'd rather be straight about that than fake a working demo.

Two questions I'd like your answer to either way: does putting a price range on the site help you or bring you the wrong calls? And is it veneers or implants that pays best for you?

[Sender Name]","a $15k veneer case is decided from before-and-afters and a price range, and neither is easy to reach","Confirm the inbox before sending — info@ is the convention, not a verified address.",field-run-003;cosmetic-dentistry;NC,75,12000,"$6,000","$22,000",06082026
Bragg Financial Advisors,,Wealth management,Charlotte,NC,USA,,cold-outreach,researched,"Subject: your site vs your minimum

Hi [First Name],

I looked at Bragg Financial Advisors the way a business owner who just sold would: checking whether you handle people like them before they'd ever make contact.

Fee-only and independent is a genuinely strong position, and the credentials are clear.

But there's a structural problem underneath it that isn't anyone's fault. Everybody in this category says the same things — independent, fiduciary, personalised — on the same navy blue site, so a prospect with real money has no way to tell you from the firm across the street. That's the introduction that would have paid for a decade of website, not happening.

Here's what I'd like to do about it. I'll build Bragg Financial Advisors a homepage concept — a real one, designed for your business, not a template with your logo dropped in — and send it over. It costs you nothing and there's no obligation attached to it. If you like it we can talk. If you don't, you keep the ideas and I go away.

Say the word and I'll start on it — want it?

[Sender Name]
Bothmade","Subject: Bragg Financial Advisors — here it is

Here it is — Bragg Financial Advisors, as promised.

A homepage that names the client you want, the problem you solve for them, and what working together actually costs.

It's a static design rather than a working build, so nothing clicks. I'd rather show you the idea honestly than fake a demo.

Two questions either way: how much of your fee model would compliance let you state publicly? And what's the client profile you'd most like more of?

[Sender Name]","every firm in the category says the same three things, so a real prospect has no way to tell you apart","No website found in research. Look up the site and address, or call.",field-run-003;wealth-management;NC,75,15000,"$8,000","$25,000",06082026
Buckhead Plastic Surgery,,Plastic surgery,Atlanta,GA,USA,,cold-outreach,researched,"Subject: your gallery, on a phone

Hi [First Name],

I looked at Buckhead Plastic Surgery the way someone books a consult does: late, on a phone, after six months of thinking about it and about ninety minutes of reading reviews.

You are obviously good at this. The work and the reputation both hold up.

But there's a problem underneath it that isn't anyone's fault. Nobody chooses a surgeon from a paragraph. They choose from the gallery, and the gallery is nearly always buried behind a menu, unfilterable, and painful to swipe through on the device it's being viewed on. So the request that would have come in at 11pm doesn't, and by morning she's booked a consult with whoever made it easy.

Here's what I'd like to do about it. I'll build Buckhead Plastic Surgery a homepage concept — a real one, designed for your business, not a template with your logo dropped in — and send it over. It costs you nothing and there's no obligation attached to it. If you like it we can talk. If you don't, you keep the ideas and I go away.

Worth two minutes of your time? Just reply yes.

[Sender Name]
Bothmade","Subject: here it is

Here it is — Buckhead Plastic Surgery, as promised.

Results first, filterable by procedure, sized for a phone — because that's the device and that's the decision. Consult booking sits on the same screen rather than behind a phone number.

It's a static design rather than a working build, so nothing clicks. I'd rather show you the idea honestly than fake a demo.

Two things I'd like your answer to: is it the gallery or the reviews that closes a consult for you? And does putting a price bracket on the site help you or waste your time?

[Sender Name]","the consult decision happens at 11pm on a phone, and booking means a phone number and office hours","No website found in research. Look up the site and address, or call.",field-run-003;plastic-surgery;GA,75,16000,"$8,000","$28,000",06082026
Butler Kahn,,Personal injury law,Atlanta,GA,USA,,cold-outreach,researched,"Subject: one thing about your case pages

Hi [First Name],

I went through your site in Atlanta the way an injured person does — on a phone, in pain, two days after a crash, with an adjuster already calling them.

You've clearly won the cases that matter. That is not the problem.

But there's a structural problem underneath it that isn't anyone's fault. The site is about the firm — the years, the awards, the team — and the visitor arrived with a situation. They want to know whether you handle this, what happens next, and whether it costs them anything to ask. Those three answers are usually the hardest things on the page to find. That's a real case walking, on nothing but a website's tone.

Here's what I'd like to do about it. I'll build Butler Kahn a homepage concept — a real one, designed for your business, not a template with your logo dropped in — and send it over. It costs you nothing and there's no obligation attached to it. If you like it we can talk. If you don't, you keep the ideas and I go away.

Want me to build you one?

[Sender Name]
Bothmade","Subject: here it is

Here it is. Two minutes and you have seen it.

A homepage that answers the three questions every caller has in the first screen, and an intake form that arrives already sorted by case type and severity.

It's a static design rather than a working build, so nothing clicks. I'd rather show you the idea honestly than fake a demo.

Two things I'd like your answer to: which case type is worth the most to you? And would you let a form triage before a human speaks to them?

[Sender Name]",intake is the whole business and it runs through a form that asks for a name and a message,"No website found in research. Look up the site and address, or call.",field-run-003;personal-injury-law;GA,75,20000,"$10,000","$35,000",06082026
CG Cosmetic Surgery,info@cgcosmetic.com,Plastic surgery,Miami,FL,USA,https://cgcosmetic.com,cold-outreach,researched,"Subject: your gallery, on a phone

Hi [First Name],

I looked at CG Cosmetic Surgery the way a woman who has been thinking about this for two years looks at it. Phone, evening, already knows what she wants, wants to know if you're the one to do it.

You are obviously good at this. The work and the reputation both hold up.

But there's a problem underneath it that isn't anyone's fault. Nobody chooses a surgeon from a paragraph. They choose from the gallery, and the gallery is nearly always buried behind a menu, unfilterable, and painful to swipe through on the device it's being viewed on. So the request that would have come in at 11pm doesn't, and by morning she's booked a consult with whoever made it easy.

I'd like to build you one. A homepage concept for CG Cosmetic Surgery, designed properly, at my expense — not a proposal, not a deck, the actual thing. Yours to keep whether we ever work together or not. Most people who see theirs want to talk. Some don't, and that's genuinely fine.

Should I put one together for you?

[Sender Name]
Bothmade","Subject: the concept, as promised

Here it is.

Results first, filterable by procedure, sized for a phone — because that's the device and that's the decision. Consult booking sits on the same screen rather than behind a phone number.

It's a static design rather than a working build, so nothing clicks. I'd rather show you the idea honestly than fake a demo.

Two things I'd like your answer to: is it the gallery or the reviews that closes a consult for you? And does putting a price bracket on the site help you or waste your time?

[Sender Name]","the consult decision happens at 11pm on a phone, and booking means a phone number and office hours","Confirm the inbox before sending — info@ is the convention, not a verified address.",field-run-003;plastic-surgery;FL,75,16000,"$8,000","$28,000",06082026
Cadre General Contractors,,Custom home building,Denver,CO,USA,,cold-outreach,researched,"Subject: Denver · the $3M enquiry problem

Hi [First Name],

I looked at Cadre General Contractors as somebody about to hand a builder several million dollars would. They look at photos, they look for a long time, and they are trying to find themselves in your work.

The work itself is the strongest thing you have, and the photography does show it.

But there's a structural problem underneath it that isn't anyone's fault. Your portfolio is the entire product and it's shown as a grid of thumbnails with no way to sort by budget, style or scope. The buyer with a specific project cannot find the one job that looks like theirs, and that project is the only thing that would have convinced them. So they leave without finding it, and go and look at the builder whose site let them filter.

Here's what I'd like to do about it. I'll build Cadre General Contractors a homepage concept — a real one, designed for your business, not a template with your logo dropped in — and send it over. It costs you nothing and there's no obligation attached to it. If you like it we can talk. If you don't, you keep the ideas and I go away.

Want me to build you one?

[Sender Name]
Bothmade","Subject: here it is

Here it is. Two minutes and you have seen it.

Projects sortable the way people actually choose, plus the process laid out month by month, because that's the thing they're really nervous about.

It's a static design rather than a working build, so nothing clicks. I'd rather show you the idea honestly than fake a demo.

Two things I'd like your answer to: do people arrive with a lot already, or before? And would showing the process month by month help you or scare people?

[Sender Name]","the enquiry form asks for a name and a message, so every lead arrives unqualified","No website found in research. Look up the site and address, or call.",field-run-003;custom-home-building;CO,75,22000,"$12,000","$35,000",06082026
California Pools & Landscape,,Pool building,Phoenix,AZ,USA,,cold-outreach,researched,"Subject: Phoenix · the backyard problem

Hi [First Name],

I went through your site in Phoenix the way a homeowner planning a pool does — trying to find a build that looks like their backyard, at roughly their number.

The builds are genuinely impressive, and this is a business that lives or dies on photography.

But there's a structural problem underneath it that isn't anyone's fault. The gallery is the product, and it's shown as one long scroll with no way to sort by size, style, budget or lot shape — so nobody finds the build that resembles their own yard. That's a $90k build going to the company that answered the money question first.

Here's what I'd like to do about it. I'll build California Pools & Landscape a homepage concept — a real one, designed for your business, not a template with your logo dropped in — and send it over. It costs you nothing and there's no obligation attached to it. If you like it we can talk. If you don't, you keep the ideas and I go away.

Worth two minutes of your time? Just reply yes.

[Sender Name]
Bothmade","Subject: the concept, as promised

Here it is. Two minutes and you have seen it.

The gallery sorted the way buyers actually choose, plus a timeline that says what happens between signing and swimming.

It's a static design rather than a working build, so nothing clicks. I'd rather show you the idea honestly than fake a demo.

Two questions either way: would you ever publish a starting price? And do people come to you with a design in mind, or a budget?

[Sender Name]","the gallery cannot be sorted by size or budget, so nobody finds a build that looks like their own yard","No website found in research. Look up the site and address, or call.",field-run-003;pool-building;AZ,75,10000,"$5,000","$18,000",06082026
Calvis Wyant Luxury Homes,info@calviswyant.com,Custom home building,Scottsdale,AZ,USA,https://calviswyant.com,cold-outreach,researched,"Subject: your portfolio, sorted

Hi [First Name],

I went through your site in Scottsdale the way a couple with a lot to spend and a specific idea does — looking for the one project that looks like the house in their head.

Nobody builds at this level by accident — the craft comes across.

But there's a structural problem underneath it that isn't anyone's fault. Your portfolio is the entire product and it's shown as a grid of thumbnails with no way to sort by budget, style or scope. The buyer with a specific project cannot find the one job that looks like theirs, and that project is the only thing that would have convinced them. That's a real project deciding, quietly, that you're not the one — on no evidence either way.

Here's my offer, and it's a simple one. Let me build Calvis Wyant Luxury Homes a homepage concept for free. I'll design it around exactly this problem, send it over, and you decide. There's no obligation and nothing to sign to see it — I'd rather show you what we do than tell you.

Worth two minutes of your time? Just reply yes.

[Sender Name]
Bothmade","Subject: the concept, as promised

Here it is. Two minutes and you have seen it.

A portfolio you can filter and an enquiry that asks about the lot, the budget and the timing — so your first call starts where the third one currently does.

It's a design, not a live site — nothing on it actually clicks yet. I'd rather be straight about that than fake a working demo.

Two questions I'd genuinely like your view on, whether or not this goes anywhere: is budget band something you'd ever show publicly? And what's the one question you wish every enquiry answered before you called them?

[Sender Name]","the portfolio is the entire product and there is no way to sort it by budget, style or scope","Confirm the inbox before sending — info@ is the convention, not a verified address.",field-run-003;custom-home-building;AZ,75,22000,"$12,000","$35,000",06082026
Campanile Plastic Surgery,,Plastic surgery,Denver,CO,USA,,cold-outreach,researched,"Subject: your gallery, on a phone

Hi [First Name],

I looked at Campanile Plastic Surgery the way someone books a consult does: late, on a phone, after six months of thinking about it and about ninety minutes of reading reviews.

The surgical reputation is clearly there, and the reviews say what reviews for a good practice say.

But there's a structural problem underneath it that isn't anyone's fault. Your before-and-afters are the product — they are the single thing that converts — and on a phone they're usually three taps deep, in a viewer that fights you, with no way to filter to the one procedure she actually came for. That decision is live for about four minutes. If booking means a phone number and office hours, it's gone.

Here's what I'd like to do about it. I'll build Campanile Plastic Surgery a homepage concept — a real one, designed for your business, not a template with your logo dropped in — and send it over. It costs you nothing and there's no obligation attached to it. If you like it we can talk. If you don't, you keep the ideas and I go away.

Want me to build you one?

[Sender Name]
Bothmade","Subject: Campanile Plastic Surgery — here it is

Here it is. Two minutes and you have seen it.

Results first, filterable by procedure, sized for a phone — because that's the device and that's the decision. Consult booking sits on the same screen rather than behind a phone number.

It's a static design rather than a working build, so nothing clicks. I'd rather show you the idea honestly than fake a demo.

Two things I'd like your answer to: is it the gallery or the reviews that closes a consult for you? And does putting a price bracket on the site help you or waste your time?

[Sender Name]","the consult decision happens at 11pm on a phone, and booking means a phone number and office hours","No website found in research. Look up the site and address, or call.",field-run-003;plastic-surgery;CO,75,16000,"$8,000","$28,000",06082026
Canvas Skin,,Med spa,Nashville,TN,USA,,cold-outreach,researched,"Subject: one thing about your booking

Hi [First Name],

I looked at Canvas Skin the way a client who follows you on Instagram does — arriving from a phone, already sold on the treatment, just needing a time.

The reviews are doing a lot of work for you, and the treatment menu is clearly built by people who know the category.

But something structural is working against you here, and it isn't anyone's fault. Everyone arriving is already sold — they want a time, not a description — and most spa sites are built to describe treatments rather than to sell a slot on Thursday. The client doesn't wait until morning to call. She books wherever the button was.

I'd like to build you one. A homepage concept for Canvas Skin, designed properly, at my expense — not a proposal, not a deck, the actual thing. Yours to keep whether we ever work together or not. Most people who see theirs want to talk. Some don't, and that's genuinely fine.

Worth two minutes of your time? Just reply yes.

[Sender Name]
Bothmade","Subject: Canvas Skin — here it is

Here it is. Two minutes and you have seen it.

Treatments priced and bookable in two taps, reviews on the same screen, and the memberships made obvious rather than hidden three pages in.

It's a static design rather than a working build, so nothing clicks. I'd rather show you the idea honestly than fake a demo.

Two things I'd like your view on: are prices on the site a help or a headache for you? And which treatment brings you the most new clients?

[Sender Name]",the reviews doing the selling live on Google rather than on the homepage where the decision is made,"No website found in research. Look up the site and address, or call.",field-run-003;med-spa;TN,75,10000,"$5,000","$18,000",06082026
Capital State Remodel,,Kitchen and bath remodeling,Austin,TX,USA,,cold-outreach,researched,"Subject: Austin · the unqualified enquiry problem

Hi [First Name],

I went through your site in Austin the way a homeowner planning a kitchen does — looking for a job like theirs, at a number they can live with.

The finished work looks genuinely good, and the reviews say the crews turn up — which in this trade is half the sale.

But there's a structural problem underneath it that isn't anyone's fault. Before-and-afters are what sell this, and they're usually shown as a small unfilterable gallery — so the homeowner with a galley kitchen never finds your galley kitchen. That's a $60k kitchen going to the company whose site made it feel easy.

Here's what I'd like to do about it. I'll build Capital State Remodel a homepage concept — a real one, designed for your business, not a template with your logo dropped in — and send it over. It costs you nothing and there's no obligation attached to it. If you like it we can talk. If you don't, you keep the ideas and I go away.

Want me to send one over?

[Sender Name]
Bothmade","Subject: the concept, as promised

Here it is.

Projects sorted the way homeowners choose, ranges said out loud, and a form that arrives ready to quote.

It's a static design rather than a working build, so nothing clicks. I'd rather show you the idea honestly than fake a demo.

Two questions I'd like your answer to either way: would you show budget bands? And what do you wish every enquiry told you before you rang them back?

[Sender Name]",before-and-afters are what sell this and they are shown as a small unfilterable gallery,"No website found in research. Look up the site and address, or call.",field-run-003;kitchen-and-bath-remodeling;TX,75,8500,"$4,000","$15,000",06082026
Capraro Plastic Surgery,,Plastic surgery,Denver,CO,USA,,cold-outreach,researched,"Subject: where your consult requests go

Hi [First Name],

I looked at Capraro Plastic Surgery the way someone books a consult does: late, on a phone, after six months of thinking about it and about ninety minutes of reading reviews.

The results speak for themselves — that part isn't in question, and neither is the credentialing.

But there's a problem underneath it that isn't anyone's fault. Nobody chooses a surgeon from a paragraph. They choose from the gallery, and the gallery is nearly always buried behind a menu, unfilterable, and painful to swipe through on the device it's being viewed on. That decision is live for about four minutes. If booking means a phone number and office hours, it's gone.

Here's what I'd like to do about it. I'll build Capraro Plastic Surgery a homepage concept — a real one, designed for your business, not a template with your logo dropped in — and send it over. It costs you nothing and there's no obligation attached to it. If you like it we can talk. If you don't, you keep the ideas and I go away.

Worth two minutes of your time? Just reply yes.

[Sender Name]
Bothmade","Subject: Capraro Plastic Surgery — here it is

Here it is — Capraro Plastic Surgery, as promised.

A phone-first layout: results at the top filterable by procedure, the reviews next to them where they do the most work, and a consult request that takes fifteen seconds at midnight.

It's a static design rather than a working build, so nothing clicks. I'd rather show you the idea honestly than fake a demo.

Two things I'd like your answer to: is it the gallery or the reviews that closes a consult for you? And does putting a price bracket on the site help you or waste your time?

[Sender Name]","the consult decision happens at 11pm on a phone, and booking means a phone number and office hours","No website found in research. Look up the site and address, or call.",field-run-003;plastic-surgery;CO,75,16000,"$8,000","$28,000",06082026
Carmel Homes Design Group,info@luxuryhomebuildersscottsdale.com,Custom home building,Scottsdale,AZ,USA,https://luxuryhomebuildersscottsdale.com,cold-outreach,researched,"Subject: one thing about your gallery

Hi [First Name],

I looked at Carmel Homes Design Group the way people do at the start of this — nervous, doing homework, trying to work out who is going to be easy to work with for eighteen months.

The homes are genuinely good and the reputation is clearly earned.

But there's a structural problem underneath it that isn't anyone's fault. Your portfolio is the entire product and it's shown as a grid of thumbnails with no way to sort by budget, style or scope. The buyer with a specific project cannot find the one job that looks like theirs, and that project is the only thing that would have convinced them. That's a real project deciding, quietly, that you're not the one — on no evidence either way.

Here's what I'd like to do about it. I'll build Carmel Homes Design Group a homepage concept — a real one, designed for your business, not a template with your logo dropped in — and send it over. It costs you nothing and there's no obligation attached to it. If you like it we can talk. If you don't, you keep the ideas and I go away.

Want me to build you one?

[Sender Name]
Bothmade","Subject: Carmel Homes Design Group — here it is

Here it is.

The portfolio filterable by budget band, style and scope, so the couple with a specific project finds their project in about nine seconds.

It's a static design rather than a working build, so nothing clicks. I'd rather show you the idea honestly than fake a demo.

Two things I'd like your answer to: do people arrive with a lot already, or before? And would showing the process month by month help you or scare people?

[Sender Name]","the enquiry form asks for a name and a message, so every lead arrives unqualified","Confirm the inbox before sending — info@ is the convention, not a verified address.",field-run-003;custom-home-building;AZ,75,22000,"$12,000","$35,000",06082026
Cascade Custom Pools,,Pool building,Austin,TX,USA,,cold-outreach,researched,"Subject: your build photos, sorted

Hi [First Name],

I looked at Cascade Custom Pools as somebody about to spend eighty thousand dollars on a backyard would: photos first, price second, everything else a distant third.

The work looks excellent, and the reviews in this category are hard-won.

But something structural is working against you here, and it isn't anybody's fault. Everyone arrives with the same two questions — what does something like mine cost, and how long does it take — and almost no pool site answers either, so both become a phone call, and most people don't make it. So they keep scrolling, and eventually ring whoever showed them a pool like theirs.

Here's my offer, and it's a simple one. Let me build Cascade Custom Pools a homepage concept for free. I'll design it around exactly this problem, send it over, and you decide. There's no obligation and nothing to sign to see it — I'd rather show you what we do than tell you.

Say the word and I'll start on it — want it?

[Sender Name]
Bothmade","Subject: here it is

Here it is. Two minutes and you have seen it.

Builds filterable by size, style and budget band, with a rough range said out loud and a proper enquiry rather than a contact box.

It's a design, not a live site — nothing on it actually clicks yet. I'd rather be straight about that than fake a working demo.

Two questions either way: would you ever publish a starting price? And do people come to you with a design in mind, or a budget?

[Sender Name]","the gallery cannot be sorted by size or budget, so nobody finds a build that looks like their own yard","No website found in research. Look up the site and address, or call.",field-run-003;pool-building;TX,75,10000,"$5,000","$18,000",06082026
Castle Homes,,Custom home building,Nashville,TN,USA,,cold-outreach,researched,"Subject: what your enquiry form doesn't ask

Hi [First Name],

I spent a while in your portfolio the way a homeowner does: hunting for the project that matches their lot, their budget and their taste, in that order.

The work itself is the strongest thing you have, and the photography does show it.

There's a problem underneath it that isn't anyone's fault. Your enquiry form asks for a name and a message. So every lead arrives unqualified, and your first call is spent finding out whether the project was ever real instead of talking about the house. And half the calls you do take were never going to be anything.

Here's my offer, and it's a simple one. Let me build Castle Homes a homepage concept for free. I'll design it around exactly this problem, send it over, and you decide. There's no obligation and nothing to sign to see it — I'd rather show you what we do than tell you.

Worth two minutes of your time? Just reply yes.

[Sender Name]
Bothmade","Subject: here it is

Here it is. Two minutes and you have seen it.

The portfolio filterable by budget band, style and scope, so the couple with a specific project finds their project in about nine seconds.

It's a design, not a live site — nothing on it actually clicks yet. I'd rather be straight about that than fake a working demo.

Two questions I'd genuinely like your view on, whether or not this goes anywhere: is budget band something you'd ever show publicly? And what's the one question you wish every enquiry answered before you called them?

[Sender Name]","the portfolio is the entire product and there is no way to sort it by budget, style or scope","No website found in research. Look up the site and address, or call.",field-run-003;custom-home-building;TN,75,22000,"$12,000","$35,000",06082026
Catalyst Construction,,Kitchen and bath remodeling,Austin,TX,USA,,cold-outreach,researched,"Subject: your before-and-afters

Hi [First Name],

I looked at Catalyst Construction as somebody about to spend sixty thousand dollars on a kitchen would. Photos, price, and whether you'll turn up when you say.

The craftsmanship comes across, and that is not true of most sites in this category.

But something structural is working against you, and it isn't anybody's fault. Your enquiry form asks for a name and a message, so every lead arrives unqualified and your first call is an interview instead of a conversation. So you spend your evenings quoting jobs that were never real, and the real ones went to whoever answered faster.

So rather than describe what I'd change, I'd rather just build it. I'll put together a homepage concept for Catalyst Construction, free, and send it to you. No meeting required to get it, no invoice at the end, no catch. Look at it for two minutes and tell me I'm wrong if I am.

Want me to send one over?

[Sender Name]
Bothmade","Subject: here it is

Here it is. Two minutes and you have seen it.

Before-and-afters filterable by room, style and budget band, and an enquiry that asks about the room, the scope and the timing.

It's a design, not a live site — nothing on it actually clicks yet. I'd rather be straight about that than fake a working demo.

Two questions I'd like your answer to either way: would you show budget bands? And what do you wish every enquiry told you before you rang them back?

[Sender Name]",before-and-afters are what sell this and they are shown as a small unfilterable gallery,"No website found in research. Look up the site and address, or call.",field-run-003;kitchen-and-bath-remodeling;TX,75,8500,"$4,000","$15,000",06082026
Celebrity Homes,,Custom home building,Scottsdale,AZ,USA,,cold-outreach,researched,"Subject: Scottsdale · the $3M enquiry problem

Hi [First Name],

I looked at Celebrity Homes as somebody about to hand a builder several million dollars would. They look at photos, they look for a long time, and they are trying to find themselves in your work.

The work itself is the strongest thing you have, and the photography does show it.

There's a problem underneath it that isn't anyone's fault. Your enquiry form asks for a name and a message. So every lead arrives unqualified, and your first call is spent finding out whether the project was ever real instead of talking about the house. That's a real project deciding, quietly, that you're not the one — on no evidence either way.

Here's what I'd like to do about it. I'll build Celebrity Homes a homepage concept — a real one, designed for your business, not a template with your logo dropped in — and send it over. It costs you nothing and there's no obligation attached to it. If you like it we can talk. If you don't, you keep the ideas and I go away.

Want me to build you one?

[Sender Name]
Bothmade","Subject: here it is

Here it is — Celebrity Homes, as promised.

Projects sortable the way people actually choose, plus the process laid out month by month, because that's the thing they're really nervous about.

It's a static design rather than a working build, so nothing clicks. I'd rather show you the idea honestly than fake a demo.

Two things I'd like your answer to: do people arrive with a lot already, or before? And would showing the process month by month help you or scare people?

[Sender Name]","the enquiry form asks for a name and a message, so every lead arrives unqualified","No website found in research. Look up the site and address, or call.",field-run-003;custom-home-building;AZ,75,22000,"$12,000","$35,000",06082026
Charlotte Center for Cosmetic Dentistry,,Cosmetic dentistry,Charlotte,NC,USA,,cold-outreach,researched,"Subject: Charlotte · the 9pm booking problem

Hi [First Name],

I looked at Charlotte Center for Cosmetic Dentistry as somebody quietly researching a smile makeover would. On a phone, at night, not ready to ring a front desk yet.

The case work speaks for itself, and the reviews back it up.

There's a problem underneath it that isn't anybody's fault. The decision happens at night on a phone, and booking usually means ringing a front desk between nine and five, so the moment somebody finally feels ready has nowhere to go. That's the biggest case of the month deciding not to ring.

I'd like to build you one. A homepage concept for Charlotte Center for Cosmetic Dentistry, designed properly, at my expense — not a proposal, not a deck, the actual thing. Yours to keep whether we ever work together or not. Most people who see theirs want to talk. Some don't, and that's genuinely fine.

Should I put one together for you?

[Sender Name]
Bothmade","Subject: the concept, as promised

Here it is. Two minutes and you have seen it.

A homepage built for the cosmetic patient: before-and-afters at the top, the range in plain numbers, and a request form that takes fifteen seconds.

It's a static design rather than a working build, so nothing clicks. I'd rather show you the idea honestly than fake a demo.

Two things I'd genuinely like your view on: would you separate the cosmetic patient from the general one like this? And how many cases a month start as a form rather than a call?

[Sender Name]",the cosmetic patient and the check-up patient want opposite things from one homepage,"No website found in research. Look up the site and address, or call.",field-run-003;cosmetic-dentistry;NC,75,12000,"$6,000","$22,000",06082026
Charlotte Dental Arts,info@charlottedentalarts.com,Cosmetic dentistry,Charlotte,NC,USA,https://charlottedentalarts.com,cold-outreach,researched,"Subject: your veneer cases, and your website

Hi [First Name],

I went looking for a cosmetic dentist in Charlotte the way a veneer patient does — evening, on a phone, wanting to see cases and find out roughly what it costs before speaking to anybody.

The case work speaks for itself, and the reviews back it up.

There's a problem underneath it that isn't anybody's fault. The decision happens at night on a phone, and booking usually means ringing a front desk between nine and five, so the moment somebody finally feels ready has nowhere to go. One case a month lost that way is more than a website costs, several times over.

Here's my offer, and it's a simple one. Let me build Charlotte Dental Arts a homepage concept for free. I'll design it around exactly this problem, send it over, and you decide. There's no obligation and nothing to sign to see it — I'd rather show you what we do than tell you.

Should I put one together for you?

[Sender Name]
Bothmade","Subject: here it is

Here it is. Two minutes and you have seen it.

Smile-makeover cases up front, the reviews next to them, financing said out loud, and booking that doesn't need your front desk to be awake.

It's a design, not a live site — nothing on it actually clicks yet. I'd rather be straight about that than fake a working demo.

Two questions I'd like your answer to either way: does putting a price range on the site help you or bring you the wrong calls? And is it veneers or implants that pays best for you?

[Sender Name]","a $15k veneer case is decided from before-and-afters and a price range, and neither is easy to reach","Confirm the inbox before sending — info@ is the convention, not a verified address.",field-run-003;cosmetic-dentistry;NC,75,12000,"$6,000","$22,000",06082026
Charlotte Skin & Laser,,Med spa,Charlotte,NC,USA,,cold-outreach,researched,"Subject: booking you at 9pm

Hi [First Name],

I went looking for a med spa in Charlotte the way a new client does — on a phone, in the evening, three tabs open, wanting to book Botox for Thursday.

Your reputation locally is obvious, and that is the hardest part of this business to build.

But there's a structural problem underneath it that isn't anyone's fault. A website can list treatments; it can't take a booking at nine at night, and nine at night is when the decision gets made. Most spa sites hand that moment to a phone number and office hours. Every one of those is revenue that left without leaving a trace.

So rather than describe what I'd change, I'd rather just build it. I'll put together a homepage concept for Charlotte Skin & Laser, free, and send it to you. No meeting required to get it, no invoice at the end, no catch. Look at it for two minutes and tell me I'm wrong if I am.

Want me to send one over?

[Sender Name]
Bothmade","Subject: here it is

Here it is. Two minutes and you have seen it.

Everything a phone-first client needs in one screen: what it costs, what it looks like, and a slot on Thursday, without a phone call.

It's a design, not a live site — nothing on it actually clicks yet. I'd rather be straight about that than fake a working demo.

Two questions I'd genuinely like your answer to either way: would you let clients book without a consult call first? And is membership the thing you'd want pushed hardest here?

[Sender Name]","everyone arriving is already sold and wants a time, and the site is built to describe treatments instead","No website found in research. Look up the site and address, or call.",field-run-003;med-spa;NC,75,10000,"$5,000","$18,000",06082026
Chicago IVF,info@chicagoivf.com,Fertility clinic,Chicago,IL,USA,https://chicagoivf.com,cold-outreach,researched,"Subject: the 2am research problem

Hi [First Name],

I looked at Chicago IVF as a couple deciding where to spend twenty thousand dollars and a year of their lives would. They read everything. Usually at night.

The clinical work in this field speaks for itself, and patients in this category are unusually good at judging it.

But there's a structural problem underneath it that isn't anyone's fault. The two things that decide it — what it actually costs and what your success rates really say — are the two things most clinic sites make hardest to find, which reads as evasive even when the answer is good. Nobody rings to ask what it costs. They just quietly go elsewhere.

I'd like to build you one. A homepage concept for Chicago IVF, designed properly, at my expense — not a proposal, not a deck, the actual thing. Yours to keep whether we ever work together or not. Most people who see theirs want to talk. Some don't, and that's genuinely fine.

Worth two minutes of your time? Just reply yes.

[Sender Name]
Bothmade","Subject: the concept, as promised

Here it is — Chicago IVF, as promised.

A homepage written for the patient rather than the referrer: what it costs, what the numbers mean, what happens first, and how to start.

It's a static design rather than a working build, so nothing clicks. I'd rather show you the idea honestly than fake a demo.

Two questions I'd genuinely like your view on: is publishing cost ranges something you'd do? And which of your numbers do patients misread most often?

[Sender Name]",what it costs and what the success rates mean are the two hardest things on the site to find,"Confirm the inbox before sending — info@ is the convention, not a verified address.",field-run-003;fertility-clinic;IL,75,22000,"$12,000","$35,000",06082026
Classica Homes,info@classicahomes.com,Custom home building,Charlotte,NC,USA,https://classicahomes.com,cold-outreach,researched,"Subject: Charlotte · the $3M enquiry problem

Hi [First Name],

I looked at Classica Homes as somebody about to hand a builder several million dollars would. They look at photos, they look for a long time, and they are trying to find themselves in your work.

The homes are genuinely good and the reputation is clearly earned.

There's a problem underneath it that isn't anyone's fault. Your enquiry form asks for a name and a message. So every lead arrives unqualified, and your first call is spent finding out whether the project was ever real instead of talking about the house. That's a real project deciding, quietly, that you're not the one — on no evidence either way.

Here's what I'd like to do about it. I'll build Classica Homes a homepage concept — a real one, designed for your business, not a template with your logo dropped in — and send it over. It costs you nothing and there's no obligation attached to it. If you like it we can talk. If you don't, you keep the ideas and I go away.

Want me to send one over?

[Sender Name]
Bothmade","Subject: the concept, as promised

Here it is — Classica Homes, as promised.

A portfolio you can filter and an enquiry that asks about the lot, the budget and the timing — so your first call starts where the third one currently does.

It's a static design rather than a working build, so nothing clicks. I'd rather show you the idea honestly than fake a demo.

Two things I'd like your answer to: do people arrive with a lot already, or before? And would showing the process month by month help you or scare people?

[Sender Name]","the enquiry form asks for a name and a message, so every lead arrives unqualified","Confirm the inbox before sending — info@ is the convention, not a verified address.",field-run-003;custom-home-building;NC,75,22000,"$12,000","$35,000",06082026
Clint Newman DDS,info@clintnewmandds.com,Cosmetic dentistry,Nashville,TN,USA,https://clintnewmandds.com,cold-outreach,researched,"Subject: one thing worth flagging

Hi [First Name],

I looked at Clint Newman DDS the way a patient who has been putting this off for three years looks at it — half-decided, on a phone, easily scared off.

The clinical side is clearly strong, and this is a category where patients can tell.

There's a problem underneath it that isn't anybody's fault. The decision happens at night on a phone, and booking usually means ringing a front desk between nine and five, so the moment somebody finally feels ready has nowhere to go. They don't call in the morning. They keep scrolling, and someone else gets the case.

I'd like to build you one. A homepage concept for Clint Newman DDS, designed properly, at my expense — not a proposal, not a deck, the actual thing. Yours to keep whether we ever work together or not. Most people who see theirs want to talk. Some don't, and that's genuinely fine.

Want me to build you one?

[Sender Name]
Bothmade","Subject: the concept, as promised

Here it is. Two minutes and you have seen it.

Smile-makeover cases up front, the reviews next to them, financing said out loud, and booking that doesn't need your front desk to be awake.

It's a static design rather than a working build, so nothing clicks. I'd rather show you the idea honestly than fake a demo.

Two things I'd genuinely like your view on: would you separate the cosmetic patient from the general one like this? And how many cases a month start as a form rather than a call?

[Sender Name]",the cosmetic patient and the check-up patient want opposite things from one homepage,"Confirm the inbox before sending — info@ is the convention, not a verified address.",field-run-003;cosmetic-dentistry;TN,75,12000,"$6,000","$22,000",06082026
Cody Pools,info@codypools.com,Pool building,Austin,TX,USA,https://codypools.com,cold-outreach,researched,"Subject: Austin · the backyard problem

Hi [First Name],

I spent a while in your gallery the way a couple does after they've decided to do it and are just picking who.

The work looks excellent, and the reviews in this category are hard-won.

But something structural is working against you here, and it isn't anybody's fault. Everyone arrives with the same two questions — what does something like mine cost, and how long does it take — and almost no pool site answers either, so both become a phone call, and most people don't make it. So they keep scrolling, and eventually ring whoever showed them a pool like theirs.

Here's my offer, and it's a simple one. Let me build Cody Pools a homepage concept for free. I'll design it around exactly this problem, send it over, and you decide. There's no obligation and nothing to sign to see it — I'd rather show you what we do than tell you.

Want me to build you one?

[Sender Name]
Bothmade","Subject: the concept, as promised

Here it is — Cody Pools, as promised.

Builds filterable by size, style and budget band, with a rough range said out loud and a proper enquiry rather than a contact box.

It's a design, not a live site — nothing on it actually clicks yet. I'd rather be straight about that than fake a working demo.

Two questions either way: would you ever publish a starting price? And do people come to you with a design in mind, or a budget?

[Sender Name]","the gallery cannot be sorted by size or budget, so nobody finds a build that looks like their own yard","Confirm the inbox before sending — info@ is the convention, not a verified address.",field-run-003;pool-building;TX,75,10000,"$5,000","$18,000",06082026
Cole Cosmetic Surgery,info@atlplasticsurgeon.com,Plastic surgery,Atlanta,GA,USA,https://atlplasticsurgeon.com,cold-outreach,researched,"Subject: the 11pm version of your site

Hi [First Name],

I went looking for a plastic surgeon in Atlanta the way a patient actually does — at eleven at night, on a phone, having already read every review twice.

You are obviously good at this. The work and the reputation both hold up.

But there's a problem underneath it that isn't anyone's fault. Nobody chooses a surgeon from a paragraph. They choose from the gallery, and the gallery is nearly always buried behind a menu, unfilterable, and painful to swipe through on the device it's being viewed on. That decision is live for about four minutes. If booking means a phone number and office hours, it's gone.

Here's my offer, and it's a simple one. Let me build Cole Cosmetic Surgery a homepage concept for free. I'll design it around exactly this problem, send it over, and you decide. There's no obligation and nothing to sign to see it — I'd rather show you what we do than tell you.

Say the word and I'll start on it — want it?

[Sender Name]
Bothmade","Subject: here it is

Here it is — Cole Cosmetic Surgery, as promised.

Results first, filterable by procedure, sized for a phone — because that's the device and that's the decision. Consult booking sits on the same screen rather than behind a phone number.

It's a design, not a live site — nothing on it actually clicks yet. I'd rather be straight about that than fake a working demo.

Two questions I'd genuinely like your view on either way: which procedure do most of your consult requests come in for? And would you ever let someone book a consult without speaking to your coordinator first?

[Sender Name]",the gallery is what converts a consult and on a phone it is three taps deep and unfilterable,"Confirm the inbox before sending — info@ is the convention, not a verified address.",field-run-003;plastic-surgery;GA,75,16000,"$8,000","$28,000",06082026
Colony Family Offices,,Wealth management,Charlotte,NC,USA,,cold-outreach,researched,"Subject: one thing worth flagging

Hi [First Name],

I looked at Colony Family Offices the way a business owner who just sold would: checking whether you handle people like them before they'd ever make contact.

Fee-only and independent is a genuinely strong position, and the credentials are clear.

But there's a structural problem underneath it that isn't anyone's fault. Everybody in this category says the same things — independent, fiduciary, personalised — on the same navy blue site, so a prospect with real money has no way to tell you from the firm across the street. That's the introduction that would have paid for a decade of website, not happening.

I'd like to build you one. A homepage concept for Colony Family Offices, designed properly, at my expense — not a proposal, not a deck, the actual thing. Yours to keep whether we ever work together or not. Most people who see theirs want to talk. Some don't, and that's genuinely fine.

Want me to build you one?

[Sender Name]
Bothmade","Subject: here it is

Here it is — Colony Family Offices, as promised.

A homepage that names the client you want, the problem you solve for them, and what working together actually costs.

It's a static design rather than a working build, so nothing clicks. I'd rather show you the idea honestly than fake a demo.

Two questions either way: how much of your fee model would compliance let you state publicly? And what's the client profile you'd most like more of?

[Sender Name]","every firm in the category says the same three things, so a real prospect has no way to tell you apart","No website found in research. Look up the site and address, or call.",field-run-003;wealth-management;NC,75,15000,"$8,000","$25,000",06082026
Colorado Facial Plastic Surgery,info@cofps.com,Plastic surgery,Denver,CO,USA,https://cofps.com,cold-outreach,researched,"Subject: Denver · one thing about your consults

Hi [First Name],

I spent a while on your site as a patient would. Not at a desk — on a phone, at night, comparing you against two other Denver practices with fourteen tabs open.

The results speak for themselves — that part isn't in question, and neither is the credentialing.

But something structural is working against you, and it isn't anyone's fault. The decision gets made at night, on a phone, and the two things that make it — the results and the price bracket — are the two hardest things to reach on most practice sites. That decision is live for about four minutes. If booking means a phone number and office hours, it's gone.

So rather than describe what I'd change, I'd rather just build it. I'll put together a homepage concept for Colorado Facial Plastic Surgery, free, and send it to you. No meeting required to get it, no invoice at the end, no catch. Look at it for two minutes and tell me I'm wrong if I am.

Worth two minutes of your time? Just reply yes.

[Sender Name]
Bothmade","Subject: here it is

Here it is. Two minutes and you have seen it.

Results first, filterable by procedure, sized for a phone — because that's the device and that's the decision. Consult booking sits on the same screen rather than behind a phone number.

It's a design, not a live site — nothing on it actually clicks yet. I'd rather be straight about that than fake a working demo.

Two questions I'd genuinely like your view on either way: which procedure do most of your consult requests come in for? And would you ever let someone book a consult without speaking to your coordinator first?

[Sender Name]",the gallery is what converts a consult and on a phone it is three taps deep and unfilterable,"Confirm the inbox before sending — info@ is the convention, not a verified address.",field-run-003;plastic-surgery;CO,75,16000,"$8,000","$28,000",06082026
Copper Builders,,Custom home building,Charlotte,NC,USA,,cold-outreach,researched,"Subject: one thing about your gallery

Hi [First Name],

I looked at Copper Builders the way people do at the start of this — nervous, doing homework, trying to work out who is going to be easy to work with for eighteen months.

The homes are genuinely good and the reputation is clearly earned.

But there's a structural problem underneath it that isn't anyone's fault. Your portfolio is the entire product and it's shown as a grid of thumbnails with no way to sort by budget, style or scope. The buyer with a specific project cannot find the one job that looks like theirs, and that project is the only thing that would have convinced them. And half the calls you do take were never going to be anything.

I'd like to build you one. A homepage concept for Copper Builders, designed properly, at my expense — not a proposal, not a deck, the actual thing. Yours to keep whether we ever work together or not. Most people who see theirs want to talk. Some don't, and that's genuinely fine.

Worth two minutes of your time? Just reply yes.

[Sender Name]
Bothmade","Subject: here it is

Here it is.

The portfolio filterable by budget band, style and scope, so the couple with a specific project finds their project in about nine seconds.

It's a static design rather than a working build, so nothing clicks. I'd rather show you the idea honestly than fake a demo.

Two things I'd like your answer to: do people arrive with a lot already, or before? And would showing the process month by month help you or scare people?

[Sender Name]","the enquiry form asks for a name and a message, so every lead arrives unqualified","No website found in research. Look up the site and address, or call.",field-run-003;custom-home-building;NC,75,22000,"$12,000","$35,000",06082026
Coral Gables Cosmetic Dentist,info@coralgablescosmeticdentist.com,Cosmetic dentistry,Coral Gables,FL,USA,https://coralgablescosmeticdentist.com,cold-outreach,researched,"Subject: what a smile-makeover patient sees

Hi [First Name],

I spent a while on your site as a patient with a $15k case in mind. They research for months and they research on a phone, at night, alone.

You are obviously good at the dentistry. That is not the problem here.

But there's a structural problem underneath it that isn't anyone's fault. A veneer case is a fifteen-thousand-dollar decision made from before-and-after photos and a price range — and on most practice sites the photos are buried in a subpage and the price is nowhere at all, which reads as expensive rather than as discreet. That's the biggest case of the month deciding not to ring.

So rather than describe what I'd change, I'd rather just build it. I'll put together a homepage concept for Coral Gables Cosmetic Dentist, free, and send it to you. No meeting required to get it, no invoice at the end, no catch. Look at it for two minutes and tell me I'm wrong if I am.

Say the word and I'll start on it — want it?

[Sender Name]
Bothmade","Subject: Coral Gables Cosmetic Dentist — here it is

Here it is.

Smile-makeover cases up front, the reviews next to them, financing said out loud, and booking that doesn't need your front desk to be awake.

It's a design, not a live site — nothing on it actually clicks yet. I'd rather be straight about that than fake a working demo.

Two questions I'd like your answer to either way: does putting a price range on the site help you or bring you the wrong calls? And is it veneers or implants that pays best for you?

[Sender Name]","a $15k veneer case is decided from before-and-afters and a price range, and neither is easy to reach","Confirm the inbox before sending — info@ is the convention, not a verified address.",field-run-003;cosmetic-dentistry;FL,75,12000,"$6,000","$22,000",06082026
Coral Gables Dentistry,info@coralgablesdentistry.com,Cosmetic dentistry,Coral Gables,FL,USA,https://coralgablesdentistry.com,cold-outreach,researched,"Subject: your veneer cases, and your website

Hi [First Name],

I went looking for a cosmetic dentist in Coral Gables the way a veneer patient does — evening, on a phone, wanting to see cases and find out roughly what it costs before speaking to anybody.

The case work speaks for itself, and the reviews back it up.

There's a problem underneath it that isn't anybody's fault. The decision happens at night on a phone, and booking usually means ringing a front desk between nine and five, so the moment somebody finally feels ready has nowhere to go. That's the biggest case of the month deciding not to ring.

So rather than describe what I'd change, I'd rather just build it. I'll put together a homepage concept for Coral Gables Dentistry, free, and send it to you. No meeting required to get it, no invoice at the end, no catch. Look at it for two minutes and tell me I'm wrong if I am.

Want me to build you one?

[Sender Name]
Bothmade","Subject: here it is

Here it is.

Smile-makeover cases up front, the reviews next to them, financing said out loud, and booking that doesn't need your front desk to be awake.

It's a design, not a live site — nothing on it actually clicks yet. I'd rather be straight about that than fake a working demo.

Two questions I'd like your answer to either way: does putting a price range on the site help you or bring you the wrong calls? And is it veneers or implants that pays best for you?

[Sender Name]","a $15k veneer case is decided from before-and-afters and a price range, and neither is easy to reach","Confirm the inbox before sending — info@ is the convention, not a verified address.",field-run-003;cosmetic-dentistry;FL,75,12000,"$6,000","$22,000",06082026
Cosmetic Dentistry of the Carolinas,info@cosmeticdentistofcharlotte.com,Cosmetic dentistry,Charlotte,NC,USA,https://cosmeticdentistofcharlotte.com,cold-outreach,researched,"Subject: Charlotte · the 9pm booking problem

Hi [First Name],

I looked at Cosmetic Dentistry of the Carolinas as somebody quietly researching a smile makeover would. On a phone, at night, not ready to ring a front desk yet.

The clinical side is clearly strong, and this is a category where patients can tell.

But there's something structural working against you, and it isn't anyone's fault. Cosmetic patients and check-up patients want completely different things, and one homepage is nearly always built for the check-up patient — so the $15k case has to hunt for what it came for. One case a month lost that way is more than a website costs, several times over.

I'd like to build you one. A homepage concept for Cosmetic Dentistry of the Carolinas, designed properly, at my expense — not a proposal, not a deck, the actual thing. Yours to keep whether we ever work together or not. Most people who see theirs want to talk. Some don't, and that's genuinely fine.

Want me to build you one?

[Sender Name]
Bothmade","Subject: the concept, as promised

Here it is. Two minutes and you have seen it.

A homepage built for the cosmetic patient: before-and-afters at the top, the range in plain numbers, and a request form that takes fifteen seconds.

It's a static design rather than a working build, so nothing clicks. I'd rather show you the idea honestly than fake a demo.

Two things I'd genuinely like your view on: would you separate the cosmetic patient from the general one like this? And how many cases a month start as a form rather than a call?

[Sender Name]",the cosmetic patient and the check-up patient want opposite things from one homepage,"Confirm the inbox before sending — info@ is the convention, not a verified address.",field-run-003;cosmetic-dentistry;NC,75,12000,"$6,000","$22,000",06082026
Crestone Capital,,Wealth management,Denver,CO,USA,,cold-outreach,researched,"Subject: Denver · what a $5M prospect sees

Hi [First Name],

I looked at Crestone Capital the way a business owner who just sold would: checking whether you handle people like them before they'd ever make contact.

Fee-only and independent is a genuinely strong position, and the credentials are clear.

But there's a structural problem underneath it that isn't anyone's fault. Everybody in this category says the same things — independent, fiduciary, personalised — on the same navy blue site, so a prospect with real money has no way to tell you from the firm across the street. That's the introduction that would have paid for a decade of website, not happening.

I'd like to build you one. A homepage concept for Crestone Capital, designed properly, at my expense — not a proposal, not a deck, the actual thing. Yours to keep whether we ever work together or not. Most people who see theirs want to talk. Some don't, and that's genuinely fine.

Want me to send one over?

[Sender Name]
Bothmade","Subject: here it is

Here it is — Crestone Capital, as promised.

A homepage that names the client you want, the problem you solve for them, and what working together actually costs.

It's a static design rather than a working build, so nothing clicks. I'd rather show you the idea honestly than fake a demo.

Two questions either way: how much of your fee model would compliance let you state publicly? And what's the client profile you'd most like more of?

[Sender Name]","every firm in the category says the same three things, so a real prospect has no way to tell you apart","No website found in research. Look up the site and address, or call.",field-run-003;wealth-management;CO,75,15000,"$8,000","$25,000",06082026
Crites Custom Pools,,Pool building,Austin,TX,USA,,cold-outreach,researched,"Subject: your build photos, sorted

Hi [First Name],

I looked at Crites Custom Pools as somebody about to spend eighty thousand dollars on a backyard would: photos first, price second, everything else a distant third.

The work looks excellent, and the reviews in this category are hard-won.

But something structural is working against you here, and it isn't anybody's fault. Everyone arrives with the same two questions — what does something like mine cost, and how long does it take — and almost no pool site answers either, so both become a phone call, and most people don't make it. So they keep scrolling, and eventually ring whoever showed them a pool like theirs.

So rather than describe what I'd change, I'd rather just build it. I'll put together a homepage concept for Crites Custom Pools, free, and send it to you. No meeting required to get it, no invoice at the end, no catch. Look at it for two minutes and tell me I'm wrong if I am.

Want me to build you one?

[Sender Name]
Bothmade","Subject: the concept, as promised

Here it is.

Builds filterable by size, style and budget band, with a rough range said out loud and a proper enquiry rather than a contact box.

It's a design, not a live site — nothing on it actually clicks yet. I'd rather be straight about that than fake a working demo.

Two questions either way: would you ever publish a starting price? And do people come to you with a design in mind, or a budget?

[Sender Name]","the gallery cannot be sorted by size or budget, so nobody finds a build that looks like their own yard","No website found in research. Look up the site and address, or call.",field-run-003;pool-building;TX,75,10000,"$5,000","$18,000",06082026
DHH Med Spa,info@dhhmedspa.com,Med spa,Scottsdale,AZ,USA,https://dhhmedspa.com,cold-outreach,researched,"Subject: booking you at 9pm

Hi [First Name],

I went looking for a med spa in Scottsdale the way a new client does — on a phone, in the evening, three tabs open, wanting to book Botox for Thursday.

The client loyalty in this category is everything and yours reads real.

But there's a structural problem underneath it that isn't anyone's fault. A website can list treatments; it can't take a booking at nine at night, and nine at night is when the decision gets made. Most spa sites hand that moment to a phone number and office hours. That's a booking a night that goes somewhere else, and nobody ever knows it happened.

Here's my offer, and it's a simple one. Let me build DHH Med Spa a homepage concept for free. I'll design it around exactly this problem, send it over, and you decide. There's no obligation and nothing to sign to see it — I'd rather show you what we do than tell you.

Worth two minutes of your time? Just reply yes.

[Sender Name]
Bothmade","Subject: here it is

Here it is. Two minutes and you have seen it.

Treatments priced and bookable in two taps, reviews on the same screen, and the memberships made obvious rather than hidden three pages in.

It's a design, not a live site — nothing on it actually clicks yet. I'd rather be straight about that than fake a working demo.

Two questions I'd genuinely like your answer to either way: would you let clients book without a consult call first? And is membership the thing you'd want pushed hardest here?

[Sender Name]","everyone arriving is already sold and wants a time, and the site is built to describe treatments instead","Confirm the inbox before sending — info@ is the convention, not a verified address.",field-run-003;med-spa;AZ,75,10000,"$5,000","$18,000",06082026
Dallas Laser Dentistry,info@dallascosmeticdentist.us,Cosmetic dentistry,Dallas,TX,USA,https://dallascosmeticdentist.us,cold-outreach,researched,"Subject: Dallas · the 9pm booking problem

Hi [First Name],

I looked at Dallas Laser Dentistry as somebody quietly researching a smile makeover would. On a phone, at night, not ready to ring a front desk yet.

The clinical side is clearly strong, and this is a category where patients can tell.

There's a problem underneath it that isn't anybody's fault. The decision happens at night on a phone, and booking usually means ringing a front desk between nine and five, so the moment somebody finally feels ready has nowhere to go. One case a month lost that way is more than a website costs, several times over.

I'd like to build you one. A homepage concept for Dallas Laser Dentistry, designed properly, at my expense — not a proposal, not a deck, the actual thing. Yours to keep whether we ever work together or not. Most people who see theirs want to talk. Some don't, and that's genuinely fine.

Want me to build you one?

[Sender Name]
Bothmade","Subject: Dallas Laser Dentistry — here it is

Here it is.

A homepage built for the cosmetic patient: before-and-afters at the top, the range in plain numbers, and a request form that takes fifteen seconds.

It's a static design rather than a working build, so nothing clicks. I'd rather show you the idea honestly than fake a demo.

Two things I'd genuinely like your view on: would you separate the cosmetic patient from the general one like this? And how many cases a month start as a form rather than a call?

[Sender Name]",the cosmetic patient and the check-up patient want opposite things from one homepage,"Confirm the inbox before sending — info@ is the convention, not a verified address.",field-run-003;cosmetic-dentistry;TX,75,12000,"$6,000","$22,000",06082026
Dallas Plastic Surgery Institute,,Plastic surgery,Dallas,TX,USA,,cold-outreach,researched,"Subject: Dallas · one thing about your consults

Hi [First Name],

I spent a while on your site as a patient would. Not at a desk — on a phone, at night, comparing you against two other Dallas practices with fourteen tabs open.

The surgical reputation is clearly there, and the reviews say what reviews for a good practice say.

But something structural is working against you, and it isn't anyone's fault. The decision gets made at night, on a phone, and the two things that make it — the results and the price bracket — are the two hardest things to reach on most practice sites. That decision is live for about four minutes. If booking means a phone number and office hours, it's gone.

So rather than describe what I'd change, I'd rather just build it. I'll put together a homepage concept for Dallas Plastic Surgery Institute, free, and send it to you. No meeting required to get it, no invoice at the end, no catch. Look at it for two minutes and tell me I'm wrong if I am.

Say the word and I'll start on it — want it?

[Sender Name]
Bothmade","Subject: the concept, as promised

Here it is. Two minutes and you have seen it.

Results first, filterable by procedure, sized for a phone — because that's the device and that's the decision. Consult booking sits on the same screen rather than behind a phone number.

It's a design, not a live site — nothing on it actually clicks yet. I'd rather be straight about that than fake a working demo.

Two questions I'd genuinely like your view on either way: which procedure do most of your consult requests come in for? And would you ever let someone book a consult without speaking to your coordinator first?

[Sender Name]",the gallery is what converts a consult and on a phone it is three taps deep and unfilterable,"No website found in research. Look up the site and address, or call.",field-run-003;plastic-surgery;TX,75,16000,"$8,000","$28,000",06082026
Davis Properties,,Custom home building,Nashville,TN,USA,,cold-outreach,researched,"Subject: what your enquiry form doesn't ask

Hi [First Name],

I spent a while in your portfolio the way a homeowner does: hunting for the project that matches their lot, their budget and their taste, in that order.

The work itself is the strongest thing you have, and the photography does show it.

There's a problem underneath it that isn't anyone's fault. Your enquiry form asks for a name and a message. So every lead arrives unqualified, and your first call is spent finding out whether the project was ever real instead of talking about the house. That's a real project deciding, quietly, that you're not the one — on no evidence either way.

So rather than describe what I'd change, I'd rather just build it. I'll put together a homepage concept for Davis Properties, free, and send it to you. No meeting required to get it, no invoice at the end, no catch. Look at it for two minutes and tell me I'm wrong if I am.

Want me to send one over?

[Sender Name]
Bothmade","Subject: Davis Properties — here it is

Here it is. Two minutes and you have seen it.

The portfolio filterable by budget band, style and scope, so the couple with a specific project finds their project in about nine seconds.

It's a design, not a live site — nothing on it actually clicks yet. I'd rather be straight about that than fake a working demo.

Two questions I'd genuinely like your view on, whether or not this goes anywhere: is budget band something you'd ever show publicly? And what's the one question you wish every enquiry answered before you called them?

[Sender Name]","the portfolio is the entire product and there is no way to sort it by budget, style or scope","No website found in research. Look up the site and address, or call.",field-run-003;custom-home-building;TN,75,22000,"$12,000","$35,000",06082026
DeLozier Cosmetic Surgery Center,,Plastic surgery,Nashville,TN,USA,,cold-outreach,researched,"Subject: where your consult requests go

Hi [First Name],

I looked at DeLozier Cosmetic Surgery Center the way a woman who has been thinking about this for two years looks at it. Phone, evening, already knows what she wants, wants to know if you're the one to do it.

You are obviously good at this. The work and the reputation both hold up.

But there's a problem underneath it that isn't anyone's fault. Nobody chooses a surgeon from a paragraph. They choose from the gallery, and the gallery is nearly always buried behind a menu, unfilterable, and painful to swipe through on the device it's being viewed on. That decision is live for about four minutes. If booking means a phone number and office hours, it's gone.

Here's what I'd like to do about it. I'll build DeLozier Cosmetic Surgery Center a homepage concept — a real one, designed for your business, not a template with your logo dropped in — and send it over. It costs you nothing and there's no obligation attached to it. If you like it we can talk. If you don't, you keep the ideas and I go away.

Want me to build you one?

[Sender Name]
Bothmade","Subject: the concept, as promised

Here it is. Two minutes and you have seen it.

Results first, filterable by procedure, sized for a phone — because that's the device and that's the decision. Consult booking sits on the same screen rather than behind a phone number.

It's a static design rather than a working build, so nothing clicks. I'd rather show you the idea honestly than fake a demo.

Two things I'd like your answer to: is it the gallery or the reviews that closes a consult for you? And does putting a price bracket on the site help you or waste your time?

[Sender Name]","the consult decision happens at 11pm on a phone, and booking means a phone number and office hours","No website found in research. Look up the site and address, or call.",field-run-003;plastic-surgery;TN,75,16000,"$8,000","$28,000",06082026
DeSanctis Homes,info@desanctishomes.com,Custom home building,Naples,FL,USA,https://desanctishomes.com,cold-outreach,researched,"Subject: one thing about your gallery

Hi [First Name],

I looked at DeSanctis Homes as somebody about to hand a builder several million dollars would. They look at photos, they look for a long time, and they are trying to find themselves in your work.

The homes are genuinely good and the reputation is clearly earned.

But there's a structural problem underneath it that isn't anyone's fault. Your portfolio is the entire product and it's shown as a grid of thumbnails with no way to sort by budget, style or scope. The buyer with a specific project cannot find the one job that looks like theirs, and that project is the only thing that would have convinced them. So they leave without finding it, and go and look at the builder whose site let them filter.

Here's what I'd like to do about it. I'll build DeSanctis Homes a homepage concept — a real one, designed for your business, not a template with your logo dropped in — and send it over. It costs you nothing and there's no obligation attached to it. If you like it we can talk. If you don't, you keep the ideas and I go away.

Say the word and I'll start on it — want it?

[Sender Name]
Bothmade","Subject: here it is

Here it is.

A portfolio you can filter and an enquiry that asks about the lot, the budget and the timing — so your first call starts where the third one currently does.

It's a static design rather than a working build, so nothing clicks. I'd rather show you the idea honestly than fake a demo.

Two things I'd like your answer to: do people arrive with a lot already, or before? And would showing the process month by month help you or scare people?

[Sender Name]","the enquiry form asks for a name and a message, so every lead arrives unqualified","Confirm the inbox before sending — info@ is the convention, not a verified address.",field-run-003;custom-home-building;FL,75,22000,"$12,000","$35,000",06082026
Dental Cosmetic Spa,info@dentalcosmeticspa.com,Cosmetic dentistry,Coral Gables,FL,USA,https://dentalcosmeticspa.com,cold-outreach,researched,"Subject: your veneer cases, and your website

Hi [First Name],

I went looking for a cosmetic dentist in Coral Gables the way a veneer patient does — evening, on a phone, wanting to see cases and find out roughly what it costs before speaking to anybody.

The clinical side is clearly strong, and this is a category where patients can tell.

But there's something structural working against you, and it isn't anyone's fault. Cosmetic patients and check-up patients want completely different things, and one homepage is nearly always built for the check-up patient — so the $15k case has to hunt for what it came for. One case a month lost that way is more than a website costs, several times over.

Here's my offer, and it's a simple one. Let me build Dental Cosmetic Spa a homepage concept for free. I'll design it around exactly this problem, send it over, and you decide. There's no obligation and nothing to sign to see it — I'd rather show you what we do than tell you.

Want me to send one over?

[Sender Name]
Bothmade","Subject: the concept, as promised

Here it is. Two minutes and you have seen it.

Cases first, filterable by treatment, with a price range stated plainly and a booking that works at 9pm.

It's a design, not a live site — nothing on it actually clicks yet. I'd rather be straight about that than fake a working demo.

Two questions I'd like your answer to either way: does putting a price range on the site help you or bring you the wrong calls? And is it veneers or implants that pays best for you?

[Sender Name]","a $15k veneer case is decided from before-and-afters and a price range, and neither is easy to reach","Confirm the inbox before sending — info@ is the convention, not a verified address.",field-run-003;cosmetic-dentistry;FL,75,12000,"$6,000","$22,000",06082026
Dental Studio 101,info@dentalstudio101.com,Cosmetic dentistry,Scottsdale,AZ,USA,https://dentalstudio101.com,cold-outreach,researched,"Subject: what a smile-makeover patient sees

Hi [First Name],

I spent a while on your site as a patient with a $15k case in mind. They research for months and they research on a phone, at night, alone.

The clinical side is clearly strong, and this is a category where patients can tell.

There's a problem underneath it that isn't anybody's fault. The decision happens at night on a phone, and booking usually means ringing a front desk between nine and five, so the moment somebody finally feels ready has nowhere to go. They don't call in the morning. They keep scrolling, and someone else gets the case.

So rather than describe what I'd change, I'd rather just build it. I'll put together a homepage concept for Dental Studio 101, free, and send it to you. No meeting required to get it, no invoice at the end, no catch. Look at it for two minutes and tell me I'm wrong if I am.

Worth two minutes of your time? Just reply yes.

[Sender Name]
Bothmade","Subject: here it is

Here it is. Two minutes and you have seen it.

A homepage built for the cosmetic patient: before-and-afters at the top, the range in plain numbers, and a request form that takes fifteen seconds.

It's a design, not a live site — nothing on it actually clicks yet. I'd rather be straight about that than fake a working demo.

Two questions I'd like your answer to either way: does putting a price range on the site help you or bring you the wrong calls? And is it veneers or implants that pays best for you?

[Sender Name]","a $15k veneer case is decided from before-and-afters and a price range, and neither is easy to reach","Confirm the inbox before sending — info@ is the convention, not a verified address.",field-run-003;cosmetic-dentistry;AZ,75,12000,"$6,000","$22,000",06082026
DermFx,,Med spa,Newport Beach,CA,USA,,cold-outreach,researched,"Subject: the gap between your reviews and your site

Hi [First Name],

I spent twenty minutes on your site the way a first-time client would: scrolling on a phone, comparing you against two other Newport Beach spas, ready to book if someone made it easy.

The reviews are doing a lot of work for you, and the treatment menu is clearly built by people who know the category.

There's a problem underneath it that isn't anybody's fault. Your reviews are your best salesperson and they live on Google, not on your homepage, where the person deciding between you and the spa down the road never sees them. Every one of those is revenue that left without leaving a trace.

Here's my offer, and it's a simple one. Let me build DermFx a homepage concept for free. I'll design it around exactly this problem, send it over, and you decide. There's no obligation and nothing to sign to see it — I'd rather show you what we do than tell you.

Want me to send one over?

[Sender Name]
Bothmade","Subject: the concept, as promised

Here it is.

Booking is the homepage — pick the treatment, pick a time, done — with the reviews sitting right beside it where they close the sale.

It's a design, not a live site — nothing on it actually clicks yet. I'd rather be straight about that than fake a working demo.

Two questions I'd genuinely like your answer to either way: would you let clients book without a consult call first? And is membership the thing you'd want pushed hardest here?

[Sender Name]","everyone arriving is already sold and wants a time, and the site is built to describe treatments instead","No website found in research. Look up the site and address, or call.",field-run-003;med-spa;CA,75,10000,"$5,000","$18,000",06082026
DermPartners Boca Raton,info@dermpartnersbocaraton.com,Cosmetic dermatology,Boca Raton,FL,USA,https://dermpartnersbocaraton.com,cold-outreach,researched,"Subject: Boca Raton · two patients, one site

Hi [First Name],

I spent a while on your site as the cash-pay patient rather than the insurance one. They behave completely differently.

The medical credibility is obvious, and in this category that is exactly what the cosmetic patient is buying.

But there's a structural problem underneath it that isn't anyone's fault. You are running two businesses — medical and elective — through one website, and the elective one is nearly always the one that gets buried, even though it is the one with the margin. The elective work — the part that pays — is losing to spas that are worse at it and better at being found.

I'd like to build you one. A homepage concept for DermPartners Boca Raton, designed properly, at my expense — not a proposal, not a deck, the actual thing. Yours to keep whether we ever work together or not. Most people who see theirs want to talk. Some don't, and that's genuinely fine.

Worth two minutes of your time? Just reply yes.

[Sender Name]
Bothmade","Subject: DermPartners Boca Raton — here it is

Here it is — DermPartners Boca Raton, as promised.

Two doors on the homepage, and behind the cosmetic one, everything a cash-pay patient needs before they'll book.

It's a static design rather than a working build, so nothing clicks. I'd rather show you the idea honestly than fake a demo.

Two questions either way: is splitting cosmetic from medical the right division, or would that cost you crossover? And which treatment brings the most new cash-pay patients?

[Sender Name]","the cash-pay cosmetic side is buried under the medical side, and it is the side with the margin","Confirm the inbox before sending — info@ is the convention, not a verified address.",field-run-003;cosmetic-dermatology;FL,75,11000,"$6,000","$20,000",06082026
Derma Health Skin & Laser,,Med spa,Scottsdale,AZ,USA,,cold-outreach,researched,"Subject: Scottsdale · your regulars vs your website

Hi [First Name],

I looked at Derma Health Skin & Laser as somebody who has decided they want tox and just needs to pick where. Phone, evening, ten minutes of attention, maximum.

The reviews are doing a lot of work for you, and the treatment menu is clearly built by people who know the category.

But something structural is working against you here, and it isn't anyone's fault. Everyone arriving is already sold — they want a time, not a description — and most spa sites are built to describe treatments rather than to sell a slot on Thursday. Every one of those is revenue that left without leaving a trace.

I'd like to build you one. A homepage concept for Derma Health Skin & Laser, designed properly, at my expense — not a proposal, not a deck, the actual thing. Yours to keep whether we ever work together or not. Most people who see theirs want to talk. Some don't, and that's genuinely fine.

Worth two minutes of your time? Just reply yes.

[Sender Name]
Bothmade","Subject: Derma Health Skin & Laser — here it is

Here it is — Derma Health Skin & Laser, as promised.

Booking is the homepage — pick the treatment, pick a time, done — with the reviews sitting right beside it where they close the sale.

It's a static design rather than a working build, so nothing clicks. I'd rather show you the idea honestly than fake a demo.

Two things I'd like your view on: are prices on the site a help or a headache for you? And which treatment brings you the most new clients?

[Sender Name]",the reviews doing the selling live on Google rather than on the homepage where the decision is made,"No website found in research. Look up the site and address, or call.",field-run-003;med-spa;AZ,75,10000,"$5,000","$18,000",06082026
Desco Fine Homes,info@descohomes.com,Custom home building,Dallas,TX,USA,https://descohomes.com,cold-outreach,researched,"Subject: one thing about your gallery

Hi [First Name],

I looked at Desco Fine Homes as somebody about to hand a builder several million dollars would. They look at photos, they look for a long time, and they are trying to find themselves in your work.

Nobody builds at this level by accident — the craft comes across.

But something structural is working against you, and it isn't anybody's fault. What people are actually frightened of is the process — eighteen months, their money, decisions they've never made before — and almost no builder's site addresses that anywhere, so the fear does its work in silence. So they leave without finding it, and go and look at the builder whose site let them filter.

I'd like to build you one. A homepage concept for Desco Fine Homes, designed properly, at my expense — not a proposal, not a deck, the actual thing. Yours to keep whether we ever work together or not. Most people who see theirs want to talk. Some don't, and that's genuinely fine.

Should I put one together for you?

[Sender Name]
Bothmade","Subject: Desco Fine Homes — here it is

Here it is. Two minutes and you have seen it.

The portfolio filterable by budget band, style and scope, so the couple with a specific project finds their project in about nine seconds.

It's a static design rather than a working build, so nothing clicks. I'd rather show you the idea honestly than fake a demo.

Two things I'd like your answer to: do people arrive with a lot already, or before? And would showing the process month by month help you or scare people?

[Sender Name]","the enquiry form asks for a name and a message, so every lead arrives unqualified","Confirm the inbox before sending — info@ is the convention, not a verified address.",field-run-003;custom-home-building;TX,75,22000,"$12,000","$35,000",06082026
Desert Star Construction,info@desertstarconstruction.com,Custom home building,Scottsdale,AZ,USA,https://desertstarconstruction.com,cold-outreach,researched,"Subject: what your enquiry form doesn't ask

Hi [First Name],

I spent a while in your portfolio the way a homeowner does: hunting for the project that matches their lot, their budget and their taste, in that order.

The work itself is the strongest thing you have, and the photography does show it.

But something structural is working against you, and it isn't anybody's fault. What people are actually frightened of is the process — eighteen months, their money, decisions they've never made before — and almost no builder's site addresses that anywhere, so the fear does its work in silence. So they leave without finding it, and go and look at the builder whose site let them filter.

Here's my offer, and it's a simple one. Let me build Desert Star Construction a homepage concept for free. I'll design it around exactly this problem, send it over, and you decide. There's no obligation and nothing to sign to see it — I'd rather show you what we do than tell you.

Worth two minutes of your time? Just reply yes.

[Sender Name]
Bothmade","Subject: here it is

Here it is. Two minutes and you have seen it.

Projects sortable the way people actually choose, plus the process laid out month by month, because that's the thing they're really nervous about.

It's a design, not a live site — nothing on it actually clicks yet. I'd rather be straight about that than fake a working demo.

Two questions I'd genuinely like your view on, whether or not this goes anywhere: is budget band something you'd ever show publicly? And what's the one question you wish every enquiry answered before you called them?

[Sender Name]","the portfolio is the entire product and there is no way to sort it by budget, style or scope","Confirm the inbox before sending — info@ is the convention, not a verified address.",field-run-003;custom-home-building;AZ,75,22000,"$12,000","$35,000",06082026
Devenir Aesthetics,,Med spa,Austin,TX,USA,,cold-outreach,researched,"Subject: the gap between your reviews and your site

Hi [First Name],

I spent twenty minutes on your site the way a first-time client would: scrolling on a phone, comparing you against two other Austin spas, ready to book if someone made it easy.

The client loyalty in this category is everything and yours reads real.

There's a problem underneath it that isn't anybody's fault. Your reviews are your best salesperson and they live on Google, not on your homepage, where the person deciding between you and the spa down the road never sees them. The client doesn't wait until morning to call. She books wherever the button was.

Here's my offer, and it's a simple one. Let me build Devenir Aesthetics a homepage concept for free. I'll design it around exactly this problem, send it over, and you decide. There's no obligation and nothing to sign to see it — I'd rather show you what we do than tell you.

Want me to send one over?

[Sender Name]
Bothmade","Subject: Devenir Aesthetics — here it is

Here it is.

Treatments priced and bookable in two taps, reviews on the same screen, and the memberships made obvious rather than hidden three pages in.

It's a design, not a live site — nothing on it actually clicks yet. I'd rather be straight about that than fake a working demo.

Two questions I'd genuinely like your answer to either way: would you let clients book without a consult call first? And is membership the thing you'd want pushed hardest here?

[Sender Name]","everyone arriving is already sold and wants a time, and the site is built to describe treatments instead","No website found in research. Look up the site and address, or call.",field-run-003;med-spa;TX,75,10000,"$5,000","$18,000",06082026
Dilworth Dermatology & Laser,,Med spa,Charlotte,NC,USA,,cold-outreach,researched,"Subject: Charlotte · your regulars vs your website

Hi [First Name],

I looked at Dilworth Dermatology & Laser as somebody who has decided they want tox and just needs to pick where. Phone, evening, ten minutes of attention, maximum.

The reviews are doing a lot of work for you, and the treatment menu is clearly built by people who know the category.

But something structural is working against you here, and it isn't anyone's fault. Everyone arriving is already sold — they want a time, not a description — and most spa sites are built to describe treatments rather than to sell a slot on Thursday. That's a booking a night that goes somewhere else, and nobody ever knows it happened.

Here's what I'd like to do about it. I'll build Dilworth Dermatology & Laser a homepage concept — a real one, designed for your business, not a template with your logo dropped in — and send it over. It costs you nothing and there's no obligation attached to it. If you like it we can talk. If you don't, you keep the ideas and I go away.

Want me to send one over?

[Sender Name]
Bothmade","Subject: the concept, as promised

Here it is — Dilworth Dermatology & Laser, as promised.

Everything a phone-first client needs in one screen: what it costs, what it looks like, and a slot on Thursday, without a phone call.

It's a static design rather than a working build, so nothing clicks. I'd rather show you the idea honestly than fake a demo.

Two things I'd like your view on: are prices on the site a help or a headache for you? And which treatment brings you the most new clients?

[Sender Name]",the reviews doing the selling live on Google rather than on the homepage where the decision is made,"No website found in research. Look up the site and address, or call.",field-run-003;med-spa;NC,75,10000,"$5,000","$18,000",06082026
Divorce and Family Solutions,,Family law,Bellevue,WA,USA,,cold-outreach,researched,"Subject: Bellevue · your intake problem

Hi [First Name],

I looked at Divorce and Family Solutions the way a person at the worst point of their year would. Frightened, private, and trying to work out what this is going to cost.

The experience is clear and this is a category where that genuinely matters.

But there's a structural problem underneath it that isn't anyone's fault. The site talks about the firm, and the visitor arrived with a situation they're ashamed of and no idea what the first step is. Retainers, timelines and what actually happens first are almost never on the page. That's a retainer lost to the firm that said the quiet part out loud.

I'd like to build you one. A homepage concept for Divorce and Family Solutions, designed properly, at my expense — not a proposal, not a deck, the actual thing. Yours to keep whether we ever work together or not. Most people who see theirs want to talk. Some don't, and that's genuinely fine.

Want me to build you one?

[Sender Name]
Bothmade","Subject: the concept, as promised

Here it is.

The first screen answers the three things they're too embarrassed to ring and ask, and the enquiry is private and specific.

It's a static design rather than a working build, so nothing clicks. I'd rather show you the idea honestly than fake a demo.

Two questions either way: would you publish a retainer range? And how many of your consults start as a form rather than a call?

[Sender Name]","nobody wants to ring a firm to ask what it costs, so the people who most need you close the tab","No website found in research. Look up the site and address, or call.",field-run-003;family-law;WA,75,8000,"$4,000","$14,000",06082026
Dolphin Pools Construction,info@dolphinpools.us,Pool building,Scottsdale,AZ,USA,https://dolphinpools.us,cold-outreach,researched,"Subject: what a pool buyer can't find

Hi [First Name],

I looked at Dolphin Pools Construction as somebody about to spend eighty thousand dollars on a backyard would: photos first, price second, everything else a distant third.

The work looks excellent, and the reviews in this category are hard-won.

But something structural is working against you here, and it isn't anybody's fault. Everyone arrives with the same two questions — what does something like mine cost, and how long does it take — and almost no pool site answers either, so both become a phone call, and most people don't make it. So they keep scrolling, and eventually ring whoever showed them a pool like theirs.

So rather than describe what I'd change, I'd rather just build it. I'll put together a homepage concept for Dolphin Pools Construction, free, and send it to you. No meeting required to get it, no invoice at the end, no catch. Look at it for two minutes and tell me I'm wrong if I am.

Should I put one together for you?

[Sender Name]
Bothmade","Subject: Dolphin Pools Construction — here it is

Here it is. Two minutes and you have seen it.

Builds filterable by size, style and budget band, with a rough range said out loud and a proper enquiry rather than a contact box.

It's a design, not a live site — nothing on it actually clicks yet. I'd rather be straight about that than fake a working demo.

Two questions either way: would you ever publish a starting price? And do people come to you with a design in mind, or a budget?

[Sender Name]","the gallery cannot be sorted by size or budget, so nobody finds a build that looks like their own yard","Confirm the inbox before sending — info@ is the convention, not a verified address.",field-run-003;pool-building;AZ,75,10000,"$5,000","$18,000",06082026
Douglas Family Dentistry,info@douglasfamilydentistry.com,Cosmetic dentistry,Scottsdale,AZ,USA,https://douglasfamilydentistry.com,cold-outreach,researched,"Subject: one thing worth flagging

Hi [First Name],

I looked at Douglas Family Dentistry the way a patient who has been putting this off for three years looks at it — half-decided, on a phone, easily scared off.

You are obviously good at the dentistry. That is not the problem here.

But there's something structural working against you, and it isn't anyone's fault. Cosmetic patients and check-up patients want completely different things, and one homepage is nearly always built for the check-up patient — so the $15k case has to hunt for what it came for. They don't call in the morning. They keep scrolling, and someone else gets the case.

Here's what I'd like to do about it. I'll build Douglas Family Dentistry a homepage concept — a real one, designed for your business, not a template with your logo dropped in — and send it over. It costs you nothing and there's no obligation attached to it. If you like it we can talk. If you don't, you keep the ideas and I go away.

Worth two minutes of your time? Just reply yes.

[Sender Name]
Bothmade","Subject: the concept, as promised

Here it is. Two minutes and you have seen it.

Smile-makeover cases up front, the reviews next to them, financing said out loud, and booking that doesn't need your front desk to be awake.

It's a static design rather than a working build, so nothing clicks. I'd rather show you the idea honestly than fake a demo.

Two things I'd genuinely like your view on: would you separate the cosmetic patient from the general one like this? And how many cases a month start as a form rather than a call?

[Sender Name]",the cosmetic patient and the check-up patient want opposite things from one homepage,"Confirm the inbox before sending — info@ is the convention, not a verified address.",field-run-003;cosmetic-dentistry;AZ,75,12000,"$6,000","$22,000",06082026
Dr. Amy Alderman Plastic Surgery,info@dramyalderman.com,Plastic surgery,Atlanta,GA,USA,https://dramyalderman.com,cold-outreach,researched,"Subject: your gallery, on a phone

Hi [First Name],

I looked at Dr. Amy Alderman Plastic Surgery the way a woman who has been thinking about this for two years looks at it. Phone, evening, already knows what she wants, wants to know if you're the one to do it.

You are obviously good at this. The work and the reputation both hold up.

But there's a problem underneath it that isn't anyone's fault. Nobody chooses a surgeon from a paragraph. They choose from the gallery, and the gallery is nearly always buried behind a menu, unfilterable, and painful to swipe through on the device it's being viewed on. So the request that would have come in at 11pm doesn't, and by morning she's booked a consult with whoever made it easy.

I'd like to build you one. A homepage concept for Dr. Amy Alderman Plastic Surgery, designed properly, at my expense — not a proposal, not a deck, the actual thing. Yours to keep whether we ever work together or not. Most people who see theirs want to talk. Some don't, and that's genuinely fine.

Want me to send one over?

[Sender Name]
Bothmade","Subject: Dr. Amy Alderman Plastic Surgery — here it is

Here it is — Dr. Amy Alderman Plastic Surgery, as promised.

The gallery is the homepage, filtered by procedure and swipeable properly. Booking a consult takes one tap from any result rather than a phone call in office hours.

It's a static design rather than a working build, so nothing clicks. I'd rather show you the idea honestly than fake a demo.

Two things I'd like your answer to: is it the gallery or the reviews that closes a consult for you? And does putting a price bracket on the site help you or waste your time?

[Sender Name]","the consult decision happens at 11pm on a phone, and booking means a phone number and office hours","Confirm the inbox before sending — info@ is the convention, not a verified address.",field-run-003;plastic-surgery;GA,75,16000,"$8,000","$28,000",06082026
Dr. J. J. Wendel Plastic Surgery,info@drjjwendel.com,Plastic surgery,Nashville,TN,USA,https://drjjwendel.com,cold-outreach,researched,"Subject: Nashville · one thing about your consults

Hi [First Name],

I spent a while on your site as a patient would. Not at a desk — on a phone, at night, comparing you against two other Nashville practices with fourteen tabs open.

You are obviously good at this. The work and the reputation both hold up.

But there's a structural problem underneath it that isn't anyone's fault. Your before-and-afters are the product — they are the single thing that converts — and on a phone they're usually three taps deep, in a viewer that fights you, with no way to filter to the one procedure she actually came for. So the request that would have come in at 11pm doesn't, and by morning she's booked a consult with whoever made it easy.

So rather than describe what I'd change, I'd rather just build it. I'll put together a homepage concept for Dr. J. J. Wendel Plastic Surgery, free, and send it to you. No meeting required to get it, no invoice at the end, no catch. Look at it for two minutes and tell me I'm wrong if I am.

Want me to send one over?

[Sender Name]
Bothmade","Subject: here it is

Here it is.

A phone-first layout: results at the top filterable by procedure, the reviews next to them where they do the most work, and a consult request that takes fifteen seconds at midnight.

It's a design, not a live site — nothing on it actually clicks yet. I'd rather be straight about that than fake a working demo.

Two questions I'd genuinely like your view on either way: which procedure do most of your consult requests come in for? And would you ever let someone book a consult without speaking to your coordinator first?

[Sender Name]",the gallery is what converts a consult and on a phone it is three taps deep and unfilterable,"Confirm the inbox before sending — info@ is the convention, not a verified address.",field-run-003;plastic-surgery;TN,75,16000,"$8,000","$28,000",06082026
Dr. Mark Plastic Surgery,info@drmarkplasticsurgery.com,Plastic surgery,Scottsdale,AZ,USA,https://drmarkplasticsurgery.com,cold-outreach,researched,"Subject: the 11pm version of your site

Hi [First Name],

I went looking for a plastic surgeon in Scottsdale the way a patient actually does — at eleven at night, on a phone, having already read every review twice.

The results speak for themselves — that part isn't in question, and neither is the credentialing.

But something structural is working against you, and it isn't anyone's fault. The decision gets made at night, on a phone, and the two things that make it — the results and the price bracket — are the two hardest things to reach on most practice sites. That decision is live for about four minutes. If booking means a phone number and office hours, it's gone.

Here's my offer, and it's a simple one. Let me build Dr. Mark Plastic Surgery a homepage concept for free. I'll design it around exactly this problem, send it over, and you decide. There's no obligation and nothing to sign to see it — I'd rather show you what we do than tell you.

Say the word and I'll start on it — want it?

[Sender Name]
Bothmade","Subject: Dr. Mark Plastic Surgery — here it is

Here it is.

Results first, filterable by procedure, sized for a phone — because that's the device and that's the decision. Consult booking sits on the same screen rather than behind a phone number.

It's a design, not a live site — nothing on it actually clicks yet. I'd rather be straight about that than fake a working demo.

Two questions I'd genuinely like your view on either way: which procedure do most of your consult requests come in for? And would you ever let someone book a consult without speaking to your coordinator first?

[Sender Name]",the gallery is what converts a consult and on a phone it is three taps deep and unfilterable,"Confirm the inbox before sending — info@ is the convention, not a verified address.",field-run-003;plastic-surgery;AZ,75,16000,"$8,000","$28,000",06082026
Dvida Spa,,Med spa,Chicago,IL,USA,,cold-outreach,researched,"Subject: the gap between your reviews and your site

Hi [First Name],

I spent twenty minutes on your site the way a first-time client would: scrolling on a phone, comparing you against two other Chicago spas, ready to book if someone made it easy.

Your reputation locally is obvious, and that is the hardest part of this business to build.

But there's a structural problem underneath it that isn't anyone's fault. A website can list treatments; it can't take a booking at nine at night, and nine at night is when the decision gets made. Most spa sites hand that moment to a phone number and office hours. That's a booking a night that goes somewhere else, and nobody ever knows it happened.

Here's my offer, and it's a simple one. Let me build Dvida Spa a homepage concept for free. I'll design it around exactly this problem, send it over, and you decide. There's no obligation and nothing to sign to see it — I'd rather show you what we do than tell you.

Should I put one together for you?

[Sender Name]
Bothmade","Subject: Dvida Spa — here it is

Here it is. Two minutes and you have seen it.

Treatments priced and bookable in two taps, reviews on the same screen, and the memberships made obvious rather than hidden three pages in.

It's a design, not a live site — nothing on it actually clicks yet. I'd rather be straight about that than fake a working demo.

Two questions I'd genuinely like your answer to either way: would you let clients book without a consult call first? And is membership the thing you'd want pushed hardest here?

[Sender Name]","everyone arriving is already sold and wants a time, and the site is built to describe treatments instead","No website found in research. Look up the site and address, or call.",field-run-003;med-spa;IL,75,10000,"$5,000","$18,000",06082026
East Nashville Aesthetic and Implant Dentistry,info@eastnashvilledentistry.com,Cosmetic dentistry,Nashville,TN,USA,https://eastnashvilledentistry.com,cold-outreach,researched,"Subject: one thing worth flagging

Hi [First Name],

I looked at East Nashville Aesthetic and Implant Dentistry the way a patient who has been putting this off for three years looks at it — half-decided, on a phone, easily scared off.

The case work speaks for itself, and the reviews back it up.

But there's a structural problem underneath it that isn't anyone's fault. A veneer case is a fifteen-thousand-dollar decision made from before-and-after photos and a price range — and on most practice sites the photos are buried in a subpage and the price is nowhere at all, which reads as expensive rather than as discreet. That's the biggest case of the month deciding not to ring.

Here's what I'd like to do about it. I'll build East Nashville Aesthetic and Implant Dentistry a homepage concept — a real one, designed for your business, not a template with your logo dropped in — and send it over. It costs you nothing and there's no obligation attached to it. If you like it we can talk. If you don't, you keep the ideas and I go away.

Say the word and I'll start on it — want it?

[Sender Name]
Bothmade","Subject: here it is

Here it is.

A homepage built for the cosmetic patient: before-and-afters at the top, the range in plain numbers, and a request form that takes fifteen seconds.

It's a static design rather than a working build, so nothing clicks. I'd rather show you the idea honestly than fake a demo.

Two things I'd genuinely like your view on: would you separate the cosmetic patient from the general one like this? And how many cases a month start as a form rather than a call?

[Sender Name]",the cosmetic patient and the check-up patient want opposite things from one homepage,"Confirm the inbox before sending — info@ is the convention, not a verified address.",field-run-003;cosmetic-dentistry;TN,75,12000,"$6,000","$22,000",06082026
ElaMar Nashville,,Med spa,Nashville,TN,USA,,cold-outreach,researched,"Subject: booking you at 9pm

Hi [First Name],

I went looking for a med spa in Nashville the way a new client does — on a phone, in the evening, three tabs open, wanting to book Botox for Thursday.

The client loyalty in this category is everything and yours reads real.

But something structural is working against you here, and it isn't anyone's fault. Everyone arriving is already sold — they want a time, not a description — and most spa sites are built to describe treatments rather than to sell a slot on Thursday. That's a booking a night that goes somewhere else, and nobody ever knows it happened.

So rather than describe what I'd change, I'd rather just build it. I'll put together a homepage concept for ElaMar Nashville, free, and send it to you. No meeting required to get it, no invoice at the end, no catch. Look at it for two minutes and tell me I'm wrong if I am.

Want me to send one over?

[Sender Name]
Bothmade","Subject: here it is

Here it is.

Everything a phone-first client needs in one screen: what it costs, what it looks like, and a slot on Thursday, without a phone call.

It's a design, not a live site — nothing on it actually clicks yet. I'd rather be straight about that than fake a working demo.

Two questions I'd genuinely like your answer to either way: would you let clients book without a consult call first? And is membership the thing you'd want pushed hardest here?

[Sender Name]","everyone arriving is already sold and wants a time, and the site is built to describe treatments instead","No website found in research. Look up the site and address, or call.",field-run-003;med-spa;TN,75,10000,"$5,000","$18,000",06082026
Enamel Dentistry South Lamar,,Cosmetic dentistry,Austin,TX,USA,,cold-outreach,researched,"Subject: what a smile-makeover patient sees

Hi [First Name],

I spent a while on your site as a patient with a $15k case in mind. They research for months and they research on a phone, at night, alone.

The case work speaks for itself, and the reviews back it up.

But there's a structural problem underneath it that isn't anyone's fault. A veneer case is a fifteen-thousand-dollar decision made from before-and-after photos and a price range — and on most practice sites the photos are buried in a subpage and the price is nowhere at all, which reads as expensive rather than as discreet. One case a month lost that way is more than a website costs, several times over.

So rather than describe what I'd change, I'd rather just build it. I'll put together a homepage concept for Enamel Dentistry South Lamar, free, and send it to you. No meeting required to get it, no invoice at the end, no catch. Look at it for two minutes and tell me I'm wrong if I am.

Want me to send one over?

[Sender Name]
Bothmade","Subject: here it is

Here it is. Two minutes and you have seen it.

A homepage built for the cosmetic patient: before-and-afters at the top, the range in plain numbers, and a request form that takes fifteen seconds.

It's a design, not a live site — nothing on it actually clicks yet. I'd rather be straight about that than fake a working demo.

Two questions I'd like your answer to either way: does putting a price range on the site help you or bring you the wrong calls? And is it veneers or implants that pays best for you?

[Sender Name]","a $15k veneer case is decided from before-and-afters and a price range, and neither is easy to reach","No website found in research. Look up the site and address, or call.",field-run-003;cosmetic-dentistry;TX,75,12000,"$6,000","$22,000",06082026
Envision Family Law,info@envisionfamilylaw.com,Family law,Bellevue,WA,USA,https://envisionfamilylaw.com,cold-outreach,researched,"Subject: Bellevue · your intake problem

Hi [First Name],

I looked at Envision Family Law the way a person at the worst point of their year would. Frightened, private, and trying to work out what this is going to cost.

The experience is clear and this is a category where that genuinely matters.

But there's a structural problem underneath it that isn't anyone's fault. The site talks about the firm, and the visitor arrived with a situation they're ashamed of and no idea what the first step is. Retainers, timelines and what actually happens first are almost never on the page. That's a retainer lost to the firm that said the quiet part out loud.

Here's what I'd like to do about it. I'll build Envision Family Law a homepage concept — a real one, designed for your business, not a template with your logo dropped in — and send it over. It costs you nothing and there's no obligation attached to it. If you like it we can talk. If you don't, you keep the ideas and I go away.

Should I put one together for you?

[Sender Name]
Bothmade","Subject: Envision Family Law — here it is

Here it is.

The first screen answers the three things they're too embarrassed to ring and ask, and the enquiry is private and specific.

It's a static design rather than a working build, so nothing clicks. I'd rather show you the idea honestly than fake a demo.

Two questions either way: would you publish a retainer range? And how many of your consults start as a form rather than a call?

[Sender Name]","nobody wants to ring a firm to ask what it costs, so the people who most need you close the tab","Confirm the inbox before sending — info@ is the convention, not a verified address.",field-run-003;family-law;WA,75,8000,"$4,000","$14,000",06082026
Everett Custom Homes,,Custom home building,Charlotte,NC,USA,,cold-outreach,researched,"Subject: what your enquiry form doesn't ask

Hi [First Name],

I spent a while in your portfolio the way a homeowner does: hunting for the project that matches their lot, their budget and their taste, in that order.

The homes are genuinely good and the reputation is clearly earned.

But there's a structural problem underneath it that isn't anyone's fault. Your portfolio is the entire product and it's shown as a grid of thumbnails with no way to sort by budget, style or scope. The buyer with a specific project cannot find the one job that looks like theirs, and that project is the only thing that would have convinced them. That's a real project deciding, quietly, that you're not the one — on no evidence either way.

So rather than describe what I'd change, I'd rather just build it. I'll put together a homepage concept for Everett Custom Homes, free, and send it to you. No meeting required to get it, no invoice at the end, no catch. Look at it for two minutes and tell me I'm wrong if I am.

Want me to send one over?

[Sender Name]
Bothmade","Subject: here it is

Here it is. Two minutes and you have seen it.

A portfolio you can filter and an enquiry that asks about the lot, the budget and the timing — so your first call starts where the third one currently does.

It's a design, not a live site — nothing on it actually clicks yet. I'd rather be straight about that than fake a working demo.

Two questions I'd genuinely like your view on, whether or not this goes anywhere: is budget band something you'd ever show publicly? And what's the one question you wish every enquiry answered before you called them?

[Sender Name]","the portfolio is the entire product and there is no way to sort it by budget, style or scope","No website found in research. Look up the site and address, or call.",field-run-003;custom-home-building;NC,75,22000,"$12,000","$35,000",06082026
FD Remodeling Atlanta,,Kitchen and bath remodeling,Atlanta,GA,USA,,cold-outreach,researched,"Subject: what your form doesn't ask

Hi [First Name],

I spent a while on your site as a homeowner who has been putting this off for two years and has finally decided to do it.

The craftsmanship comes across, and that is not true of most sites in this category.

But something structural is working against you, and it isn't anybody's fault. Your enquiry form asks for a name and a message, so every lead arrives unqualified and your first call is an interview instead of a conversation. So you spend your evenings quoting jobs that were never real, and the real ones went to whoever answered faster.

Here's my offer, and it's a simple one. Let me build FD Remodeling Atlanta a homepage concept for free. I'll design it around exactly this problem, send it over, and you decide. There's no obligation and nothing to sign to see it — I'd rather show you what we do than tell you.

Want me to send one over?

[Sender Name]
Bothmade","Subject: FD Remodeling Atlanta — here it is

Here it is.

Before-and-afters filterable by room, style and budget band, and an enquiry that asks about the room, the scope and the timing.

It's a design, not a live site — nothing on it actually clicks yet. I'd rather be straight about that than fake a working demo.

Two questions I'd like your answer to either way: would you show budget bands? And what do you wish every enquiry told you before you rang them back?

[Sender Name]",before-and-afters are what sell this and they are shown as a small unfilterable gallery,"No website found in research. Look up the site and address, or call.",field-run-003;kitchen-and-bath-remodeling;GA,75,8500,"$4,000","$15,000",06082026
Factor Design Build,info@factordesignbuild.com,Custom home building,Denver,CO,USA,https://factordesignbuild.com,cold-outreach,researched,"Subject: Denver · the $3M enquiry problem

Hi [First Name],

I looked at Factor Design Build as somebody about to hand a builder several million dollars would. They look at photos, they look for a long time, and they are trying to find themselves in your work.

Nobody builds at this level by accident — the craft comes across.

But something structural is working against you, and it isn't anybody's fault. What people are actually frightened of is the process — eighteen months, their money, decisions they've never made before — and almost no builder's site addresses that anywhere, so the fear does its work in silence. That's a real project deciding, quietly, that you're not the one — on no evidence either way.

I'd like to build you one. A homepage concept for Factor Design Build, designed properly, at my expense — not a proposal, not a deck, the actual thing. Yours to keep whether we ever work together or not. Most people who see theirs want to talk. Some don't, and that's genuinely fine.

Should I put one together for you?

[Sender Name]
Bothmade","Subject: Factor Design Build — here it is

Here it is. Two minutes and you have seen it.

The portfolio filterable by budget band, style and scope, so the couple with a specific project finds their project in about nine seconds.

It's a static design rather than a working build, so nothing clicks. I'd rather show you the idea honestly than fake a demo.

Two things I'd like your answer to: do people arrive with a lot already, or before? And would showing the process month by month help you or scare people?

[Sender Name]","the enquiry form asks for a name and a message, so every lead arrives unqualified","Confirm the inbox before sending — info@ is the convention, not a verified address.",field-run-003;custom-home-building;CO,75,22000,"$12,000","$35,000",06082026
Farber Plastic Surgery,info@farberplasticsurgery.com,Plastic surgery,Boca Raton,FL,USA,https://farberplasticsurgery.com,cold-outreach,researched,"Subject: Boca Raton · one thing about your consults

Hi [First Name],

I spent a while on your site as a patient would. Not at a desk — on a phone, at night, comparing you against two other Boca Raton practices with fourteen tabs open.

You are obviously good at this. The work and the reputation both hold up.

But there's a problem underneath it that isn't anyone's fault. Nobody chooses a surgeon from a paragraph. They choose from the gallery, and the gallery is nearly always buried behind a menu, unfilterable, and painful to swipe through on the device it's being viewed on. The patient who was ready doesn't come back tomorrow. She books with the practice whose site answered her at midnight.

So rather than describe what I'd change, I'd rather just build it. I'll put together a homepage concept for Farber Plastic Surgery, free, and send it to you. No meeting required to get it, no invoice at the end, no catch. Look at it for two minutes and tell me I'm wrong if I am.

Worth two minutes of your time? Just reply yes.

[Sender Name]
Bothmade","Subject: the concept, as promised

Here it is — Farber Plastic Surgery, as promised.

The gallery is the homepage, filtered by procedure and swipeable properly. Booking a consult takes one tap from any result rather than a phone call in office hours.

It's a design, not a live site — nothing on it actually clicks yet. I'd rather be straight about that than fake a working demo.

Two questions I'd genuinely like your view on either way: which procedure do most of your consult requests come in for? And would you ever let someone book a consult without speaking to your coordinator first?

[Sender Name]",the gallery is what converts a consult and on a phone it is three taps deep and unfilterable,"Confirm the inbox before sending — info@ is the convention, not a verified address.",field-run-003;plastic-surgery;FL,75,16000,"$8,000","$28,000",06082026
Ferrer & Gonzalez,,Personal injury law,Miami,FL,USA,,cold-outreach,researched,"Subject: Miami · what an injured caller needs first

Hi [First Name],

I went through your site in Miami the way an injured person does — on a phone, in pain, two days after a crash, with an adjuster already calling them.

You've clearly won the cases that matter. That is not the problem.

But something structural is working against you, and it isn't anybody's fault. Every firm in town says the same four things on the same dark blue homepage, so a frightened person has no way to tell you apart, and defaults to whoever's billboard they remember. And your intake team spends its day sorting cases a form could have sorted.

Here's what I'd like to do about it. I'll build Ferrer & Gonzalez a homepage concept — a real one, designed for your business, not a template with your logo dropped in — and send it over. It costs you nothing and there's no obligation attached to it. If you like it we can talk. If you don't, you keep the ideas and I go away.

Want me to send one over?

[Sender Name]
Bothmade","Subject: the concept, as promised

Here it is — Ferrer & Gonzalez, as promised.

Case types up front in plain words, the results next to them, and an intake that works at 2am without a human on the line.

It's a static design rather than a working build, so nothing clicks. I'd rather show you the idea honestly than fake a demo.

Two things I'd like your answer to: which case type is worth the most to you? And would you let a form triage before a human speaks to them?

[Sender Name]",intake is the whole business and it runs through a form that asks for a name and a message,"No website found in research. Look up the site and address, or call.",field-run-003;personal-injury-law;FL,75,20000,"$10,000","$35,000",06082026
Floridian Pools,info@floridianinc.com,Pool building,Naples,FL,USA,https://floridianinc.com,cold-outreach,researched,"Subject: your build photos, sorted

Hi [First Name],

I spent a while in your gallery the way a couple does after they've decided to do it and are just picking who.

The work looks excellent, and the reviews in this category are hard-won.

But something structural is working against you here, and it isn't anybody's fault. Everyone arrives with the same two questions — what does something like mine cost, and how long does it take — and almost no pool site answers either, so both become a phone call, and most people don't make it. So they keep scrolling, and eventually ring whoever showed them a pool like theirs.

So rather than describe what I'd change, I'd rather just build it. I'll put together a homepage concept for Floridian Pools, free, and send it to you. No meeting required to get it, no invoice at the end, no catch. Look at it for two minutes and tell me I'm wrong if I am.

Should I put one together for you?

[Sender Name]
Bothmade","Subject: Floridian Pools — here it is

Here it is — Floridian Pools, as promised.

Builds filterable by size, style and budget band, with a rough range said out loud and a proper enquiry rather than a contact box.

It's a design, not a live site — nothing on it actually clicks yet. I'd rather be straight about that than fake a working demo.

Two questions either way: would you ever publish a starting price? And do people come to you with a design in mind, or a budget?

[Sender Name]","the gallery cannot be sorted by size or budget, so nobody finds a build that looks like their own yard","Confirm the inbox before sending — info@ is the convention, not a verified address.",field-run-003;pool-building;FL,75,10000,"$5,000","$18,000",06082026
Fox Injury Law,,Personal injury law,Atlanta,GA,USA,,cold-outreach,researched,"Subject: Atlanta · what an injured caller needs first

Hi [First Name],

I spent a while on your site as the person on the other end of your intake line would: rear-ended on Tuesday, off work, and being pressured to accept four thousand dollars.

The record is genuinely strong, and in this category that record is the whole product.

But there's a structural problem underneath it that isn't anyone's fault. The site is about the firm — the years, the awards, the team — and the visitor arrived with a situation. They want to know whether you handle this, what happens next, and whether it costs them anything to ask. Those three answers are usually the hardest things on the page to find. And your intake team spends its day sorting cases a form could have sorted.

I'd like to build you one. A homepage concept for Fox Injury Law, designed properly, at my expense — not a proposal, not a deck, the actual thing. Yours to keep whether we ever work together or not. Most people who see theirs want to talk. Some don't, and that's genuinely fine.

Want me to send one over?

[Sender Name]
Bothmade","Subject: here it is

Here it is. Two minutes and you have seen it.

A homepage that answers the three questions every caller has in the first screen, and an intake form that arrives already sorted by case type and severity.

It's a static design rather than a working build, so nothing clicks. I'd rather show you the idea honestly than fake a demo.

Two things I'd like your answer to: which case type is worth the most to you? And would you let a form triage before a human speaks to them?

[Sender Name]",intake is the whole business and it runs through a form that asks for a name and a message,"No website found in research. Look up the site and address, or call.",field-run-003;personal-injury-law;GA,75,20000,"$10,000","$35,000",06082026
Fratantoni Luxury Estates,info@fratantoniluxuryestates.com,Custom home building,Scottsdale,AZ,USA,https://fratantoniluxuryestates.com,cold-outreach,researched,"Subject: what your enquiry form doesn't ask

Hi [First Name],

I spent a while in your portfolio the way a homeowner does: hunting for the project that matches their lot, their budget and their taste, in that order.

The homes are genuinely good and the reputation is clearly earned.

There's a problem underneath it that isn't anyone's fault. Your enquiry form asks for a name and a message. So every lead arrives unqualified, and your first call is spent finding out whether the project was ever real instead of talking about the house. And half the calls you do take were never going to be anything.

So rather than describe what I'd change, I'd rather just build it. I'll put together a homepage concept for Fratantoni Luxury Estates, free, and send it to you. No meeting required to get it, no invoice at the end, no catch. Look at it for two minutes and tell me I'm wrong if I am.

Worth two minutes of your time? Just reply yes.

[Sender Name]
Bothmade","Subject: Fratantoni Luxury Estates — here it is

Here it is — Fratantoni Luxury Estates, as promised.

The portfolio filterable by budget band, style and scope, so the couple with a specific project finds their project in about nine seconds.

It's a design, not a live site — nothing on it actually clicks yet. I'd rather be straight about that than fake a working demo.

Two questions I'd genuinely like your view on, whether or not this goes anywhere: is budget band something you'd ever show publicly? And what's the one question you wish every enquiry answered before you called them?

[Sender Name]","the portfolio is the entire product and there is no way to sort it by budget, style or scope","Confirm the inbox before sending — info@ is the convention, not a verified address.",field-run-003;custom-home-building;AZ,75,22000,"$12,000","$35,000",06082026
Frieder Dermatology,info@friederdermatology.com,Cosmetic dermatology,Boca Raton,FL,USA,https://friederdermatology.com,cold-outreach,researched,"Subject: your cosmetic side, buried

Hi [First Name],

I looked at Frieder Dermatology the way a patient booking elective work does: on a phone, at night, cash in hand, comparing three practices.

The medical credibility is obvious, and in this category that is exactly what the cosmetic patient is buying.

But there's a structural problem underneath it that isn't anyone's fault. You are running two businesses — medical and elective — through one website, and the elective one is nearly always the one that gets buried, even though it is the one with the margin. The elective work — the part that pays — is losing to spas that are worse at it and better at being found.

Here's what I'd like to do about it. I'll build Frieder Dermatology a homepage concept — a real one, designed for your business, not a template with your logo dropped in — and send it over. It costs you nothing and there's no obligation attached to it. If you like it we can talk. If you don't, you keep the ideas and I go away.

Worth two minutes of your time? Just reply yes.

[Sender Name]
Bothmade","Subject: Frieder Dermatology — here it is

Here it is — Frieder Dermatology, as promised.

Two doors on the homepage, and behind the cosmetic one, everything a cash-pay patient needs before they'll book.

It's a static design rather than a working build, so nothing clicks. I'd rather show you the idea honestly than fake a demo.

Two questions either way: is splitting cosmetic from medical the right division, or would that cost you crossover? And which treatment brings the most new cash-pay patients?

[Sender Name]","the cash-pay cosmetic side is buried under the medical side, and it is the side with the margin","Confirm the inbox before sending — info@ is the convention, not a verified address.",field-run-003;cosmetic-dermatology;FL,75,11000,"$6,000","$20,000",06082026
Gallardo Law Firm,,Personal injury law,Miami,FL,USA,,cold-outreach,researched,"Subject: Miami · what an injured caller needs first

Hi [First Name],

I looked at Gallardo Law Firm the way somebody who has never hired a lawyer before does. Frightened, on a phone, at 2am, not sure they even have a case.

The record is genuinely strong, and in this category that record is the whole product.

But there's a structural problem underneath it that isn't anyone's fault. The site is about the firm — the years, the awards, the team — and the visitor arrived with a situation. They want to know whether you handle this, what happens next, and whether it costs them anything to ask. Those three answers are usually the hardest things on the page to find. So the case that was worth a quarter of a million rings the firm whose site felt like it was written for them.

I'd like to build you one. A homepage concept for Gallardo Law Firm, designed properly, at my expense — not a proposal, not a deck, the actual thing. Yours to keep whether we ever work together or not. Most people who see theirs want to talk. Some don't, and that's genuinely fine.

Want me to build you one?

[Sender Name]
Bothmade","Subject: here it is

Here it is — Gallardo Law Firm, as promised.

Written for the injured person rather than about the firm: what happens next, what it costs to ask, and an intake that triages the case as it's typed.

It's a static design rather than a working build, so nothing clicks. I'd rather show you the idea honestly than fake a demo.

Two things I'd like your answer to: which case type is worth the most to you? And would you let a form triage before a human speaks to them?

[Sender Name]",intake is the whole business and it runs through a form that asks for a name and a message,"No website found in research. Look up the site and address, or call.",field-run-003;personal-injury-law;FL,75,20000,"$10,000","$35,000",06082026
Garcia-Mayoral Dentistry,info@garciamayoraldentistry.com,Cosmetic dentistry,Coral Gables,FL,USA,https://garciamayoraldentistry.com,cold-outreach,researched,"Subject: your veneer cases, and your website

Hi [First Name],

I went looking for a cosmetic dentist in Coral Gables the way a veneer patient does — evening, on a phone, wanting to see cases and find out roughly what it costs before speaking to anybody.

The case work speaks for itself, and the reviews back it up.

There's a problem underneath it that isn't anybody's fault. The decision happens at night on a phone, and booking usually means ringing a front desk between nine and five, so the moment somebody finally feels ready has nowhere to go. They don't call in the morning. They keep scrolling, and someone else gets the case.

Here's my offer, and it's a simple one. Let me build Garcia-Mayoral Dentistry a homepage concept for free. I'll design it around exactly this problem, send it over, and you decide. There's no obligation and nothing to sign to see it — I'd rather show you what we do than tell you.

Should I put one together for you?

[Sender Name]
Bothmade","Subject: here it is

Here it is.

Smile-makeover cases up front, the reviews next to them, financing said out loud, and booking that doesn't need your front desk to be awake.

It's a design, not a live site — nothing on it actually clicks yet. I'd rather be straight about that than fake a working demo.

Two questions I'd like your answer to either way: does putting a price range on the site help you or bring you the wrong calls? And is it veneers or implants that pays best for you?

[Sender Name]","a $15k veneer case is decided from before-and-afters and a price range, and neither is easy to reach","Confirm the inbox before sending — info@ is the convention, not a verified address.",field-run-003;cosmetic-dentistry;FL,75,12000,"$6,000","$22,000",06082026
Gather & Spruce,,Kitchen and bath remodeling,Denver,CO,USA,,cold-outreach,researched,"Subject: your before-and-afters

Hi [First Name],

I spent a while on your site as a homeowner who has been putting this off for two years and has finally decided to do it.

The finished work looks genuinely good, and the reviews say the crews turn up — which in this trade is half the sale.

But there's a structural problem underneath it that isn't anyone's fault. Before-and-afters are what sell this, and they're usually shown as a small unfilterable gallery — so the homeowner with a galley kitchen never finds your galley kitchen. That's a $60k kitchen going to the company whose site made it feel easy.

Here's what I'd like to do about it. I'll build Gather & Spruce a homepage concept — a real one, designed for your business, not a template with your logo dropped in — and send it over. It costs you nothing and there's no obligation attached to it. If you like it we can talk. If you don't, you keep the ideas and I go away.

Say the word and I'll start on it — want it?

[Sender Name]
Bothmade","Subject: Gather & Spruce — here it is

Here it is.

Projects sorted the way homeowners choose, ranges said out loud, and a form that arrives ready to quote.

It's a static design rather than a working build, so nothing clicks. I'd rather show you the idea honestly than fake a demo.

Two questions I'd like your answer to either way: would you show budget bands? And what do you wish every enquiry told you before you rang them back?

[Sender Name]",before-and-afters are what sell this and they are shown as a small unfilterable gallery,"No website found in research. Look up the site and address, or call.",field-run-003;kitchen-and-bath-remodeling;CO,75,8500,"$4,000","$15,000",06082026
Georgia In Home Services,,Kitchen and bath remodeling,Atlanta,GA,USA,,cold-outreach,researched,"Subject: Atlanta · the unqualified enquiry problem

Hi [First Name],

I looked at Georgia In Home Services as somebody about to spend sixty thousand dollars on a kitchen would. Photos, price, and whether you'll turn up when you say.

The finished work looks genuinely good, and the reviews say the crews turn up — which in this trade is half the sale.

But there's a structural problem underneath it that isn't anyone's fault. Before-and-afters are what sell this, and they're usually shown as a small unfilterable gallery — so the homeowner with a galley kitchen never finds your galley kitchen. That's a $60k kitchen going to the company whose site made it feel easy.

Here's what I'd like to do about it. I'll build Georgia In Home Services a homepage concept — a real one, designed for your business, not a template with your logo dropped in — and send it over. It costs you nothing and there's no obligation attached to it. If you like it we can talk. If you don't, you keep the ideas and I go away.

Should I put one together for you?

[Sender Name]
Bothmade","Subject: here it is

Here it is — Georgia In Home Services, as promised.

Projects sorted the way homeowners choose, ranges said out loud, and a form that arrives ready to quote.

It's a static design rather than a working build, so nothing clicks. I'd rather show you the idea honestly than fake a demo.

Two questions I'd like your answer to either way: would you show budget bands? And what do you wish every enquiry told you before you rang them back?

[Sender Name]",before-and-afters are what sell this and they are shown as a small unfilterable gallery,"No website found in research. Look up the site and address, or call.",field-run-003;kitchen-and-bath-remodeling;GA,75,8500,"$4,000","$15,000",06082026
Gerson & Schwartz,,Personal injury law,Miami,FL,USA,,cold-outreach,researched,"Subject: one thing about your case pages

Hi [First Name],

I looked at Gerson & Schwartz the way somebody who has never hired a lawyer before does. Frightened, on a phone, at 2am, not sure they even have a case.

You've clearly won the cases that matter. That is not the problem.

But there's a structural problem underneath it that isn't anyone's fault. The site is about the firm — the years, the awards, the team — and the visitor arrived with a situation. They want to know whether you handle this, what happens next, and whether it costs them anything to ask. Those three answers are usually the hardest things on the page to find. That's a real case walking, on nothing but a website's tone.

I'd like to build you one. A homepage concept for Gerson & Schwartz, designed properly, at my expense — not a proposal, not a deck, the actual thing. Yours to keep whether we ever work together or not. Most people who see theirs want to talk. Some don't, and that's genuinely fine.

Want me to build you one?

[Sender Name]
Bothmade","Subject: here it is

Here it is. Two minutes and you have seen it.

Case types up front in plain words, the results next to them, and an intake that works at 2am without a human on the line.

It's a static design rather than a working build, so nothing clicks. I'd rather show you the idea honestly than fake a demo.

Two things I'd like your answer to: which case type is worth the most to you? And would you let a form triage before a human speaks to them?

[Sender Name]",intake is the whole business and it runs through a form that asks for a name and a message,"No website found in research. Look up the site and address, or call.",field-run-003;personal-injury-law;FL,75,20000,"$10,000","$35,000",06082026
Glamor Medical,,Med spa,Boca Raton,FL,USA,,cold-outreach,researched,"Subject: booking you at 9pm

Hi [First Name],

I went looking for a med spa in Boca Raton the way a new client does — on a phone, in the evening, three tabs open, wanting to book Botox for Thursday.

The client loyalty in this category is everything and yours reads real.

But something structural is working against you here, and it isn't anyone's fault. Everyone arriving is already sold — they want a time, not a description — and most spa sites are built to describe treatments rather than to sell a slot on Thursday. That's a booking a night that goes somewhere else, and nobody ever knows it happened.

Here's my offer, and it's a simple one. Let me build Glamor Medical a homepage concept for free. I'll design it around exactly this problem, send it over, and you decide. There's no obligation and nothing to sign to see it — I'd rather show you what we do than tell you.

Worth two minutes of your time? Just reply yes.

[Sender Name]
Bothmade","Subject: the concept, as promised

Here it is.

Everything a phone-first client needs in one screen: what it costs, what it looks like, and a slot on Thursday, without a phone call.

It's a design, not a live site — nothing on it actually clicks yet. I'd rather be straight about that than fake a working demo.

Two questions I'd genuinely like your answer to either way: would you let clients book without a consult call first? And is membership the thing you'd want pushed hardest here?

[Sender Name]","everyone arriving is already sold and wants a time, and the site is built to describe treatments instead","No website found in research. Look up the site and address, or call.",field-run-003;med-spa;FL,75,10000,"$5,000","$18,000",06082026
Glo Medspa,,Med spa,Scottsdale,AZ,USA,,cold-outreach,researched,"Subject: the gap between your reviews and your site

Hi [First Name],

I spent twenty minutes on your site the way a first-time client would: scrolling on a phone, comparing you against two other Scottsdale spas, ready to book if someone made it easy.

The client loyalty in this category is everything and yours reads real.

But there's a structural problem underneath it that isn't anyone's fault. A website can list treatments; it can't take a booking at nine at night, and nine at night is when the decision gets made. Most spa sites hand that moment to a phone number and office hours. Every one of those is revenue that left without leaving a trace.

So rather than describe what I'd change, I'd rather just build it. I'll put together a homepage concept for Glo Medspa, free, and send it to you. No meeting required to get it, no invoice at the end, no catch. Look at it for two minutes and tell me I'm wrong if I am.

Want me to send one over?

[Sender Name]
Bothmade","Subject: here it is

Here it is.

Treatments priced and bookable in two taps, reviews on the same screen, and the memberships made obvious rather than hidden three pages in.

It's a design, not a live site — nothing on it actually clicks yet. I'd rather be straight about that than fake a working demo.

Two questions I'd genuinely like your answer to either way: would you let clients book without a consult call first? And is membership the thing you'd want pushed hardest here?

[Sender Name]","everyone arriving is already sold and wants a time, and the site is built to describe treatments instead","No website found in research. Look up the site and address, or call.",field-run-003;med-spa;AZ,75,10000,"$5,000","$18,000",06082026
Goldberg & Rosen,info@goldbergandrosen.com,Personal injury law,Miami,FL,USA,https://goldbergandrosen.com,cold-outreach,researched,"Subject: the 2am version of your site

Hi [First Name],

I looked at Goldberg & Rosen the way somebody who has never hired a lawyer before does. Frightened, on a phone, at 2am, not sure they even have a case.

The results speak for themselves, and the trial experience is obvious.

But something structural is working against you, and it isn't anybody's fault. Every firm in town says the same four things on the same dark blue homepage, so a frightened person has no way to tell you apart, and defaults to whoever's billboard they remember. That's a real case walking, on nothing but a website's tone.

Here's my offer, and it's a simple one. Let me build Goldberg & Rosen a homepage concept for free. I'll design it around exactly this problem, send it over, and you decide. There's no obligation and nothing to sign to see it — I'd rather show you what we do than tell you.

Should I put one together for you?

[Sender Name]
Bothmade","Subject: Goldberg & Rosen — here it is

Here it is. Two minutes and you have seen it.

Case types up front in plain words, the results next to them, and an intake that works at 2am without a human on the line.

It's a design, not a live site — nothing on it actually clicks yet. I'd rather be straight about that than fake a working demo.

Two questions I'd genuinely like your view on either way: what's the one fact your intake team needs that a form never captures? And do most of your cases start as calls or as forms now?

[Sender Name]","the site is about the firm, and the visitor arrived with a situation and three questions it never answers","Confirm the inbox before sending — info@ is the convention, not a verified address.",field-run-003;personal-injury-law;FL,75,20000,"$10,000","$35,000",06082026
Grand Endeavor Homes,info@grandendeavorhomes.com,Custom home building,Austin,TX,USA,https://grandendeavorhomes.com,cold-outreach,researched,"Subject: your portfolio, sorted

Hi [First Name],

I went through your site in Austin the way a couple with a lot to spend and a specific idea does — looking for the one project that looks like the house in their head.

Nobody builds at this level by accident — the craft comes across.

But something structural is working against you, and it isn't anybody's fault. What people are actually frightened of is the process — eighteen months, their money, decisions they've never made before — and almost no builder's site addresses that anywhere, so the fear does its work in silence. So they leave without finding it, and go and look at the builder whose site let them filter.

So rather than describe what I'd change, I'd rather just build it. I'll put together a homepage concept for Grand Endeavor Homes, free, and send it to you. No meeting required to get it, no invoice at the end, no catch. Look at it for two minutes and tell me I'm wrong if I am.

Say the word and I'll start on it — want it?

[Sender Name]
Bothmade","Subject: Grand Endeavor Homes — here it is

Here it is — Grand Endeavor Homes, as promised.

Projects sortable the way people actually choose, plus the process laid out month by month, because that's the thing they're really nervous about.

It's a design, not a live site — nothing on it actually clicks yet. I'd rather be straight about that than fake a working demo.

Two questions I'd genuinely like your view on, whether or not this goes anywhere: is budget band something you'd ever show publicly? And what's the one question you wish every enquiry answered before you called them?

[Sender Name]","the portfolio is the entire product and there is no way to sort it by budget, style or scope","Confirm the inbox before sending — info@ is the convention, not a verified address.",field-run-003;custom-home-building;TX,75,22000,"$12,000","$35,000",06082026
Green Hills Plastic Surgery,,Plastic surgery,Nashville,TN,USA,,cold-outreach,researched,"Subject: the 11pm version of your site

Hi [First Name],

I went looking for a plastic surgeon in Nashville the way a patient actually does — at eleven at night, on a phone, having already read every review twice.

The results speak for themselves — that part isn't in question, and neither is the credentialing.

But there's a problem underneath it that isn't anyone's fault. Nobody chooses a surgeon from a paragraph. They choose from the gallery, and the gallery is nearly always buried behind a menu, unfilterable, and painful to swipe through on the device it's being viewed on. That decision is live for about four minutes. If booking means a phone number and office hours, it's gone.

So rather than describe what I'd change, I'd rather just build it. I'll put together a homepage concept for Green Hills Plastic Surgery, free, and send it to you. No meeting required to get it, no invoice at the end, no catch. Look at it for two minutes and tell me I'm wrong if I am.

Worth two minutes of your time? Just reply yes.

[Sender Name]
Bothmade","Subject: the concept, as promised

Here it is.

A phone-first layout: results at the top filterable by procedure, the reviews next to them where they do the most work, and a consult request that takes fifteen seconds at midnight.

It's a design, not a live site — nothing on it actually clicks yet. I'd rather be straight about that than fake a working demo.

Two questions I'd genuinely like your view on either way: which procedure do most of your consult requests come in for? And would you ever let someone book a consult without speaking to your coordinator first?

[Sender Name]",the gallery is what converts a consult and on a phone it is three taps deep and unfilterable,"No website found in research. Look up the site and address, or call.",field-run-003;plastic-surgery;TN,75,16000,"$8,000","$28,000",06082026
Grossman Law Offices,,Personal injury law,Dallas,TX,USA,,cold-outreach,researched,"Subject: the 2am version of your site

Hi [First Name],

I looked at Grossman Law Offices the way somebody who has never hired a lawyer before does. Frightened, on a phone, at 2am, not sure they even have a case.

You've clearly won the cases that matter. That is not the problem.

But something structural is working against you, and it isn't anybody's fault. Every firm in town says the same four things on the same dark blue homepage, so a frightened person has no way to tell you apart, and defaults to whoever's billboard they remember. So the case that was worth a quarter of a million rings the firm whose site felt like it was written for them.

So rather than describe what I'd change, I'd rather just build it. I'll put together a homepage concept for Grossman Law Offices, free, and send it to you. No meeting required to get it, no invoice at the end, no catch. Look at it for two minutes and tell me I'm wrong if I am.

Want me to send one over?

[Sender Name]
Bothmade","Subject: the concept, as promised

Here it is — Grossman Law Offices, as promised.

Written for the injured person rather than about the firm: what happens next, what it costs to ask, and an intake that triages the case as it's typed.

It's a design, not a live site — nothing on it actually clicks yet. I'd rather be straight about that than fake a working demo.

Two questions I'd genuinely like your view on either way: what's the one fact your intake team needs that a form never captures? And do most of your cases start as calls or as forms now?

[Sender Name]","the site is about the firm, and the visitor arrived with a situation and three questions it never answers","No website found in research. Look up the site and address, or call.",field-run-003;personal-injury-law;TX,75,20000,"$10,000","$35,000",06082026
Grove Park Construction,,Custom home building,Nashville,TN,USA,,cold-outreach,researched,"Subject: what your enquiry form doesn't ask

Hi [First Name],

I spent a while in your portfolio the way a homeowner does: hunting for the project that matches their lot, their budget and their taste, in that order.

Nobody builds at this level by accident — the craft comes across.

But there's a structural problem underneath it that isn't anyone's fault. Your portfolio is the entire product and it's shown as a grid of thumbnails with no way to sort by budget, style or scope. The buyer with a specific project cannot find the one job that looks like theirs, and that project is the only thing that would have convinced them. And half the calls you do take were never going to be anything.

Here's my offer, and it's a simple one. Let me build Grove Park Construction a homepage concept for free. I'll design it around exactly this problem, send it over, and you decide. There's no obligation and nothing to sign to see it — I'd rather show you what we do than tell you.

Should I put one together for you?

[Sender Name]
Bothmade","Subject: Grove Park Construction — here it is

Here it is.

The portfolio filterable by budget band, style and scope, so the couple with a specific project finds their project in about nine seconds.

It's a design, not a live site — nothing on it actually clicks yet. I'd rather be straight about that than fake a working demo.

Two questions I'd genuinely like your view on, whether or not this goes anywhere: is budget band something you'd ever show publicly? And what's the one question you wish every enquiry answered before you called them?

[Sender Name]","the portfolio is the entire product and there is no way to sort it by budget, style or scope","No website found in research. Look up the site and address, or call.",field-run-003;custom-home-building;TN,75,22000,"$12,000","$35,000",06082026
Guevara Renovations,,Kitchen and bath remodeling,Atlanta,GA,USA,,cold-outreach,researched,"Subject: Atlanta · the unqualified enquiry problem

Hi [First Name],

I spent a while on your site as a homeowner who has been putting this off for two years and has finally decided to do it.

The craftsmanship comes across, and that is not true of most sites in this category.

But something structural is working against you, and it isn't anybody's fault. Your enquiry form asks for a name and a message, so every lead arrives unqualified and your first call is an interview instead of a conversation. So you spend your evenings quoting jobs that were never real, and the real ones went to whoever answered faster.

Here's my offer, and it's a simple one. Let me build Guevara Renovations a homepage concept for free. I'll design it around exactly this problem, send it over, and you decide. There's no obligation and nothing to sign to see it — I'd rather show you what we do than tell you.

Want me to build you one?

[Sender Name]
Bothmade","Subject: the concept, as promised

Here it is — Guevara Renovations, as promised.

Before-and-afters filterable by room, style and budget band, and an enquiry that asks about the room, the scope and the timing.

It's a design, not a live site — nothing on it actually clicks yet. I'd rather be straight about that than fake a working demo.

Two questions I'd like your answer to either way: would you show budget bands? And what do you wish every enquiry told you before you rang them back?

[Sender Name]",before-and-afters are what sell this and they are shown as a small unfilterable gallery,"No website found in research. Look up the site and address, or call.",field-run-003;kitchen-and-bath-remodeling;GA,75,8500,"$4,000","$15,000",06082026
Haley Custom Homes,info@haleycustomhomes.com,Custom home building,Denver,CO,USA,https://haleycustomhomes.com,cold-outreach,researched,"Subject: your portfolio, sorted

Hi [First Name],

I went through your site in Denver the way a couple with a lot to spend and a specific idea does — looking for the one project that looks like the house in their head.

Nobody builds at this level by accident — the craft comes across.

But there's a structural problem underneath it that isn't anyone's fault. Your portfolio is the entire product and it's shown as a grid of thumbnails with no way to sort by budget, style or scope. The buyer with a specific project cannot find the one job that looks like theirs, and that project is the only thing that would have convinced them. That's a real project deciding, quietly, that you're not the one — on no evidence either way.

Here's my offer, and it's a simple one. Let me build Haley Custom Homes a homepage concept for free. I'll design it around exactly this problem, send it over, and you decide. There's no obligation and nothing to sign to see it — I'd rather show you what we do than tell you.

Want me to build you one?

[Sender Name]
Bothmade","Subject: here it is

Here it is — Haley Custom Homes, as promised.

Projects sortable the way people actually choose, plus the process laid out month by month, because that's the thing they're really nervous about.

It's a design, not a live site — nothing on it actually clicks yet. I'd rather be straight about that than fake a working demo.

Two questions I'd genuinely like your view on, whether or not this goes anywhere: is budget band something you'd ever show publicly? And what's the one question you wish every enquiry answered before you called them?

[Sender Name]","the portfolio is the entire product and there is no way to sort it by budget, style or scope","Confirm the inbox before sending — info@ is the convention, not a verified address.",field-run-003;custom-home-building;CO,75,22000,"$12,000","$35,000",06082026
Hamilton Wingo,info@hamiltonwingo.com,Personal injury law,Dallas,TX,USA,https://hamiltonwingo.com,cold-outreach,researched,"Subject: one thing about your case pages

Hi [First Name],

I looked at Hamilton Wingo the way somebody who has never hired a lawyer before does. Frightened, on a phone, at 2am, not sure they even have a case.

The results speak for themselves, and the trial experience is obvious.

There's a problem underneath it that isn't anyone's fault. Intake is the whole business, and most firms send an injured person to a contact form that asks for a name and a message — so nobody can tell a real case from a tyre-kicker until somebody has spent an hour on the phone. So the case that was worth a quarter of a million rings the firm whose site felt like it was written for them.

Here's what I'd like to do about it. I'll build Hamilton Wingo a homepage concept — a real one, designed for your business, not a template with your logo dropped in — and send it over. It costs you nothing and there's no obligation attached to it. If you like it we can talk. If you don't, you keep the ideas and I go away.

Should I put one together for you?

[Sender Name]
Bothmade","Subject: the concept, as promised

Here it is — Hamilton Wingo, as promised.

Case types up front in plain words, the results next to them, and an intake that works at 2am without a human on the line.

It's a static design rather than a working build, so nothing clicks. I'd rather show you the idea honestly than fake a demo.

Two things I'd like your answer to: which case type is worth the most to you? And would you let a form triage before a human speaks to them?

[Sender Name]",intake is the whole business and it runs through a form that asks for a name and a message,"Confirm the inbox before sending — info@ is the convention, not a verified address.",field-run-003;personal-injury-law;TX,75,20000,"$10,000","$35,000",06082026
Harold Leidner Landscape Architects,,Landscape design build,Dallas,TX,USA,,cold-outreach,researched,"Subject: your gardens, sorted

Hi [First Name],

I looked at Harold Leidner Landscape Architects as somebody planning a serious outdoor project would: design-led, photo-first, and quietly worried about what it will cost.

The work is beautiful and clearly design-led, which is rarer in this trade than it should be.

But there's a structural problem underneath it that isn't anyone's fault. Design-led buyers choose from images, and your images are shown as a scroll rather than something you can narrow by style, scale or budget. That's a design fee lost to the studio with a better-sorted website.

Here's what I'd like to do about it. I'll build Harold Leidner Landscape Architects a homepage concept — a real one, designed for your business, not a template with your logo dropped in — and send it over. It costs you nothing and there's no obligation attached to it. If you like it we can talk. If you don't, you keep the ideas and I go away.

Worth two minutes of your time? Just reply yes.

[Sender Name]
Bothmade","Subject: Harold Leidner Landscape Architects — here it is

Here it is.

The portfolio narrowed the way designers choose, and a brief form that captures the lot, the ambition and the timing.

It's a static design rather than a working build, so nothing clicks. I'd rather show you the idea honestly than fake a demo.

Two questions either way: do clients come to you for design or for build first? And would publishing a design fee range help or hurt?

[Sender Name]","design-led buyers choose from images, and the images cannot be narrowed by style, scale or budget","No website found in research. Look up the site and address, or call.",field-run-003;landscape-design-build;TX,75,9000,"$5,000","$16,000",06082026
Harris Injury Law,,Personal injury law,Phoenix,AZ,USA,,cold-outreach,researched,"Subject: one thing about your case pages

Hi [First Name],

I went through your site in Phoenix the way an injured person does — on a phone, in pain, two days after a crash, with an adjuster already calling them.

The results speak for themselves, and the trial experience is obvious.

But something structural is working against you, and it isn't anybody's fault. Every firm in town says the same four things on the same dark blue homepage, so a frightened person has no way to tell you apart, and defaults to whoever's billboard they remember. And your intake team spends its day sorting cases a form could have sorted.

I'd like to build you one. A homepage concept for Harris Injury Law, designed properly, at my expense — not a proposal, not a deck, the actual thing. Yours to keep whether we ever work together or not. Most people who see theirs want to talk. Some don't, and that's genuinely fine.

Want me to build you one?

[Sender Name]
Bothmade","Subject: Harris Injury Law — here it is

Here it is.

Case types up front in plain words, the results next to them, and an intake that works at 2am without a human on the line.

It's a static design rather than a working build, so nothing clicks. I'd rather show you the idea honestly than fake a demo.

Two things I'd like your answer to: which case type is worth the most to you? And would you let a form triage before a human speaks to them?

[Sender Name]",intake is the whole business and it runs through a form that asks for a name and a message,"No website found in research. Look up the site and address, or call.",field-run-003;personal-injury-law;AZ,75,20000,"$10,000","$35,000",06082026
Hawkins-Welwood Homes,,Custom home building,Dallas,TX,USA,,cold-outreach,researched,"Subject: your portfolio, sorted

Hi [First Name],

I went through your site in Dallas the way a couple with a lot to spend and a specific idea does — looking for the one project that looks like the house in their head.

Nobody builds at this level by accident — the craft comes across.

But there's a structural problem underneath it that isn't anyone's fault. Your portfolio is the entire product and it's shown as a grid of thumbnails with no way to sort by budget, style or scope. The buyer with a specific project cannot find the one job that looks like theirs, and that project is the only thing that would have convinced them. So they leave without finding it, and go and look at the builder whose site let them filter.

Here's my offer, and it's a simple one. Let me build Hawkins-Welwood Homes a homepage concept for free. I'll design it around exactly this problem, send it over, and you decide. There's no obligation and nothing to sign to see it — I'd rather show you what we do than tell you.

Worth two minutes of your time? Just reply yes.

[Sender Name]
Bothmade","Subject: here it is

Here it is.

Projects sortable the way people actually choose, plus the process laid out month by month, because that's the thing they're really nervous about.

It's a design, not a live site — nothing on it actually clicks yet. I'd rather be straight about that than fake a working demo.

Two questions I'd genuinely like your view on, whether or not this goes anywhere: is budget band something you'd ever show publicly? And what's the one question you wish every enquiry answered before you called them?

[Sender Name]","the portfolio is the entire product and there is no way to sort it by budget, style or scope","No website found in research. Look up the site and address, or call.",field-run-003;custom-home-building;TX,75,22000,"$12,000","$35,000",06082026
Hayes Luxe Homes,,Custom home building,Naples,FL,USA,,cold-outreach,researched,"Subject: one thing about your gallery

Hi [First Name],

I looked at Hayes Luxe Homes the way people do at the start of this — nervous, doing homework, trying to work out who is going to be easy to work with for eighteen months.

The work itself is the strongest thing you have, and the photography does show it.

But something structural is working against you, and it isn't anybody's fault. What people are actually frightened of is the process — eighteen months, their money, decisions they've never made before — and almost no builder's site addresses that anywhere, so the fear does its work in silence. So they leave without finding it, and go and look at the builder whose site let them filter.

Here's what I'd like to do about it. I'll build Hayes Luxe Homes a homepage concept — a real one, designed for your business, not a template with your logo dropped in — and send it over. It costs you nothing and there's no obligation attached to it. If you like it we can talk. If you don't, you keep the ideas and I go away.

Want me to build you one?

[Sender Name]
Bothmade","Subject: here it is

Here it is — Hayes Luxe Homes, as promised.

The portfolio filterable by budget band, style and scope, so the couple with a specific project finds their project in about nine seconds.

It's a static design rather than a working build, so nothing clicks. I'd rather show you the idea honestly than fake a demo.

Two things I'd like your answer to: do people arrive with a lot already, or before? And would showing the process month by month help you or scare people?

[Sender Name]","the enquiry form asks for a name and a message, so every lead arrives unqualified","No website found in research. Look up the site and address, or call.",field-run-003;custom-home-building;FL,75,22000,"$12,000","$35,000",06082026
Hi Finch,,Med spa,Nashville,TN,USA,,cold-outreach,researched,"Subject: one thing about your booking

Hi [First Name],

I looked at Hi Finch the way a client who follows you on Instagram does — arriving from a phone, already sold on the treatment, just needing a time.

The client loyalty in this category is everything and yours reads real.

But there's a structural problem underneath it that isn't anyone's fault. A website can list treatments; it can't take a booking at nine at night, and nine at night is when the decision gets made. Most spa sites hand that moment to a phone number and office hours. The client doesn't wait until morning to call. She books wherever the button was.

Here's what I'd like to do about it. I'll build Hi Finch a homepage concept — a real one, designed for your business, not a template with your logo dropped in — and send it over. It costs you nothing and there's no obligation attached to it. If you like it we can talk. If you don't, you keep the ideas and I go away.

Want me to build you one?

[Sender Name]
Bothmade","Subject: the concept, as promised

Here it is.

Everything a phone-first client needs in one screen: what it costs, what it looks like, and a slot on Thursday, without a phone call.

It's a static design rather than a working build, so nothing clicks. I'd rather show you the idea honestly than fake a demo.

Two things I'd like your view on: are prices on the site a help or a headache for you? And which treatment brings you the most new clients?

[Sender Name]",the reviews doing the selling live on Google rather than on the homepage where the decision is made,"No website found in research. Look up the site and address, or call.",field-run-003;med-spa;TN,75,10000,"$5,000","$18,000",06082026
Hickey Law Firm,,Personal injury law,Miami,FL,USA,,cold-outreach,researched,"Subject: your intake, on a phone

Hi [First Name],

I went through your site in Miami the way an injured person does — on a phone, in pain, two days after a crash, with an adjuster already calling them.

The record is genuinely strong, and in this category that record is the whole product.

But there's a structural problem underneath it that isn't anyone's fault. The site is about the firm — the years, the awards, the team — and the visitor arrived with a situation. They want to know whether you handle this, what happens next, and whether it costs them anything to ask. Those three answers are usually the hardest things on the page to find. So the case that was worth a quarter of a million rings the firm whose site felt like it was written for them.

Here's my offer, and it's a simple one. Let me build Hickey Law Firm a homepage concept for free. I'll design it around exactly this problem, send it over, and you decide. There's no obligation and nothing to sign to see it — I'd rather show you what we do than tell you.

Worth two minutes of your time? Just reply yes.

[Sender Name]
Bothmade","Subject: the concept, as promised

Here it is.

A homepage that answers the three questions every caller has in the first screen, and an intake form that arrives already sorted by case type and severity.

It's a design, not a live site — nothing on it actually clicks yet. I'd rather be straight about that than fake a working demo.

Two questions I'd genuinely like your view on either way: what's the one fact your intake team needs that a form never captures? And do most of your cases start as calls or as forms now?

[Sender Name]","the site is about the firm, and the visitor arrived with a situation and three questions it never answers","No website found in research. Look up the site and address, or call.",field-run-003;personal-injury-law;FL,75,20000,"$10,000","$35,000",06082026
Hidden Valley Homes,,Custom home building,Nashville,TN,USA,,cold-outreach,researched,"Subject: one thing about your gallery

Hi [First Name],

I looked at Hidden Valley Homes the way people do at the start of this — nervous, doing homework, trying to work out who is going to be easy to work with for eighteen months.

The homes are genuinely good and the reputation is clearly earned.

But there's a structural problem underneath it that isn't anyone's fault. Your portfolio is the entire product and it's shown as a grid of thumbnails with no way to sort by budget, style or scope. The buyer with a specific project cannot find the one job that looks like theirs, and that project is the only thing that would have convinced them. That's a real project deciding, quietly, that you're not the one — on no evidence either way.

Here's what I'd like to do about it. I'll build Hidden Valley Homes a homepage concept — a real one, designed for your business, not a template with your logo dropped in — and send it over. It costs you nothing and there's no obligation attached to it. If you like it we can talk. If you don't, you keep the ideas and I go away.

Worth two minutes of your time? Just reply yes.

[Sender Name]
Bothmade","Subject: the concept, as promised

Here it is.

A portfolio you can filter and an enquiry that asks about the lot, the budget and the timing — so your first call starts where the third one currently does.

It's a static design rather than a working build, so nothing clicks. I'd rather show you the idea honestly than fake a demo.

Two things I'd like your answer to: do people arrive with a lot already, or before? And would showing the process month by month help you or scare people?

[Sender Name]","the enquiry form asks for a name and a message, so every lead arrives unqualified","No website found in research. Look up the site and address, or call.",field-run-003;custom-home-building;TN,75,22000,"$12,000","$35,000",06082026
Highland Park Dental,,Cosmetic dentistry,Dallas,TX,USA,,cold-outreach,researched,"Subject: your veneer cases, and your website

Hi [First Name],

I went looking for a cosmetic dentist in Dallas the way a veneer patient does — evening, on a phone, wanting to see cases and find out roughly what it costs before speaking to anybody.

You are obviously good at the dentistry. That is not the problem here.

But there's something structural working against you, and it isn't anyone's fault. Cosmetic patients and check-up patients want completely different things, and one homepage is nearly always built for the check-up patient — so the $15k case has to hunt for what it came for. That's the biggest case of the month deciding not to ring.

So rather than describe what I'd change, I'd rather just build it. I'll put together a homepage concept for Highland Park Dental, free, and send it to you. No meeting required to get it, no invoice at the end, no catch. Look at it for two minutes and tell me I'm wrong if I am.

Worth two minutes of your time? Just reply yes.

[Sender Name]
Bothmade","Subject: the concept, as promised

Here it is.

A homepage built for the cosmetic patient: before-and-afters at the top, the range in plain numbers, and a request form that takes fifteen seconds.

It's a design, not a live site — nothing on it actually clicks yet. I'd rather be straight about that than fake a working demo.

Two questions I'd like your answer to either way: does putting a price range on the site help you or bring you the wrong calls? And is it veneers or implants that pays best for you?

[Sender Name]","a $15k veneer case is decided from before-and-afters and a price range, and neither is easy to reach","No website found in research. Look up the site and address, or call.",field-run-003;cosmetic-dentistry;TX,75,12000,"$6,000","$22,000",06082026
Hillsboro Village Dental,info@hillsborovillagedental.com,Cosmetic dentistry,Nashville,TN,USA,https://hillsborovillagedental.com,cold-outreach,researched,"Subject: what a smile-makeover patient sees

Hi [First Name],

I spent a while on your site as a patient with a $15k case in mind. They research for months and they research on a phone, at night, alone.

The case work speaks for itself, and the reviews back it up.

There's a problem underneath it that isn't anybody's fault. The decision happens at night on a phone, and booking usually means ringing a front desk between nine and five, so the moment somebody finally feels ready has nowhere to go. They don't call in the morning. They keep scrolling, and someone else gets the case.

So rather than describe what I'd change, I'd rather just build it. I'll put together a homepage concept for Hillsboro Village Dental, free, and send it to you. No meeting required to get it, no invoice at the end, no catch. Look at it for two minutes and tell me I'm wrong if I am.

Want me to send one over?

[Sender Name]
Bothmade","Subject: Hillsboro Village Dental — here it is

Here it is — Hillsboro Village Dental, as promised.

Cases first, filterable by treatment, with a price range stated plainly and a booking that works at 9pm.

It's a design, not a live site — nothing on it actually clicks yet. I'd rather be straight about that than fake a working demo.

Two questions I'd like your answer to either way: does putting a price range on the site help you or bring you the wrong calls? And is it veneers or implants that pays best for you?

[Sender Name]","a $15k veneer case is decided from before-and-afters and a price range, and neither is easy to reach","Confirm the inbox before sending — info@ is the convention, not a verified address.",field-run-003;cosmetic-dentistry;TN,75,12000,"$6,000","$22,000",06082026
Hobgood Facial Plastic Surgery,info@toddhobgood.com,Plastic surgery,Scottsdale,AZ,USA,https://toddhobgood.com,cold-outreach,researched,"Subject: your gallery, on a phone

Hi [First Name],

I looked at Hobgood Facial Plastic Surgery the way someone books a consult does: late, on a phone, after six months of thinking about it and about ninety minutes of reading reviews.

You are obviously good at this. The work and the reputation both hold up.

But there's a structural problem underneath it that isn't anyone's fault. Your before-and-afters are the product — they are the single thing that converts — and on a phone they're usually three taps deep, in a viewer that fights you, with no way to filter to the one procedure she actually came for. So the request that would have come in at 11pm doesn't, and by morning she's booked a consult with whoever made it easy.

Here's what I'd like to do about it. I'll build Hobgood Facial Plastic Surgery a homepage concept — a real one, designed for your business, not a template with your logo dropped in — and send it over. It costs you nothing and there's no obligation attached to it. If you like it we can talk. If you don't, you keep the ideas and I go away.

Say the word and I'll start on it — want it?

[Sender Name]
Bothmade","Subject: here it is

Here it is.

A phone-first layout: results at the top filterable by procedure, the reviews next to them where they do the most work, and a consult request that takes fifteen seconds at midnight.

It's a static design rather than a working build, so nothing clicks. I'd rather show you the idea honestly than fake a demo.

Two things I'd like your answer to: is it the gallery or the reviews that closes a consult for you? And does putting a price bracket on the site help you or waste your time?

[Sender Name]","the consult decision happens at 11pm on a phone, and booking means a phone number and office hours","Confirm the inbox before sending — info@ is the convention, not a verified address.",field-run-003;plastic-surgery;AZ,75,16000,"$8,000","$28,000",06082026
Horizon Investments,,Wealth management,Charlotte,NC,USA,,cold-outreach,researched,"Subject: your site vs your minimum

Hi [First Name],

I looked at Horizon Investments the way a business owner who just sold would: checking whether you handle people like them before they'd ever make contact.

Fee-only and independent is a genuinely strong position, and the credentials are clear.

But there's a structural problem underneath it that isn't anyone's fault. Everybody in this category says the same things — independent, fiduciary, personalised — on the same navy blue site, so a prospect with real money has no way to tell you from the firm across the street. That's the introduction that would have paid for a decade of website, not happening.

Here's what I'd like to do about it. I'll build Horizon Investments a homepage concept — a real one, designed for your business, not a template with your logo dropped in — and send it over. It costs you nothing and there's no obligation attached to it. If you like it we can talk. If you don't, you keep the ideas and I go away.

Say the word and I'll start on it — want it?

[Sender Name]
Bothmade","Subject: the concept, as promised

Here it is. Two minutes and you have seen it.

A homepage that names the client you want, the problem you solve for them, and what working together actually costs.

It's a static design rather than a working build, so nothing clicks. I'd rather show you the idea honestly than fake a demo.

Two questions either way: how much of your fee model would compliance let you state publicly? And what's the client profile you'd most like more of?

[Sender Name]","every firm in the category says the same three things, so a real prospect has no way to tell you apart","No website found in research. Look up the site and address, or call.",field-run-003;wealth-management;NC,75,15000,"$8,000","$25,000",06082026
Howarth Plastic Surgery,info@howarthplasticsurgery.com,Plastic surgery,Scottsdale,AZ,USA,https://howarthplasticsurgery.com,cold-outreach,researched,"Subject: Scottsdale · one thing about your consults

Hi [First Name],

I spent a while on your site as a patient would. Not at a desk — on a phone, at night, comparing you against two other Scottsdale practices with fourteen tabs open.

You are obviously good at this. The work and the reputation both hold up.

But there's a structural problem underneath it that isn't anyone's fault. Your before-and-afters are the product — they are the single thing that converts — and on a phone they're usually three taps deep, in a viewer that fights you, with no way to filter to the one procedure she actually came for. So the request that would have come in at 11pm doesn't, and by morning she's booked a consult with whoever made it easy.

So rather than describe what I'd change, I'd rather just build it. I'll put together a homepage concept for Howarth Plastic Surgery, free, and send it to you. No meeting required to get it, no invoice at the end, no catch. Look at it for two minutes and tell me I'm wrong if I am.

Want me to build you one?

[Sender Name]
Bothmade","Subject: here it is

Here it is — Howarth Plastic Surgery, as promised.

A phone-first layout: results at the top filterable by procedure, the reviews next to them where they do the most work, and a consult request that takes fifteen seconds at midnight.

It's a design, not a live site — nothing on it actually clicks yet. I'd rather be straight about that than fake a working demo.

Two questions I'd genuinely like your view on either way: which procedure do most of your consult requests come in for? And would you ever let someone book a consult without speaking to your coordinator first?

[Sender Name]",the gallery is what converts a consult and on a phone it is three taps deep and unfilterable,"Confirm the inbox before sending — info@ is the convention, not a verified address.",field-run-003;plastic-surgery;AZ,75,16000,"$8,000","$28,000",06082026
Hydrate Medical,,Med spa,Charlotte,NC,USA,,cold-outreach,researched,"Subject: the gap between your reviews and your site

Hi [First Name],

I spent twenty minutes on your site the way a first-time client would: scrolling on a phone, comparing you against two other Charlotte spas, ready to book if someone made it easy.

The reviews are doing a lot of work for you, and the treatment menu is clearly built by people who know the category.

But something structural is working against you here, and it isn't anyone's fault. Everyone arriving is already sold — they want a time, not a description — and most spa sites are built to describe treatments rather than to sell a slot on Thursday. Every one of those is revenue that left without leaving a trace.

Here's my offer, and it's a simple one. Let me build Hydrate Medical a homepage concept for free. I'll design it around exactly this problem, send it over, and you decide. There's no obligation and nothing to sign to see it — I'd rather show you what we do than tell you.

Want me to send one over?

[Sender Name]
Bothmade","Subject: the concept, as promised

Here it is.

Booking is the homepage — pick the treatment, pick a time, done — with the reviews sitting right beside it where they close the sale.

It's a design, not a live site — nothing on it actually clicks yet. I'd rather be straight about that than fake a working demo.

Two questions I'd genuinely like your answer to either way: would you let clients book without a consult call first? And is membership the thing you'd want pushed hardest here?

[Sender Name]","everyone arriving is already sold and wants a time, and the site is built to describe treatments instead","No website found in research. Look up the site and address, or call.",field-run-003;med-spa;NC,75,10000,"$5,000","$18,000",06082026
IGG Kitchen & Bathroom Remodeling,,Kitchen and bath remodeling,Denver,CO,USA,,cold-outreach,researched,"Subject: what your form doesn't ask

Hi [First Name],

I spent a while on your site as a homeowner who has been putting this off for two years and has finally decided to do it.

The finished work looks genuinely good, and the reviews say the crews turn up — which in this trade is half the sale.

But there's a structural problem underneath it that isn't anyone's fault. Before-and-afters are what sell this, and they're usually shown as a small unfilterable gallery — so the homeowner with a galley kitchen never finds your galley kitchen. That's a $60k kitchen going to the company whose site made it feel easy.

I'd like to build you one. A homepage concept for IGG Kitchen & Bathroom Remodeling, designed properly, at my expense — not a proposal, not a deck, the actual thing. Yours to keep whether we ever work together or not. Most people who see theirs want to talk. Some don't, and that's genuinely fine.

Want me to build you one?

[Sender Name]
Bothmade","Subject: IGG Kitchen & Bathroom Remodeling — here it is

Here it is.

Projects sorted the way homeowners choose, ranges said out loud, and a form that arrives ready to quote.

It's a static design rather than a working build, so nothing clicks. I'd rather show you the idea honestly than fake a demo.

Two questions I'd like your answer to either way: would you show budget bands? And what do you wish every enquiry told you before you rang them back?

[Sender Name]",before-and-afters are what sell this and they are shown as a small unfilterable gallery,"No website found in research. Look up the site and address, or call.",field-run-003;kitchen-and-bath-remodeling;CO,75,8500,"$4,000","$15,000",06082026
Icon MD Medical Spa + Laser Center,,Med spa,Boca Raton,FL,USA,,cold-outreach,researched,"Subject: Boca Raton · your regulars vs your website

Hi [First Name],

I looked at Icon MD Medical Spa + Laser Center as somebody who has decided they want tox and just needs to pick where. Phone, evening, ten minutes of attention, maximum.

The client loyalty in this category is everything and yours reads real.

But there's a structural problem underneath it that isn't anyone's fault. A website can list treatments; it can't take a booking at nine at night, and nine at night is when the decision gets made. Most spa sites hand that moment to a phone number and office hours. That's a booking a night that goes somewhere else, and nobody ever knows it happened.

Here's what I'd like to do about it. I'll build Icon MD Medical Spa + Laser Center a homepage concept — a real one, designed for your business, not a template with your logo dropped in — and send it over. It costs you nothing and there's no obligation attached to it. If you like it we can talk. If you don't, you keep the ideas and I go away.

Want me to send one over?

[Sender Name]
Bothmade","Subject: here it is

Here it is.

Treatments priced and bookable in two taps, reviews on the same screen, and the memberships made obvious rather than hidden three pages in.

It's a static design rather than a working build, so nothing clicks. I'd rather show you the idea honestly than fake a demo.

Two things I'd like your view on: are prices on the site a help or a headache for you? And which treatment brings you the most new clients?

[Sender Name]",the reviews doing the selling live on Google rather than on the homepage where the decision is made,"No website found in research. Look up the site and address, or call.",field-run-003;med-spa;FL,75,10000,"$5,000","$18,000",06082026
InVia Fertility,info@inviafertility.com,Fertility clinic,Chicago,IL,USA,https://inviafertility.com,cold-outreach,researched,"Subject: success rates, plainly

Hi [First Name],

I looked at InVia Fertility as a couple deciding where to spend twenty thousand dollars and a year of their lives would. They read everything. Usually at night.

The clinical work in this field speaks for itself, and patients in this category are unusually good at judging it.

But there's a structural problem underneath it that isn't anyone's fault. The two things that decide it — what it actually costs and what your success rates really say — are the two things most clinic sites make hardest to find, which reads as evasive even when the answer is good. Nobody rings to ask what it costs. They just quietly go elsewhere.

I'd like to build you one. A homepage concept for InVia Fertility, designed properly, at my expense — not a proposal, not a deck, the actual thing. Yours to keep whether we ever work together or not. Most people who see theirs want to talk. Some don't, and that's genuinely fine.

Worth two minutes of your time? Just reply yes.

[Sender Name]
Bothmade","Subject: the concept, as promised

Here it is — InVia Fertility, as promised.

A homepage written for the patient rather than the referrer: what it costs, what the numbers mean, what happens first, and how to start.

It's a static design rather than a working build, so nothing clicks. I'd rather show you the idea honestly than fake a demo.

Two questions I'd genuinely like your view on: is publishing cost ranges something you'd do? And which of your numbers do patients misread most often?

[Sender Name]",what it costs and what the success rates mean are the two hardest things on the site to find,"Confirm the inbox before sending — info@ is the convention, not a verified address.",field-run-003;fertility-clinic;IL,75,22000,"$12,000","$35,000",06082026
Infinity Medspa & Wellness,,Med spa,Charlotte,NC,USA,,cold-outreach,researched,"Subject: Charlotte · your regulars vs your website

Hi [First Name],

I looked at Infinity Medspa & Wellness as somebody who has decided they want tox and just needs to pick where. Phone, evening, ten minutes of attention, maximum.

Your reputation locally is obvious, and that is the hardest part of this business to build.

But there's a structural problem underneath it that isn't anyone's fault. A website can list treatments; it can't take a booking at nine at night, and nine at night is when the decision gets made. Most spa sites hand that moment to a phone number and office hours. Every one of those is revenue that left without leaving a trace.

I'd like to build you one. A homepage concept for Infinity Medspa & Wellness, designed properly, at my expense — not a proposal, not a deck, the actual thing. Yours to keep whether we ever work together or not. Most people who see theirs want to talk. Some don't, and that's genuinely fine.

Want me to build you one?

[Sender Name]
Bothmade","Subject: the concept, as promised

Here it is — Infinity Medspa & Wellness, as promised.

Everything a phone-first client needs in one screen: what it costs, what it looks like, and a slot on Thursday, without a phone call.

It's a static design rather than a working build, so nothing clicks. I'd rather show you the idea honestly than fake a demo.

Two things I'd like your view on: are prices on the site a help or a headache for you? And which treatment brings you the most new clients?

[Sender Name]",the reviews doing the selling live on Google rather than on the homepage where the decision is made,"No website found in research. Look up the site and address, or call.",field-run-003;med-spa;NC,75,10000,"$5,000","$18,000",06082026
Ingram Cosmetic Surgery,,Plastic surgery,Nashville,TN,USA,,cold-outreach,researched,"Subject: the 11pm version of your site

Hi [First Name],

I went looking for a plastic surgeon in Nashville the way a patient actually does — at eleven at night, on a phone, having already read every review twice.

The surgical reputation is clearly there, and the reviews say what reviews for a good practice say.

But something structural is working against you, and it isn't anyone's fault. The decision gets made at night, on a phone, and the two things that make it — the results and the price bracket — are the two hardest things to reach on most practice sites. The patient who was ready doesn't come back tomorrow. She books with the practice whose site answered her at midnight.

Here's my offer, and it's a simple one. Let me build Ingram Cosmetic Surgery a homepage concept for free. I'll design it around exactly this problem, send it over, and you decide. There's no obligation and nothing to sign to see it — I'd rather show you what we do than tell you.

Should I put one together for you?

[Sender Name]
Bothmade","Subject: here it is

Here it is — Ingram Cosmetic Surgery, as promised.

Results first, filterable by procedure, sized for a phone — because that's the device and that's the decision. Consult booking sits on the same screen rather than behind a phone number.

It's a design, not a live site — nothing on it actually clicks yet. I'd rather be straight about that than fake a working demo.

Two questions I'd genuinely like your view on either way: which procedure do most of your consult requests come in for? And would you ever let someone book a consult without speaking to your coordinator first?

[Sender Name]",the gallery is what converts a consult and on a phone it is three taps deep and unfilterable,"No website found in research. Look up the site and address, or call.",field-run-003;plastic-surgery;TN,75,16000,"$8,000","$28,000",06082026
Integrity Luxury Homes,,Custom home building,Scottsdale,AZ,USA,,cold-outreach,researched,"Subject: what your enquiry form doesn't ask

Hi [First Name],

I spent a while in your portfolio the way a homeowner does: hunting for the project that matches their lot, their budget and their taste, in that order.

The work itself is the strongest thing you have, and the photography does show it.

But something structural is working against you, and it isn't anybody's fault. What people are actually frightened of is the process — eighteen months, their money, decisions they've never made before — and almost no builder's site addresses that anywhere, so the fear does its work in silence. So they leave without finding it, and go and look at the builder whose site let them filter.

Here's my offer, and it's a simple one. Let me build Integrity Luxury Homes a homepage concept for free. I'll design it around exactly this problem, send it over, and you decide. There's no obligation and nothing to sign to see it — I'd rather show you what we do than tell you.

Want me to send one over?

[Sender Name]
Bothmade","Subject: the concept, as promised

Here it is — Integrity Luxury Homes, as promised.

The portfolio filterable by budget band, style and scope, so the couple with a specific project finds their project in about nine seconds.

It's a design, not a live site — nothing on it actually clicks yet. I'd rather be straight about that than fake a working demo.

Two questions I'd genuinely like your view on, whether or not this goes anywhere: is budget band something you'd ever show publicly? And what's the one question you wish every enquiry answered before you called them?

[Sender Name]","the portfolio is the entire product and there is no way to sort it by budget, style or scope","No website found in research. Look up the site and address, or call.",field-run-003;custom-home-building;AZ,75,22000,"$12,000","$35,000",06082026
J. Angelo Design Build,info@jangelodesignbuild.com,Custom home building,Austin,TX,USA,https://jangelodesignbuild.com,cold-outreach,researched,"Subject: your portfolio, sorted

Hi [First Name],

I went through your site in Austin the way a couple with a lot to spend and a specific idea does — looking for the one project that looks like the house in their head.

The homes are genuinely good and the reputation is clearly earned.

But there's a structural problem underneath it that isn't anyone's fault. Your portfolio is the entire product and it's shown as a grid of thumbnails with no way to sort by budget, style or scope. The buyer with a specific project cannot find the one job that looks like theirs, and that project is the only thing that would have convinced them. And half the calls you do take were never going to be anything.

So rather than describe what I'd change, I'd rather just build it. I'll put together a homepage concept for J. Angelo Design Build, free, and send it to you. No meeting required to get it, no invoice at the end, no catch. Look at it for two minutes and tell me I'm wrong if I am.

Want me to build you one?

[Sender Name]
Bothmade","Subject: here it is

Here it is. Two minutes and you have seen it.

A portfolio you can filter and an enquiry that asks about the lot, the budget and the timing — so your first call starts where the third one currently does.

It's a design, not a live site — nothing on it actually clicks yet. I'd rather be straight about that than fake a working demo.

Two questions I'd genuinely like your view on, whether or not this goes anywhere: is budget band something you'd ever show publicly? And what's the one question you wish every enquiry answered before you called them?

[Sender Name]","the portfolio is the entire product and there is no way to sort it by budget, style or scope","Confirm the inbox before sending — info@ is the convention, not a verified address.",field-run-003;custom-home-building;TX,75,22000,"$12,000","$35,000",06082026
JASPER Builds,,Custom home building,Nashville,TN,USA,,cold-outreach,researched,"Subject: what your enquiry form doesn't ask

Hi [First Name],

I spent a while in your portfolio the way a homeowner does: hunting for the project that matches their lot, their budget and their taste, in that order.

The homes are genuinely good and the reputation is clearly earned.

But there's a structural problem underneath it that isn't anyone's fault. Your portfolio is the entire product and it's shown as a grid of thumbnails with no way to sort by budget, style or scope. The buyer with a specific project cannot find the one job that looks like theirs, and that project is the only thing that would have convinced them. That's a real project deciding, quietly, that you're not the one — on no evidence either way.

So rather than describe what I'd change, I'd rather just build it. I'll put together a homepage concept for JASPER Builds, free, and send it to you. No meeting required to get it, no invoice at the end, no catch. Look at it for two minutes and tell me I'm wrong if I am.

Worth two minutes of your time? Just reply yes.

[Sender Name]
Bothmade","Subject: here it is

Here it is. Two minutes and you have seen it.

The portfolio filterable by budget band, style and scope, so the couple with a specific project finds their project in about nine seconds.

It's a design, not a live site — nothing on it actually clicks yet. I'd rather be straight about that than fake a working demo.

Two questions I'd genuinely like your view on, whether or not this goes anywhere: is budget band something you'd ever show publicly? And what's the one question you wish every enquiry answered before you called them?

[Sender Name]","the portfolio is the entire product and there is no way to sort it by budget, style or scope","No website found in research. Look up the site and address, or call.",field-run-003;custom-home-building;TN,75,22000,"$12,000","$35,000",06082026
Janiczek Wealth Management,,Wealth management,Denver,CO,USA,,cold-outreach,researched,"Subject: your site vs your minimum

Hi [First Name],

I looked at Janiczek Wealth Management the way a business owner who just sold would: checking whether you handle people like them before they'd ever make contact.

Fee-only and independent is a genuinely strong position, and the credentials are clear.

But there's a structural problem underneath it that isn't anyone's fault. Everybody in this category says the same things — independent, fiduciary, personalised — on the same navy blue site, so a prospect with real money has no way to tell you from the firm across the street. That's the introduction that would have paid for a decade of website, not happening.

I'd like to build you one. A homepage concept for Janiczek Wealth Management, designed properly, at my expense — not a proposal, not a deck, the actual thing. Yours to keep whether we ever work together or not. Most people who see theirs want to talk. Some don't, and that's genuinely fine.

Want me to build you one?

[Sender Name]
Bothmade","Subject: here it is

Here it is.

A homepage that names the client you want, the problem you solve for them, and what working together actually costs.

It's a static design rather than a working build, so nothing clicks. I'd rather show you the idea honestly than fake a demo.

Two questions either way: how much of your fee model would compliance let you state publicly? And what's the client profile you'd most like more of?

[Sender Name]","every firm in the category says the same three things, so a real prospect has no way to tell you apart","No website found in research. Look up the site and address, or call.",field-run-003;wealth-management;CO,75,15000,"$8,000","$25,000",06082026
John Foy & Associates,,Personal injury law,Atlanta,GA,USA,,cold-outreach,researched,"Subject: one thing about your case pages

Hi [First Name],

I looked at John Foy & Associates the way somebody who has never hired a lawyer before does. Frightened, on a phone, at 2am, not sure they even have a case.

The record is genuinely strong, and in this category that record is the whole product.

But there's a structural problem underneath it that isn't anyone's fault. The site is about the firm — the years, the awards, the team — and the visitor arrived with a situation. They want to know whether you handle this, what happens next, and whether it costs them anything to ask. Those three answers are usually the hardest things on the page to find. That's a real case walking, on nothing but a website's tone.

Here's what I'd like to do about it. I'll build John Foy & Associates a homepage concept — a real one, designed for your business, not a template with your logo dropped in — and send it over. It costs you nothing and there's no obligation attached to it. If you like it we can talk. If you don't, you keep the ideas and I go away.

Should I put one together for you?

[Sender Name]
Bothmade","Subject: here it is

Here it is — John Foy & Associates, as promised.

Case types up front in plain words, the results next to them, and an intake that works at 2am without a human on the line.

It's a static design rather than a working build, so nothing clicks. I'd rather show you the idea honestly than fake a demo.

Two things I'd like your answer to: which case type is worth the most to you? And would you let a form triage before a human speaks to them?

[Sender Name]",intake is the whole business and it runs through a form that asks for a name and a message,"No website found in research. Look up the site and address, or call.",field-run-003;personal-injury-law;GA,75,20000,"$10,000","$35,000",06082026
Jon Ric Medical Spa & Wellness Center,,Med spa,Charlotte,NC,USA,,cold-outreach,researched,"Subject: booking you at 9pm

Hi [First Name],

I went looking for a med spa in Charlotte the way a new client does — on a phone, in the evening, three tabs open, wanting to book Botox for Thursday.

Your reputation locally is obvious, and that is the hardest part of this business to build.

There's a problem underneath it that isn't anybody's fault. Your reviews are your best salesperson and they live on Google, not on your homepage, where the person deciding between you and the spa down the road never sees them. That's a booking a night that goes somewhere else, and nobody ever knows it happened.

So rather than describe what I'd change, I'd rather just build it. I'll put together a homepage concept for Jon Ric Medical Spa & Wellness Center, free, and send it to you. No meeting required to get it, no invoice at the end, no catch. Look at it for two minutes and tell me I'm wrong if I am.

Want me to send one over?

[Sender Name]
Bothmade","Subject: here it is

Here it is.

Booking is the homepage — pick the treatment, pick a time, done — with the reviews sitting right beside it where they close the sale.

It's a design, not a live site — nothing on it actually clicks yet. I'd rather be straight about that than fake a working demo.

Two questions I'd genuinely like your answer to either way: would you let clients book without a consult call first? And is membership the thing you'd want pushed hardest here?

[Sender Name]","everyone arriving is already sold and wants a time, and the site is built to describe treatments instead","No website found in research. Look up the site and address, or call.",field-run-003;med-spa;NC,75,10000,"$5,000","$18,000",06082026
KDO Kitchens and Remodeling,info@kdokitchensandremodeling.com,Kitchen and bath remodeling,Atlanta,GA,USA,https://kdokitchensandremodeling.com,cold-outreach,researched,"Subject: what your form doesn't ask

Hi [First Name],

I went through your site in Atlanta the way a homeowner planning a kitchen does — looking for a job like theirs, at a number they can live with.

The finished work looks genuinely good, and the reviews say the crews turn up — which in this trade is half the sale.

But there's a structural problem underneath it that isn't anyone's fault. Before-and-afters are what sell this, and they're usually shown as a small unfilterable gallery — so the homeowner with a galley kitchen never finds your galley kitchen. That's a $60k kitchen going to the company whose site made it feel easy.

I'd like to build you one. A homepage concept for KDO Kitchens and Remodeling, designed properly, at my expense — not a proposal, not a deck, the actual thing. Yours to keep whether we ever work together or not. Most people who see theirs want to talk. Some don't, and that's genuinely fine.

Worth two minutes of your time? Just reply yes.

[Sender Name]
Bothmade","Subject: KDO Kitchens and Remodeling — here it is

Here it is — KDO Kitchens and Remodeling, as promised.

Projects sorted the way homeowners choose, ranges said out loud, and a form that arrives ready to quote.

It's a static design rather than a working build, so nothing clicks. I'd rather show you the idea honestly than fake a demo.

Two questions I'd like your answer to either way: would you show budget bands? And what do you wish every enquiry told you before you rang them back?

[Sender Name]",before-and-afters are what sell this and they are shown as a small unfilterable gallery,"Confirm the inbox before sending — info@ is the convention, not a verified address.",field-run-003;kitchen-and-bath-remodeling;GA,75,8500,"$4,000","$15,000",06082026
Kaire & Heffernan,,Personal injury law,Miami,FL,USA,,cold-outreach,researched,"Subject: your intake, on a phone

Hi [First Name],

I spent a while on your site as the person on the other end of your intake line would: rear-ended on Tuesday, off work, and being pressured to accept four thousand dollars.

The record is genuinely strong, and in this category that record is the whole product.

But there's a structural problem underneath it that isn't anyone's fault. The site is about the firm — the years, the awards, the team — and the visitor arrived with a situation. They want to know whether you handle this, what happens next, and whether it costs them anything to ask. Those three answers are usually the hardest things on the page to find. So the case that was worth a quarter of a million rings the firm whose site felt like it was written for them.

So rather than describe what I'd change, I'd rather just build it. I'll put together a homepage concept for Kaire & Heffernan, free, and send it to you. No meeting required to get it, no invoice at the end, no catch. Look at it for two minutes and tell me I'm wrong if I am.

Worth two minutes of your time? Just reply yes.

[Sender Name]
Bothmade","Subject: Kaire & Heffernan — here it is

Here it is — Kaire & Heffernan, as promised.

A homepage that answers the three questions every caller has in the first screen, and an intake form that arrives already sorted by case type and severity.

It's a design, not a live site — nothing on it actually clicks yet. I'd rather be straight about that than fake a working demo.

Two questions I'd genuinely like your view on either way: what's the one fact your intake team needs that a form never captures? And do most of your cases start as calls or as forms now?

[Sender Name]","the site is about the firm, and the visitor arrived with a situation and three questions it never answers","No website found in research. Look up the site and address, or call.",field-run-003;personal-injury-law;FL,75,20000,"$10,000","$35,000",06082026
Kamper & Estrada,,Personal injury law,Phoenix,AZ,USA,,cold-outreach,researched,"Subject: Phoenix · what an injured caller needs first

Hi [First Name],

I looked at Kamper & Estrada the way somebody who has never hired a lawyer before does. Frightened, on a phone, at 2am, not sure they even have a case.

The record is genuinely strong, and in this category that record is the whole product.

There's a problem underneath it that isn't anyone's fault. Intake is the whole business, and most firms send an injured person to a contact form that asks for a name and a message — so nobody can tell a real case from a tyre-kicker until somebody has spent an hour on the phone. And your intake team spends its day sorting cases a form could have sorted.

Here's what I'd like to do about it. I'll build Kamper & Estrada a homepage concept — a real one, designed for your business, not a template with your logo dropped in — and send it over. It costs you nothing and there's no obligation attached to it. If you like it we can talk. If you don't, you keep the ideas and I go away.

Worth two minutes of your time? Just reply yes.

[Sender Name]
Bothmade","Subject: Kamper & Estrada — here it is

Here it is — Kamper & Estrada, as promised.

Written for the injured person rather than about the firm: what happens next, what it costs to ask, and an intake that triages the case as it's typed.

It's a static design rather than a working build, so nothing clicks. I'd rather show you the idea honestly than fake a demo.

Two things I'd like your answer to: which case type is worth the most to you? And would you let a form triage before a human speaks to them?

[Sender Name]",intake is the whole business and it runs through a form that asks for a name and a message,"No website found in research. Look up the site and address, or call.",field-run-003;personal-injury-law;AZ,75,20000,"$10,000","$35,000",06082026
Katz Builders,,Custom home building,Austin,TX,USA,,cold-outreach,researched,"Subject: your portfolio, sorted

Hi [First Name],

I went through your site in Austin the way a couple with a lot to spend and a specific idea does — looking for the one project that looks like the house in their head.

The work itself is the strongest thing you have, and the photography does show it.

There's a problem underneath it that isn't anyone's fault. Your enquiry form asks for a name and a message. So every lead arrives unqualified, and your first call is spent finding out whether the project was ever real instead of talking about the house. That's a real project deciding, quietly, that you're not the one — on no evidence either way.

Here's my offer, and it's a simple one. Let me build Katz Builders a homepage concept for free. I'll design it around exactly this problem, send it over, and you decide. There's no obligation and nothing to sign to see it — I'd rather show you what we do than tell you.

Say the word and I'll start on it — want it?

[Sender Name]
Bothmade","Subject: the concept, as promised

Here it is. Two minutes and you have seen it.

A portfolio you can filter and an enquiry that asks about the lot, the budget and the timing — so your first call starts where the third one currently does.

It's a design, not a live site — nothing on it actually clicks yet. I'd rather be straight about that than fake a working demo.

Two questions I'd genuinely like your view on, whether or not this goes anywhere: is budget band something you'd ever show publicly? And what's the one question you wish every enquiry answered before you called them?

[Sender Name]","the portfolio is the entire product and there is no way to sort it by budget, style or scope","No website found in research. Look up the site and address, or call.",field-run-003;custom-home-building;TX,75,22000,"$12,000","$35,000",06082026
Kaye Lifestyle Homes,,Custom home building,Naples,FL,USA,,cold-outreach,researched,"Subject: what your enquiry form doesn't ask

Hi [First Name],

I spent a while in your portfolio the way a homeowner does: hunting for the project that matches their lot, their budget and their taste, in that order.

Nobody builds at this level by accident — the craft comes across.

But there's a structural problem underneath it that isn't anyone's fault. Your portfolio is the entire product and it's shown as a grid of thumbnails with no way to sort by budget, style or scope. The buyer with a specific project cannot find the one job that looks like theirs, and that project is the only thing that would have convinced them. That's a real project deciding, quietly, that you're not the one — on no evidence either way.

Here's my offer, and it's a simple one. Let me build Kaye Lifestyle Homes a homepage concept for free. I'll design it around exactly this problem, send it over, and you decide. There's no obligation and nothing to sign to see it — I'd rather show you what we do than tell you.

Want me to build you one?

[Sender Name]
Bothmade","Subject: here it is

Here it is.

The portfolio filterable by budget band, style and scope, so the couple with a specific project finds their project in about nine seconds.

It's a design, not a live site — nothing on it actually clicks yet. I'd rather be straight about that than fake a working demo.

Two questions I'd genuinely like your view on, whether or not this goes anywhere: is budget band something you'd ever show publicly? And what's the one question you wish every enquiry answered before you called them?

[Sender Name]","the portfolio is the entire product and there is no way to sort it by budget, style or scope","No website found in research. Look up the site and address, or call.",field-run-003;custom-home-building;FL,75,22000,"$12,000","$35,000",06082026
Kelly Law Team,,Personal injury law,Phoenix,AZ,USA,,cold-outreach,researched,"Subject: Phoenix · what an injured caller needs first

Hi [First Name],

I went through your site in Phoenix the way an injured person does — on a phone, in pain, two days after a crash, with an adjuster already calling them.

The results speak for themselves, and the trial experience is obvious.

But something structural is working against you, and it isn't anybody's fault. Every firm in town says the same four things on the same dark blue homepage, so a frightened person has no way to tell you apart, and defaults to whoever's billboard they remember. That's a real case walking, on nothing but a website's tone.

I'd like to build you one. A homepage concept for Kelly Law Team, designed properly, at my expense — not a proposal, not a deck, the actual thing. Yours to keep whether we ever work together or not. Most people who see theirs want to talk. Some don't, and that's genuinely fine.

Say the word and I'll start on it — want it?

[Sender Name]
Bothmade","Subject: the concept, as promised

Here it is — Kelly Law Team, as promised.

Case types up front in plain words, the results next to them, and an intake that works at 2am without a human on the line.

It's a static design rather than a working build, so nothing clicks. I'd rather show you the idea honestly than fake a demo.

Two things I'd like your answer to: which case type is worth the most to you? And would you let a form triage before a human speaks to them?

[Sender Name]",intake is the whole business and it runs through a form that asks for a name and a message,"No website found in research. Look up the site and address, or call.",field-run-003;personal-injury-law;AZ,75,20000,"$10,000","$35,000",06082026
LFM Construction & Remodeling,,Kitchen and bath remodeling,Austin,TX,USA,,cold-outreach,researched,"Subject: what your form doesn't ask

Hi [First Name],

I looked at LFM Construction & Remodeling as somebody about to spend sixty thousand dollars on a kitchen would. Photos, price, and whether you'll turn up when you say.

The craftsmanship comes across, and that is not true of most sites in this category.

But something structural is working against you, and it isn't anybody's fault. Your enquiry form asks for a name and a message, so every lead arrives unqualified and your first call is an interview instead of a conversation. So you spend your evenings quoting jobs that were never real, and the real ones went to whoever answered faster.

So rather than describe what I'd change, I'd rather just build it. I'll put together a homepage concept for LFM Construction & Remodeling, free, and send it to you. No meeting required to get it, no invoice at the end, no catch. Look at it for two minutes and tell me I'm wrong if I am.

Worth two minutes of your time? Just reply yes.

[Sender Name]
Bothmade","Subject: the concept, as promised

Here it is. Two minutes and you have seen it.

Before-and-afters filterable by room, style and budget band, and an enquiry that asks about the room, the scope and the timing.

It's a design, not a live site — nothing on it actually clicks yet. I'd rather be straight about that than fake a working demo.

Two questions I'd like your answer to either way: would you show budget bands? And what do you wish every enquiry told you before you rang them back?

[Sender Name]",before-and-afters are what sell this and they are shown as a small unfilterable gallery,"No website found in research. Look up the site and address, or call.",field-run-003;kitchen-and-bath-remodeling;TX,75,8500,"$4,000","$15,000",06082026
Lake Highlands Dental,,Cosmetic dentistry,Dallas,TX,USA,,cold-outreach,researched,"Subject: your veneer cases, and your website

Hi [First Name],

I went looking for a cosmetic dentist in Dallas the way a veneer patient does — evening, on a phone, wanting to see cases and find out roughly what it costs before speaking to anybody.

The case work speaks for itself, and the reviews back it up.

But there's a structural problem underneath it that isn't anyone's fault. A veneer case is a fifteen-thousand-dollar decision made from before-and-after photos and a price range — and on most practice sites the photos are buried in a subpage and the price is nowhere at all, which reads as expensive rather than as discreet. That's the biggest case of the month deciding not to ring.

So rather than describe what I'd change, I'd rather just build it. I'll put together a homepage concept for Lake Highlands Dental, free, and send it to you. No meeting required to get it, no invoice at the end, no catch. Look at it for two minutes and tell me I'm wrong if I am.

Want me to send one over?

[Sender Name]
Bothmade","Subject: here it is

Here it is. Two minutes and you have seen it.

Cases first, filterable by treatment, with a price range stated plainly and a booking that works at 9pm.

It's a design, not a live site — nothing on it actually clicks yet. I'd rather be straight about that than fake a working demo.

Two questions I'd like your answer to either way: does putting a price range on the site help you or bring you the wrong calls? And is it veneers or implants that pays best for you?

[Sender Name]","a $15k veneer case is decided from before-and-afters and a price range, and neither is easy to reach","No website found in research. Look up the site and address, or call.",field-run-003;cosmetic-dentistry;TX,75,12000,"$6,000","$22,000",06082026
Landscapes of Naples,info@landscapesofnaples.com,Landscape design build,Naples,FL,USA,https://landscapesofnaples.com,cold-outreach,researched,"Subject: Naples · what a design client can't find

Hi [First Name],

I looked at Landscapes of Naples as somebody planning a serious outdoor project would: design-led, photo-first, and quietly worried about what it will cost.

The work is beautiful and clearly design-led, which is rarer in this trade than it should be.

But there's a structural problem underneath it that isn't anyone's fault. Design-led buyers choose from images, and your images are shown as a scroll rather than something you can narrow by style, scale or budget. That's a design fee lost to the studio with a better-sorted website.

I'd like to build you one. A homepage concept for Landscapes of Naples, designed properly, at my expense — not a proposal, not a deck, the actual thing. Yours to keep whether we ever work together or not. Most people who see theirs want to talk. Some don't, and that's genuinely fine.

Should I put one together for you?

[Sender Name]
Bothmade","Subject: here it is

Here it is. Two minutes and you have seen it.

The portfolio narrowed the way designers choose, and a brief form that captures the lot, the ambition and the timing.

It's a static design rather than a working build, so nothing clicks. I'd rather show you the idea honestly than fake a demo.

Two questions either way: do clients come to you for design or for build first? And would publishing a design fee range help or hurt?

[Sender Name]","design-led buyers choose from images, and the images cannot be narrowed by style, scale or budget","Confirm the inbox before sending — info@ is the convention, not a verified address.",field-run-003;landscape-design-build;FL,75,9000,"$5,000","$16,000",06082026
Law Offices of Molly B. Kenny,,Family law,Bellevue,WA,USA,,cold-outreach,researched,"Subject: what a frightened client reads first

Hi [First Name],

I went through your site in Bellevue the way somebody deciding to file does — at night, quietly, probably not wanting anyone to know they're looking.

The reputation is evident, and in family law that comes almost entirely from how people were treated.

But something structural is in the way, and it isn't anybody's fault. Nobody wants to ring a law firm to find out what it costs, so the people who most need you quietly close the tab. So the consultation that would have happened never gets booked.

Here's my offer, and it's a simple one. Let me build Law Offices of Molly B. Kenny a homepage concept for free. I'll design it around exactly this problem, send it over, and you decide. There's no obligation and nothing to sign to see it — I'd rather show you what we do than tell you.

Worth two minutes of your time? Just reply yes.

[Sender Name]
Bothmade","Subject: Law Offices of Molly B. Kenny — here it is

Here it is. Two minutes and you have seen it.

Written for the person rather than the firm: what happens first, what a retainer looks like, and a confidential way to start that doesn't involve a phone call.

It's a design, not a live site — nothing on it actually clicks yet. I'd rather be straight about that than fake a working demo.

Two questions either way: would you publish a retainer range? And how many of your consults start as a form rather than a call?

[Sender Name]","nobody wants to ring a firm to ask what it costs, so the people who most need you close the tab","No website found in research. Look up the site and address, or call.",field-run-003;family-law;WA,75,8000,"$4,000","$14,000",06082026
Legend Homes,,Custom home building,Nashville,TN,USA,,cold-outreach,researched,"Subject: one thing about your gallery

Hi [First Name],

I looked at Legend Homes the way people do at the start of this — nervous, doing homework, trying to work out who is going to be easy to work with for eighteen months.

Nobody builds at this level by accident — the craft comes across.

But something structural is working against you, and it isn't anybody's fault. What people are actually frightened of is the process — eighteen months, their money, decisions they've never made before — and almost no builder's site addresses that anywhere, so the fear does its work in silence. And half the calls you do take were never going to be anything.

Here's what I'd like to do about it. I'll build Legend Homes a homepage concept — a real one, designed for your business, not a template with your logo dropped in — and send it over. It costs you nothing and there's no obligation attached to it. If you like it we can talk. If you don't, you keep the ideas and I go away.

Should I put one together for you?

[Sender Name]
Bothmade","Subject: here it is

Here it is. Two minutes and you have seen it.

The portfolio filterable by budget band, style and scope, so the couple with a specific project finds their project in about nine seconds.

It's a static design rather than a working build, so nothing clicks. I'd rather show you the idea honestly than fake a demo.

Two things I'd like your answer to: do people arrive with a lot already, or before? And would showing the process month by month help you or scare people?

[Sender Name]","the enquiry form asks for a name and a message, so every lead arrives unqualified","No website found in research. Look up the site and address, or call.",field-run-003;custom-home-building;TN,75,22000,"$12,000","$35,000",06082026
Lombardo Landscaping,info@lombardolandscaping.com,Landscape design build,Naples,FL,USA,https://lombardolandscaping.com,cold-outreach,researched,"Subject: one thing about your portfolio

Hi [First Name],

I looked at Lombardo Landscaping as somebody planning a serious outdoor project would: design-led, photo-first, and quietly worried about what it will cost.

The work is beautiful and clearly design-led, which is rarer in this trade than it should be.

But there's a structural problem underneath it that isn't anyone's fault. Design-led buyers choose from images, and your images are shown as a scroll rather than something you can narrow by style, scale or budget. That's a design fee lost to the studio with a better-sorted website.

Here's what I'd like to do about it. I'll build Lombardo Landscaping a homepage concept — a real one, designed for your business, not a template with your logo dropped in — and send it over. It costs you nothing and there's no obligation attached to it. If you like it we can talk. If you don't, you keep the ideas and I go away.

Should I put one together for you?

[Sender Name]
Bothmade","Subject: here it is

Here it is. Two minutes and you have seen it.

The portfolio narrowed the way designers choose, and a brief form that captures the lot, the ambition and the timing.

It's a static design rather than a working build, so nothing clicks. I'd rather show you the idea honestly than fake a demo.

Two questions either way: do clients come to you for design or for build first? And would publishing a design fee range help or hurt?

[Sender Name]","design-led buyers choose from images, and the images cannot be narrowed by style, scale or budget","Confirm the inbox before sending — info@ is the convention, not a verified address.",field-run-003;landscape-design-build;FL,75,9000,"$5,000","$16,000",06082026
Louis Pools,,Pool building,Austin,TX,USA,,cold-outreach,researched,"Subject: Austin · the backyard problem

Hi [First Name],

I spent a while in your gallery the way a couple does after they've decided to do it and are just picking who.

The builds are genuinely impressive, and this is a business that lives or dies on photography.

But there's a structural problem underneath it that isn't anyone's fault. The gallery is the product, and it's shown as one long scroll with no way to sort by size, style, budget or lot shape — so nobody finds the build that resembles their own yard. That's a $90k build going to the company that answered the money question first.

Here's what I'd like to do about it. I'll build Louis Pools a homepage concept — a real one, designed for your business, not a template with your logo dropped in — and send it over. It costs you nothing and there's no obligation attached to it. If you like it we can talk. If you don't, you keep the ideas and I go away.

Say the word and I'll start on it — want it?

[Sender Name]
Bothmade","Subject: the concept, as promised

Here it is.

The gallery sorted the way buyers actually choose, plus a timeline that says what happens between signing and swimming.

It's a static design rather than a working build, so nothing clicks. I'd rather show you the idea honestly than fake a demo.

Two questions either way: would you ever publish a starting price? And do people come to you with a design in mind, or a budget?

[Sender Name]","the gallery cannot be sorted by size or budget, so nobody finds a build that looks like their own yard","No website found in research. Look up the site and address, or call.",field-run-003;pool-building;TX,75,10000,"$5,000","$18,000",06082026
Luxury on Lovers,,Med spa,Dallas,TX,USA,,cold-outreach,researched,"Subject: booking you at 9pm

Hi [First Name],

I went looking for a med spa in Dallas the way a new client does — on a phone, in the evening, three tabs open, wanting to book Botox for Thursday.

Your reputation locally is obvious, and that is the hardest part of this business to build.

There's a problem underneath it that isn't anybody's fault. Your reviews are your best salesperson and they live on Google, not on your homepage, where the person deciding between you and the spa down the road never sees them. That's a booking a night that goes somewhere else, and nobody ever knows it happened.

Here's my offer, and it's a simple one. Let me build Luxury on Lovers a homepage concept for free. I'll design it around exactly this problem, send it over, and you decide. There's no obligation and nothing to sign to see it — I'd rather show you what we do than tell you.

Want me to send one over?

[Sender Name]
Bothmade","Subject: the concept, as promised

Here it is.

Booking is the homepage — pick the treatment, pick a time, done — with the reviews sitting right beside it where they close the sale.

It's a design, not a live site — nothing on it actually clicks yet. I'd rather be straight about that than fake a working demo.

Two questions I'd genuinely like your answer to either way: would you let clients book without a consult call first? And is membership the thing you'd want pushed hardest here?

[Sender Name]","everyone arriving is already sold and wants a time, and the site is built to describe treatments instead","No website found in research. Look up the site and address, or call.",field-run-003;med-spa;TX,75,10000,"$5,000","$18,000",06082026
MDSkin Lounge,,Med spa,Scottsdale,AZ,USA,,cold-outreach,researched,"Subject: the gap between your reviews and your site

Hi [First Name],

I spent twenty minutes on your site the way a first-time client would: scrolling on a phone, comparing you against two other Scottsdale spas, ready to book if someone made it easy.

The client loyalty in this category is everything and yours reads real.

But there's a structural problem underneath it that isn't anyone's fault. A website can list treatments; it can't take a booking at nine at night, and nine at night is when the decision gets made. Most spa sites hand that moment to a phone number and office hours. Every one of those is revenue that left without leaving a trace.

Here's my offer, and it's a simple one. Let me build MDSkin Lounge a homepage concept for free. I'll design it around exactly this problem, send it over, and you decide. There's no obligation and nothing to sign to see it — I'd rather show you what we do than tell you.

Should I put one together for you?

[Sender Name]
Bothmade","Subject: the concept, as promised

Here it is — MDSkin Lounge, as promised.

Everything a phone-first client needs in one screen: what it costs, what it looks like, and a slot on Thursday, without a phone call.

It's a design, not a live site — nothing on it actually clicks yet. I'd rather be straight about that than fake a working demo.

Two questions I'd genuinely like your answer to either way: would you let clients book without a consult call first? And is membership the thing you'd want pushed hardest here?

[Sender Name]","everyone arriving is already sold and wants a time, and the site is built to describe treatments instead","No website found in research. Look up the site and address, or call.",field-run-003;med-spa;AZ,75,10000,"$5,000","$18,000",06082026
Maia Wealth,,Wealth management,Denver,CO,USA,,cold-outreach,researched,"Subject: your site vs your minimum

Hi [First Name],

I looked at Maia Wealth the way a business owner who just sold would: checking whether you handle people like them before they'd ever make contact.

Fee-only and independent is a genuinely strong position, and the credentials are clear.

But there's a structural problem underneath it that isn't anyone's fault. Everybody in this category says the same things — independent, fiduciary, personalised — on the same navy blue site, so a prospect with real money has no way to tell you from the firm across the street. That's the introduction that would have paid for a decade of website, not happening.

Here's what I'd like to do about it. I'll build Maia Wealth a homepage concept — a real one, designed for your business, not a template with your logo dropped in — and send it over. It costs you nothing and there's no obligation attached to it. If you like it we can talk. If you don't, you keep the ideas and I go away.

Want me to build you one?

[Sender Name]
Bothmade","Subject: Maia Wealth — here it is

Here it is.

A homepage that names the client you want, the problem you solve for them, and what working together actually costs.

It's a static design rather than a working build, so nothing clicks. I'd rather show you the idea honestly than fake a demo.

Two questions either way: how much of your fee model would compliance let you state publicly? And what's the client profile you'd most like more of?

[Sender Name]","every firm in the category says the same three things, so a real prospect has no way to tell you apart","No website found in research. Look up the site and address, or call.",field-run-003;wealth-management;CO,75,15000,"$8,000","$25,000",06082026
Mara's Med Spa Uptown,,Med spa,Dallas,TX,USA,,cold-outreach,researched,"Subject: one thing about your booking

Hi [First Name],

I looked at Mara's Med Spa Uptown the way a client who follows you on Instagram does — arriving from a phone, already sold on the treatment, just needing a time.

Your reputation locally is obvious, and that is the hardest part of this business to build.

But there's a structural problem underneath it that isn't anyone's fault. A website can list treatments; it can't take a booking at nine at night, and nine at night is when the decision gets made. Most spa sites hand that moment to a phone number and office hours. That's a booking a night that goes somewhere else, and nobody ever knows it happened.

Here's what I'd like to do about it. I'll build Mara's Med Spa Uptown a homepage concept — a real one, designed for your business, not a template with your logo dropped in — and send it over. It costs you nothing and there's no obligation attached to it. If you like it we can talk. If you don't, you keep the ideas and I go away.

Want me to send one over?

[Sender Name]
Bothmade","Subject: here it is

Here it is.

Everything a phone-first client needs in one screen: what it costs, what it looks like, and a slot on Thursday, without a phone call.

It's a static design rather than a working build, so nothing clicks. I'd rather show you the idea honestly than fake a demo.

Two things I'd like your view on: are prices on the site a help or a headache for you? And which treatment brings you the most new clients?

[Sender Name]",the reviews doing the selling live on Google rather than on the homepage where the decision is made,"No website found in research. Look up the site and address, or call.",field-run-003;med-spa;TX,75,10000,"$5,000","$18,000",06082026
MasterAZscapes,info@landscaper-phoenix.com,Pool building,Scottsdale,AZ,USA,https://landscaper-phoenix.com,cold-outreach,researched,"Subject: what a pool buyer can't find

Hi [First Name],

I spent a while in your gallery the way a couple does after they've decided to do it and are just picking who.

The work looks excellent, and the reviews in this category are hard-won.

But something structural is working against you here, and it isn't anybody's fault. Everyone arrives with the same two questions — what does something like mine cost, and how long does it take — and almost no pool site answers either, so both become a phone call, and most people don't make it. So they keep scrolling, and eventually ring whoever showed them a pool like theirs.

Here's my offer, and it's a simple one. Let me build MasterAZscapes a homepage concept for free. I'll design it around exactly this problem, send it over, and you decide. There's no obligation and nothing to sign to see it — I'd rather show you what we do than tell you.

Should I put one together for you?

[Sender Name]
Bothmade","Subject: here it is

Here it is. Two minutes and you have seen it.

Builds filterable by size, style and budget band, with a rough range said out loud and a proper enquiry rather than a contact box.

It's a design, not a live site — nothing on it actually clicks yet. I'd rather be straight about that than fake a working demo.

Two questions either way: would you ever publish a starting price? And do people come to you with a design in mind, or a budget?

[Sender Name]","the gallery cannot be sorted by size or budget, so nobody finds a build that looks like their own yard","Confirm the inbox before sending — info@ is the convention, not a verified address.",field-run-003;pool-building;AZ,75,10000,"$5,000","$18,000",06082026
Med Boutique,,Med spa,Charlotte,NC,USA,,cold-outreach,researched,"Subject: booking you at 9pm

Hi [First Name],

I went looking for a med spa in Charlotte the way a new client does — on a phone, in the evening, three tabs open, wanting to book Botox for Thursday.

The reviews are doing a lot of work for you, and the treatment menu is clearly built by people who know the category.

There's a problem underneath it that isn't anybody's fault. Your reviews are your best salesperson and they live on Google, not on your homepage, where the person deciding between you and the spa down the road never sees them. The client doesn't wait until morning to call. She books wherever the button was.

Here's my offer, and it's a simple one. Let me build Med Boutique a homepage concept for free. I'll design it around exactly this problem, send it over, and you decide. There's no obligation and nothing to sign to see it — I'd rather show you what we do than tell you.

Say the word and I'll start on it — want it?

[Sender Name]
Bothmade","Subject: the concept, as promised

Here it is. Two minutes and you have seen it.

Everything a phone-first client needs in one screen: what it costs, what it looks like, and a slot on Thursday, without a phone call.

It's a design, not a live site — nothing on it actually clicks yet. I'd rather be straight about that than fake a working demo.

Two questions I'd genuinely like your answer to either way: would you let clients book without a consult call first? And is membership the thing you'd want pushed hardest here?

[Sender Name]","everyone arriving is already sold and wants a time, and the site is built to describe treatments instead","No website found in research. Look up the site and address, or call.",field-run-003;med-spa;NC,75,10000,"$5,000","$18,000",06082026
Miami Designer Smiles,info@miamidesignersmiles.com,Cosmetic dentistry,Miami,FL,USA,https://miamidesignersmiles.com,cold-outreach,researched,"Subject: what a smile-makeover patient sees

Hi [First Name],

I spent a while on your site as a patient with a $15k case in mind. They research for months and they research on a phone, at night, alone.

You are obviously good at the dentistry. That is not the problem here.

But there's a structural problem underneath it that isn't anyone's fault. A veneer case is a fifteen-thousand-dollar decision made from before-and-after photos and a price range — and on most practice sites the photos are buried in a subpage and the price is nowhere at all, which reads as expensive rather than as discreet. One case a month lost that way is more than a website costs, several times over.

So rather than describe what I'd change, I'd rather just build it. I'll put together a homepage concept for Miami Designer Smiles, free, and send it to you. No meeting required to get it, no invoice at the end, no catch. Look at it for two minutes and tell me I'm wrong if I am.

Say the word and I'll start on it — want it?

[Sender Name]
Bothmade","Subject: here it is

Here it is. Two minutes and you have seen it.

A homepage built for the cosmetic patient: before-and-afters at the top, the range in plain numbers, and a request form that takes fifteen seconds.

It's a design, not a live site — nothing on it actually clicks yet. I'd rather be straight about that than fake a working demo.

Two questions I'd like your answer to either way: does putting a price range on the site help you or bring you the wrong calls? And is it veneers or implants that pays best for you?

[Sender Name]","a $15k veneer case is decided from before-and-afters and a price range, and neither is easy to reach","Confirm the inbox before sending — info@ is the convention, not a verified address.",field-run-003;cosmetic-dentistry;FL,75,12000,"$6,000","$22,000",06082026
Midtown Family Dentistry of Dallas,,Cosmetic dentistry,Dallas,TX,USA,,cold-outreach,researched,"Subject: one thing worth flagging

Hi [First Name],

I looked at Midtown Family Dentistry of Dallas the way a patient who has been putting this off for three years looks at it — half-decided, on a phone, easily scared off.

The case work speaks for itself, and the reviews back it up.

There's a problem underneath it that isn't anybody's fault. The decision happens at night on a phone, and booking usually means ringing a front desk between nine and five, so the moment somebody finally feels ready has nowhere to go. That's the biggest case of the month deciding not to ring.

Here's what I'd like to do about it. I'll build Midtown Family Dentistry of Dallas a homepage concept — a real one, designed for your business, not a template with your logo dropped in — and send it over. It costs you nothing and there's no obligation attached to it. If you like it we can talk. If you don't, you keep the ideas and I go away.

Want me to build you one?

[Sender Name]
Bothmade","Subject: Midtown Family Dentistry of Dallas — here it is

Here it is — Midtown Family Dentistry of Dallas, as promised.

Cases first, filterable by treatment, with a price range stated plainly and a booking that works at 9pm.

It's a static design rather than a working build, so nothing clicks. I'd rather show you the idea honestly than fake a demo.

Two things I'd genuinely like your view on: would you separate the cosmetic patient from the general one like this? And how many cases a month start as a form rather than a call?

[Sender Name]",the cosmetic patient and the check-up patient want opposite things from one homepage,"No website found in research. Look up the site and address, or call.",field-run-003;cosmetic-dentistry;TX,75,12000,"$6,000","$22,000",06082026
Midtown Smiles,info@midtownsmilestn.com,Cosmetic dentistry,Nashville,TN,USA,https://midtownsmilestn.com,cold-outreach,researched,"Subject: Nashville · the 9pm booking problem

Hi [First Name],

I looked at Midtown Smiles as somebody quietly researching a smile makeover would. On a phone, at night, not ready to ring a front desk yet.

You are obviously good at the dentistry. That is not the problem here.

But there's something structural working against you, and it isn't anyone's fault. Cosmetic patients and check-up patients want completely different things, and one homepage is nearly always built for the check-up patient — so the $15k case has to hunt for what it came for. They don't call in the morning. They keep scrolling, and someone else gets the case.

I'd like to build you one. A homepage concept for Midtown Smiles, designed properly, at my expense — not a proposal, not a deck, the actual thing. Yours to keep whether we ever work together or not. Most people who see theirs want to talk. Some don't, and that's genuinely fine.

Worth two minutes of your time? Just reply yes.

[Sender Name]
Bothmade","Subject: here it is

Here it is — Midtown Smiles, as promised.

Cases first, filterable by treatment, with a price range stated plainly and a booking that works at 9pm.

It's a static design rather than a working build, so nothing clicks. I'd rather show you the idea honestly than fake a demo.

Two things I'd genuinely like your view on: would you separate the cosmetic patient from the general one like this? And how many cases a month start as a form rather than a call?

[Sender Name]",the cosmetic patient and the check-up patient want opposite things from one homepage,"Confirm the inbox before sending — info@ is the convention, not a verified address.",field-run-003;cosmetic-dentistry;TN,75,12000,"$6,000","$22,000",06082026
Moderne Medical,info@modernemedical.com,Med spa,Scottsdale,AZ,USA,https://modernemedical.com,cold-outreach,researched,"Subject: one thing about your booking

Hi [First Name],

I looked at Moderne Medical the way a client who follows you on Instagram does — arriving from a phone, already sold on the treatment, just needing a time.

The client loyalty in this category is everything and yours reads real.

But there's a structural problem underneath it that isn't anyone's fault. A website can list treatments; it can't take a booking at nine at night, and nine at night is when the decision gets made. Most spa sites hand that moment to a phone number and office hours. Every one of those is revenue that left without leaving a trace.

Here's what I'd like to do about it. I'll build Moderne Medical a homepage concept — a real one, designed for your business, not a template with your logo dropped in — and send it over. It costs you nothing and there's no obligation attached to it. If you like it we can talk. If you don't, you keep the ideas and I go away.

Say the word and I'll start on it — want it?

[Sender Name]
Bothmade","Subject: Moderne Medical — here it is

Here it is. Two minutes and you have seen it.

Booking is the homepage — pick the treatment, pick a time, done — with the reviews sitting right beside it where they close the sale.

It's a static design rather than a working build, so nothing clicks. I'd rather show you the idea honestly than fake a demo.

Two things I'd like your view on: are prices on the site a help or a headache for you? And which treatment brings you the most new clients?

[Sender Name]",the reviews doing the selling live on Google rather than on the homepage where the decision is made,"Confirm the inbox before sending — info@ is the convention, not a verified address.",field-run-003;med-spa;AZ,75,10000,"$5,000","$18,000",06082026
Moore Injury Law,,Personal injury law,Phoenix,AZ,USA,,cold-outreach,researched,"Subject: your intake, on a phone

Hi [First Name],

I spent a while on your site as the person on the other end of your intake line would: rear-ended on Tuesday, off work, and being pressured to accept four thousand dollars.

You've clearly won the cases that matter. That is not the problem.

But something structural is working against you, and it isn't anybody's fault. Every firm in town says the same four things on the same dark blue homepage, so a frightened person has no way to tell you apart, and defaults to whoever's billboard they remember. And your intake team spends its day sorting cases a form could have sorted.

So rather than describe what I'd change, I'd rather just build it. I'll put together a homepage concept for Moore Injury Law, free, and send it to you. No meeting required to get it, no invoice at the end, no catch. Look at it for two minutes and tell me I'm wrong if I am.

Worth two minutes of your time? Just reply yes.

[Sender Name]
Bothmade","Subject: the concept, as promised

Here it is — Moore Injury Law, as promised.

A homepage that answers the three questions every caller has in the first screen, and an intake form that arrives already sorted by case type and severity.

It's a design, not a live site — nothing on it actually clicks yet. I'd rather be straight about that than fake a working demo.

Two questions I'd genuinely like your view on either way: what's the one fact your intake team needs that a form never captures? And do most of your cases start as calls or as forms now?

[Sender Name]","the site is about the firm, and the visitor arrived with a situation and three questions it never answers","No website found in research. Look up the site and address, or call.",field-run-003;personal-injury-law;AZ,75,20000,"$10,000","$35,000",06082026
Moore Landscaping,info@naplesluxurylandscaper.com,Landscape design build,Naples,FL,USA,https://naplesluxurylandscaper.com,cold-outreach,researched,"Subject: one thing about your portfolio

Hi [First Name],

I looked at Moore Landscaping as somebody planning a serious outdoor project would: design-led, photo-first, and quietly worried about what it will cost.

The work is beautiful and clearly design-led, which is rarer in this trade than it should be.

But there's a structural problem underneath it that isn't anyone's fault. Design-led buyers choose from images, and your images are shown as a scroll rather than something you can narrow by style, scale or budget. That's a design fee lost to the studio with a better-sorted website.

I'd like to build you one. A homepage concept for Moore Landscaping, designed properly, at my expense — not a proposal, not a deck, the actual thing. Yours to keep whether we ever work together or not. Most people who see theirs want to talk. Some don't, and that's genuinely fine.

Want me to build you one?

[Sender Name]
Bothmade","Subject: the concept, as promised

Here it is — Moore Landscaping, as promised.

The portfolio narrowed the way designers choose, and a brief form that captures the lot, the ambition and the timing.

It's a static design rather than a working build, so nothing clicks. I'd rather show you the idea honestly than fake a demo.

Two questions either way: do clients come to you for design or for build first? And would publishing a design fee range help or hurt?

[Sender Name]","design-led buyers choose from images, and the images cannot be narrowed by style, scale or budget","Confirm the inbox before sending — info@ is the convention, not a verified address.",field-run-003;landscape-design-build;FL,75,9000,"$5,000","$16,000",06082026
Morrison & Hughes Law,,Personal injury law,Atlanta,GA,USA,,cold-outreach,researched,"Subject: your intake, on a phone

Hi [First Name],

I went through your site in Atlanta the way an injured person does — on a phone, in pain, two days after a crash, with an adjuster already calling them.

The results speak for themselves, and the trial experience is obvious.

But something structural is working against you, and it isn't anybody's fault. Every firm in town says the same four things on the same dark blue homepage, so a frightened person has no way to tell you apart, and defaults to whoever's billboard they remember. That's a real case walking, on nothing but a website's tone.

So rather than describe what I'd change, I'd rather just build it. I'll put together a homepage concept for Morrison & Hughes Law, free, and send it to you. No meeting required to get it, no invoice at the end, no catch. Look at it for two minutes and tell me I'm wrong if I am.

Worth two minutes of your time? Just reply yes.

[Sender Name]
Bothmade","Subject: the concept, as promised

Here it is.

Case types up front in plain words, the results next to them, and an intake that works at 2am without a human on the line.

It's a design, not a live site — nothing on it actually clicks yet. I'd rather be straight about that than fake a working demo.

Two questions I'd genuinely like your view on either way: what's the one fact your intake team needs that a form never captures? And do most of your cases start as calls or as forms now?

[Sender Name]","the site is about the firm, and the visitor arrived with a situation and three questions it never answers","No website found in research. Look up the site and address, or call.",field-run-003;personal-injury-law;GA,75,20000,"$10,000","$35,000",06082026
Mullen & Mullen Law Firm,info@mullenandmullen.com,Personal injury law,Dallas,TX,USA,https://mullenandmullen.com,cold-outreach,researched,"Subject: one thing about your case pages

Hi [First Name],

I went through your site in Dallas the way an injured person does — on a phone, in pain, two days after a crash, with an adjuster already calling them.

The results speak for themselves, and the trial experience is obvious.

But something structural is working against you, and it isn't anybody's fault. Every firm in town says the same four things on the same dark blue homepage, so a frightened person has no way to tell you apart, and defaults to whoever's billboard they remember. So the case that was worth a quarter of a million rings the firm whose site felt like it was written for them.

Here's what I'd like to do about it. I'll build Mullen & Mullen Law Firm a homepage concept — a real one, designed for your business, not a template with your logo dropped in — and send it over. It costs you nothing and there's no obligation attached to it. If you like it we can talk. If you don't, you keep the ideas and I go away.

Should I put one together for you?

[Sender Name]
Bothmade","Subject: here it is

Here it is. Two minutes and you have seen it.

A homepage that answers the three questions every caller has in the first screen, and an intake form that arrives already sorted by case type and severity.

It's a static design rather than a working build, so nothing clicks. I'd rather show you the idea honestly than fake a demo.

Two things I'd like your answer to: which case type is worth the most to you? And would you let a form triage before a human speaks to them?

[Sender Name]",intake is the whole business and it runs through a form that asks for a name and a message,"Confirm the inbox before sending — info@ is the convention, not a verified address.",field-run-003;personal-injury-law;TX,75,20000,"$10,000","$35,000",06082026
MyBath Colorado,info@mybathcolorado.com,Kitchen and bath remodeling,Denver,CO,USA,https://mybathcolorado.com,cold-outreach,researched,"Subject: Denver · the unqualified enquiry problem

Hi [First Name],

I looked at MyBath Colorado as somebody about to spend sixty thousand dollars on a kitchen would. Photos, price, and whether you'll turn up when you say.

The craftsmanship comes across, and that is not true of most sites in this category.

But something structural is working against you, and it isn't anybody's fault. Your enquiry form asks for a name and a message, so every lead arrives unqualified and your first call is an interview instead of a conversation. So you spend your evenings quoting jobs that were never real, and the real ones went to whoever answered faster.

Here's my offer, and it's a simple one. Let me build MyBath Colorado a homepage concept for free. I'll design it around exactly this problem, send it over, and you decide. There's no obligation and nothing to sign to see it — I'd rather show you what we do than tell you.

Should I put one together for you?

[Sender Name]
Bothmade","Subject: the concept, as promised

Here it is — MyBath Colorado, as promised.

Before-and-afters filterable by room, style and budget band, and an enquiry that asks about the room, the scope and the timing.

It's a design, not a live site — nothing on it actually clicks yet. I'd rather be straight about that than fake a working demo.

Two questions I'd like your answer to either way: would you show budget bands? And what do you wish every enquiry told you before you rang them back?

[Sender Name]",before-and-afters are what sell this and they are shown as a small unfilterable gallery,"Confirm the inbox before sending — info@ is the convention, not a verified address.",field-run-003;kitchen-and-bath-remodeling;CO,75,8500,"$4,000","$15,000",06082026
Nashville Aesthetic Dentistry,,Cosmetic dentistry,Nashville,TN,USA,,cold-outreach,researched,"Subject: what a smile-makeover patient sees

Hi [First Name],

I spent a while on your site as a patient with a $15k case in mind. They research for months and they research on a phone, at night, alone.

The clinical side is clearly strong, and this is a category where patients can tell.

But there's something structural working against you, and it isn't anyone's fault. Cosmetic patients and check-up patients want completely different things, and one homepage is nearly always built for the check-up patient — so the $15k case has to hunt for what it came for. One case a month lost that way is more than a website costs, several times over.

Here's my offer, and it's a simple one. Let me build Nashville Aesthetic Dentistry a homepage concept for free. I'll design it around exactly this problem, send it over, and you decide. There's no obligation and nothing to sign to see it — I'd rather show you what we do than tell you.

Should I put one together for you?

[Sender Name]
Bothmade","Subject: Nashville Aesthetic Dentistry — here it is

Here it is — Nashville Aesthetic Dentistry, as promised.

Cases first, filterable by treatment, with a price range stated plainly and a booking that works at 9pm.

It's a design, not a live site — nothing on it actually clicks yet. I'd rather be straight about that than fake a working demo.

Two questions I'd like your answer to either way: does putting a price range on the site help you or bring you the wrong calls? And is it veneers or implants that pays best for you?

[Sender Name]","a $15k veneer case is decided from before-and-afters and a price range, and neither is easy to reach","No website found in research. Look up the site and address, or call.",field-run-003;cosmetic-dentistry;TN,75,12000,"$6,000","$22,000",06082026
Nashville Med Spa NSI,,Med spa,Nashville,TN,USA,,cold-outreach,researched,"Subject: booking you at 9pm

Hi [First Name],

I went looking for a med spa in Nashville the way a new client does — on a phone, in the evening, three tabs open, wanting to book Botox for Thursday.

Your reputation locally is obvious, and that is the hardest part of this business to build.

But there's a structural problem underneath it that isn't anyone's fault. A website can list treatments; it can't take a booking at nine at night, and nine at night is when the decision gets made. Most spa sites hand that moment to a phone number and office hours. Every one of those is revenue that left without leaving a trace.

So rather than describe what I'd change, I'd rather just build it. I'll put together a homepage concept for Nashville Med Spa NSI, free, and send it to you. No meeting required to get it, no invoice at the end, no catch. Look at it for two minutes and tell me I'm wrong if I am.

Say the word and I'll start on it — want it?

[Sender Name]
Bothmade","Subject: Nashville Med Spa NSI — here it is

Here it is. Two minutes and you have seen it.

Treatments priced and bookable in two taps, reviews on the same screen, and the memberships made obvious rather than hidden three pages in.

It's a design, not a live site — nothing on it actually clicks yet. I'd rather be straight about that than fake a working demo.

Two questions I'd genuinely like your answer to either way: would you let clients book without a consult call first? And is membership the thing you'd want pushed hardest here?

[Sender Name]","everyone arriving is already sold and wants a time, and the site is built to describe treatments instead","No website found in research. Look up the site and address, or call.",field-run-003;med-spa;TN,75,10000,"$5,000","$18,000",06082026
Nashville Restorative Dentistry,info@nashvillerestorativedentistry.com,Cosmetic dentistry,Nashville,TN,USA,https://nashvillerestorativedentistry.com,cold-outreach,researched,"Subject: your veneer cases, and your website

Hi [First Name],

I went looking for a cosmetic dentist in Nashville the way a veneer patient does — evening, on a phone, wanting to see cases and find out roughly what it costs before speaking to anybody.

The case work speaks for itself, and the reviews back it up.

But there's a structural problem underneath it that isn't anyone's fault. A veneer case is a fifteen-thousand-dollar decision made from before-and-after photos and a price range — and on most practice sites the photos are buried in a subpage and the price is nowhere at all, which reads as expensive rather than as discreet. They don't call in the morning. They keep scrolling, and someone else gets the case.

So rather than describe what I'd change, I'd rather just build it. I'll put together a homepage concept for Nashville Restorative Dentistry, free, and send it to you. No meeting required to get it, no invoice at the end, no catch. Look at it for two minutes and tell me I'm wrong if I am.

Should I put one together for you?

[Sender Name]
Bothmade","Subject: the concept, as promised

Here it is. Two minutes and you have seen it.

Cases first, filterable by treatment, with a price range stated plainly and a booking that works at 9pm.

It's a design, not a live site — nothing on it actually clicks yet. I'd rather be straight about that than fake a working demo.

Two questions I'd like your answer to either way: does putting a price range on the site help you or bring you the wrong calls? And is it veneers or implants that pays best for you?

[Sender Name]","a $15k veneer case is decided from before-and-afters and a price range, and neither is easy to reach","Confirm the inbox before sending — info@ is the convention, not a verified address.",field-run-003;cosmetic-dentistry;TN,75,12000,"$6,000","$22,000",06082026
Nashville Skin Society,,Med spa,Nashville,TN,USA,,cold-outreach,researched,"Subject: Nashville · your regulars vs your website

Hi [First Name],

I looked at Nashville Skin Society as somebody who has decided they want tox and just needs to pick where. Phone, evening, ten minutes of attention, maximum.

Your reputation locally is obvious, and that is the hardest part of this business to build.

There's a problem underneath it that isn't anybody's fault. Your reviews are your best salesperson and they live on Google, not on your homepage, where the person deciding between you and the spa down the road never sees them. The client doesn't wait until morning to call. She books wherever the button was.

Here's what I'd like to do about it. I'll build Nashville Skin Society a homepage concept — a real one, designed for your business, not a template with your logo dropped in — and send it over. It costs you nothing and there's no obligation attached to it. If you like it we can talk. If you don't, you keep the ideas and I go away.

Want me to send one over?

[Sender Name]
Bothmade","Subject: the concept, as promised

Here it is — Nashville Skin Society, as promised.

Everything a phone-first client needs in one screen: what it costs, what it looks like, and a slot on Thursday, without a phone call.

It's a static design rather than a working build, so nothing clicks. I'd rather show you the idea honestly than fake a demo.

Two things I'd like your view on: are prices on the site a help or a headache for you? And which treatment brings you the most new clients?

[Sender Name]",the reviews doing the selling live on Google rather than on the homepage where the decision is made,"No website found in research. Look up the site and address, or call.",field-run-003;med-spa;TN,75,10000,"$5,000","$18,000",06082026
Nassau Pools,info@nassaupools.com,Pool building,Naples,FL,USA,https://nassaupools.com,cold-outreach,researched,"Subject: your build photos, sorted

Hi [First Name],

I went through your site in Naples the way a homeowner planning a pool does — trying to find a build that looks like their backyard, at roughly their number.

The builds are genuinely impressive, and this is a business that lives or dies on photography.

But there's a structural problem underneath it that isn't anyone's fault. The gallery is the product, and it's shown as one long scroll with no way to sort by size, style, budget or lot shape — so nobody finds the build that resembles their own yard. That's a $90k build going to the company that answered the money question first.

Here's what I'd like to do about it. I'll build Nassau Pools a homepage concept — a real one, designed for your business, not a template with your logo dropped in — and send it over. It costs you nothing and there's no obligation attached to it. If you like it we can talk. If you don't, you keep the ideas and I go away.

Want me to build you one?

[Sender Name]
Bothmade","Subject: the concept, as promised

Here it is.

The gallery sorted the way buyers actually choose, plus a timeline that says what happens between signing and swimming.

It's a static design rather than a working build, so nothing clicks. I'd rather show you the idea honestly than fake a demo.

Two questions either way: would you ever publish a starting price? And do people come to you with a design in mind, or a budget?

[Sender Name]","the gallery cannot be sorted by size or budget, so nobody finds a build that looks like their own yard","Confirm the inbox before sending — info@ is the convention, not a verified address.",field-run-003;pool-building;FL,75,10000,"$5,000","$18,000",06082026
New Life Plastic Surgery,,Plastic surgery,Miami,FL,USA,,cold-outreach,researched,"Subject: Miami · one thing about your consults

Hi [First Name],

I spent a while on your site as a patient would. Not at a desk — on a phone, at night, comparing you against two other Miami practices with fourteen tabs open.

The results speak for themselves — that part isn't in question, and neither is the credentialing.

But there's a problem underneath it that isn't anyone's fault. Nobody chooses a surgeon from a paragraph. They choose from the gallery, and the gallery is nearly always buried behind a menu, unfilterable, and painful to swipe through on the device it's being viewed on. The patient who was ready doesn't come back tomorrow. She books with the practice whose site answered her at midnight.

Here's my offer, and it's a simple one. Let me build New Life Plastic Surgery a homepage concept for free. I'll design it around exactly this problem, send it over, and you decide. There's no obligation and nothing to sign to see it — I'd rather show you what we do than tell you.

Want me to send one over?

[Sender Name]
Bothmade","Subject: here it is

Here it is. Two minutes and you have seen it.

A phone-first layout: results at the top filterable by procedure, the reviews next to them where they do the most work, and a consult request that takes fifteen seconds at midnight.

It's a design, not a live site — nothing on it actually clicks yet. I'd rather be straight about that than fake a working demo.

Two questions I'd genuinely like your view on either way: which procedure do most of your consult requests come in for? And would you ever let someone book a consult without speaking to your coordinator first?

[Sender Name]",the gallery is what converts a consult and on a phone it is three taps deep and unfilterable,"No website found in research. Look up the site and address, or call.",field-run-003;plastic-surgery;FL,75,16000,"$8,000","$28,000",06082026
Nicholas Custom Homes,,Custom home building,Denver,CO,USA,,cold-outreach,researched,"Subject: your portfolio, sorted

Hi [First Name],

I went through your site in Denver the way a couple with a lot to spend and a specific idea does — looking for the one project that looks like the house in their head.

The work itself is the strongest thing you have, and the photography does show it.

There's a problem underneath it that isn't anyone's fault. Your enquiry form asks for a name and a message. So every lead arrives unqualified, and your first call is spent finding out whether the project was ever real instead of talking about the house. That's a real project deciding, quietly, that you're not the one — on no evidence either way.

So rather than describe what I'd change, I'd rather just build it. I'll put together a homepage concept for Nicholas Custom Homes, free, and send it to you. No meeting required to get it, no invoice at the end, no catch. Look at it for two minutes and tell me I'm wrong if I am.

Worth two minutes of your time? Just reply yes.

[Sender Name]
Bothmade","Subject: here it is

Here it is.

The portfolio filterable by budget band, style and scope, so the couple with a specific project finds their project in about nine seconds.

It's a design, not a live site — nothing on it actually clicks yet. I'd rather be straight about that than fake a working demo.

Two questions I'd genuinely like your view on, whether or not this goes anywhere: is budget band something you'd ever show publicly? And what's the one question you wish every enquiry answered before you called them?

[Sender Name]","the portfolio is the entire product and there is no way to sort it by budget, style or scope","No website found in research. Look up the site and address, or call.",field-run-003;custom-home-building;CO,75,22000,"$12,000","$35,000",06082026
North Dallas Family Dental,,Cosmetic dentistry,Dallas,TX,USA,,cold-outreach,researched,"Subject: one thing worth flagging

Hi [First Name],

I looked at North Dallas Family Dental the way a patient who has been putting this off for three years looks at it — half-decided, on a phone, easily scared off.

The case work speaks for itself, and the reviews back it up.

There's a problem underneath it that isn't anybody's fault. The decision happens at night on a phone, and booking usually means ringing a front desk between nine and five, so the moment somebody finally feels ready has nowhere to go. One case a month lost that way is more than a website costs, several times over.

I'd like to build you one. A homepage concept for North Dallas Family Dental, designed properly, at my expense — not a proposal, not a deck, the actual thing. Yours to keep whether we ever work together or not. Most people who see theirs want to talk. Some don't, and that's genuinely fine.

Want me to build you one?

[Sender Name]
Bothmade","Subject: the concept, as promised

Here it is.

Smile-makeover cases up front, the reviews next to them, financing said out loud, and booking that doesn't need your front desk to be awake.

It's a static design rather than a working build, so nothing clicks. I'd rather show you the idea honestly than fake a demo.

Two things I'd genuinely like your view on: would you separate the cosmetic patient from the general one like this? And how many cases a month start as a form rather than a call?

[Sender Name]",the cosmetic patient and the check-up patient want opposite things from one homepage,"No website found in research. Look up the site and address, or call.",field-run-003;cosmetic-dentistry;TX,75,12000,"$6,000","$22,000",06082026
North Texas Plastic Surgery,info@northtexasplasticsurgery.com,Plastic surgery,Dallas,TX,USA,https://northtexasplasticsurgery.com,cold-outreach,researched,"Subject: Dallas · one thing about your consults

Hi [First Name],

I spent a while on your site as a patient would. Not at a desk — on a phone, at night, comparing you against two other Dallas practices with fourteen tabs open.

The surgical reputation is clearly there, and the reviews say what reviews for a good practice say.

But something structural is working against you, and it isn't anyone's fault. The decision gets made at night, on a phone, and the two things that make it — the results and the price bracket — are the two hardest things to reach on most practice sites. So the request that would have come in at 11pm doesn't, and by morning she's booked a consult with whoever made it easy.

So rather than describe what I'd change, I'd rather just build it. I'll put together a homepage concept for North Texas Plastic Surgery, free, and send it to you. No meeting required to get it, no invoice at the end, no catch. Look at it for two minutes and tell me I'm wrong if I am.

Want me to build you one?

[Sender Name]
Bothmade","Subject: the concept, as promised

Here it is — North Texas Plastic Surgery, as promised.

Results first, filterable by procedure, sized for a phone — because that's the device and that's the decision. Consult booking sits on the same screen rather than behind a phone number.

It's a design, not a live site — nothing on it actually clicks yet. I'd rather be straight about that than fake a working demo.

Two questions I'd genuinely like your view on either way: which procedure do most of your consult requests come in for? And would you ever let someone book a consult without speaking to your coordinator first?

[Sender Name]",the gallery is what converts a consult and on a phone it is three taps deep and unfilterable,"Confirm the inbox before sending — info@ is the convention, not a verified address.",field-run-003;plastic-surgery;TX,75,16000,"$8,000","$28,000",06082026
Nova Homes of South Florida,,Custom home building,Naples,FL,USA,,cold-outreach,researched,"Subject: what your enquiry form doesn't ask

Hi [First Name],

I spent a while in your portfolio the way a homeowner does: hunting for the project that matches their lot, their budget and their taste, in that order.

The work itself is the strongest thing you have, and the photography does show it.

There's a problem underneath it that isn't anyone's fault. Your enquiry form asks for a name and a message. So every lead arrives unqualified, and your first call is spent finding out whether the project was ever real instead of talking about the house. So they leave without finding it, and go and look at the builder whose site let them filter.

Here's my offer, and it's a simple one. Let me build Nova Homes of South Florida a homepage concept for free. I'll design it around exactly this problem, send it over, and you decide. There's no obligation and nothing to sign to see it — I'd rather show you what we do than tell you.

Say the word and I'll start on it — want it?

[Sender Name]
Bothmade","Subject: Nova Homes of South Florida — here it is

Here it is. Two minutes and you have seen it.

The portfolio filterable by budget band, style and scope, so the couple with a specific project finds their project in about nine seconds.

It's a design, not a live site — nothing on it actually clicks yet. I'd rather be straight about that than fake a working demo.

Two questions I'd genuinely like your view on, whether or not this goes anywhere: is budget band something you'd ever show publicly? And what's the one question you wish every enquiry answered before you called them?

[Sender Name]","the portfolio is the entire product and there is no way to sort it by budget, style or scope","No website found in research. Look up the site and address, or call.",field-run-003;custom-home-building;FL,75,22000,"$12,000","$35,000",06082026
Novare Capital Management,,Wealth management,Charlotte,NC,USA,,cold-outreach,researched,"Subject: Charlotte · what a $5M prospect sees

Hi [First Name],

I went through your site in Charlotte the way somebody with a liquidity event does — quietly, on a phone, comparing three firms, telling nobody.

The fiduciary argument is a real one and you're on the right side of it.

But something structural is working against you, and it isn't anybody's fault. The prospect wants to know who you actually serve and what you actually charge, and compliance nerves mean neither is usually on the page, so they self-select out. So the eight-figure household never makes contact, and you never learn they were looking.

So rather than describe what I'd change, I'd rather just build it. I'll put together a homepage concept for Novare Capital Management, free, and send it to you. No meeting required to get it, no invoice at the end, no catch. Look at it for two minutes and tell me I'm wrong if I am.

Should I put one together for you?

[Sender Name]
Bothmade","Subject: Novare Capital Management — here it is

Here it is — Novare Capital Management, as promised.

Who you serve, said plainly, with the fee model stated in a way compliance can live with — and a first step that isn't ""schedule a call"".

It's a design, not a live site — nothing on it actually clicks yet. I'd rather be straight about that than fake a working demo.

Two questions either way: how much of your fee model would compliance let you state publicly? And what's the client profile you'd most like more of?

[Sender Name]","every firm in the category says the same three things, so a real prospect has no way to tell you apart","No website found in research. Look up the site and address, or call.",field-run-003;wealth-management;NC,75,15000,"$8,000","$25,000",06082026
Nuli Studios,,Med spa,Dallas,TX,USA,,cold-outreach,researched,"Subject: booking you at 9pm

Hi [First Name],

I went looking for a med spa in Dallas the way a new client does — on a phone, in the evening, three tabs open, wanting to book Botox for Thursday.

Your reputation locally is obvious, and that is the hardest part of this business to build.

But there's a structural problem underneath it that isn't anyone's fault. A website can list treatments; it can't take a booking at nine at night, and nine at night is when the decision gets made. Most spa sites hand that moment to a phone number and office hours. That's a booking a night that goes somewhere else, and nobody ever knows it happened.

Here's my offer, and it's a simple one. Let me build Nuli Studios a homepage concept for free. I'll design it around exactly this problem, send it over, and you decide. There's no obligation and nothing to sign to see it — I'd rather show you what we do than tell you.

Say the word and I'll start on it — want it?

[Sender Name]
Bothmade","Subject: the concept, as promised

Here it is — Nuli Studios, as promised.

Treatments priced and bookable in two taps, reviews on the same screen, and the memberships made obvious rather than hidden three pages in.

It's a design, not a live site — nothing on it actually clicks yet. I'd rather be straight about that than fake a working demo.

Two questions I'd genuinely like your answer to either way: would you let clients book without a consult call first? And is membership the thing you'd want pushed hardest here?

[Sender Name]","everyone arriving is already sold and wants a time, and the site is built to describe treatments instead","No website found in research. Look up the site and address, or call.",field-run-003;med-spa;TX,75,10000,"$5,000","$18,000",06082026
OC Skin Care Center,,Med spa,Newport Beach,CA,USA,,cold-outreach,researched,"Subject: one thing about your booking

Hi [First Name],

I looked at OC Skin Care Center the way a client who follows you on Instagram does — arriving from a phone, already sold on the treatment, just needing a time.

The client loyalty in this category is everything and yours reads real.

But there's a structural problem underneath it that isn't anyone's fault. A website can list treatments; it can't take a booking at nine at night, and nine at night is when the decision gets made. Most spa sites hand that moment to a phone number and office hours. That's a booking a night that goes somewhere else, and nobody ever knows it happened.

I'd like to build you one. A homepage concept for OC Skin Care Center, designed properly, at my expense — not a proposal, not a deck, the actual thing. Yours to keep whether we ever work together or not. Most people who see theirs want to talk. Some don't, and that's genuinely fine.

Want me to send one over?

[Sender Name]
Bothmade","Subject: OC Skin Care Center — here it is

Here it is.

Treatments priced and bookable in two taps, reviews on the same screen, and the memberships made obvious rather than hidden three pages in.

It's a static design rather than a working build, so nothing clicks. I'd rather show you the idea honestly than fake a demo.

Two things I'd like your view on: are prices on the site a help or a headache for you? And which treatment brings you the most new clients?

[Sender Name]",the reviews doing the selling live on Google rather than on the homepage where the decision is made,"No website found in research. Look up the site and address, or call.",field-run-003;med-spa;CA,75,10000,"$5,000","$18,000",06082026
Okland Facial Plastic Surgery,,Plastic surgery,Denver,CO,USA,,cold-outreach,researched,"Subject: Denver · one thing about your consults

Hi [First Name],

I spent a while on your site as a patient would. Not at a desk — on a phone, at night, comparing you against two other Denver practices with fourteen tabs open.

The results speak for themselves — that part isn't in question, and neither is the credentialing.

But something structural is working against you, and it isn't anyone's fault. The decision gets made at night, on a phone, and the two things that make it — the results and the price bracket — are the two hardest things to reach on most practice sites. That decision is live for about four minutes. If booking means a phone number and office hours, it's gone.

So rather than describe what I'd change, I'd rather just build it. I'll put together a homepage concept for Okland Facial Plastic Surgery, free, and send it to you. No meeting required to get it, no invoice at the end, no catch. Look at it for two minutes and tell me I'm wrong if I am.

Should I put one together for you?

[Sender Name]
Bothmade","Subject: the concept, as promised

Here it is — Okland Facial Plastic Surgery, as promised.

Results first, filterable by procedure, sized for a phone — because that's the device and that's the decision. Consult booking sits on the same screen rather than behind a phone number.

It's a design, not a live site — nothing on it actually clicks yet. I'd rather be straight about that than fake a working demo.

Two questions I'd genuinely like your view on either way: which procedure do most of your consult requests come in for? And would you ever let someone book a consult without speaking to your coordinator first?

[Sender Name]",the gallery is what converts a consult and on a phone it is three taps deep and unfilterable,"No website found in research. Look up the site and address, or call.",field-run-003;plastic-surgery;CO,75,16000,"$8,000","$28,000",06082026
Original Landscape Concepts,info@originallandscapeconcepts.com,Landscape design build,Dallas,TX,USA,https://originallandscapeconcepts.com,cold-outreach,researched,"Subject: your gardens, sorted

Hi [First Name],

I went through your site in Dallas the way a homeowner commissioning a garden does — hunting for a project that looks like their lot and their taste.

The gardens photograph well and the craft is obvious.

But something structural is in the way, and it isn't anybody's fault. Nobody explains where design ends and build begins, or what either costs, so the enquiry arrives vague and the first call is spent on scope instead of the garden. So the client who wanted exactly what you do never realises you do it.

Here's my offer, and it's a simple one. Let me build Original Landscape Concepts a homepage concept for free. I'll design it around exactly this problem, send it over, and you decide. There's no obligation and nothing to sign to see it — I'd rather show you what we do than tell you.

Worth two minutes of your time? Just reply yes.

[Sender Name]
Bothmade","Subject: here it is

Here it is. Two minutes and you have seen it.

Projects filterable by style, scale and budget band, with the design process laid out so the enquiry arrives knowing what it's asking for.

It's a design, not a live site — nothing on it actually clicks yet. I'd rather be straight about that than fake a working demo.

Two questions either way: do clients come to you for design or for build first? And would publishing a design fee range help or hurt?

[Sender Name]","design-led buyers choose from images, and the images cannot be narrowed by style, scale or budget","Confirm the inbox before sending — info@ is the convention, not a verified address.",field-run-003;landscape-design-build;TX,75,9000,"$5,000","$16,000",06082026
Outside Productions,info@opidesign.net,Landscape design build,Naples,FL,USA,https://opidesign.net,cold-outreach,researched,"Subject: Naples · what a design client can't find

Hi [First Name],

I went through your site in Naples the way a homeowner commissioning a garden does — hunting for a project that looks like their lot and their taste.

The gardens photograph well and the craft is obvious.

But something structural is in the way, and it isn't anybody's fault. Nobody explains where design ends and build begins, or what either costs, so the enquiry arrives vague and the first call is spent on scope instead of the garden. So the client who wanted exactly what you do never realises you do it.

So rather than describe what I'd change, I'd rather just build it. I'll put together a homepage concept for Outside Productions, free, and send it to you. No meeting required to get it, no invoice at the end, no catch. Look at it for two minutes and tell me I'm wrong if I am.

Say the word and I'll start on it — want it?

[Sender Name]
Bothmade","Subject: the concept, as promised

Here it is. Two minutes and you have seen it.

Projects filterable by style, scale and budget band, with the design process laid out so the enquiry arrives knowing what it's asking for.

It's a design, not a live site — nothing on it actually clicks yet. I'd rather be straight about that than fake a working demo.

Two questions either way: do clients come to you for design or for build first? And would publishing a design fee range help or hurt?

[Sender Name]","design-led buyers choose from images, and the images cannot be narrowed by style, scale or budget","Confirm the inbox before sending — info@ is the convention, not a verified address.",field-run-003;landscape-design-build;FL,75,9000,"$5,000","$16,000",06082026
PR Builders,info@pr.builders,Custom home building,Boulder,CO,USA,https://pr.builders,cold-outreach,researched,"Subject: Boulder · the $3M enquiry problem

Hi [First Name],

I looked at PR Builders as somebody about to hand a builder several million dollars would. They look at photos, they look for a long time, and they are trying to find themselves in your work.

Nobody builds at this level by accident — the craft comes across.

But something structural is working against you, and it isn't anybody's fault. What people are actually frightened of is the process — eighteen months, their money, decisions they've never made before — and almost no builder's site addresses that anywhere, so the fear does its work in silence. And half the calls you do take were never going to be anything.

Here's what I'd like to do about it. I'll build PR Builders a homepage concept — a real one, designed for your business, not a template with your logo dropped in — and send it over. It costs you nothing and there's no obligation attached to it. If you like it we can talk. If you don't, you keep the ideas and I go away.

Say the word and I'll start on it — want it?

[Sender Name]
Bothmade","Subject: the concept, as promised

Here it is.

A portfolio you can filter and an enquiry that asks about the lot, the budget and the timing — so your first call starts where the third one currently does.

It's a static design rather than a working build, so nothing clicks. I'd rather show you the idea honestly than fake a demo.

Two things I'd like your answer to: do people arrive with a lot already, or before? And would showing the process month by month help you or scare people?

[Sender Name]","the enquiry form asks for a name and a message, so every lead arrives unqualified","Confirm the inbox before sending — info@ is the convention, not a verified address.",field-run-003;custom-home-building;CO,75,22000,"$12,000","$35,000",06082026
PURE Medical Spa,,Med spa,Chicago,IL,USA,,cold-outreach,researched,"Subject: one thing about your booking

Hi [First Name],

I looked at PURE Medical Spa the way a client who follows you on Instagram does — arriving from a phone, already sold on the treatment, just needing a time.

The reviews are doing a lot of work for you, and the treatment menu is clearly built by people who know the category.

But something structural is working against you here, and it isn't anyone's fault. Everyone arriving is already sold — they want a time, not a description — and most spa sites are built to describe treatments rather than to sell a slot on Thursday. That's a booking a night that goes somewhere else, and nobody ever knows it happened.

Here's what I'd like to do about it. I'll build PURE Medical Spa a homepage concept — a real one, designed for your business, not a template with your logo dropped in — and send it over. It costs you nothing and there's no obligation attached to it. If you like it we can talk. If you don't, you keep the ideas and I go away.

Want me to send one over?

[Sender Name]
Bothmade","Subject: PURE Medical Spa — here it is

Here it is.

Everything a phone-first client needs in one screen: what it costs, what it looks like, and a slot on Thursday, without a phone call.

It's a static design rather than a working build, so nothing clicks. I'd rather show you the idea honestly than fake a demo.

Two things I'd like your view on: are prices on the site a help or a headache for you? And which treatment brings you the most new clients?

[Sender Name]",the reviews doing the selling live on Google rather than on the homepage where the decision is made,"No website found in research. Look up the site and address, or call.",field-run-003;med-spa;IL,75,10000,"$5,000","$18,000",06082026
Parsec Financial Management,,Wealth management,Charlotte,NC,USA,,cold-outreach,researched,"Subject: your site vs your minimum

Hi [First Name],

I went through your site in Charlotte the way somebody with a liquidity event does — quietly, on a phone, comparing three firms, telling nobody.

The fiduciary argument is a real one and you're on the right side of it.

But something structural is working against you, and it isn't anybody's fault. The prospect wants to know who you actually serve and what you actually charge, and compliance nerves mean neither is usually on the page, so they self-select out. So the eight-figure household never makes contact, and you never learn they were looking.

So rather than describe what I'd change, I'd rather just build it. I'll put together a homepage concept for Parsec Financial Management, free, and send it to you. No meeting required to get it, no invoice at the end, no catch. Look at it for two minutes and tell me I'm wrong if I am.

Should I put one together for you?

[Sender Name]
Bothmade","Subject: the concept, as promised

Here it is — Parsec Financial Management, as promised.

Who you serve, said plainly, with the fee model stated in a way compliance can live with — and a first step that isn't ""schedule a call"".

It's a design, not a live site — nothing on it actually clicks yet. I'd rather be straight about that than fake a working demo.

Two questions either way: how much of your fee model would compliance let you state publicly? And what's the client profile you'd most like more of?

[Sender Name]","every firm in the category says the same three things, so a real prospect has no way to tell you apart","No website found in research. Look up the site and address, or call.",field-run-003;wealth-management;NC,75,15000,"$8,000","$25,000",06082026
Peace Love Med Aesthetic Rejuvenation,,Med spa,Boca Raton,FL,USA,,cold-outreach,researched,"Subject: Boca Raton · your regulars vs your website

Hi [First Name],

I looked at Peace Love Med Aesthetic Rejuvenation as somebody who has decided they want tox and just needs to pick where. Phone, evening, ten minutes of attention, maximum.

Your reputation locally is obvious, and that is the hardest part of this business to build.

There's a problem underneath it that isn't anybody's fault. Your reviews are your best salesperson and they live on Google, not on your homepage, where the person deciding between you and the spa down the road never sees them. The client doesn't wait until morning to call. She books wherever the button was.

Here's what I'd like to do about it. I'll build Peace Love Med Aesthetic Rejuvenation a homepage concept — a real one, designed for your business, not a template with your logo dropped in — and send it over. It costs you nothing and there's no obligation attached to it. If you like it we can talk. If you don't, you keep the ideas and I go away.

Want me to build you one?

[Sender Name]
Bothmade","Subject: here it is

Here it is — Peace Love Med Aesthetic Rejuvenation, as promised.

Booking is the homepage — pick the treatment, pick a time, done — with the reviews sitting right beside it where they close the sale.

It's a static design rather than a working build, so nothing clicks. I'd rather show you the idea honestly than fake a demo.

Two things I'd like your view on: are prices on the site a help or a headache for you? And which treatment brings you the most new clients?

[Sender Name]",the reviews doing the selling live on Google rather than on the homepage where the decision is made,"No website found in research. Look up the site and address, or call.",field-run-003;med-spa;FL,75,10000,"$5,000","$18,000",06082026
Pendergrass Law,,Personal injury law,Atlanta,GA,USA,,cold-outreach,researched,"Subject: Atlanta · what an injured caller needs first

Hi [First Name],

I looked at Pendergrass Law the way somebody who has never hired a lawyer before does. Frightened, on a phone, at 2am, not sure they even have a case.

You've clearly won the cases that matter. That is not the problem.

But something structural is working against you, and it isn't anybody's fault. Every firm in town says the same four things on the same dark blue homepage, so a frightened person has no way to tell you apart, and defaults to whoever's billboard they remember. And your intake team spends its day sorting cases a form could have sorted.

Here's what I'd like to do about it. I'll build Pendergrass Law a homepage concept — a real one, designed for your business, not a template with your logo dropped in — and send it over. It costs you nothing and there's no obligation attached to it. If you like it we can talk. If you don't, you keep the ideas and I go away.

Want me to send one over?

[Sender Name]
Bothmade","Subject: here it is

Here it is. Two minutes and you have seen it.

Written for the injured person rather than about the firm: what happens next, what it costs to ask, and an intake that triages the case as it's typed.

It's a static design rather than a working build, so nothing clicks. I'd rather show you the idea honestly than fake a demo.

Two things I'd like your answer to: which case type is worth the most to you? And would you let a form triage before a human speaks to them?

[Sender Name]",intake is the whole business and it runs through a form that asks for a name and a message,"No website found in research. Look up the site and address, or call.",field-run-003;personal-injury-law;GA,75,20000,"$10,000","$35,000",06082026
Penn Carpentry,,Kitchen and bath remodeling,Atlanta,GA,USA,,cold-outreach,researched,"Subject: Atlanta · the unqualified enquiry problem

Hi [First Name],

I went through your site in Atlanta the way a homeowner planning a kitchen does — looking for a job like theirs, at a number they can live with.

The craftsmanship comes across, and that is not true of most sites in this category.

But something structural is working against you, and it isn't anybody's fault. Your enquiry form asks for a name and a message, so every lead arrives unqualified and your first call is an interview instead of a conversation. So you spend your evenings quoting jobs that were never real, and the real ones went to whoever answered faster.

So rather than describe what I'd change, I'd rather just build it. I'll put together a homepage concept for Penn Carpentry, free, and send it to you. No meeting required to get it, no invoice at the end, no catch. Look at it for two minutes and tell me I'm wrong if I am.

Want me to build you one?

[Sender Name]
Bothmade","Subject: the concept, as promised

Here it is — Penn Carpentry, as promised.

Before-and-afters filterable by room, style and budget band, and an enquiry that asks about the room, the scope and the timing.

It's a design, not a live site — nothing on it actually clicks yet. I'd rather be straight about that than fake a working demo.

Two questions I'd like your answer to either way: would you show budget bands? And what do you wish every enquiry told you before you rang them back?

[Sender Name]",before-and-afters are what sell this and they are shown as a small unfilterable gallery,"No website found in research. Look up the site and address, or call.",field-run-003;kitchen-and-bath-remodeling;GA,75,8500,"$4,000","$15,000",06082026
Perimeter Plastic Surgery,info@perimeterplasticsurgery.com,Plastic surgery,Atlanta,GA,USA,https://perimeterplasticsurgery.com,cold-outreach,researched,"Subject: your gallery, on a phone

Hi [First Name],

I looked at Perimeter Plastic Surgery the way someone books a consult does: late, on a phone, after six months of thinking about it and about ninety minutes of reading reviews.

The surgical reputation is clearly there, and the reviews say what reviews for a good practice say.

But something structural is working against you, and it isn't anyone's fault. The decision gets made at night, on a phone, and the two things that make it — the results and the price bracket — are the two hardest things to reach on most practice sites. The patient who was ready doesn't come back tomorrow. She books with the practice whose site answered her at midnight.

Here's what I'd like to do about it. I'll build Perimeter Plastic Surgery a homepage concept — a real one, designed for your business, not a template with your logo dropped in — and send it over. It costs you nothing and there's no obligation attached to it. If you like it we can talk. If you don't, you keep the ideas and I go away.

Want me to build you one?

[Sender Name]
Bothmade","Subject: Perimeter Plastic Surgery — here it is

Here it is.

Results first, filterable by procedure, sized for a phone — because that's the device and that's the decision. Consult booking sits on the same screen rather than behind a phone number.

It's a static design rather than a working build, so nothing clicks. I'd rather show you the idea honestly than fake a demo.

Two things I'd like your answer to: is it the gallery or the reviews that closes a consult for you? And does putting a price bracket on the site help you or waste your time?

[Sender Name]","the consult decision happens at 11pm on a phone, and booking means a phone number and office hours","Confirm the inbox before sending — info@ is the convention, not a verified address.",field-run-003;plastic-surgery;GA,75,16000,"$8,000","$28,000",06082026
Peters Custom Homes,info@peterscustomhomes.com,Custom home building,Charlotte,NC,USA,https://peterscustomhomes.com,cold-outreach,researched,"Subject: your portfolio, sorted

Hi [First Name],

I went through your site in Charlotte the way a couple with a lot to spend and a specific idea does — looking for the one project that looks like the house in their head.

The work itself is the strongest thing you have, and the photography does show it.

But something structural is working against you, and it isn't anybody's fault. What people are actually frightened of is the process — eighteen months, their money, decisions they've never made before — and almost no builder's site addresses that anywhere, so the fear does its work in silence. That's a real project deciding, quietly, that you're not the one — on no evidence either way.

So rather than describe what I'd change, I'd rather just build it. I'll put together a homepage concept for Peters Custom Homes, free, and send it to you. No meeting required to get it, no invoice at the end, no catch. Look at it for two minutes and tell me I'm wrong if I am.

Want me to send one over?

[Sender Name]
Bothmade","Subject: Peters Custom Homes — here it is

Here it is. Two minutes and you have seen it.

The portfolio filterable by budget band, style and scope, so the couple with a specific project finds their project in about nine seconds.

It's a design, not a live site — nothing on it actually clicks yet. I'd rather be straight about that than fake a working demo.

Two questions I'd genuinely like your view on, whether or not this goes anywhere: is budget band something you'd ever show publicly? And what's the one question you wish every enquiry answered before you called them?

[Sender Name]","the portfolio is the entire product and there is no way to sort it by budget, style or scope","Confirm the inbox before sending — info@ is the convention, not a verified address.",field-run-003;custom-home-building;NC,75,22000,"$12,000","$35,000",06082026
Phillips Law Group,info@phillipslaw.com,Personal injury law,Phoenix,AZ,USA,https://phillipslaw.com,cold-outreach,researched,"Subject: one thing about your case pages

Hi [First Name],

I looked at Phillips Law Group the way somebody who has never hired a lawyer before does. Frightened, on a phone, at 2am, not sure they even have a case.

The results speak for themselves, and the trial experience is obvious.

But something structural is working against you, and it isn't anybody's fault. Every firm in town says the same four things on the same dark blue homepage, so a frightened person has no way to tell you apart, and defaults to whoever's billboard they remember. And your intake team spends its day sorting cases a form could have sorted.

I'd like to build you one. A homepage concept for Phillips Law Group, designed properly, at my expense — not a proposal, not a deck, the actual thing. Yours to keep whether we ever work together or not. Most people who see theirs want to talk. Some don't, and that's genuinely fine.

Should I put one together for you?

[Sender Name]
Bothmade","Subject: the concept, as promised

Here it is.

Case types up front in plain words, the results next to them, and an intake that works at 2am without a human on the line.

It's a static design rather than a working build, so nothing clicks. I'd rather show you the idea honestly than fake a demo.

Two things I'd like your answer to: which case type is worth the most to you? And would you let a form triage before a human speaks to them?

[Sender Name]",intake is the whole business and it runs through a form that asks for a name and a message,"Confirm the inbox before sending — info@ is the convention, not a verified address.",field-run-003;personal-injury-law;AZ,75,20000,"$10,000","$35,000",06082026
Phoenix Cosmetic Dental Care,info@phoenixcosmeticdentalcare.com,Cosmetic dentistry,Phoenix,AZ,USA,https://phoenixcosmeticdentalcare.com,cold-outreach,researched,"Subject: what a smile-makeover patient sees

Hi [First Name],

I spent a while on your site as a patient with a $15k case in mind. They research for months and they research on a phone, at night, alone.

The case work speaks for itself, and the reviews back it up.

But there's a structural problem underneath it that isn't anyone's fault. A veneer case is a fifteen-thousand-dollar decision made from before-and-after photos and a price range — and on most practice sites the photos are buried in a subpage and the price is nowhere at all, which reads as expensive rather than as discreet. That's the biggest case of the month deciding not to ring.

Here's my offer, and it's a simple one. Let me build Phoenix Cosmetic Dental Care a homepage concept for free. I'll design it around exactly this problem, send it over, and you decide. There's no obligation and nothing to sign to see it — I'd rather show you what we do than tell you.

Want me to send one over?

[Sender Name]
Bothmade","Subject: the concept, as promised

Here it is — Phoenix Cosmetic Dental Care, as promised.

A homepage built for the cosmetic patient: before-and-afters at the top, the range in plain numbers, and a request form that takes fifteen seconds.

It's a design, not a live site — nothing on it actually clicks yet. I'd rather be straight about that than fake a working demo.

Two questions I'd like your answer to either way: does putting a price range on the site help you or bring you the wrong calls? And is it veneers or implants that pays best for you?

[Sender Name]","a $15k veneer case is decided from before-and-afters and a price range, and neither is easy to reach","Confirm the inbox before sending — info@ is the convention, not a verified address.",field-run-003;cosmetic-dentistry;AZ,75,12000,"$6,000","$22,000",06082026
Pike Properties,,Custom home building,Charlotte,NC,USA,,cold-outreach,researched,"Subject: what your enquiry form doesn't ask

Hi [First Name],

I spent a while in your portfolio the way a homeowner does: hunting for the project that matches their lot, their budget and their taste, in that order.

The work itself is the strongest thing you have, and the photography does show it.

But something structural is working against you, and it isn't anybody's fault. What people are actually frightened of is the process — eighteen months, their money, decisions they've never made before — and almost no builder's site addresses that anywhere, so the fear does its work in silence. That's a real project deciding, quietly, that you're not the one — on no evidence either way.

So rather than describe what I'd change, I'd rather just build it. I'll put together a homepage concept for Pike Properties, free, and send it to you. No meeting required to get it, no invoice at the end, no catch. Look at it for two minutes and tell me I'm wrong if I am.

Want me to send one over?

[Sender Name]
Bothmade","Subject: Pike Properties — here it is

Here it is.

A portfolio you can filter and an enquiry that asks about the lot, the budget and the timing — so your first call starts where the third one currently does.

It's a design, not a live site — nothing on it actually clicks yet. I'd rather be straight about that than fake a working demo.

Two questions I'd genuinely like your view on, whether or not this goes anywhere: is budget band something you'd ever show publicly? And what's the one question you wish every enquiry answered before you called them?

[Sender Name]","the portfolio is the entire product and there is no way to sort it by budget, style or scope","No website found in research. Look up the site and address, or call.",field-run-003;custom-home-building;NC,75,22000,"$12,000","$35,000",06082026
Platinum Series Homes,,Custom home building,Dallas,TX,USA,,cold-outreach,researched,"Subject: what your enquiry form doesn't ask

Hi [First Name],

I spent a while in your portfolio the way a homeowner does: hunting for the project that matches their lot, their budget and their taste, in that order.

The homes are genuinely good and the reputation is clearly earned.

There's a problem underneath it that isn't anyone's fault. Your enquiry form asks for a name and a message. So every lead arrives unqualified, and your first call is spent finding out whether the project was ever real instead of talking about the house. So they leave without finding it, and go and look at the builder whose site let them filter.

Here's my offer, and it's a simple one. Let me build Platinum Series Homes a homepage concept for free. I'll design it around exactly this problem, send it over, and you decide. There's no obligation and nothing to sign to see it — I'd rather show you what we do than tell you.

Should I put one together for you?

[Sender Name]
Bothmade","Subject: the concept, as promised

Here it is.

The portfolio filterable by budget band, style and scope, so the couple with a specific project finds their project in about nine seconds.

It's a design, not a live site — nothing on it actually clicks yet. I'd rather be straight about that than fake a working demo.

Two questions I'd genuinely like your view on, whether or not this goes anywhere: is budget band something you'd ever show publicly? And what's the one question you wish every enquiry answered before you called them?

[Sender Name]","the portfolio is the entire product and there is no way to sort it by budget, style or scope","No website found in research. Look up the site and address, or call.",field-run-003;custom-home-building;TX,75,22000,"$12,000","$35,000",06082026
Prestige Med Spa,,Med spa,Charlotte,NC,USA,,cold-outreach,researched,"Subject: Charlotte · your regulars vs your website

Hi [First Name],

I looked at Prestige Med Spa as somebody who has decided they want tox and just needs to pick where. Phone, evening, ten minutes of attention, maximum.

Your reputation locally is obvious, and that is the hardest part of this business to build.

But there's a structural problem underneath it that isn't anyone's fault. A website can list treatments; it can't take a booking at nine at night, and nine at night is when the decision gets made. Most spa sites hand that moment to a phone number and office hours. Every one of those is revenue that left without leaving a trace.

I'd like to build you one. A homepage concept for Prestige Med Spa, designed properly, at my expense — not a proposal, not a deck, the actual thing. Yours to keep whether we ever work together or not. Most people who see theirs want to talk. Some don't, and that's genuinely fine.

Want me to send one over?

[Sender Name]
Bothmade","Subject: Prestige Med Spa — here it is

Here it is.

Everything a phone-first client needs in one screen: what it costs, what it looks like, and a slot on Thursday, without a phone call.

It's a static design rather than a working build, so nothing clicks. I'd rather show you the idea honestly than fake a demo.

Two things I'd like your view on: are prices on the site a help or a headache for you? And which treatment brings you the most new clients?

[Sender Name]",the reviews doing the selling live on Google rather than on the homepage where the decision is made,"No website found in research. Look up the site and address, or call.",field-run-003;med-spa;NC,75,10000,"$5,000","$18,000",06082026
Providence Dentistry,,Cosmetic dentistry,Charlotte,NC,USA,,cold-outreach,researched,"Subject: Charlotte · the 9pm booking problem

Hi [First Name],

I looked at Providence Dentistry as somebody quietly researching a smile makeover would. On a phone, at night, not ready to ring a front desk yet.

The clinical side is clearly strong, and this is a category where patients can tell.

But there's something structural working against you, and it isn't anyone's fault. Cosmetic patients and check-up patients want completely different things, and one homepage is nearly always built for the check-up patient — so the $15k case has to hunt for what it came for. They don't call in the morning. They keep scrolling, and someone else gets the case.

Here's what I'd like to do about it. I'll build Providence Dentistry a homepage concept — a real one, designed for your business, not a template with your logo dropped in — and send it over. It costs you nothing and there's no obligation attached to it. If you like it we can talk. If you don't, you keep the ideas and I go away.

Want me to build you one?

[Sender Name]
Bothmade","Subject: the concept, as promised

Here it is. Two minutes and you have seen it.

Cases first, filterable by treatment, with a price range stated plainly and a booking that works at 9pm.

It's a static design rather than a working build, so nothing clicks. I'd rather show you the idea honestly than fake a demo.

Two things I'd genuinely like your view on: would you separate the cosmetic patient from the general one like this? And how many cases a month start as a form rather than a call?

[Sender Name]",the cosmetic patient and the check-up patient want opposite things from one homepage,"No website found in research. Look up the site and address, or call.",field-run-003;cosmetic-dentistry;NC,75,12000,"$6,000","$22,000",06082026
Pure Plastic Surgery,,Plastic surgery,Miami,FL,USA,,cold-outreach,researched,"Subject: the 11pm version of your site

Hi [First Name],

I went looking for a plastic surgeon in Miami the way a patient actually does — at eleven at night, on a phone, having already read every review twice.

You are obviously good at this. The work and the reputation both hold up.

But there's a problem underneath it that isn't anyone's fault. Nobody chooses a surgeon from a paragraph. They choose from the gallery, and the gallery is nearly always buried behind a menu, unfilterable, and painful to swipe through on the device it's being viewed on. That decision is live for about four minutes. If booking means a phone number and office hours, it's gone.

So rather than describe what I'd change, I'd rather just build it. I'll put together a homepage concept for Pure Plastic Surgery, free, and send it to you. No meeting required to get it, no invoice at the end, no catch. Look at it for two minutes and tell me I'm wrong if I am.

Should I put one together for you?

[Sender Name]
Bothmade","Subject: here it is

Here it is — Pure Plastic Surgery, as promised.

The gallery is the homepage, filtered by procedure and swipeable properly. Booking a consult takes one tap from any result rather than a phone call in office hours.

It's a design, not a live site — nothing on it actually clicks yet. I'd rather be straight about that than fake a working demo.

Two questions I'd genuinely like your view on either way: which procedure do most of your consult requests come in for? And would you ever let someone book a consult without speaking to your coordinator first?

[Sender Name]",the gallery is what converts a consult and on a phone it is three taps deep and unfilterable,"No website found in research. Look up the site and address, or call.",field-run-003;plastic-surgery;FL,75,16000,"$8,000","$28,000",06082026
R&R Construction And Renovation,,Kitchen and bath remodeling,Atlanta,GA,USA,,cold-outreach,researched,"Subject: what your form doesn't ask

Hi [First Name],

I looked at R&R Construction And Renovation as somebody about to spend sixty thousand dollars on a kitchen would. Photos, price, and whether you'll turn up when you say.

The craftsmanship comes across, and that is not true of most sites in this category.

But something structural is working against you, and it isn't anybody's fault. Your enquiry form asks for a name and a message, so every lead arrives unqualified and your first call is an interview instead of a conversation. So you spend your evenings quoting jobs that were never real, and the real ones went to whoever answered faster.

So rather than describe what I'd change, I'd rather just build it. I'll put together a homepage concept for R&R Construction And Renovation, free, and send it to you. No meeting required to get it, no invoice at the end, no catch. Look at it for two minutes and tell me I'm wrong if I am.

Should I put one together for you?

[Sender Name]
Bothmade","Subject: the concept, as promised

Here it is.

Before-and-afters filterable by room, style and budget band, and an enquiry that asks about the room, the scope and the timing.

It's a design, not a live site — nothing on it actually clicks yet. I'd rather be straight about that than fake a working demo.

Two questions I'd like your answer to either way: would you show budget bands? And what do you wish every enquiry told you before you rang them back?

[Sender Name]",before-and-afters are what sell this and they are shown as a small unfilterable gallery,"No website found in research. Look up the site and address, or call.",field-run-003;kitchen-and-bath-remodeling;GA,75,8500,"$4,000","$15,000",06082026
Rafterhouse,info@rafterhouse.com,Custom home building,Scottsdale,AZ,USA,https://rafterhouse.com,cold-outreach,researched,"Subject: your portfolio, sorted

Hi [First Name],

I went through your site in Scottsdale the way a couple with a lot to spend and a specific idea does — looking for the one project that looks like the house in their head.

The homes are genuinely good and the reputation is clearly earned.

But there's a structural problem underneath it that isn't anyone's fault. Your portfolio is the entire product and it's shown as a grid of thumbnails with no way to sort by budget, style or scope. The buyer with a specific project cannot find the one job that looks like theirs, and that project is the only thing that would have convinced them. And half the calls you do take were never going to be anything.

Here's my offer, and it's a simple one. Let me build Rafterhouse a homepage concept for free. I'll design it around exactly this problem, send it over, and you decide. There's no obligation and nothing to sign to see it — I'd rather show you what we do than tell you.

Should I put one together for you?

[Sender Name]
Bothmade","Subject: the concept, as promised

Here it is.

Projects sortable the way people actually choose, plus the process laid out month by month, because that's the thing they're really nervous about.

It's a design, not a live site — nothing on it actually clicks yet. I'd rather be straight about that than fake a working demo.

Two questions I'd genuinely like your view on, whether or not this goes anywhere: is budget band something you'd ever show publicly? And what's the one question you wish every enquiry answered before you called them?

[Sender Name]","the portfolio is the entire product and there is no way to sort it by budget, style or scope","Confirm the inbox before sending — info@ is the convention, not a verified address.",field-run-003;custom-home-building;AZ,75,22000,"$12,000","$35,000",06082026
Ralph's Remodeling & Painting,,Kitchen and bath remodeling,Austin,TX,USA,,cold-outreach,researched,"Subject: Austin · the unqualified enquiry problem

Hi [First Name],

I went through your site in Austin the way a homeowner planning a kitchen does — looking for a job like theirs, at a number they can live with.

The finished work looks genuinely good, and the reviews say the crews turn up — which in this trade is half the sale.

But there's a structural problem underneath it that isn't anyone's fault. Before-and-afters are what sell this, and they're usually shown as a small unfilterable gallery — so the homeowner with a galley kitchen never finds your galley kitchen. That's a $60k kitchen going to the company whose site made it feel easy.

I'd like to build you one. A homepage concept for Ralph's Remodeling & Painting, designed properly, at my expense — not a proposal, not a deck, the actual thing. Yours to keep whether we ever work together or not. Most people who see theirs want to talk. Some don't, and that's genuinely fine.

Want me to build you one?

[Sender Name]
Bothmade","Subject: here it is

Here it is.

Projects sorted the way homeowners choose, ranges said out loud, and a form that arrives ready to quote.

It's a static design rather than a working build, so nothing clicks. I'd rather show you the idea honestly than fake a demo.

Two questions I'd like your answer to either way: would you show budget bands? And what do you wish every enquiry told you before you rang them back?

[Sender Name]",before-and-afters are what sell this and they are shown as a small unfilterable gallery,"No website found in research. Look up the site and address, or call.",field-run-003;kitchen-and-bath-remodeling;TX,75,8500,"$4,000","$15,000",06082026
Redux Remodeling,info@reduxremodeling.com,Kitchen and bath remodeling,Denver,CO,USA,https://reduxremodeling.com,cold-outreach,researched,"Subject: Denver · the unqualified enquiry problem

Hi [First Name],

I went through your site in Denver the way a homeowner planning a kitchen does — looking for a job like theirs, at a number they can live with.

The craftsmanship comes across, and that is not true of most sites in this category.

But something structural is working against you, and it isn't anybody's fault. Your enquiry form asks for a name and a message, so every lead arrives unqualified and your first call is an interview instead of a conversation. So you spend your evenings quoting jobs that were never real, and the real ones went to whoever answered faster.

Here's my offer, and it's a simple one. Let me build Redux Remodeling a homepage concept for free. I'll design it around exactly this problem, send it over, and you decide. There's no obligation and nothing to sign to see it — I'd rather show you what we do than tell you.

Want me to send one over?

[Sender Name]
Bothmade","Subject: here it is

Here it is — Redux Remodeling, as promised.

Before-and-afters filterable by room, style and budget band, and an enquiry that asks about the room, the scope and the timing.

It's a design, not a live site — nothing on it actually clicks yet. I'd rather be straight about that than fake a working demo.

Two questions I'd like your answer to either way: would you show budget bands? And what do you wish every enquiry told you before you rang them back?

[Sender Name]",before-and-afters are what sell this and they are shown as a small unfilterable gallery,"Confirm the inbox before sending — info@ is the convention, not a verified address.",field-run-003;kitchen-and-bath-remodeling;CO,75,8500,"$4,000","$15,000",06082026
Refine Aesthetics,,Med spa,Austin,TX,USA,,cold-outreach,researched,"Subject: the gap between your reviews and your site

Hi [First Name],

I spent twenty minutes on your site the way a first-time client would: scrolling on a phone, comparing you against two other Austin spas, ready to book if someone made it easy.

Your reputation locally is obvious, and that is the hardest part of this business to build.

There's a problem underneath it that isn't anybody's fault. Your reviews are your best salesperson and they live on Google, not on your homepage, where the person deciding between you and the spa down the road never sees them. Every one of those is revenue that left without leaving a trace.

So rather than describe what I'd change, I'd rather just build it. I'll put together a homepage concept for Refine Aesthetics, free, and send it to you. No meeting required to get it, no invoice at the end, no catch. Look at it for two minutes and tell me I'm wrong if I am.

Want me to send one over?

[Sender Name]
Bothmade","Subject: here it is

Here it is — Refine Aesthetics, as promised.

Treatments priced and bookable in two taps, reviews on the same screen, and the memberships made obvious rather than hidden three pages in.

It's a design, not a live site — nothing on it actually clicks yet. I'd rather be straight about that than fake a working demo.

Two questions I'd genuinely like your answer to either way: would you let clients book without a consult call first? And is membership the thing you'd want pushed hardest here?

[Sender Name]","everyone arriving is already sold and wants a time, and the site is built to describe treatments instead","No website found in research. Look up the site and address, or call.",field-run-003;med-spa;TX,75,10000,"$5,000","$18,000",06082026
Rejuvenate Austin,,Med spa,Austin,TX,USA,,cold-outreach,researched,"Subject: one thing about your booking

Hi [First Name],

I looked at Rejuvenate Austin the way a client who follows you on Instagram does — arriving from a phone, already sold on the treatment, just needing a time.

The client loyalty in this category is everything and yours reads real.

But there's a structural problem underneath it that isn't anyone's fault. A website can list treatments; it can't take a booking at nine at night, and nine at night is when the decision gets made. Most spa sites hand that moment to a phone number and office hours. Every one of those is revenue that left without leaving a trace.

Here's what I'd like to do about it. I'll build Rejuvenate Austin a homepage concept — a real one, designed for your business, not a template with your logo dropped in — and send it over. It costs you nothing and there's no obligation attached to it. If you like it we can talk. If you don't, you keep the ideas and I go away.

Say the word and I'll start on it — want it?

[Sender Name]
Bothmade","Subject: the concept, as promised

Here it is — Rejuvenate Austin, as promised.

Everything a phone-first client needs in one screen: what it costs, what it looks like, and a slot on Thursday, without a phone call.

It's a static design rather than a working build, so nothing clicks. I'd rather show you the idea honestly than fake a demo.

Two things I'd like your view on: are prices on the site a help or a headache for you? And which treatment brings you the most new clients?

[Sender Name]",the reviews doing the selling live on Google rather than on the homepage where the decision is made,"No website found in research. Look up the site and address, or call.",field-run-003;med-spa;TX,75,10000,"$5,000","$18,000",06082026
Renaissance Plastic Surgery,,Plastic surgery,Newport Beach,CA,USA,,cold-outreach,researched,"Subject: your gallery, on a phone

Hi [First Name],

I looked at Renaissance Plastic Surgery the way a woman who has been thinking about this for two years looks at it. Phone, evening, already knows what she wants, wants to know if you're the one to do it.

You are obviously good at this. The work and the reputation both hold up.

But there's a structural problem underneath it that isn't anyone's fault. Your before-and-afters are the product — they are the single thing that converts — and on a phone they're usually three taps deep, in a viewer that fights you, with no way to filter to the one procedure she actually came for. So the request that would have come in at 11pm doesn't, and by morning she's booked a consult with whoever made it easy.

I'd like to build you one. A homepage concept for Renaissance Plastic Surgery, designed properly, at my expense — not a proposal, not a deck, the actual thing. Yours to keep whether we ever work together or not. Most people who see theirs want to talk. Some don't, and that's genuinely fine.

Say the word and I'll start on it — want it?

[Sender Name]
Bothmade","Subject: the concept, as promised

Here it is.

A phone-first layout: results at the top filterable by procedure, the reviews next to them where they do the most work, and a consult request that takes fifteen seconds at midnight.

It's a static design rather than a working build, so nothing clicks. I'd rather show you the idea honestly than fake a demo.

Two things I'd like your answer to: is it the gallery or the reviews that closes a consult for you? And does putting a price bracket on the site help you or waste your time?

[Sender Name]","the consult decision happens at 11pm on a phone, and booking means a phone number and office hours","No website found in research. Look up the site and address, or call.",field-run-003;plastic-surgery;CA,75,16000,"$8,000","$28,000",06082026
Reproductive Medicine Institute,info@reproductivemedicineinstitute.com,Fertility clinic,Chicago,IL,USA,https://reproductivemedicineinstitute.com,cold-outreach,researched,"Subject: success rates, plainly

Hi [First Name],

I looked at Reproductive Medicine Institute as a couple deciding where to spend twenty thousand dollars and a year of their lives would. They read everything. Usually at night.

The clinical work in this field speaks for itself, and patients in this category are unusually good at judging it.

But there's a structural problem underneath it that isn't anyone's fault. The two things that decide it — what it actually costs and what your success rates really say — are the two things most clinic sites make hardest to find, which reads as evasive even when the answer is good. Nobody rings to ask what it costs. They just quietly go elsewhere.

Here's what I'd like to do about it. I'll build Reproductive Medicine Institute a homepage concept — a real one, designed for your business, not a template with your logo dropped in — and send it over. It costs you nothing and there's no obligation attached to it. If you like it we can talk. If you don't, you keep the ideas and I go away.

Want me to send one over?

[Sender Name]
Bothmade","Subject: here it is

Here it is — Reproductive Medicine Institute, as promised.

A homepage written for the patient rather than the referrer: what it costs, what the numbers mean, what happens first, and how to start.

It's a static design rather than a working build, so nothing clicks. I'd rather show you the idea honestly than fake a demo.

Two questions I'd genuinely like your view on: is publishing cost ranges something you'd do? And which of your numbers do patients misread most often?

[Sender Name]",what it costs and what the success rates mean are the two hardest things on the site to find,"Confirm the inbox before sending — info@ is the convention, not a verified address.",field-run-003;fertility-clinic;IL,75,22000,"$12,000","$35,000",06082026
Roach Family Dentistry & Associates,,Cosmetic dentistry,Nashville,TN,USA,,cold-outreach,researched,"Subject: what a smile-makeover patient sees

Hi [First Name],

I spent a while on your site as a patient with a $15k case in mind. They research for months and they research on a phone, at night, alone.

The case work speaks for itself, and the reviews back it up.

But there's a structural problem underneath it that isn't anyone's fault. A veneer case is a fifteen-thousand-dollar decision made from before-and-after photos and a price range — and on most practice sites the photos are buried in a subpage and the price is nowhere at all, which reads as expensive rather than as discreet. They don't call in the morning. They keep scrolling, and someone else gets the case.

So rather than describe what I'd change, I'd rather just build it. I'll put together a homepage concept for Roach Family Dentistry & Associates, free, and send it to you. No meeting required to get it, no invoice at the end, no catch. Look at it for two minutes and tell me I'm wrong if I am.

Should I put one together for you?

[Sender Name]
Bothmade","Subject: Roach Family Dentistry & Associates — here it is

Here it is — Roach Family Dentistry & Associates, as promised.

A homepage built for the cosmetic patient: before-and-afters at the top, the range in plain numbers, and a request form that takes fifteen seconds.

It's a design, not a live site — nothing on it actually clicks yet. I'd rather be straight about that than fake a working demo.

Two questions I'd like your answer to either way: does putting a price range on the site help you or bring you the wrong calls? And is it veneers or implants that pays best for you?

[Sender Name]","a $15k veneer case is decided from before-and-afters and a price range, and neither is easy to reach","No website found in research. Look up the site and address, or call.",field-run-003;cosmetic-dentistry;TN,75,12000,"$6,000","$22,000",06082026
Robbins Plastic Surgery,,Plastic surgery,Nashville,TN,USA,,cold-outreach,researched,"Subject: Nashville · one thing about your consults

Hi [First Name],

I spent a while on your site as a patient would. Not at a desk — on a phone, at night, comparing you against two other Nashville practices with fourteen tabs open.

You are obviously good at this. The work and the reputation both hold up.

But there's a problem underneath it that isn't anyone's fault. Nobody chooses a surgeon from a paragraph. They choose from the gallery, and the gallery is nearly always buried behind a menu, unfilterable, and painful to swipe through on the device it's being viewed on. That decision is live for about four minutes. If booking means a phone number and office hours, it's gone.

Here's my offer, and it's a simple one. Let me build Robbins Plastic Surgery a homepage concept for free. I'll design it around exactly this problem, send it over, and you decide. There's no obligation and nothing to sign to see it — I'd rather show you what we do than tell you.

Worth two minutes of your time? Just reply yes.

[Sender Name]
Bothmade","Subject: the concept, as promised

Here it is.

A phone-first layout: results at the top filterable by procedure, the reviews next to them where they do the most work, and a consult request that takes fifteen seconds at midnight.

It's a design, not a live site — nothing on it actually clicks yet. I'd rather be straight about that than fake a working demo.

Two questions I'd genuinely like your view on either way: which procedure do most of your consult requests come in for? And would you ever let someone book a consult without speaking to your coordinator first?

[Sender Name]",the gallery is what converts a consult and on a phone it is three taps deep and unfilterable,"No website found in research. Look up the site and address, or call.",field-run-003;plastic-surgery;TN,75,16000,"$8,000","$28,000",06082026
Ron Davis Custom Homes,info@rondaviscustomhomes.com,Custom home building,Dallas,TX,USA,https://rondaviscustomhomes.com,cold-outreach,researched,"Subject: what your enquiry form doesn't ask

Hi [First Name],

I spent a while in your portfolio the way a homeowner does: hunting for the project that matches their lot, their budget and their taste, in that order.

The homes are genuinely good and the reputation is clearly earned.

There's a problem underneath it that isn't anyone's fault. Your enquiry form asks for a name and a message. So every lead arrives unqualified, and your first call is spent finding out whether the project was ever real instead of talking about the house. That's a real project deciding, quietly, that you're not the one — on no evidence either way.

So rather than describe what I'd change, I'd rather just build it. I'll put together a homepage concept for Ron Davis Custom Homes, free, and send it to you. No meeting required to get it, no invoice at the end, no catch. Look at it for two minutes and tell me I'm wrong if I am.

Want me to build you one?

[Sender Name]
Bothmade","Subject: Ron Davis Custom Homes — here it is

Here it is — Ron Davis Custom Homes, as promised.

The portfolio filterable by budget band, style and scope, so the couple with a specific project finds their project in about nine seconds.

It's a design, not a live site — nothing on it actually clicks yet. I'd rather be straight about that than fake a working demo.

Two questions I'd genuinely like your view on, whether or not this goes anywhere: is budget band something you'd ever show publicly? And what's the one question you wish every enquiry answered before you called them?

[Sender Name]","the portfolio is the entire product and there is no way to sort it by budget, style or scope","Confirm the inbox before sending — info@ is the convention, not a verified address.",field-run-003;custom-home-building;TX,75,22000,"$12,000","$35,000",06082026
Rubenstein Law,,Personal injury law,Miami,FL,USA,,cold-outreach,researched,"Subject: your intake, on a phone

Hi [First Name],

I looked at Rubenstein Law the way somebody who has never hired a lawyer before does. Frightened, on a phone, at 2am, not sure they even have a case.

The results speak for themselves, and the trial experience is obvious.

There's a problem underneath it that isn't anyone's fault. Intake is the whole business, and most firms send an injured person to a contact form that asks for a name and a message — so nobody can tell a real case from a tyre-kicker until somebody has spent an hour on the phone. That's a real case walking, on nothing but a website's tone.

So rather than describe what I'd change, I'd rather just build it. I'll put together a homepage concept for Rubenstein Law, free, and send it to you. No meeting required to get it, no invoice at the end, no catch. Look at it for two minutes and tell me I'm wrong if I am.

Want me to build you one?

[Sender Name]
Bothmade","Subject: the concept, as promised

Here it is — Rubenstein Law, as promised.

Written for the injured person rather than about the firm: what happens next, what it costs to ask, and an intake that triages the case as it's typed.

It's a design, not a live site — nothing on it actually clicks yet. I'd rather be straight about that than fake a working demo.

Two questions I'd genuinely like your view on either way: what's the one fact your intake team needs that a form never captures? And do most of your cases start as calls or as forms now?

[Sender Name]","the site is about the firm, and the visitor arrived with a situation and three questions it never answers","No website found in research. Look up the site and address, or call.",field-run-003;personal-injury-law;FL,75,20000,"$10,000","$35,000",06082026
SHJ Wealth Advisors,,Wealth management,Denver,CO,USA,,cold-outreach,researched,"Subject: Denver · what a $5M prospect sees

Hi [First Name],

I looked at SHJ Wealth Advisors the way a business owner who just sold would: checking whether you handle people like them before they'd ever make contact.

Fee-only and independent is a genuinely strong position, and the credentials are clear.

But there's a structural problem underneath it that isn't anyone's fault. Everybody in this category says the same things — independent, fiduciary, personalised — on the same navy blue site, so a prospect with real money has no way to tell you from the firm across the street. That's the introduction that would have paid for a decade of website, not happening.

Here's what I'd like to do about it. I'll build SHJ Wealth Advisors a homepage concept — a real one, designed for your business, not a template with your logo dropped in — and send it over. It costs you nothing and there's no obligation attached to it. If you like it we can talk. If you don't, you keep the ideas and I go away.

Say the word and I'll start on it — want it?

[Sender Name]
Bothmade","Subject: here it is

Here it is — SHJ Wealth Advisors, as promised.

A homepage that names the client you want, the problem you solve for them, and what working together actually costs.

It's a static design rather than a working build, so nothing clicks. I'd rather show you the idea honestly than fake a demo.

Two questions either way: how much of your fee model would compliance let you state publicly? And what's the client profile you'd most like more of?

[Sender Name]","every firm in the category says the same three things, so a real prospect has no way to tell you apart","No website found in research. Look up the site and address, or call.",field-run-003;wealth-management;CO,75,15000,"$8,000","$25,000",06082026
Sanjiva Medical Spa,,Med spa,Dallas,TX,USA,,cold-outreach,researched,"Subject: booking you at 9pm

Hi [First Name],

I went looking for a med spa in Dallas the way a new client does — on a phone, in the evening, three tabs open, wanting to book Botox for Thursday.

Your reputation locally is obvious, and that is the hardest part of this business to build.

There's a problem underneath it that isn't anybody's fault. Your reviews are your best salesperson and they live on Google, not on your homepage, where the person deciding between you and the spa down the road never sees them. That's a booking a night that goes somewhere else, and nobody ever knows it happened.

Here's my offer, and it's a simple one. Let me build Sanjiva Medical Spa a homepage concept for free. I'll design it around exactly this problem, send it over, and you decide. There's no obligation and nothing to sign to see it — I'd rather show you what we do than tell you.

Say the word and I'll start on it — want it?

[Sender Name]
Bothmade","Subject: Sanjiva Medical Spa — here it is

Here it is — Sanjiva Medical Spa, as promised.

Treatments priced and bookable in two taps, reviews on the same screen, and the memberships made obvious rather than hidden three pages in.

It's a design, not a live site — nothing on it actually clicks yet. I'd rather be straight about that than fake a working demo.

Two questions I'd genuinely like your answer to either way: would you let clients book without a consult call first? And is membership the thing you'd want pushed hardest here?

[Sender Name]","everyone arriving is already sold and wants a time, and the site is built to describe treatments instead","No website found in research. Look up the site and address, or call.",field-run-003;med-spa;TX,75,10000,"$5,000","$18,000",06082026
Scott Pryor Law Group,info@scottpryorlaw.com,Personal injury law,Atlanta,GA,USA,https://scottpryorlaw.com,cold-outreach,researched,"Subject: one thing about your case pages

Hi [First Name],

I looked at Scott Pryor Law Group the way somebody who has never hired a lawyer before does. Frightened, on a phone, at 2am, not sure they even have a case.

The results speak for themselves, and the trial experience is obvious.

There's a problem underneath it that isn't anyone's fault. Intake is the whole business, and most firms send an injured person to a contact form that asks for a name and a message — so nobody can tell a real case from a tyre-kicker until somebody has spent an hour on the phone. So the case that was worth a quarter of a million rings the firm whose site felt like it was written for them.

Here's what I'd like to do about it. I'll build Scott Pryor Law Group a homepage concept — a real one, designed for your business, not a template with your logo dropped in — and send it over. It costs you nothing and there's no obligation attached to it. If you like it we can talk. If you don't, you keep the ideas and I go away.

Want me to send one over?

[Sender Name]
Bothmade","Subject: the concept, as promised

Here it is.

Case types up front in plain words, the results next to them, and an intake that works at 2am without a human on the line.

It's a static design rather than a working build, so nothing clicks. I'd rather show you the idea honestly than fake a demo.

Two things I'd like your answer to: which case type is worth the most to you? And would you let a form triage before a human speaks to them?

[Sender Name]",intake is the whole business and it runs through a form that asks for a name and a message,"Confirm the inbox before sending — info@ is the convention, not a verified address.",field-run-003;personal-injury-law;GA,75,20000,"$10,000","$35,000",06082026
Scottsdale Center for Plastic Surgery,info@scottsdalecenterforplasticsurgery.com,Plastic surgery,Scottsdale,AZ,USA,https://scottsdalecenterforplasticsurgery.com,cold-outreach,researched,"Subject: where your consult requests go

Hi [First Name],

I looked at Scottsdale Center for Plastic Surgery the way a woman who has been thinking about this for two years looks at it. Phone, evening, already knows what she wants, wants to know if you're the one to do it.

The surgical reputation is clearly there, and the reviews say what reviews for a good practice say.

But there's a structural problem underneath it that isn't anyone's fault. Your before-and-afters are the product — they are the single thing that converts — and on a phone they're usually three taps deep, in a viewer that fights you, with no way to filter to the one procedure she actually came for. So the request that would have come in at 11pm doesn't, and by morning she's booked a consult with whoever made it easy.

Here's what I'd like to do about it. I'll build Scottsdale Center for Plastic Surgery a homepage concept — a real one, designed for your business, not a template with your logo dropped in — and send it over. It costs you nothing and there's no obligation attached to it. If you like it we can talk. If you don't, you keep the ideas and I go away.

Worth two minutes of your time? Just reply yes.

[Sender Name]
Bothmade","Subject: the concept, as promised

Here it is. Two minutes and you have seen it.

A phone-first layout: results at the top filterable by procedure, the reviews next to them where they do the most work, and a consult request that takes fifteen seconds at midnight.

It's a static design rather than a working build, so nothing clicks. I'd rather show you the idea honestly than fake a demo.

Two things I'd like your answer to: is it the gallery or the reviews that closes a consult for you? And does putting a price bracket on the site help you or waste your time?

[Sender Name]","the consult decision happens at 11pm on a phone, and booking means a phone number and office hours","Confirm the inbox before sending — info@ is the convention, not a verified address.",field-run-003;plastic-surgery;AZ,75,16000,"$8,000","$28,000",06082026
Scottsdale Smile Center,info@scottsdalesmile.com,Cosmetic dentistry,Scottsdale,AZ,USA,https://scottsdalesmile.com,cold-outreach,researched,"Subject: Scottsdale · the 9pm booking problem

Hi [First Name],

I looked at Scottsdale Smile Center as somebody quietly researching a smile makeover would. On a phone, at night, not ready to ring a front desk yet.

The case work speaks for itself, and the reviews back it up.

There's a problem underneath it that isn't anybody's fault. The decision happens at night on a phone, and booking usually means ringing a front desk between nine and five, so the moment somebody finally feels ready has nowhere to go. One case a month lost that way is more than a website costs, several times over.

Here's what I'd like to do about it. I'll build Scottsdale Smile Center a homepage concept — a real one, designed for your business, not a template with your logo dropped in — and send it over. It costs you nothing and there's no obligation attached to it. If you like it we can talk. If you don't, you keep the ideas and I go away.

Worth two minutes of your time? Just reply yes.

[Sender Name]
Bothmade","Subject: Scottsdale Smile Center — here it is

Here it is. Two minutes and you have seen it.

A homepage built for the cosmetic patient: before-and-afters at the top, the range in plain numbers, and a request form that takes fifteen seconds.

It's a static design rather than a working build, so nothing clicks. I'd rather show you the idea honestly than fake a demo.

Two things I'd genuinely like your view on: would you separate the cosmetic patient from the general one like this? And how many cases a month start as a form rather than a call?

[Sender Name]",the cosmetic patient and the check-up patient want opposite things from one homepage,"Confirm the inbox before sending — info@ is the convention, not a verified address.",field-run-003;cosmetic-dentistry;AZ,75,12000,"$6,000","$22,000",06082026
Sean Simon MD Plastic Surgery,,Plastic surgery,Miami,FL,USA,,cold-outreach,researched,"Subject: Miami · one thing about your consults

Hi [First Name],

I spent a while on your site as a patient would. Not at a desk — on a phone, at night, comparing you against two other Miami practices with fourteen tabs open.

The results speak for themselves — that part isn't in question, and neither is the credentialing.

But something structural is working against you, and it isn't anyone's fault. The decision gets made at night, on a phone, and the two things that make it — the results and the price bracket — are the two hardest things to reach on most practice sites. That decision is live for about four minutes. If booking means a phone number and office hours, it's gone.

So rather than describe what I'd change, I'd rather just build it. I'll put together a homepage concept for Sean Simon MD Plastic Surgery, free, and send it to you. No meeting required to get it, no invoice at the end, no catch. Look at it for two minutes and tell me I'm wrong if I am.

Want me to build you one?

[Sender Name]
Bothmade","Subject: here it is

Here it is. Two minutes and you have seen it.

Results first, filterable by procedure, sized for a phone — because that's the device and that's the decision. Consult booking sits on the same screen rather than behind a phone number.

It's a design, not a live site — nothing on it actually clicks yet. I'd rather be straight about that than fake a working demo.

Two questions I'd genuinely like your view on either way: which procedure do most of your consult requests come in for? And would you ever let someone book a consult without speaking to your coordinator first?

[Sender Name]",the gallery is what converts a consult and on a phone it is three taps deep and unfilterable,"No website found in research. Look up the site and address, or call.",field-run-003;plastic-surgery;FL,75,16000,"$8,000","$28,000",06082026
Seven Custom Homes,info@sevencustomhomes.com,Custom home building,Austin,TX,USA,https://sevencustomhomes.com,cold-outreach,researched,"Subject: your portfolio, sorted

Hi [First Name],

I went through your site in Austin the way a couple with a lot to spend and a specific idea does — looking for the one project that looks like the house in their head.

The homes are genuinely good and the reputation is clearly earned.

There's a problem underneath it that isn't anyone's fault. Your enquiry form asks for a name and a message. So every lead arrives unqualified, and your first call is spent finding out whether the project was ever real instead of talking about the house. And half the calls you do take were never going to be anything.

Here's my offer, and it's a simple one. Let me build Seven Custom Homes a homepage concept for free. I'll design it around exactly this problem, send it over, and you decide. There's no obligation and nothing to sign to see it — I'd rather show you what we do than tell you.

Want me to build you one?

[Sender Name]
Bothmade","Subject: the concept, as promised

Here it is — Seven Custom Homes, as promised.

A portfolio you can filter and an enquiry that asks about the lot, the budget and the timing — so your first call starts where the third one currently does.

It's a design, not a live site — nothing on it actually clicks yet. I'd rather be straight about that than fake a working demo.

Two questions I'd genuinely like your view on, whether or not this goes anywhere: is budget band something you'd ever show publicly? And what's the one question you wish every enquiry answered before you called them?

[Sender Name]","the portfolio is the entire product and there is no way to sort it by budget, style or scope","Confirm the inbox before sending — info@ is the convention, not a verified address.",field-run-003;custom-home-building;TX,75,22000,"$12,000","$35,000",06082026
Shapiro Plastic Surgery,info@shapiroplasticsurgery.com,Plastic surgery,Scottsdale,AZ,USA,https://shapiroplasticsurgery.com,cold-outreach,researched,"Subject: your gallery, on a phone

Hi [First Name],

I looked at Shapiro Plastic Surgery the way someone books a consult does: late, on a phone, after six months of thinking about it and about ninety minutes of reading reviews.

You are obviously good at this. The work and the reputation both hold up.

But there's a structural problem underneath it that isn't anyone's fault. Your before-and-afters are the product — they are the single thing that converts — and on a phone they're usually three taps deep, in a viewer that fights you, with no way to filter to the one procedure she actually came for. The patient who was ready doesn't come back tomorrow. She books with the practice whose site answered her at midnight.

Here's what I'd like to do about it. I'll build Shapiro Plastic Surgery a homepage concept — a real one, designed for your business, not a template with your logo dropped in — and send it over. It costs you nothing and there's no obligation attached to it. If you like it we can talk. If you don't, you keep the ideas and I go away.

Should I put one together for you?

[Sender Name]
Bothmade","Subject: the concept, as promised

Here it is — Shapiro Plastic Surgery, as promised.

The gallery is the homepage, filtered by procedure and swipeable properly. Booking a consult takes one tap from any result rather than a phone call in office hours.

It's a static design rather than a working build, so nothing clicks. I'd rather show you the idea honestly than fake a demo.

Two things I'd like your answer to: is it the gallery or the reviews that closes a consult for you? And does putting a price bracket on the site help you or waste your time?

[Sender Name]","the consult decision happens at 11pm on a phone, and booking means a phone number and office hours","Confirm the inbox before sending — info@ is the convention, not a verified address.",field-run-003;plastic-surgery;AZ,75,16000,"$8,000","$28,000",06082026
Shaun Parson Plastic Surgery and Skin Center,,Plastic surgery,Scottsdale,AZ,USA,,cold-outreach,researched,"Subject: the 11pm version of your site

Hi [First Name],

I went looking for a plastic surgeon in Scottsdale the way a patient actually does — at eleven at night, on a phone, having already read every review twice.

The surgical reputation is clearly there, and the reviews say what reviews for a good practice say.

But something structural is working against you, and it isn't anyone's fault. The decision gets made at night, on a phone, and the two things that make it — the results and the price bracket — are the two hardest things to reach on most practice sites. The patient who was ready doesn't come back tomorrow. She books with the practice whose site answered her at midnight.

So rather than describe what I'd change, I'd rather just build it. I'll put together a homepage concept for Shaun Parson Plastic Surgery and Skin Center, free, and send it to you. No meeting required to get it, no invoice at the end, no catch. Look at it for two minutes and tell me I'm wrong if I am.

Want me to build you one?

[Sender Name]
Bothmade","Subject: the concept, as promised

Here it is.

Results first, filterable by procedure, sized for a phone — because that's the device and that's the decision. Consult booking sits on the same screen rather than behind a phone number.

It's a design, not a live site — nothing on it actually clicks yet. I'd rather be straight about that than fake a working demo.

Two questions I'd genuinely like your view on either way: which procedure do most of your consult requests come in for? And would you ever let someone book a consult without speaking to your coordinator first?

[Sender Name]",the gallery is what converts a consult and on a phone it is three taps deep and unfilterable,"No website found in research. Look up the site and address, or call.",field-run-003;plastic-surgery;AZ,75,16000,"$8,000","$28,000",06082026
Sheffield Homes,info@sheffieldhomes.com,Custom home building,Denver,CO,USA,https://sheffieldhomes.com,cold-outreach,researched,"Subject: your portfolio, sorted

Hi [First Name],

I went through your site in Denver the way a couple with a lot to spend and a specific idea does — looking for the one project that looks like the house in their head.

The homes are genuinely good and the reputation is clearly earned.

But there's a structural problem underneath it that isn't anyone's fault. Your portfolio is the entire product and it's shown as a grid of thumbnails with no way to sort by budget, style or scope. The buyer with a specific project cannot find the one job that looks like theirs, and that project is the only thing that would have convinced them. So they leave without finding it, and go and look at the builder whose site let them filter.

Here's my offer, and it's a simple one. Let me build Sheffield Homes a homepage concept for free. I'll design it around exactly this problem, send it over, and you decide. There's no obligation and nothing to sign to see it — I'd rather show you what we do than tell you.

Worth two minutes of your time? Just reply yes.

[Sender Name]
Bothmade","Subject: Sheffield Homes — here it is

Here it is. Two minutes and you have seen it.

Projects sortable the way people actually choose, plus the process laid out month by month, because that's the thing they're really nervous about.

It's a design, not a live site — nothing on it actually clicks yet. I'd rather be straight about that than fake a working demo.

Two questions I'd genuinely like your view on, whether or not this goes anywhere: is budget band something you'd ever show publicly? And what's the one question you wish every enquiry answered before you called them?

[Sender Name]","the portfolio is the entire product and there is no way to sort it by budget, style or scope","Confirm the inbox before sending — info@ is the convention, not a verified address.",field-run-003;custom-home-building;CO,75,22000,"$12,000","$35,000",06082026
Sieveking Plastic Surgery,,Plastic surgery,Nashville,TN,USA,,cold-outreach,researched,"Subject: Nashville · one thing about your consults

Hi [First Name],

I spent a while on your site as a patient would. Not at a desk — on a phone, at night, comparing you against two other Nashville practices with fourteen tabs open.

The surgical reputation is clearly there, and the reviews say what reviews for a good practice say.

But there's a structural problem underneath it that isn't anyone's fault. Your before-and-afters are the product — they are the single thing that converts — and on a phone they're usually three taps deep, in a viewer that fights you, with no way to filter to the one procedure she actually came for. That decision is live for about four minutes. If booking means a phone number and office hours, it's gone.

So rather than describe what I'd change, I'd rather just build it. I'll put together a homepage concept for Sieveking Plastic Surgery, free, and send it to you. No meeting required to get it, no invoice at the end, no catch. Look at it for two minutes and tell me I'm wrong if I am.

Worth two minutes of your time? Just reply yes.

[Sender Name]
Bothmade","Subject: the concept, as promised

Here it is — Sieveking Plastic Surgery, as promised.

The gallery is the homepage, filtered by procedure and swipeable properly. Booking a consult takes one tap from any result rather than a phone call in office hours.

It's a design, not a live site — nothing on it actually clicks yet. I'd rather be straight about that than fake a working demo.

Two questions I'd genuinely like your view on either way: which procedure do most of your consult requests come in for? And would you ever let someone book a consult without speaking to your coordinator first?

[Sender Name]",the gallery is what converts a consult and on a phone it is three taps deep and unfilterable,"No website found in research. Look up the site and address, or call.",field-run-003;plastic-surgery;TN,75,16000,"$8,000","$28,000",06082026
Simonini Homes,info@simonini.com,Custom home building,Charlotte,NC,USA,https://simonini.com,cold-outreach,researched,"Subject: your portfolio, sorted

Hi [First Name],

I went through your site in Charlotte the way a couple with a lot to spend and a specific idea does — looking for the one project that looks like the house in their head.

Nobody builds at this level by accident — the craft comes across.

But something structural is working against you, and it isn't anybody's fault. What people are actually frightened of is the process — eighteen months, their money, decisions they've never made before — and almost no builder's site addresses that anywhere, so the fear does its work in silence. That's a real project deciding, quietly, that you're not the one — on no evidence either way.

So rather than describe what I'd change, I'd rather just build it. I'll put together a homepage concept for Simonini Homes, free, and send it to you. No meeting required to get it, no invoice at the end, no catch. Look at it for two minutes and tell me I'm wrong if I am.

Should I put one together for you?

[Sender Name]
Bothmade","Subject: here it is

Here it is — Simonini Homes, as promised.

The portfolio filterable by budget band, style and scope, so the couple with a specific project finds their project in about nine seconds.

It's a design, not a live site — nothing on it actually clicks yet. I'd rather be straight about that than fake a working demo.

Two questions I'd genuinely like your view on, whether or not this goes anywhere: is budget band something you'd ever show publicly? And what's the one question you wish every enquiry answered before you called them?

[Sender Name]","the portfolio is the entire product and there is no way to sort it by budget, style or scope","Confirm the inbox before sending — info@ is the convention, not a verified address.",field-run-003;custom-home-building;NC,75,22000,"$12,000","$35,000",06082026
Skin Envy Austin,,Med spa,Austin,TX,USA,,cold-outreach,researched,"Subject: Austin · your regulars vs your website

Hi [First Name],

I looked at Skin Envy Austin as somebody who has decided they want tox and just needs to pick where. Phone, evening, ten minutes of attention, maximum.

Your reputation locally is obvious, and that is the hardest part of this business to build.

There's a problem underneath it that isn't anybody's fault. Your reviews are your best salesperson and they live on Google, not on your homepage, where the person deciding between you and the spa down the road never sees them. Every one of those is revenue that left without leaving a trace.

Here's what I'd like to do about it. I'll build Skin Envy Austin a homepage concept — a real one, designed for your business, not a template with your logo dropped in — and send it over. It costs you nothing and there's no obligation attached to it. If you like it we can talk. If you don't, you keep the ideas and I go away.

Say the word and I'll start on it — want it?

[Sender Name]
Bothmade","Subject: the concept, as promised

Here it is. Two minutes and you have seen it.

Booking is the homepage — pick the treatment, pick a time, done — with the reviews sitting right beside it where they close the sale.

It's a static design rather than a working build, so nothing clicks. I'd rather show you the idea honestly than fake a demo.

Two things I'd like your view on: are prices on the site a help or a headache for you? And which treatment brings you the most new clients?

[Sender Name]",the reviews doing the selling live on Google rather than on the homepage where the decision is made,"No website found in research. Look up the site and address, or call.",field-run-003;med-spa;TX,75,10000,"$5,000","$18,000",06082026
Skin and Cancer Associates,info@skinandcancerassociates.com,Cosmetic dermatology,Boca Raton,FL,USA,https://skinandcancerassociates.com,cold-outreach,researched,"Subject: your cosmetic side, buried

Hi [First Name],

I looked at Skin and Cancer Associates the way a patient booking elective work does: on a phone, at night, cash in hand, comparing three practices.

Board-certified dermatology carries real weight against a med spa, and your site does establish that.

But there's something structural in the way, and it isn't anybody's fault. The cash-pay cosmetic patient and the insurance patient want opposite things, and one homepage can only ever be built for one of them. So the patient with a credit card and no referral goes to a med spa with a better website and less training.

Here's my offer, and it's a simple one. Let me build Skin and Cancer Associates a homepage concept for free. I'll design it around exactly this problem, send it over, and you decide. There's no obligation and nothing to sign to see it — I'd rather show you what we do than tell you.

Worth two minutes of your time? Just reply yes.

[Sender Name]
Bothmade","Subject: Skin and Cancer Associates — here it is

Here it is.

A cosmetic entrance that doesn't compete with the medical one: treatments, results and booking, in one screen, without hiding the dermatology credentials that beat every spa in town.

It's a design, not a live site — nothing on it actually clicks yet. I'd rather be straight about that than fake a working demo.

Two questions either way: is splitting cosmetic from medical the right division, or would that cost you crossover? And which treatment brings the most new cash-pay patients?

[Sender Name]","the cash-pay cosmetic side is buried under the medical side, and it is the side with the margin","Confirm the inbox before sending — info@ is the convention, not a verified address.",field-run-003;cosmetic-dermatology;FL,75,11000,"$6,000","$20,000",06082026
Skyview Dentistry,,Cosmetic dentistry,Charlotte,NC,USA,,cold-outreach,researched,"Subject: your veneer cases, and your website

Hi [First Name],

I went looking for a cosmetic dentist in Charlotte the way a veneer patient does — evening, on a phone, wanting to see cases and find out roughly what it costs before speaking to anybody.

The clinical side is clearly strong, and this is a category where patients can tell.

But there's something structural working against you, and it isn't anyone's fault. Cosmetic patients and check-up patients want completely different things, and one homepage is nearly always built for the check-up patient — so the $15k case has to hunt for what it came for. They don't call in the morning. They keep scrolling, and someone else gets the case.

Here's my offer, and it's a simple one. Let me build Skyview Dentistry a homepage concept for free. I'll design it around exactly this problem, send it over, and you decide. There's no obligation and nothing to sign to see it — I'd rather show you what we do than tell you.

Want me to send one over?

[Sender Name]
Bothmade","Subject: Skyview Dentistry — here it is

Here it is.

A homepage built for the cosmetic patient: before-and-afters at the top, the range in plain numbers, and a request form that takes fifteen seconds.

It's a design, not a live site — nothing on it actually clicks yet. I'd rather be straight about that than fake a working demo.

Two questions I'd like your answer to either way: does putting a price range on the site help you or bring you the wrong calls? And is it veneers or implants that pays best for you?

[Sender Name]","a $15k veneer case is decided from before-and-afters and a price range, and neither is easy to reach","No website found in research. Look up the site and address, or call.",field-run-003;cosmetic-dentistry;NC,75,12000,"$6,000","$22,000",06082026
Smile on Nashville,,Cosmetic dentistry,Nashville,TN,USA,,cold-outreach,researched,"Subject: Nashville · the 9pm booking problem

Hi [First Name],

I looked at Smile on Nashville as somebody quietly researching a smile makeover would. On a phone, at night, not ready to ring a front desk yet.

You are obviously good at the dentistry. That is not the problem here.

But there's a structural problem underneath it that isn't anyone's fault. A veneer case is a fifteen-thousand-dollar decision made from before-and-after photos and a price range — and on most practice sites the photos are buried in a subpage and the price is nowhere at all, which reads as expensive rather than as discreet. That's the biggest case of the month deciding not to ring.

I'd like to build you one. A homepage concept for Smile on Nashville, designed properly, at my expense — not a proposal, not a deck, the actual thing. Yours to keep whether we ever work together or not. Most people who see theirs want to talk. Some don't, and that's genuinely fine.

Say the word and I'll start on it — want it?

[Sender Name]
Bothmade","Subject: Smile on Nashville — here it is

Here it is.

A homepage built for the cosmetic patient: before-and-afters at the top, the range in plain numbers, and a request form that takes fifteen seconds.

It's a static design rather than a working build, so nothing clicks. I'd rather show you the idea honestly than fake a demo.

Two things I'd genuinely like your view on: would you separate the cosmetic patient from the general one like this? And how many cases a month start as a form rather than a call?

[Sender Name]",the cosmetic patient and the check-up patient want opposite things from one homepage,"No website found in research. Look up the site and address, or call.",field-run-003;cosmetic-dentistry;TN,75,12000,"$6,000","$22,000",06082026
Sopris Homes,,Custom home building,Boulder,CO,USA,,cold-outreach,researched,"Subject: Boulder · the $3M enquiry problem

Hi [First Name],

I looked at Sopris Homes as somebody about to hand a builder several million dollars would. They look at photos, they look for a long time, and they are trying to find themselves in your work.

Nobody builds at this level by accident — the craft comes across.

But something structural is working against you, and it isn't anybody's fault. What people are actually frightened of is the process — eighteen months, their money, decisions they've never made before — and almost no builder's site addresses that anywhere, so the fear does its work in silence. And half the calls you do take were never going to be anything.

Here's what I'd like to do about it. I'll build Sopris Homes a homepage concept — a real one, designed for your business, not a template with your logo dropped in — and send it over. It costs you nothing and there's no obligation attached to it. If you like it we can talk. If you don't, you keep the ideas and I go away.

Say the word and I'll start on it — want it?

[Sender Name]
Bothmade","Subject: here it is

Here it is. Two minutes and you have seen it.

Projects sortable the way people actually choose, plus the process laid out month by month, because that's the thing they're really nervous about.

It's a static design rather than a working build, so nothing clicks. I'd rather show you the idea honestly than fake a demo.

Two things I'd like your answer to: do people arrive with a lot already, or before? And would showing the process month by month help you or scare people?

[Sender Name]","the enquiry form asks for a name and a message, so every lead arrives unqualified","No website found in research. Look up the site and address, or call.",field-run-003;custom-home-building;CO,75,22000,"$12,000","$35,000",06082026
South Coast MedSpa,,Med spa,Newport Beach,CA,USA,,cold-outreach,researched,"Subject: one thing about your booking

Hi [First Name],

I looked at South Coast MedSpa the way a client who follows you on Instagram does — arriving from a phone, already sold on the treatment, just needing a time.

Your reputation locally is obvious, and that is the hardest part of this business to build.

There's a problem underneath it that isn't anybody's fault. Your reviews are your best salesperson and they live on Google, not on your homepage, where the person deciding between you and the spa down the road never sees them. That's a booking a night that goes somewhere else, and nobody ever knows it happened.

Here's what I'd like to do about it. I'll build South Coast MedSpa a homepage concept — a real one, designed for your business, not a template with your logo dropped in — and send it over. It costs you nothing and there's no obligation attached to it. If you like it we can talk. If you don't, you keep the ideas and I go away.

Want me to send one over?

[Sender Name]
Bothmade","Subject: South Coast MedSpa — here it is

Here it is.

Treatments priced and bookable in two taps, reviews on the same screen, and the memberships made obvious rather than hidden three pages in.

It's a static design rather than a working build, so nothing clicks. I'd rather show you the idea honestly than fake a demo.

Two things I'd like your view on: are prices on the site a help or a headache for you? And which treatment brings you the most new clients?

[Sender Name]",the reviews doing the selling live on Google rather than on the homepage where the decision is made,"No website found in research. Look up the site and address, or call.",field-run-003;med-spa;CA,75,10000,"$5,000","$18,000",06082026
South Gables Dental,info@southgablesdental.com,Cosmetic dentistry,Coral Gables,FL,USA,https://southgablesdental.com,cold-outreach,researched,"Subject: what a smile-makeover patient sees

Hi [First Name],

I spent a while on your site as a patient with a $15k case in mind. They research for months and they research on a phone, at night, alone.

You are obviously good at the dentistry. That is not the problem here.

But there's a structural problem underneath it that isn't anyone's fault. A veneer case is a fifteen-thousand-dollar decision made from before-and-after photos and a price range — and on most practice sites the photos are buried in a subpage and the price is nowhere at all, which reads as expensive rather than as discreet. That's the biggest case of the month deciding not to ring.

So rather than describe what I'd change, I'd rather just build it. I'll put together a homepage concept for South Gables Dental, free, and send it to you. No meeting required to get it, no invoice at the end, no catch. Look at it for two minutes and tell me I'm wrong if I am.

Worth two minutes of your time? Just reply yes.

[Sender Name]
Bothmade","Subject: here it is

Here it is. Two minutes and you have seen it.

Smile-makeover cases up front, the reviews next to them, financing said out loud, and booking that doesn't need your front desk to be awake.

It's a design, not a live site — nothing on it actually clicks yet. I'd rather be straight about that than fake a working demo.

Two questions I'd like your answer to either way: does putting a price range on the site help you or bring you the wrong calls? And is it veneers or implants that pays best for you?

[Sender Name]","a $15k veneer case is decided from before-and-afters and a price range, and neither is easy to reach","Confirm the inbox before sending — info@ is the convention, not a verified address.",field-run-003;cosmetic-dentistry;FL,75,12000,"$6,000","$22,000",06082026
SouthView Cosmetic Dentistry,info@southviewdentistrycharlotte.com,Cosmetic dentistry,Charlotte,NC,USA,https://southviewdentistrycharlotte.com,cold-outreach,researched,"Subject: Charlotte · the 9pm booking problem

Hi [First Name],

I looked at SouthView Cosmetic Dentistry as somebody quietly researching a smile makeover would. On a phone, at night, not ready to ring a front desk yet.

The case work speaks for itself, and the reviews back it up.

But there's a structural problem underneath it that isn't anyone's fault. A veneer case is a fifteen-thousand-dollar decision made from before-and-after photos and a price range — and on most practice sites the photos are buried in a subpage and the price is nowhere at all, which reads as expensive rather than as discreet. One case a month lost that way is more than a website costs, several times over.

I'd like to build you one. A homepage concept for SouthView Cosmetic Dentistry, designed properly, at my expense — not a proposal, not a deck, the actual thing. Yours to keep whether we ever work together or not. Most people who see theirs want to talk. Some don't, and that's genuinely fine.

Want me to send one over?

[Sender Name]
Bothmade","Subject: here it is

Here it is — SouthView Cosmetic Dentistry, as promised.

Smile-makeover cases up front, the reviews next to them, financing said out loud, and booking that doesn't need your front desk to be awake.

It's a static design rather than a working build, so nothing clicks. I'd rather show you the idea honestly than fake a demo.

Two things I'd genuinely like your view on: would you separate the cosmetic patient from the general one like this? And how many cases a month start as a form rather than a call?

[Sender Name]",the cosmetic patient and the check-up patient want opposite things from one homepage,"Confirm the inbox before sending — info@ is the convention, not a verified address.",field-run-003;cosmetic-dentistry;NC,75,12000,"$6,000","$22,000",06082026
Southern Design & Build,info@southerndesignbuild.com,Landscape design build,Dallas,TX,USA,https://southerndesignbuild.com,cold-outreach,researched,"Subject: Dallas · what a design client can't find

Hi [First Name],

I looked at Southern Design & Build as somebody planning a serious outdoor project would: design-led, photo-first, and quietly worried about what it will cost.

The work is beautiful and clearly design-led, which is rarer in this trade than it should be.

But there's a structural problem underneath it that isn't anyone's fault. Design-led buyers choose from images, and your images are shown as a scroll rather than something you can narrow by style, scale or budget. That's a design fee lost to the studio with a better-sorted website.

I'd like to build you one. A homepage concept for Southern Design & Build, designed properly, at my expense — not a proposal, not a deck, the actual thing. Yours to keep whether we ever work together or not. Most people who see theirs want to talk. Some don't, and that's genuinely fine.

Want me to send one over?

[Sender Name]
Bothmade","Subject: the concept, as promised

Here it is. Two minutes and you have seen it.

The portfolio narrowed the way designers choose, and a brief form that captures the lot, the ambition and the timing.

It's a static design rather than a working build, so nothing clicks. I'd rather show you the idea honestly than fake a demo.

Two questions either way: do clients come to you for design or for build first? And would publishing a design fee range help or hurt?

[Sender Name]","design-led buyers choose from images, and the images cannot be narrowed by style, scale or budget","Confirm the inbox before sending — info@ is the convention, not a verified address.",field-run-003;landscape-design-build;TX,75,9000,"$5,000","$16,000",06082026
SpaDerma,,Med spa,Chicago,IL,USA,,cold-outreach,researched,"Subject: Chicago · your regulars vs your website

Hi [First Name],

I looked at SpaDerma as somebody who has decided they want tox and just needs to pick where. Phone, evening, ten minutes of attention, maximum.

The client loyalty in this category is everything and yours reads real.

But there's a structural problem underneath it that isn't anyone's fault. A website can list treatments; it can't take a booking at nine at night, and nine at night is when the decision gets made. Most spa sites hand that moment to a phone number and office hours. Every one of those is revenue that left without leaving a trace.

Here's what I'd like to do about it. I'll build SpaDerma a homepage concept — a real one, designed for your business, not a template with your logo dropped in — and send it over. It costs you nothing and there's no obligation attached to it. If you like it we can talk. If you don't, you keep the ideas and I go away.

Want me to build you one?

[Sender Name]
Bothmade","Subject: here it is

Here it is — SpaDerma, as promised.

Treatments priced and bookable in two taps, reviews on the same screen, and the memberships made obvious rather than hidden three pages in.

It's a static design rather than a working build, so nothing clicks. I'd rather show you the idea honestly than fake a demo.

Two things I'd like your view on: are prices on the site a help or a headache for you? And which treatment brings you the most new clients?

[Sender Name]",the reviews doing the selling live on Google rather than on the homepage where the decision is made,"No website found in research. Look up the site and address, or call.",field-run-003;med-spa;IL,75,10000,"$5,000","$18,000",06082026
Springdale Custom Builders,info@springdalecharlotte.com,Custom home building,Charlotte,NC,USA,https://springdalecharlotte.com,cold-outreach,researched,"Subject: your portfolio, sorted

Hi [First Name],

I went through your site in Charlotte the way a couple with a lot to spend and a specific idea does — looking for the one project that looks like the house in their head.

The homes are genuinely good and the reputation is clearly earned.

There's a problem underneath it that isn't anyone's fault. Your enquiry form asks for a name and a message. So every lead arrives unqualified, and your first call is spent finding out whether the project was ever real instead of talking about the house. And half the calls you do take were never going to be anything.

So rather than describe what I'd change, I'd rather just build it. I'll put together a homepage concept for Springdale Custom Builders, free, and send it to you. No meeting required to get it, no invoice at the end, no catch. Look at it for two minutes and tell me I'm wrong if I am.

Want me to send one over?

[Sender Name]
Bothmade","Subject: here it is

Here it is — Springdale Custom Builders, as promised.

The portfolio filterable by budget band, style and scope, so the couple with a specific project finds their project in about nine seconds.

It's a design, not a live site — nothing on it actually clicks yet. I'd rather be straight about that than fake a working demo.

Two questions I'd genuinely like your view on, whether or not this goes anywhere: is budget band something you'd ever show publicly? And what's the one question you wish every enquiry answered before you called them?

[Sender Name]","the portfolio is the entire product and there is no way to sort it by budget, style or scope","Confirm the inbox before sending — info@ is the convention, not a verified address.",field-run-003;custom-home-building;NC,75,22000,"$12,000","$35,000",06082026
Stacey Folk MD,,Plastic surgery,Denver,CO,USA,,cold-outreach,researched,"Subject: the 11pm version of your site

Hi [First Name],

I went looking for a plastic surgeon in Denver the way a patient actually does — at eleven at night, on a phone, having already read every review twice.

The surgical reputation is clearly there, and the reviews say what reviews for a good practice say.

But something structural is working against you, and it isn't anyone's fault. The decision gets made at night, on a phone, and the two things that make it — the results and the price bracket — are the two hardest things to reach on most practice sites. The patient who was ready doesn't come back tomorrow. She books with the practice whose site answered her at midnight.

So rather than describe what I'd change, I'd rather just build it. I'll put together a homepage concept for Stacey Folk MD, free, and send it to you. No meeting required to get it, no invoice at the end, no catch. Look at it for two minutes and tell me I'm wrong if I am.

Should I put one together for you?

[Sender Name]
Bothmade","Subject: the concept, as promised

Here it is.

Results first, filterable by procedure, sized for a phone — because that's the device and that's the decision. Consult booking sits on the same screen rather than behind a phone number.

It's a design, not a live site — nothing on it actually clicks yet. I'd rather be straight about that than fake a working demo.

Two questions I'd genuinely like your view on either way: which procedure do most of your consult requests come in for? And would you ever let someone book a consult without speaking to your coordinator first?

[Sender Name]",the gallery is what converts a consult and on a phone it is three taps deep and unfilterable,"No website found in research. Look up the site and address, or call.",field-run-003;plastic-surgery;CO,75,16000,"$8,000","$28,000",06082026
Starkman Facial Plastic Surgery,info@scottsdalefacialplastics.com,Plastic surgery,Scottsdale,AZ,USA,https://scottsdalefacialplastics.com,cold-outreach,researched,"Subject: Scottsdale · one thing about your consults

Hi [First Name],

I spent a while on your site as a patient would. Not at a desk — on a phone, at night, comparing you against two other Scottsdale practices with fourteen tabs open.

You are obviously good at this. The work and the reputation both hold up.

But there's a problem underneath it that isn't anyone's fault. Nobody chooses a surgeon from a paragraph. They choose from the gallery, and the gallery is nearly always buried behind a menu, unfilterable, and painful to swipe through on the device it's being viewed on. So the request that would have come in at 11pm doesn't, and by morning she's booked a consult with whoever made it easy.

So rather than describe what I'd change, I'd rather just build it. I'll put together a homepage concept for Starkman Facial Plastic Surgery, free, and send it to you. No meeting required to get it, no invoice at the end, no catch. Look at it for two minutes and tell me I'm wrong if I am.

Worth two minutes of your time? Just reply yes.

[Sender Name]
Bothmade","Subject: the concept, as promised

Here it is.

Results first, filterable by procedure, sized for a phone — because that's the device and that's the decision. Consult booking sits on the same screen rather than behind a phone number.

It's a design, not a live site — nothing on it actually clicks yet. I'd rather be straight about that than fake a working demo.

Two questions I'd genuinely like your view on either way: which procedure do most of your consult requests come in for? And would you ever let someone book a consult without speaking to your coordinator first?

[Sender Name]",the gallery is what converts a consult and on a phone it is three taps deep and unfilterable,"Confirm the inbox before sending — info@ is the convention, not a verified address.",field-run-003;plastic-surgery;AZ,75,16000,"$8,000","$28,000",06082026
Sterling Custom Homes,,Custom home building,Austin,TX,USA,,cold-outreach,researched,"Subject: one thing about your gallery

Hi [First Name],

I looked at Sterling Custom Homes the way people do at the start of this — nervous, doing homework, trying to work out who is going to be easy to work with for eighteen months.

The work itself is the strongest thing you have, and the photography does show it.

But something structural is working against you, and it isn't anybody's fault. What people are actually frightened of is the process — eighteen months, their money, decisions they've never made before — and almost no builder's site addresses that anywhere, so the fear does its work in silence. And half the calls you do take were never going to be anything.

Here's what I'd like to do about it. I'll build Sterling Custom Homes a homepage concept — a real one, designed for your business, not a template with your logo dropped in — and send it over. It costs you nothing and there's no obligation attached to it. If you like it we can talk. If you don't, you keep the ideas and I go away.

Want me to send one over?

[Sender Name]
Bothmade","Subject: Sterling Custom Homes — here it is

Here it is.

A portfolio you can filter and an enquiry that asks about the lot, the budget and the timing — so your first call starts where the third one currently does.

It's a static design rather than a working build, so nothing clicks. I'd rather show you the idea honestly than fake a demo.

Two things I'd like your answer to: do people arrive with a lot already, or before? And would showing the process month by month help you or scare people?

[Sender Name]","the enquiry form asks for a name and a message, so every lead arrives unqualified","No website found in research. Look up the site and address, or call.",field-run-003;custom-home-building;TX,75,22000,"$12,000","$35,000",06082026
Stewart Miller Simmons Trial Attorneys,info@smstrial.com,Personal injury law,Atlanta,GA,USA,https://smstrial.com,cold-outreach,researched,"Subject: Atlanta · what an injured caller needs first

Hi [First Name],

I looked at Stewart Miller Simmons Trial Attorneys the way somebody who has never hired a lawyer before does. Frightened, on a phone, at 2am, not sure they even have a case.

The record is genuinely strong, and in this category that record is the whole product.

There's a problem underneath it that isn't anyone's fault. Intake is the whole business, and most firms send an injured person to a contact form that asks for a name and a message — so nobody can tell a real case from a tyre-kicker until somebody has spent an hour on the phone. And your intake team spends its day sorting cases a form could have sorted.

Here's what I'd like to do about it. I'll build Stewart Miller Simmons Trial Attorneys a homepage concept — a real one, designed for your business, not a template with your logo dropped in — and send it over. It costs you nothing and there's no obligation attached to it. If you like it we can talk. If you don't, you keep the ideas and I go away.

Should I put one together for you?

[Sender Name]
Bothmade","Subject: here it is

Here it is.

Written for the injured person rather than about the firm: what happens next, what it costs to ask, and an intake that triages the case as it's typed.

It's a static design rather than a working build, so nothing clicks. I'd rather show you the idea honestly than fake a demo.

Two things I'd like your answer to: which case type is worth the most to you? And would you let a form triage before a human speaks to them?

[Sender Name]",intake is the whole business and it runs through a form that asks for a name and a message,"Confirm the inbox before sending — info@ is the convention, not a verified address.",field-run-003;personal-injury-law;GA,75,20000,"$10,000","$35,000",06082026
Stock Custom Homes,,Custom home building,Naples,FL,USA,,cold-outreach,researched,"Subject: what your enquiry form doesn't ask

Hi [First Name],

I spent a while in your portfolio the way a homeowner does: hunting for the project that matches their lot, their budget and their taste, in that order.

The homes are genuinely good and the reputation is clearly earned.

But there's a structural problem underneath it that isn't anyone's fault. Your portfolio is the entire product and it's shown as a grid of thumbnails with no way to sort by budget, style or scope. The buyer with a specific project cannot find the one job that looks like theirs, and that project is the only thing that would have convinced them. So they leave without finding it, and go and look at the builder whose site let them filter.

Here's my offer, and it's a simple one. Let me build Stock Custom Homes a homepage concept for free. I'll design it around exactly this problem, send it over, and you decide. There's no obligation and nothing to sign to see it — I'd rather show you what we do than tell you.

Want me to build you one?

[Sender Name]
Bothmade","Subject: the concept, as promised

Here it is — Stock Custom Homes, as promised.

Projects sortable the way people actually choose, plus the process laid out month by month, because that's the thing they're really nervous about.

It's a design, not a live site — nothing on it actually clicks yet. I'd rather be straight about that than fake a working demo.

Two questions I'd genuinely like your view on, whether or not this goes anywhere: is budget band something you'd ever show publicly? And what's the one question you wish every enquiry answered before you called them?

[Sender Name]","the portfolio is the entire product and there is no way to sort it by budget, style or scope","No website found in research. Look up the site and address, or call.",field-run-003;custom-home-building;FL,75,22000,"$12,000","$35,000",06082026
Suncoast Custom Pools,info@sccpools.com,Pool building,Naples,FL,USA,https://sccpools.com,cold-outreach,researched,"Subject: Naples · the backyard problem

Hi [First Name],

I went through your site in Naples the way a homeowner planning a pool does — trying to find a build that looks like their backyard, at roughly their number.

The builds are genuinely impressive, and this is a business that lives or dies on photography.

But there's a structural problem underneath it that isn't anyone's fault. The gallery is the product, and it's shown as one long scroll with no way to sort by size, style, budget or lot shape — so nobody finds the build that resembles their own yard. That's a $90k build going to the company that answered the money question first.

Here's what I'd like to do about it. I'll build Suncoast Custom Pools a homepage concept — a real one, designed for your business, not a template with your logo dropped in — and send it over. It costs you nothing and there's no obligation attached to it. If you like it we can talk. If you don't, you keep the ideas and I go away.

Want me to send one over?

[Sender Name]
Bothmade","Subject: the concept, as promised

Here it is — Suncoast Custom Pools, as promised.

The gallery sorted the way buyers actually choose, plus a timeline that says what happens between signing and swimming.

It's a static design rather than a working build, so nothing clicks. I'd rather show you the idea honestly than fake a demo.

Two questions either way: would you ever publish a starting price? And do people come to you with a design in mind, or a budget?

[Sender Name]","the gallery cannot be sorted by size or budget, so nobody finds a build that looks like their own yard","Confirm the inbox before sending — info@ is the convention, not a verified address.",field-run-003;pool-building;FL,75,10000,"$5,000","$18,000",06082026
Superior Pools of Southwest Florida,info@superiorpools.com,Pool building,Fort Myers,FL,USA,https://superiorpools.com,cold-outreach,researched,"Subject: your build photos, sorted

Hi [First Name],

I went through your site in Fort Myers the way a homeowner planning a pool does — trying to find a build that looks like their backyard, at roughly their number.

The builds are genuinely impressive, and this is a business that lives or dies on photography.

But there's a structural problem underneath it that isn't anyone's fault. The gallery is the product, and it's shown as one long scroll with no way to sort by size, style, budget or lot shape — so nobody finds the build that resembles their own yard. That's a $90k build going to the company that answered the money question first.

Here's what I'd like to do about it. I'll build Superior Pools of Southwest Florida a homepage concept — a real one, designed for your business, not a template with your logo dropped in — and send it over. It costs you nothing and there's no obligation attached to it. If you like it we can talk. If you don't, you keep the ideas and I go away.

Should I put one together for you?

[Sender Name]
Bothmade","Subject: the concept, as promised

Here it is.

The gallery sorted the way buyers actually choose, plus a timeline that says what happens between signing and swimming.

It's a static design rather than a working build, so nothing clicks. I'd rather show you the idea honestly than fake a demo.

Two questions either way: would you ever publish a starting price? And do people come to you with a design in mind, or a budget?

[Sender Name]","the gallery cannot be sorted by size or budget, so nobody finds a build that looks like their own yard","Confirm the inbox before sending — info@ is the convention, not a verified address.",field-run-003;pool-building;FL,75,10000,"$5,000","$18,000",06082026
TIEV Medical Spa,,Med spa,Newport Beach,CA,USA,,cold-outreach,researched,"Subject: Newport Beach · your regulars vs your website

Hi [First Name],

I looked at TIEV Medical Spa as somebody who has decided they want tox and just needs to pick where. Phone, evening, ten minutes of attention, maximum.

Your reputation locally is obvious, and that is the hardest part of this business to build.

But there's a structural problem underneath it that isn't anyone's fault. A website can list treatments; it can't take a booking at nine at night, and nine at night is when the decision gets made. Most spa sites hand that moment to a phone number and office hours. Every one of those is revenue that left without leaving a trace.

Here's what I'd like to do about it. I'll build TIEV Medical Spa a homepage concept — a real one, designed for your business, not a template with your logo dropped in — and send it over. It costs you nothing and there's no obligation attached to it. If you like it we can talk. If you don't, you keep the ideas and I go away.

Want me to build you one?

[Sender Name]
Bothmade","Subject: here it is

Here it is. Two minutes and you have seen it.

Treatments priced and bookable in two taps, reviews on the same screen, and the memberships made obvious rather than hidden three pages in.

It's a static design rather than a working build, so nothing clicks. I'd rather show you the idea honestly than fake a demo.

Two things I'd like your view on: are prices on the site a help or a headache for you? And which treatment brings you the most new clients?

[Sender Name]",the reviews doing the selling live on Google rather than on the homepage where the decision is made,"No website found in research. Look up the site and address, or call.",field-run-003;med-spa;CA,75,10000,"$5,000","$18,000",06082026
Tennessee Valley Homes,info@tennesseevalleyhomes.com,Custom home building,Nashville,TN,USA,https://tennesseevalleyhomes.com,cold-outreach,researched,"Subject: Nashville · the $3M enquiry problem

Hi [First Name],

I looked at Tennessee Valley Homes as somebody about to hand a builder several million dollars would. They look at photos, they look for a long time, and they are trying to find themselves in your work.

Nobody builds at this level by accident — the craft comes across.

But something structural is working against you, and it isn't anybody's fault. What people are actually frightened of is the process — eighteen months, their money, decisions they've never made before — and almost no builder's site addresses that anywhere, so the fear does its work in silence. And half the calls you do take were never going to be anything.

Here's what I'd like to do about it. I'll build Tennessee Valley Homes a homepage concept — a real one, designed for your business, not a template with your logo dropped in — and send it over. It costs you nothing and there's no obligation attached to it. If you like it we can talk. If you don't, you keep the ideas and I go away.

Want me to send one over?

[Sender Name]
Bothmade","Subject: Tennessee Valley Homes — here it is

Here it is.

Projects sortable the way people actually choose, plus the process laid out month by month, because that's the thing they're really nervous about.

It's a static design rather than a working build, so nothing clicks. I'd rather show you the idea honestly than fake a demo.

Two things I'd like your answer to: do people arrive with a lot already, or before? And would showing the process month by month help you or scare people?

[Sender Name]","the enquiry form asks for a name and a message, so every lead arrives unqualified","Confirm the inbox before sending — info@ is the convention, not a verified address.",field-run-003;custom-home-building;TN,75,22000,"$12,000","$35,000",06082026
The Center for Cosmetic Surgery,info@thecenterforcosmeticsurgery.net,Plastic surgery,Denver,CO,USA,https://thecenterforcosmeticsurgery.net,cold-outreach,researched,"Subject: your gallery, on a phone

Hi [First Name],

I looked at The Center for Cosmetic Surgery the way someone books a consult does: late, on a phone, after six months of thinking about it and about ninety minutes of reading reviews.

You are obviously good at this. The work and the reputation both hold up.

But there's a structural problem underneath it that isn't anyone's fault. Your before-and-afters are the product — they are the single thing that converts — and on a phone they're usually three taps deep, in a viewer that fights you, with no way to filter to the one procedure she actually came for. So the request that would have come in at 11pm doesn't, and by morning she's booked a consult with whoever made it easy.

Here's what I'd like to do about it. I'll build The Center for Cosmetic Surgery a homepage concept — a real one, designed for your business, not a template with your logo dropped in — and send it over. It costs you nothing and there's no obligation attached to it. If you like it we can talk. If you don't, you keep the ideas and I go away.

Want me to send one over?

[Sender Name]
Bothmade","Subject: here it is

Here it is.

The gallery is the homepage, filtered by procedure and swipeable properly. Booking a consult takes one tap from any result rather than a phone call in office hours.

It's a static design rather than a working build, so nothing clicks. I'd rather show you the idea honestly than fake a demo.

Two things I'd like your answer to: is it the gallery or the reviews that closes a consult for you? And does putting a price bracket on the site help you or waste your time?

[Sender Name]","the consult decision happens at 11pm on a phone, and booking means a phone number and office hours","Confirm the inbox before sending — info@ is the convention, not a verified address.",field-run-003;plastic-surgery;CO,75,16000,"$8,000","$28,000",06082026
The Center for Plastic Surgery at MetroDerm,,Plastic surgery,Atlanta,GA,USA,,cold-outreach,researched,"Subject: where your consult requests go

Hi [First Name],

I looked at The Center for Plastic Surgery at MetroDerm the way a woman who has been thinking about this for two years looks at it. Phone, evening, already knows what she wants, wants to know if you're the one to do it.

The surgical reputation is clearly there, and the reviews say what reviews for a good practice say.

But there's a structural problem underneath it that isn't anyone's fault. Your before-and-afters are the product — they are the single thing that converts — and on a phone they're usually three taps deep, in a viewer that fights you, with no way to filter to the one procedure she actually came for. The patient who was ready doesn't come back tomorrow. She books with the practice whose site answered her at midnight.

I'd like to build you one. A homepage concept for The Center for Plastic Surgery at MetroDerm, designed properly, at my expense — not a proposal, not a deck, the actual thing. Yours to keep whether we ever work together or not. Most people who see theirs want to talk. Some don't, and that's genuinely fine.

Should I put one together for you?

[Sender Name]
Bothmade","Subject: The Center for Plastic Surgery at MetroDerm — here it is

Here it is — The Center for Plastic Surgery at MetroDerm, as promised.

The gallery is the homepage, filtered by procedure and swipeable properly. Booking a consult takes one tap from any result rather than a phone call in office hours.

It's a static design rather than a working build, so nothing clicks. I'd rather show you the idea honestly than fake a demo.

Two things I'd like your answer to: is it the gallery or the reviews that closes a consult for you? And does putting a price bracket on the site help you or waste your time?

[Sender Name]","the consult decision happens at 11pm on a phone, and booking means a phone number and office hours","No website found in research. Look up the site and address, or call.",field-run-003;plastic-surgery;GA,75,16000,"$8,000","$28,000",06082026
The Cosmetic Dentists of Austin,,Cosmetic dentistry,Austin,TX,USA,,cold-outreach,researched,"Subject: Austin · the 9pm booking problem

Hi [First Name],

I looked at The Cosmetic Dentists of Austin as somebody quietly researching a smile makeover would. On a phone, at night, not ready to ring a front desk yet.

The clinical side is clearly strong, and this is a category where patients can tell.

But there's something structural working against you, and it isn't anyone's fault. Cosmetic patients and check-up patients want completely different things, and one homepage is nearly always built for the check-up patient — so the $15k case has to hunt for what it came for. That's the biggest case of the month deciding not to ring.

Here's what I'd like to do about it. I'll build The Cosmetic Dentists of Austin a homepage concept — a real one, designed for your business, not a template with your logo dropped in — and send it over. It costs you nothing and there's no obligation attached to it. If you like it we can talk. If you don't, you keep the ideas and I go away.

Want me to send one over?

[Sender Name]
Bothmade","Subject: the concept, as promised

Here it is.

Smile-makeover cases up front, the reviews next to them, financing said out loud, and booking that doesn't need your front desk to be awake.

It's a static design rather than a working build, so nothing clicks. I'd rather show you the idea honestly than fake a demo.

Two things I'd genuinely like your view on: would you separate the cosmetic patient from the general one like this? And how many cases a month start as a form rather than a call?

[Sender Name]",the cosmetic patient and the check-up patient want opposite things from one homepage,"No website found in research. Look up the site and address, or call.",field-run-003;cosmetic-dentistry;TX,75,12000,"$6,000","$22,000",06082026
The Flawless Lab Medspa,,Med spa,Scottsdale,AZ,USA,,cold-outreach,researched,"Subject: Scottsdale · your regulars vs your website

Hi [First Name],

I looked at The Flawless Lab Medspa as somebody who has decided they want tox and just needs to pick where. Phone, evening, ten minutes of attention, maximum.

The reviews are doing a lot of work for you, and the treatment menu is clearly built by people who know the category.

But something structural is working against you here, and it isn't anyone's fault. Everyone arriving is already sold — they want a time, not a description — and most spa sites are built to describe treatments rather than to sell a slot on Thursday. The client doesn't wait until morning to call. She books wherever the button was.

I'd like to build you one. A homepage concept for The Flawless Lab Medspa, designed properly, at my expense — not a proposal, not a deck, the actual thing. Yours to keep whether we ever work together or not. Most people who see theirs want to talk. Some don't, and that's genuinely fine.

Worth two minutes of your time? Just reply yes.

[Sender Name]
Bothmade","Subject: here it is

Here it is. Two minutes and you have seen it.

Everything a phone-first client needs in one screen: what it costs, what it looks like, and a slot on Thursday, without a phone call.

It's a static design rather than a working build, so nothing clicks. I'd rather show you the idea honestly than fake a demo.

Two things I'd like your view on: are prices on the site a help or a headache for you? And which treatment brings you the most new clients?

[Sender Name]",the reviews doing the selling live on Google rather than on the homepage where the decision is made,"No website found in research. Look up the site and address, or call.",field-run-003;med-spa;AZ,75,10000,"$5,000","$18,000",06082026
The Glendale Group,,Custom home building,Naples,FL,USA,,cold-outreach,researched,"Subject: Naples · the $3M enquiry problem

Hi [First Name],

I looked at The Glendale Group as somebody about to hand a builder several million dollars would. They look at photos, they look for a long time, and they are trying to find themselves in your work.

Nobody builds at this level by accident — the craft comes across.

But something structural is working against you, and it isn't anybody's fault. What people are actually frightened of is the process — eighteen months, their money, decisions they've never made before — and almost no builder's site addresses that anywhere, so the fear does its work in silence. So they leave without finding it, and go and look at the builder whose site let them filter.

Here's what I'd like to do about it. I'll build The Glendale Group a homepage concept — a real one, designed for your business, not a template with your logo dropped in — and send it over. It costs you nothing and there's no obligation attached to it. If you like it we can talk. If you don't, you keep the ideas and I go away.

Worth two minutes of your time? Just reply yes.

[Sender Name]
Bothmade","Subject: The Glendale Group — here it is

Here it is. Two minutes and you have seen it.

A portfolio you can filter and an enquiry that asks about the lot, the budget and the timing — so your first call starts where the third one currently does.

It's a static design rather than a working build, so nothing clicks. I'd rather show you the idea honestly than fake a demo.

Two things I'd like your answer to: do people arrive with a lot already, or before? And would showing the process month by month help you or scare people?

[Sender Name]","the enquiry form asks for a name and a message, so every lead arrives unqualified","No website found in research. Look up the site and address, or call.",field-run-003;custom-home-building;FL,75,22000,"$12,000","$35,000",06082026
The Husband & Wife Law Team,,Personal injury law,Phoenix,AZ,USA,,cold-outreach,researched,"Subject: one thing about your case pages

Hi [First Name],

I looked at The Husband & Wife Law Team the way somebody who has never hired a lawyer before does. Frightened, on a phone, at 2am, not sure they even have a case.

You've clearly won the cases that matter. That is not the problem.

But there's a structural problem underneath it that isn't anyone's fault. The site is about the firm — the years, the awards, the team — and the visitor arrived with a situation. They want to know whether you handle this, what happens next, and whether it costs them anything to ask. Those three answers are usually the hardest things on the page to find. And your intake team spends its day sorting cases a form could have sorted.

Here's what I'd like to do about it. I'll build The Husband & Wife Law Team a homepage concept — a real one, designed for your business, not a template with your logo dropped in — and send it over. It costs you nothing and there's no obligation attached to it. If you like it we can talk. If you don't, you keep the ideas and I go away.

Worth two minutes of your time? Just reply yes.

[Sender Name]
Bothmade","Subject: the concept, as promised

Here it is — The Husband & Wife Law Team, as promised.

Case types up front in plain words, the results next to them, and an intake that works at 2am without a human on the line.

It's a static design rather than a working build, so nothing clicks. I'd rather show you the idea honestly than fake a demo.

Two things I'd like your answer to: which case type is worth the most to you? And would you let a form triage before a human speaks to them?

[Sender Name]",intake is the whole business and it runs through a form that asks for a name and a message,"No website found in research. Look up the site and address, or call.",field-run-003;personal-injury-law;AZ,75,20000,"$10,000","$35,000",06082026
The Injection Room,,Med spa,Austin,TX,USA,,cold-outreach,researched,"Subject: Austin · your regulars vs your website

Hi [First Name],

I looked at The Injection Room as somebody who has decided they want tox and just needs to pick where. Phone, evening, ten minutes of attention, maximum.

Your reputation locally is obvious, and that is the hardest part of this business to build.

There's a problem underneath it that isn't anybody's fault. Your reviews are your best salesperson and they live on Google, not on your homepage, where the person deciding between you and the spa down the road never sees them. The client doesn't wait until morning to call. She books wherever the button was.

Here's what I'd like to do about it. I'll build The Injection Room a homepage concept — a real one, designed for your business, not a template with your logo dropped in — and send it over. It costs you nothing and there's no obligation attached to it. If you like it we can talk. If you don't, you keep the ideas and I go away.

Should I put one together for you?

[Sender Name]
Bothmade","Subject: the concept, as promised

Here it is.

Booking is the homepage — pick the treatment, pick a time, done — with the reviews sitting right beside it where they close the sale.

It's a static design rather than a working build, so nothing clicks. I'd rather show you the idea honestly than fake a demo.

Two things I'd like your view on: are prices on the site a help or a headache for you? And which treatment brings you the most new clients?

[Sender Name]",the reviews doing the selling live on Google rather than on the homepage where the decision is made,"No website found in research. Look up the site and address, or call.",field-run-003;med-spa;TX,75,10000,"$5,000","$18,000",06082026
The Look Aesthetics,,Med spa,Nashville,TN,USA,,cold-outreach,researched,"Subject: Nashville · your regulars vs your website

Hi [First Name],

I looked at The Look Aesthetics as somebody who has decided they want tox and just needs to pick where. Phone, evening, ten minutes of attention, maximum.

Your reputation locally is obvious, and that is the hardest part of this business to build.

There's a problem underneath it that isn't anybody's fault. Your reviews are your best salesperson and they live on Google, not on your homepage, where the person deciding between you and the spa down the road never sees them. Every one of those is revenue that left without leaving a trace.

I'd like to build you one. A homepage concept for The Look Aesthetics, designed properly, at my expense — not a proposal, not a deck, the actual thing. Yours to keep whether we ever work together or not. Most people who see theirs want to talk. Some don't, and that's genuinely fine.

Should I put one together for you?

[Sender Name]
Bothmade","Subject: the concept, as promised

Here it is.

Treatments priced and bookable in two taps, reviews on the same screen, and the memberships made obvious rather than hidden three pages in.

It's a static design rather than a working build, so nothing clicks. I'd rather show you the idea honestly than fake a demo.

Two things I'd like your view on: are prices on the site a help or a headache for you? And which treatment brings you the most new clients?

[Sender Name]",the reviews doing the selling live on Google rather than on the homepage where the decision is made,"No website found in research. Look up the site and address, or call.",field-run-003;med-spa;TN,75,10000,"$5,000","$18,000",06082026
The Mabra Law Firm,,Personal injury law,Atlanta,GA,USA,,cold-outreach,researched,"Subject: Atlanta · what an injured caller needs first

Hi [First Name],

I looked at The Mabra Law Firm the way somebody who has never hired a lawyer before does. Frightened, on a phone, at 2am, not sure they even have a case.

The record is genuinely strong, and in this category that record is the whole product.

There's a problem underneath it that isn't anyone's fault. Intake is the whole business, and most firms send an injured person to a contact form that asks for a name and a message — so nobody can tell a real case from a tyre-kicker until somebody has spent an hour on the phone. That's a real case walking, on nothing but a website's tone.

Here's what I'd like to do about it. I'll build The Mabra Law Firm a homepage concept — a real one, designed for your business, not a template with your logo dropped in — and send it over. It costs you nothing and there's no obligation attached to it. If you like it we can talk. If you don't, you keep the ideas and I go away.

Should I put one together for you?

[Sender Name]
Bothmade","Subject: the concept, as promised

Here it is — The Mabra Law Firm, as promised.

Written for the injured person rather than about the firm: what happens next, what it costs to ask, and an intake that triages the case as it's typed.

It's a static design rather than a working build, so nothing clicks. I'd rather show you the idea honestly than fake a demo.

Two things I'd like your answer to: which case type is worth the most to you? And would you let a form triage before a human speaks to them?

[Sender Name]",intake is the whole business and it runs through a form that asks for a name and a message,"No website found in research. Look up the site and address, or call.",field-run-003;personal-injury-law;GA,75,20000,"$10,000","$35,000",06082026
The McArthur Law Firm,,Personal injury law,Atlanta,GA,USA,,cold-outreach,researched,"Subject: the 2am version of your site

Hi [First Name],

I went through your site in Atlanta the way an injured person does — on a phone, in pain, two days after a crash, with an adjuster already calling them.

You've clearly won the cases that matter. That is not the problem.

But there's a structural problem underneath it that isn't anyone's fault. The site is about the firm — the years, the awards, the team — and the visitor arrived with a situation. They want to know whether you handle this, what happens next, and whether it costs them anything to ask. Those three answers are usually the hardest things on the page to find. That's a real case walking, on nothing but a website's tone.

Here's my offer, and it's a simple one. Let me build The McArthur Law Firm a homepage concept for free. I'll design it around exactly this problem, send it over, and you decide. There's no obligation and nothing to sign to see it — I'd rather show you what we do than tell you.

Say the word and I'll start on it — want it?

[Sender Name]
Bothmade","Subject: the concept, as promised

Here it is — The McArthur Law Firm, as promised.

A homepage that answers the three questions every caller has in the first screen, and an intake form that arrives already sorted by case type and severity.

It's a design, not a live site — nothing on it actually clicks yet. I'd rather be straight about that than fake a working demo.

Two questions I'd genuinely like your view on either way: what's the one fact your intake team needs that a form never captures? And do most of your cases start as calls or as forms now?

[Sender Name]","the site is about the firm, and the visitor arrived with a situation and three questions it never answers","No website found in research. Look up the site and address, or call.",field-run-003;personal-injury-law;GA,75,20000,"$10,000","$35,000",06082026
The Nathan Clinic,info@drnathan.com,Plastic surgery,Miami,FL,USA,https://drnathan.com,cold-outreach,researched,"Subject: Miami · one thing about your consults

Hi [First Name],

I spent a while on your site as a patient would. Not at a desk — on a phone, at night, comparing you against two other Miami practices with fourteen tabs open.

The surgical reputation is clearly there, and the reviews say what reviews for a good practice say.

But something structural is working against you, and it isn't anyone's fault. The decision gets made at night, on a phone, and the two things that make it — the results and the price bracket — are the two hardest things to reach on most practice sites. That decision is live for about four minutes. If booking means a phone number and office hours, it's gone.

Here's my offer, and it's a simple one. Let me build The Nathan Clinic a homepage concept for free. I'll design it around exactly this problem, send it over, and you decide. There's no obligation and nothing to sign to see it — I'd rather show you what we do than tell you.

Want me to send one over?

[Sender Name]
Bothmade","Subject: The Nathan Clinic — here it is

Here it is.

The gallery is the homepage, filtered by procedure and swipeable properly. Booking a consult takes one tap from any result rather than a phone call in office hours.

It's a design, not a live site — nothing on it actually clicks yet. I'd rather be straight about that than fake a working demo.

Two questions I'd genuinely like your view on either way: which procedure do most of your consult requests come in for? And would you ever let someone book a consult without speaking to your coordinator first?

[Sender Name]",the gallery is what converts a consult and on a phone it is three taps deep and unfilterable,"Confirm the inbox before sending — info@ is the convention, not a verified address.",field-run-003;plastic-surgery;FL,75,16000,"$8,000","$28,000",06082026
The Plastic Surgery Center of Nashville,,Plastic surgery,Nashville,TN,USA,,cold-outreach,researched,"Subject: the 11pm version of your site

Hi [First Name],

I went looking for a plastic surgeon in Nashville the way a patient actually does — at eleven at night, on a phone, having already read every review twice.

The surgical reputation is clearly there, and the reviews say what reviews for a good practice say.

But something structural is working against you, and it isn't anyone's fault. The decision gets made at night, on a phone, and the two things that make it — the results and the price bracket — are the two hardest things to reach on most practice sites. So the request that would have come in at 11pm doesn't, and by morning she's booked a consult with whoever made it easy.

So rather than describe what I'd change, I'd rather just build it. I'll put together a homepage concept for The Plastic Surgery Center of Nashville, free, and send it to you. No meeting required to get it, no invoice at the end, no catch. Look at it for two minutes and tell me I'm wrong if I am.

Should I put one together for you?

[Sender Name]
Bothmade","Subject: The Plastic Surgery Center of Nashville — here it is

Here it is. Two minutes and you have seen it.

The gallery is the homepage, filtered by procedure and swipeable properly. Booking a consult takes one tap from any result rather than a phone call in office hours.

It's a design, not a live site — nothing on it actually clicks yet. I'd rather be straight about that than fake a working demo.

Two questions I'd genuinely like your view on either way: which procedure do most of your consult requests come in for? And would you ever let someone book a consult without speaking to your coordinator first?

[Sender Name]",the gallery is what converts a consult and on a phone it is three taps deep and unfilterable,"No website found in research. Look up the site and address, or call.",field-run-003;plastic-surgery;TN,75,16000,"$8,000","$28,000",06082026
Thompson Law,,Personal injury law,Dallas,TX,USA,,cold-outreach,researched,"Subject: one thing about your case pages

Hi [First Name],

I spent a while on your site as the person on the other end of your intake line would: rear-ended on Tuesday, off work, and being pressured to accept four thousand dollars.

You've clearly won the cases that matter. That is not the problem.

But there's a structural problem underneath it that isn't anyone's fault. The site is about the firm — the years, the awards, the team — and the visitor arrived with a situation. They want to know whether you handle this, what happens next, and whether it costs them anything to ask. Those three answers are usually the hardest things on the page to find. And your intake team spends its day sorting cases a form could have sorted.

Here's what I'd like to do about it. I'll build Thompson Law a homepage concept — a real one, designed for your business, not a template with your logo dropped in — and send it over. It costs you nothing and there's no obligation attached to it. If you like it we can talk. If you don't, you keep the ideas and I go away.

Say the word and I'll start on it — want it?

[Sender Name]
Bothmade","Subject: the concept, as promised

Here it is.

Written for the injured person rather than about the firm: what happens next, what it costs to ask, and an intake that triages the case as it's typed.

It's a static design rather than a working build, so nothing clicks. I'd rather show you the idea honestly than fake a demo.

Two things I'd like your answer to: which case type is worth the most to you? And would you let a form triage before a human speaks to them?

[Sender Name]",intake is the whole business and it runs through a form that asks for a name and a message,"No website found in research. Look up the site and address, or call.",field-run-003;personal-injury-law;TX,75,20000,"$10,000","$35,000",06082026
Timber Ridge Properties,,Kitchen and bath remodeling,Denver,CO,USA,,cold-outreach,researched,"Subject: what your form doesn't ask

Hi [First Name],

I spent a while on your site as a homeowner who has been putting this off for two years and has finally decided to do it.

The finished work looks genuinely good, and the reviews say the crews turn up — which in this trade is half the sale.

But there's a structural problem underneath it that isn't anyone's fault. Before-and-afters are what sell this, and they're usually shown as a small unfilterable gallery — so the homeowner with a galley kitchen never finds your galley kitchen. That's a $60k kitchen going to the company whose site made it feel easy.

Here's what I'd like to do about it. I'll build Timber Ridge Properties a homepage concept — a real one, designed for your business, not a template with your logo dropped in — and send it over. It costs you nothing and there's no obligation attached to it. If you like it we can talk. If you don't, you keep the ideas and I go away.

Worth two minutes of your time? Just reply yes.

[Sender Name]
Bothmade","Subject: Timber Ridge Properties — here it is

Here it is. Two minutes and you have seen it.

Projects sorted the way homeowners choose, ranges said out loud, and a form that arrives ready to quote.

It's a static design rather than a working build, so nothing clicks. I'd rather show you the idea honestly than fake a demo.

Two questions I'd like your answer to either way: would you show budget bands? And what do you wish every enquiry told you before you rang them back?

[Sender Name]",before-and-afters are what sell this and they are shown as a small unfilterable gallery,"No website found in research. Look up the site and address, or call.",field-run-003;kitchen-and-bath-remodeling;CO,75,8500,"$4,000","$15,000",06082026
Todd Mabry DDS,info@toddmabrydds.com,Cosmetic dentistry,Scottsdale,AZ,USA,https://toddmabrydds.com,cold-outreach,researched,"Subject: one thing worth flagging

Hi [First Name],

I looked at Todd Mabry DDS as somebody quietly researching a smile makeover would. On a phone, at night, not ready to ring a front desk yet.

The clinical side is clearly strong, and this is a category where patients can tell.

But there's a structural problem underneath it that isn't anyone's fault. A veneer case is a fifteen-thousand-dollar decision made from before-and-after photos and a price range — and on most practice sites the photos are buried in a subpage and the price is nowhere at all, which reads as expensive rather than as discreet. One case a month lost that way is more than a website costs, several times over.

I'd like to build you one. A homepage concept for Todd Mabry DDS, designed properly, at my expense — not a proposal, not a deck, the actual thing. Yours to keep whether we ever work together or not. Most people who see theirs want to talk. Some don't, and that's genuinely fine.

Should I put one together for you?

[Sender Name]
Bothmade","Subject: here it is

Here it is. Two minutes and you have seen it.

A homepage built for the cosmetic patient: before-and-afters at the top, the range in plain numbers, and a request form that takes fifteen seconds.

It's a static design rather than a working build, so nothing clicks. I'd rather show you the idea honestly than fake a demo.

Two things I'd genuinely like your view on: would you separate the cosmetic patient from the general one like this? And how many cases a month start as a form rather than a call?

[Sender Name]",the cosmetic patient and the check-up patient want opposite things from one homepage,"Confirm the inbox before sending — info@ is the convention, not a verified address.",field-run-003;cosmetic-dentistry;AZ,75,12000,"$6,000","$22,000",06082026
Together Design and Build,,Kitchen and bath remodeling,Austin,TX,USA,,cold-outreach,researched,"Subject: what your form doesn't ask

Hi [First Name],

I went through your site in Austin the way a homeowner planning a kitchen does — looking for a job like theirs, at a number they can live with.

The finished work looks genuinely good, and the reviews say the crews turn up — which in this trade is half the sale.

But there's a structural problem underneath it that isn't anyone's fault. Before-and-afters are what sell this, and they're usually shown as a small unfilterable gallery — so the homeowner with a galley kitchen never finds your galley kitchen. That's a $60k kitchen going to the company whose site made it feel easy.

I'd like to build you one. A homepage concept for Together Design and Build, designed properly, at my expense — not a proposal, not a deck, the actual thing. Yours to keep whether we ever work together or not. Most people who see theirs want to talk. Some don't, and that's genuinely fine.

Should I put one together for you?

[Sender Name]
Bothmade","Subject: the concept, as promised

Here it is.

Projects sorted the way homeowners choose, ranges said out loud, and a form that arrives ready to quote.

It's a static design rather than a working build, so nothing clicks. I'd rather show you the idea honestly than fake a demo.

Two questions I'd like your answer to either way: would you show budget bands? And what do you wish every enquiry told you before you rang them back?

[Sender Name]",before-and-afters are what sell this and they are shown as a small unfilterable gallery,"No website found in research. Look up the site and address, or call.",field-run-003;kitchen-and-bath-remodeling;TX,75,8500,"$4,000","$15,000",06082026
Total Med Solutions,,Med spa,Dallas,TX,USA,,cold-outreach,researched,"Subject: Dallas · your regulars vs your website

Hi [First Name],

I looked at Total Med Solutions as somebody who has decided they want tox and just needs to pick where. Phone, evening, ten minutes of attention, maximum.

The reviews are doing a lot of work for you, and the treatment menu is clearly built by people who know the category.

There's a problem underneath it that isn't anybody's fault. Your reviews are your best salesperson and they live on Google, not on your homepage, where the person deciding between you and the spa down the road never sees them. Every one of those is revenue that left without leaving a trace.

I'd like to build you one. A homepage concept for Total Med Solutions, designed properly, at my expense — not a proposal, not a deck, the actual thing. Yours to keep whether we ever work together or not. Most people who see theirs want to talk. Some don't, and that's genuinely fine.

Want me to send one over?

[Sender Name]
Bothmade","Subject: the concept, as promised

Here it is.

Everything a phone-first client needs in one screen: what it costs, what it looks like, and a slot on Thursday, without a phone call.

It's a static design rather than a working build, so nothing clicks. I'd rather show you the idea honestly than fake a demo.

Two things I'd like your view on: are prices on the site a help or a headache for you? And which treatment brings you the most new clients?

[Sender Name]",the reviews doing the selling live on Google rather than on the homepage where the decision is made,"No website found in research. Look up the site and address, or call.",field-run-003;med-spa;TX,75,10000,"$5,000","$18,000",06082026
Trimelogic USA,,Kitchen and bath remodeling,Atlanta,GA,USA,,cold-outreach,researched,"Subject: Atlanta · the unqualified enquiry problem

Hi [First Name],

I went through your site in Atlanta the way a homeowner planning a kitchen does — looking for a job like theirs, at a number they can live with.

The finished work looks genuinely good, and the reviews say the crews turn up — which in this trade is half the sale.

But there's a structural problem underneath it that isn't anyone's fault. Before-and-afters are what sell this, and they're usually shown as a small unfilterable gallery — so the homeowner with a galley kitchen never finds your galley kitchen. That's a $60k kitchen going to the company whose site made it feel easy.

I'd like to build you one. A homepage concept for Trimelogic USA, designed properly, at my expense — not a proposal, not a deck, the actual thing. Yours to keep whether we ever work together or not. Most people who see theirs want to talk. Some don't, and that's genuinely fine.

Should I put one together for you?

[Sender Name]
Bothmade","Subject: Trimelogic USA — here it is

Here it is — Trimelogic USA, as promised.

Projects sorted the way homeowners choose, ranges said out loud, and a form that arrives ready to quote.

It's a static design rather than a working build, so nothing clicks. I'd rather show you the idea honestly than fake a demo.

Two questions I'd like your answer to either way: would you show budget bands? And what do you wish every enquiry told you before you rang them back?

[Sender Name]",before-and-afters are what sell this and they are shown as a small unfilterable gallery,"No website found in research. Look up the site and address, or call.",field-run-003;kitchen-and-bath-remodeling;GA,75,8500,"$4,000","$15,000",06082026
Triumph Capital Management,,Wealth management,Denver,CO,USA,,cold-outreach,researched,"Subject: Denver · what a $5M prospect sees

Hi [First Name],

I went through your site in Denver the way somebody with a liquidity event does — quietly, on a phone, comparing three firms, telling nobody.

The fiduciary argument is a real one and you're on the right side of it.

But something structural is working against you, and it isn't anybody's fault. The prospect wants to know who you actually serve and what you actually charge, and compliance nerves mean neither is usually on the page, so they self-select out. So the eight-figure household never makes contact, and you never learn they were looking.

Here's my offer, and it's a simple one. Let me build Triumph Capital Management a homepage concept for free. I'll design it around exactly this problem, send it over, and you decide. There's no obligation and nothing to sign to see it — I'd rather show you what we do than tell you.

Worth two minutes of your time? Just reply yes.

[Sender Name]
Bothmade","Subject: the concept, as promised

Here it is — Triumph Capital Management, as promised.

Who you serve, said plainly, with the fee model stated in a way compliance can live with — and a first step that isn't ""schedule a call"".

It's a design, not a live site — nothing on it actually clicks yet. I'd rather be straight about that than fake a working demo.

Two questions either way: how much of your fee model would compliance let you state publicly? And what's the client profile you'd most like more of?

[Sender Name]","every firm in the category says the same three things, so a real prospect has no way to tell you apart","No website found in research. Look up the site and address, or call.",field-run-003;wealth-management;CO,75,15000,"$8,000","$25,000",06082026
Tropical Creations by Oliver,info@tropicalcreationsoliver.com,Landscape design build,Naples,FL,USA,https://tropicalcreationsoliver.com,cold-outreach,researched,"Subject: Naples · what a design client can't find

Hi [First Name],

I looked at Tropical Creations by Oliver as somebody planning a serious outdoor project would: design-led, photo-first, and quietly worried about what it will cost.

The work is beautiful and clearly design-led, which is rarer in this trade than it should be.

But there's a structural problem underneath it that isn't anyone's fault. Design-led buyers choose from images, and your images are shown as a scroll rather than something you can narrow by style, scale or budget. That's a design fee lost to the studio with a better-sorted website.

Here's what I'd like to do about it. I'll build Tropical Creations by Oliver a homepage concept — a real one, designed for your business, not a template with your logo dropped in — and send it over. It costs you nothing and there's no obligation attached to it. If you like it we can talk. If you don't, you keep the ideas and I go away.

Say the word and I'll start on it — want it?

[Sender Name]
Bothmade","Subject: the concept, as promised

Here it is — Tropical Creations by Oliver, as promised.

The portfolio narrowed the way designers choose, and a brief form that captures the lot, the ambition and the timing.

It's a static design rather than a working build, so nothing clicks. I'd rather show you the idea honestly than fake a demo.

Two questions either way: do clients come to you for design or for build first? And would publishing a design fee range help or hurt?

[Sender Name]","design-led buyers choose from images, and the images cannot be narrowed by style, scale or budget","Confirm the inbox before sending — info@ is the convention, not a verified address.",field-run-003;landscape-design-build;FL,75,9000,"$5,000","$16,000",06082026
USA Plastic Surgery,info@usaplasticsurgery.com,Plastic surgery,Dallas,TX,USA,https://usaplasticsurgery.com,cold-outreach,researched,"Subject: where your consult requests go

Hi [First Name],

I looked at USA Plastic Surgery the way a woman who has been thinking about this for two years looks at it. Phone, evening, already knows what she wants, wants to know if you're the one to do it.

You are obviously good at this. The work and the reputation both hold up.

But there's a problem underneath it that isn't anyone's fault. Nobody chooses a surgeon from a paragraph. They choose from the gallery, and the gallery is nearly always buried behind a menu, unfilterable, and painful to swipe through on the device it's being viewed on. That decision is live for about four minutes. If booking means a phone number and office hours, it's gone.

I'd like to build you one. A homepage concept for USA Plastic Surgery, designed properly, at my expense — not a proposal, not a deck, the actual thing. Yours to keep whether we ever work together or not. Most people who see theirs want to talk. Some don't, and that's genuinely fine.

Should I put one together for you?

[Sender Name]
Bothmade","Subject: the concept, as promised

Here it is.

A phone-first layout: results at the top filterable by procedure, the reviews next to them where they do the most work, and a consult request that takes fifteen seconds at midnight.

It's a static design rather than a working build, so nothing clicks. I'd rather show you the idea honestly than fake a demo.

Two things I'd like your answer to: is it the gallery or the reviews that closes a consult for you? And does putting a price bracket on the site help you or waste your time?

[Sender Name]","the consult decision happens at 11pm on a phone, and booking means a phone number and office hours","Confirm the inbox before sending — info@ is the convention, not a verified address.",field-run-003;plastic-surgery;TX,75,16000,"$8,000","$28,000",06082026
Ultimate Image MedSpa,info@ultimateimagemedspa.com,Med spa,Dallas,TX,USA,https://ultimateimagemedspa.com,cold-outreach,researched,"Subject: one thing about your booking

Hi [First Name],

I looked at Ultimate Image MedSpa the way a client who follows you on Instagram does — arriving from a phone, already sold on the treatment, just needing a time.

The reviews are doing a lot of work for you, and the treatment menu is clearly built by people who know the category.

But something structural is working against you here, and it isn't anyone's fault. Everyone arriving is already sold — they want a time, not a description — and most spa sites are built to describe treatments rather than to sell a slot on Thursday. Every one of those is revenue that left without leaving a trace.

Here's what I'd like to do about it. I'll build Ultimate Image MedSpa a homepage concept — a real one, designed for your business, not a template with your logo dropped in — and send it over. It costs you nothing and there's no obligation attached to it. If you like it we can talk. If you don't, you keep the ideas and I go away.

Say the word and I'll start on it — want it?

[Sender Name]
Bothmade","Subject: the concept, as promised

Here it is — Ultimate Image MedSpa, as promised.

Everything a phone-first client needs in one screen: what it costs, what it looks like, and a slot on Thursday, without a phone call.

It's a static design rather than a working build, so nothing clicks. I'd rather show you the idea honestly than fake a demo.

Two things I'd like your view on: are prices on the site a help or a headache for you? And which treatment brings you the most new clients?

[Sender Name]",the reviews doing the selling live on Google rather than on the homepage where the decision is made,"Confirm the inbox before sending — info@ is the convention, not a verified address.",field-run-003;med-spa;TX,75,10000,"$5,000","$18,000",06082026
Van Wey Law,,Personal injury law,Dallas,TX,USA,,cold-outreach,researched,"Subject: one thing about your case pages

Hi [First Name],

I went through your site in Dallas the way an injured person does — on a phone, in pain, two days after a crash, with an adjuster already calling them.

The results speak for themselves, and the trial experience is obvious.

But something structural is working against you, and it isn't anybody's fault. Every firm in town says the same four things on the same dark blue homepage, so a frightened person has no way to tell you apart, and defaults to whoever's billboard they remember. So the case that was worth a quarter of a million rings the firm whose site felt like it was written for them.

Here's what I'd like to do about it. I'll build Van Wey Law a homepage concept — a real one, designed for your business, not a template with your logo dropped in — and send it over. It costs you nothing and there's no obligation attached to it. If you like it we can talk. If you don't, you keep the ideas and I go away.

Say the word and I'll start on it — want it?

[Sender Name]
Bothmade","Subject: the concept, as promised

Here it is.

A homepage that answers the three questions every caller has in the first screen, and an intake form that arrives already sorted by case type and severity.

It's a static design rather than a working build, so nothing clicks. I'd rather show you the idea honestly than fake a demo.

Two things I'd like your answer to: which case type is worth the most to you? And would you let a form triage before a human speaks to them?

[Sender Name]",intake is the whole business and it runs through a form that asks for a name and a message,"No website found in research. Look up the site and address, or call.",field-run-003;personal-injury-law;TX,75,20000,"$10,000","$35,000",06082026
Venturi Private Wealth,,Wealth management,Denver,CO,USA,,cold-outreach,researched,"Subject: one thing worth flagging

Hi [First Name],

I looked at Venturi Private Wealth the way a business owner who just sold would: checking whether you handle people like them before they'd ever make contact.

Fee-only and independent is a genuinely strong position, and the credentials are clear.

But there's a structural problem underneath it that isn't anyone's fault. Everybody in this category says the same things — independent, fiduciary, personalised — on the same navy blue site, so a prospect with real money has no way to tell you from the firm across the street. That's the introduction that would have paid for a decade of website, not happening.

I'd like to build you one. A homepage concept for Venturi Private Wealth, designed properly, at my expense — not a proposal, not a deck, the actual thing. Yours to keep whether we ever work together or not. Most people who see theirs want to talk. Some don't, and that's genuinely fine.

Want me to build you one?

[Sender Name]
Bothmade","Subject: the concept, as promised

Here it is — Venturi Private Wealth, as promised.

A homepage that names the client you want, the problem you solve for them, and what working together actually costs.

It's a static design rather than a working build, so nothing clicks. I'd rather show you the idea honestly than fake a demo.

Two questions either way: how much of your fee model would compliance let you state publicly? And what's the client profile you'd most like more of?

[Sender Name]","every firm in the category says the same three things, so a real prospect has no way to tell you apart","No website found in research. Look up the site and address, or call.",field-run-003;wealth-management;CO,75,15000,"$8,000","$25,000",06082026
Verde Builders Custom Homes,info@verdebuildersaustin.com,Custom home building,Austin,TX,USA,https://verdebuildersaustin.com,cold-outreach,researched,"Subject: Austin · the $3M enquiry problem

Hi [First Name],

I looked at Verde Builders Custom Homes as somebody about to hand a builder several million dollars would. They look at photos, they look for a long time, and they are trying to find themselves in your work.

The homes are genuinely good and the reputation is clearly earned.

But there's a structural problem underneath it that isn't anyone's fault. Your portfolio is the entire product and it's shown as a grid of thumbnails with no way to sort by budget, style or scope. The buyer with a specific project cannot find the one job that looks like theirs, and that project is the only thing that would have convinced them. And half the calls you do take were never going to be anything.

I'd like to build you one. A homepage concept for Verde Builders Custom Homes, designed properly, at my expense — not a proposal, not a deck, the actual thing. Yours to keep whether we ever work together or not. Most people who see theirs want to talk. Some don't, and that's genuinely fine.

Say the word and I'll start on it — want it?

[Sender Name]
Bothmade","Subject: here it is

Here it is. Two minutes and you have seen it.

A portfolio you can filter and an enquiry that asks about the lot, the budget and the timing — so your first call starts where the third one currently does.

It's a static design rather than a working build, so nothing clicks. I'd rather show you the idea honestly than fake a demo.

Two things I'd like your answer to: do people arrive with a lot already, or before? And would showing the process month by month help you or scare people?

[Sender Name]","the enquiry form asks for a name and a message, so every lead arrives unqualified","Confirm the inbox before sending — info@ is the convention, not a verified address.",field-run-003;custom-home-building;TX,75,22000,"$12,000","$35,000",06082026
Vixen Plastic Surgery,,Plastic surgery,Miami,FL,USA,,cold-outreach,researched,"Subject: the 11pm version of your site

Hi [First Name],

I went looking for a plastic surgeon in Miami the way a patient actually does — at eleven at night, on a phone, having already read every review twice.

The results speak for themselves — that part isn't in question, and neither is the credentialing.

But there's a problem underneath it that isn't anyone's fault. Nobody chooses a surgeon from a paragraph. They choose from the gallery, and the gallery is nearly always buried behind a menu, unfilterable, and painful to swipe through on the device it's being viewed on. That decision is live for about four minutes. If booking means a phone number and office hours, it's gone.

So rather than describe what I'd change, I'd rather just build it. I'll put together a homepage concept for Vixen Plastic Surgery, free, and send it to you. No meeting required to get it, no invoice at the end, no catch. Look at it for two minutes and tell me I'm wrong if I am.

Say the word and I'll start on it — want it?

[Sender Name]
Bothmade","Subject: Vixen Plastic Surgery — here it is

Here it is.

Results first, filterable by procedure, sized for a phone — because that's the device and that's the decision. Consult booking sits on the same screen rather than behind a phone number.

It's a design, not a live site — nothing on it actually clicks yet. I'd rather be straight about that than fake a working demo.

Two questions I'd genuinely like your view on either way: which procedure do most of your consult requests come in for? And would you ever let someone book a consult without speaking to your coordinator first?

[Sender Name]",the gallery is what converts a consult and on a phone it is three taps deep and unfilterable,"No website found in research. Look up the site and address, or call.",field-run-003;plastic-surgery;FL,75,16000,"$8,000","$28,000",06082026
Walden Dental,,Cosmetic dentistry,Austin,TX,USA,,cold-outreach,researched,"Subject: one thing worth flagging

Hi [First Name],

I looked at Walden Dental the way a patient who has been putting this off for three years looks at it — half-decided, on a phone, easily scared off.

The case work speaks for itself, and the reviews back it up.

But there's a structural problem underneath it that isn't anyone's fault. A veneer case is a fifteen-thousand-dollar decision made from before-and-after photos and a price range — and on most practice sites the photos are buried in a subpage and the price is nowhere at all, which reads as expensive rather than as discreet. That's the biggest case of the month deciding not to ring.

I'd like to build you one. A homepage concept for Walden Dental, designed properly, at my expense — not a proposal, not a deck, the actual thing. Yours to keep whether we ever work together or not. Most people who see theirs want to talk. Some don't, and that's genuinely fine.

Worth two minutes of your time? Just reply yes.

[Sender Name]
Bothmade","Subject: the concept, as promised

Here it is — Walden Dental, as promised.

Smile-makeover cases up front, the reviews next to them, financing said out loud, and booking that doesn't need your front desk to be awake.

It's a static design rather than a working build, so nothing clicks. I'd rather show you the idea honestly than fake a demo.

Two things I'd genuinely like your view on: would you separate the cosmetic patient from the general one like this? And how many cases a month start as a form rather than a call?

[Sender Name]",the cosmetic patient and the check-up patient want opposite things from one homepage,"No website found in research. Look up the site and address, or call.",field-run-003;cosmetic-dentistry;TX,75,12000,"$6,000","$22,000",06082026
Waters Kraus Paul & Siegel,,Personal injury law,Dallas,TX,USA,,cold-outreach,researched,"Subject: the 2am version of your site

Hi [First Name],

I went through your site in Dallas the way an injured person does — on a phone, in pain, two days after a crash, with an adjuster already calling them.

The record is genuinely strong, and in this category that record is the whole product.

There's a problem underneath it that isn't anyone's fault. Intake is the whole business, and most firms send an injured person to a contact form that asks for a name and a message — so nobody can tell a real case from a tyre-kicker until somebody has spent an hour on the phone. So the case that was worth a quarter of a million rings the firm whose site felt like it was written for them.

Here's my offer, and it's a simple one. Let me build Waters Kraus Paul & Siegel a homepage concept for free. I'll design it around exactly this problem, send it over, and you decide. There's no obligation and nothing to sign to see it — I'd rather show you what we do than tell you.

Worth two minutes of your time? Just reply yes.

[Sender Name]
Bothmade","Subject: here it is

Here it is.

A homepage that answers the three questions every caller has in the first screen, and an intake form that arrives already sorted by case type and severity.

It's a design, not a live site — nothing on it actually clicks yet. I'd rather be straight about that than fake a working demo.

Two questions I'd genuinely like your view on either way: what's the one fact your intake team needs that a form never captures? And do most of your cases start as calls or as forms now?

[Sender Name]","the site is about the firm, and the visitor arrived with a situation and three questions it never answers","No website found in research. Look up the site and address, or call.",field-run-003;personal-injury-law;TX,75,20000,"$10,000","$35,000",06082026
Weisz Selection Outdoor Living Specialists,,Landscape design build,Dallas,TX,USA,,cold-outreach,researched,"Subject: one thing about your portfolio

Hi [First Name],

I went through your site in Dallas the way a homeowner commissioning a garden does — hunting for a project that looks like their lot and their taste.

The gardens photograph well and the craft is obvious.

But something structural is in the way, and it isn't anybody's fault. Nobody explains where design ends and build begins, or what either costs, so the enquiry arrives vague and the first call is spent on scope instead of the garden. So the client who wanted exactly what you do never realises you do it.

So rather than describe what I'd change, I'd rather just build it. I'll put together a homepage concept for Weisz Selection Outdoor Living Specialists, free, and send it to you. No meeting required to get it, no invoice at the end, no catch. Look at it for two minutes and tell me I'm wrong if I am.

Want me to send one over?

[Sender Name]
Bothmade","Subject: here it is

Here it is — Weisz Selection Outdoor Living Specialists, as promised.

Projects filterable by style, scale and budget band, with the design process laid out so the enquiry arrives knowing what it's asking for.

It's a design, not a live site — nothing on it actually clicks yet. I'd rather be straight about that than fake a working demo.

Two questions either way: do clients come to you for design or for build first? And would publishing a design fee range help or hurt?

[Sender Name]","design-led buyers choose from images, and the images cannot be narrowed by style, scale or budget","No website found in research. Look up the site and address, or call.",field-run-003;landscape-design-build;TX,75,9000,"$5,000","$16,000",06082026
WestEnd Advisors,,Wealth management,Charlotte,NC,USA,,cold-outreach,researched,"Subject: one thing worth flagging

Hi [First Name],

I looked at WestEnd Advisors the way a business owner who just sold would: checking whether you handle people like them before they'd ever make contact.

Fee-only and independent is a genuinely strong position, and the credentials are clear.

But there's a structural problem underneath it that isn't anyone's fault. Everybody in this category says the same things — independent, fiduciary, personalised — on the same navy blue site, so a prospect with real money has no way to tell you from the firm across the street. That's the introduction that would have paid for a decade of website, not happening.

I'd like to build you one. A homepage concept for WestEnd Advisors, designed properly, at my expense — not a proposal, not a deck, the actual thing. Yours to keep whether we ever work together or not. Most people who see theirs want to talk. Some don't, and that's genuinely fine.

Should I put one together for you?

[Sender Name]
Bothmade","Subject: the concept, as promised

Here it is — WestEnd Advisors, as promised.

A homepage that names the client you want, the problem you solve for them, and what working together actually costs.

It's a static design rather than a working build, so nothing clicks. I'd rather show you the idea honestly than fake a demo.

Two questions either way: how much of your fee model would compliance let you state publicly? And what's the client profile you'd most like more of?

[Sender Name]","every firm in the category says the same three things, so a real prospect has no way to tell you apart","No website found in research. Look up the site and address, or call.",field-run-003;wealth-management;NC,75,15000,"$8,000","$25,000",06082026
Whitlock Builders,,Custom home building,Charlotte,NC,USA,,cold-outreach,researched,"Subject: Charlotte · the $3M enquiry problem

Hi [First Name],

I looked at Whitlock Builders as somebody about to hand a builder several million dollars would. They look at photos, they look for a long time, and they are trying to find themselves in your work.

Nobody builds at this level by accident — the craft comes across.

But there's a structural problem underneath it that isn't anyone's fault. Your portfolio is the entire product and it's shown as a grid of thumbnails with no way to sort by budget, style or scope. The buyer with a specific project cannot find the one job that looks like theirs, and that project is the only thing that would have convinced them. So they leave without finding it, and go and look at the builder whose site let them filter.

I'd like to build you one. A homepage concept for Whitlock Builders, designed properly, at my expense — not a proposal, not a deck, the actual thing. Yours to keep whether we ever work together or not. Most people who see theirs want to talk. Some don't, and that's genuinely fine.

Should I put one together for you?

[Sender Name]
Bothmade","Subject: the concept, as promised

Here it is.

Projects sortable the way people actually choose, plus the process laid out month by month, because that's the thing they're really nervous about.

It's a static design rather than a working build, so nothing clicks. I'd rather show you the idea honestly than fake a demo.

Two things I'd like your answer to: do people arrive with a lot already, or before? And would showing the process month by month help you or scare people?

[Sender Name]","the enquiry form asks for a name and a message, so every lead arrives unqualified","No website found in research. Look up the site and address, or call.",field-run-003;custom-home-building;NC,75,22000,"$12,000","$35,000",06082026
Wildrose Aesthetics,,Med spa,Newport Beach,CA,USA,,cold-outreach,researched,"Subject: the gap between your reviews and your site

Hi [First Name],

I spent twenty minutes on your site the way a first-time client would: scrolling on a phone, comparing you against two other Newport Beach spas, ready to book if someone made it easy.

The client loyalty in this category is everything and yours reads real.

But something structural is working against you here, and it isn't anyone's fault. Everyone arriving is already sold — they want a time, not a description — and most spa sites are built to describe treatments rather than to sell a slot on Thursday. Every one of those is revenue that left without leaving a trace.

So rather than describe what I'd change, I'd rather just build it. I'll put together a homepage concept for Wildrose Aesthetics, free, and send it to you. No meeting required to get it, no invoice at the end, no catch. Look at it for two minutes and tell me I'm wrong if I am.

Worth two minutes of your time? Just reply yes.

[Sender Name]
Bothmade","Subject: here it is

Here it is — Wildrose Aesthetics, as promised.

Everything a phone-first client needs in one screen: what it costs, what it looks like, and a slot on Thursday, without a phone call.

It's a design, not a live site — nothing on it actually clicks yet. I'd rather be straight about that than fake a working demo.

Two questions I'd genuinely like your answer to either way: would you let clients book without a consult call first? And is membership the thing you'd want pushed hardest here?

[Sender Name]","everyone arriving is already sold and wants a time, and the site is built to describe treatments instead","No website found in research. Look up the site and address, or call.",field-run-003;med-spa;CA,75,10000,"$5,000","$18,000",06082026
Wolfson & Leon,,Personal injury law,Miami,FL,USA,,cold-outreach,researched,"Subject: Miami · what an injured caller needs first

Hi [First Name],

I spent a while on your site as the person on the other end of your intake line would: rear-ended on Tuesday, off work, and being pressured to accept four thousand dollars.

You've clearly won the cases that matter. That is not the problem.

But there's a structural problem underneath it that isn't anyone's fault. The site is about the firm — the years, the awards, the team — and the visitor arrived with a situation. They want to know whether you handle this, what happens next, and whether it costs them anything to ask. Those three answers are usually the hardest things on the page to find. So the case that was worth a quarter of a million rings the firm whose site felt like it was written for them.

I'd like to build you one. A homepage concept for Wolfson & Leon, designed properly, at my expense — not a proposal, not a deck, the actual thing. Yours to keep whether we ever work together or not. Most people who see theirs want to talk. Some don't, and that's genuinely fine.

Want me to send one over?

[Sender Name]
Bothmade","Subject: Wolfson & Leon — here it is

Here it is.

A homepage that answers the three questions every caller has in the first screen, and an intake form that arrives already sorted by case type and severity.

It's a static design rather than a working build, so nothing clicks. I'd rather show you the idea honestly than fake a demo.

Two things I'd like your answer to: which case type is worth the most to you? And would you let a form triage before a human speaks to them?

[Sender Name]",intake is the whole business and it runs through a form that asks for a name and a message,"No website found in research. Look up the site and address, or call.",field-run-003;personal-injury-law;FL,75,20000,"$10,000","$35,000",06082026
Young Facial Plastic Surgery Center,,Plastic surgery,Nashville,TN,USA,,cold-outreach,researched,"Subject: the 11pm version of your site

Hi [First Name],

I went looking for a plastic surgeon in Nashville the way a patient actually does — at eleven at night, on a phone, having already read every review twice.

The results speak for themselves — that part isn't in question, and neither is the credentialing.

But there's a problem underneath it that isn't anyone's fault. Nobody chooses a surgeon from a paragraph. They choose from the gallery, and the gallery is nearly always buried behind a menu, unfilterable, and painful to swipe through on the device it's being viewed on. The patient who was ready doesn't come back tomorrow. She books with the practice whose site answered her at midnight.

So rather than describe what I'd change, I'd rather just build it. I'll put together a homepage concept for Young Facial Plastic Surgery Center, free, and send it to you. No meeting required to get it, no invoice at the end, no catch. Look at it for two minutes and tell me I'm wrong if I am.

Want me to build you one?

[Sender Name]
Bothmade","Subject: here it is

Here it is.

The gallery is the homepage, filtered by procedure and swipeable properly. Booking a consult takes one tap from any result rather than a phone call in office hours.

It's a design, not a live site — nothing on it actually clicks yet. I'd rather be straight about that than fake a working demo.

Two questions I'd genuinely like your view on either way: which procedure do most of your consult requests come in for? And would you ever let someone book a consult without speaking to your coordinator first?

[Sender Name]",the gallery is what converts a consult and on a phone it is three taps deep and unfilterable,"No website found in research. Look up the site and address, or call.",field-run-003;plastic-surgery;TN,75,16000,"$8,000","$28,000",06082026
ZONA Med Spa,,Med spa,Scottsdale,AZ,USA,,cold-outreach,researched,"Subject: booking you at 9pm

Hi [First Name],

I went looking for a med spa in Scottsdale the way a new client does — on a phone, in the evening, three tabs open, wanting to book Botox for Thursday.

Your reputation locally is obvious, and that is the hardest part of this business to build.

But there's a structural problem underneath it that isn't anyone's fault. A website can list treatments; it can't take a booking at nine at night, and nine at night is when the decision gets made. Most spa sites hand that moment to a phone number and office hours. Every one of those is revenue that left without leaving a trace.

So rather than describe what I'd change, I'd rather just build it. I'll put together a homepage concept for ZONA Med Spa, free, and send it to you. No meeting required to get it, no invoice at the end, no catch. Look at it for two minutes and tell me I'm wrong if I am.

Worth two minutes of your time? Just reply yes.

[Sender Name]
Bothmade","Subject: here it is

Here it is.

Treatments priced and bookable in two taps, reviews on the same screen, and the memberships made obvious rather than hidden three pages in.

It's a design, not a live site — nothing on it actually clicks yet. I'd rather be straight about that than fake a working demo.

Two questions I'd genuinely like your answer to either way: would you let clients book without a consult call first? And is membership the thing you'd want pushed hardest here?

[Sender Name]","everyone arriving is already sold and wants a time, and the site is built to describe treatments instead","No website found in research. Look up the site and address, or call.",field-run-003;med-spa;AZ,75,10000,"$5,000","$18,000",06082026
Zbranek & Holt Custom Homes,info@zhcustomhomes.com,Custom home building,Austin,TX,USA,https://zhcustomhomes.com,cold-outreach,researched,"Subject: Austin · the $3M enquiry problem

Hi [First Name],

I looked at Zbranek & Holt Custom Homes as somebody about to hand a builder several million dollars would. They look at photos, they look for a long time, and they are trying to find themselves in your work.

Nobody builds at this level by accident — the craft comes across.

But something structural is working against you, and it isn't anybody's fault. What people are actually frightened of is the process — eighteen months, their money, decisions they've never made before — and almost no builder's site addresses that anywhere, so the fear does its work in silence. So they leave without finding it, and go and look at the builder whose site let them filter.

Here's what I'd like to do about it. I'll build Zbranek & Holt Custom Homes a homepage concept — a real one, designed for your business, not a template with your logo dropped in — and send it over. It costs you nothing and there's no obligation attached to it. If you like it we can talk. If you don't, you keep the ideas and I go away.

Should I put one together for you?

[Sender Name]
Bothmade","Subject: here it is

Here it is. Two minutes and you have seen it.

A portfolio you can filter and an enquiry that asks about the lot, the budget and the timing — so your first call starts where the third one currently does.

It's a static design rather than a working build, so nothing clicks. I'd rather show you the idea honestly than fake a demo.

Two things I'd like your answer to: do people arrive with a lot already, or before? And would showing the process month by month help you or scare people?

[Sender Name]","the enquiry form asks for a name and a message, so every lead arrives unqualified","Confirm the inbox before sending — info@ is the convention, not a verified address.",field-run-003;custom-home-building;TX,75,22000,"$12,000","$35,000",06082026
Zuri Plastic Surgery,info@zuriplasticsurgery.com,Plastic surgery,Miami,FL,USA,https://zuriplasticsurgery.com,cold-outreach,researched,"Subject: Miami · one thing about your consults

Hi [First Name],

I spent a while on your site as a patient would. Not at a desk — on a phone, at night, comparing you against two other Miami practices with fourteen tabs open.

The surgical reputation is clearly there, and the reviews say what reviews for a good practice say.

But there's a structural problem underneath it that isn't anyone's fault. Your before-and-afters are the product — they are the single thing that converts — and on a phone they're usually three taps deep, in a viewer that fights you, with no way to filter to the one procedure she actually came for. That decision is live for about four minutes. If booking means a phone number and office hours, it's gone.

So rather than describe what I'd change, I'd rather just build it. I'll put together a homepage concept for Zuri Plastic Surgery, free, and send it to you. No meeting required to get it, no invoice at the end, no catch. Look at it for two minutes and tell me I'm wrong if I am.

Want me to build you one?

[Sender Name]
Bothmade","Subject: Zuri Plastic Surgery — here it is

Here it is.

Results first, filterable by procedure, sized for a phone — because that's the device and that's the decision. Consult booking sits on the same screen rather than behind a phone number.

It's a design, not a live site — nothing on it actually clicks yet. I'd rather be straight about that than fake a working demo.

Two questions I'd genuinely like your view on either way: which procedure do most of your consult requests come in for? And would you ever let someone book a consult without speaking to your coordinator first?

[Sender Name]",the gallery is what converts a consult and on a phone it is three taps deep and unfilterable,"Confirm the inbox before sending — info@ is the convention, not a verified address.",field-run-003;plastic-surgery;FL,75,16000,"$8,000","$28,000",06082026
