company,email,industry,city,state,country,originalWebsite,source,status,personalisedColdEmail,mockupEmail,personalizedObservation,salesNote,tags,leadScore,estimatedValue,lowestEstimate,highestEstimate,dateAdded
A & N Pools,info@anpoolsinc.com,Pool building,Palm Desert,CA,USA,https://anpoolsinc.com,cold-outreach,researched,"Subject: what does one like mine cost

Hi [First Name],

Looked at A & N Pools the way a homeowner in Palm Desert does — trying to find a build that looks like my backyard, at roughly my number. One long scroll, no way to narrow it, no price anywhere.

That's a ninety-thousand-dollar build going to the company that answered the money question first.

Gallery filterable by size, style and budget. A starting number said out loud.

Let me build it for you. A real homepage for A & N Pools, on me, before we ever talk money. If it's good you'll know in ten seconds. If it isn't, you've lost nothing.

Should I send it over?

[Sender Name]
Bothmade","Subject: built it

Here it is.

Builds filterable by size, style and budget band, with a starting range stated plainly and a timeline from signing to swimming.

It's a design, not a build — nothing clicks yet. Didn't want to fake a demo.

One question: would you publish a starting price, or does that cost you more than it wins?

[Sender Name]","the gallery cannot be sorted, so nobody finds a build that looks like their own yard",Address published by the business itself — verified in research.,field-run-009;pool-building;CA;confirmed-email,85,10000,"$5,000","$18,000",06082026
AM Landscape Construction,am@landscapingam.com,Landscape design build,San Diego,CA,USA,https://landscapingam.com,cold-outreach,researched,"Subject: your gardens, sorted

Hi [First Name],

Your gardens are genuinely good. A design-led client chooses from images and yours can't be narrowed, so they never find the one that looks like their lot.

So the client who wanted exactly what you do never works out that you do it.

Projects filterable by style, scale and budget. The design process spelled out so the brief arrives specific.

So here's what I'll do. I'll build AM Landscape Construction that homepage. Free. Not a slide, not a proposal — the actual page, designed for your business. Yours to keep whether you hire me or not.

Want it?

[Sender Name]
Bothmade","Subject: here it is

Here it is.

Projects filterable by style, scale and budget band, with the design process spelled out — so the brief that reaches you already knows what it's asking for.

Static design, so nothing on it works yet. I'd rather show you the real idea than a fake demo.

One question: would publishing a design fee range help you or cost you?

[Sender Name]","design-led buyers choose from images and yours cannot be narrowed by style, scale or budget",Address published by the business itself — verified in research.,field-run-009;landscape-design-build;CA;confirmed-email,85,9000,"$5,000","$16,000",06082026
ANR Landscaping,anrlandscapingservices@gmail.com,Landscape design build,Fort Lauderdale,FL,USA,https://anrlandscaping.com,cold-outreach,researched,"Subject: design fee, unsaid

Hi [First Name],

Went through ANR Landscaping's work the way a homeowner commissioning a garden does. It's beautiful. It's also one long scroll — no way to narrow by style, scale or budget, and nothing about what design costs.

And the inquiries that land are vague, so the first call is about scope instead of the garden.

Projects filterable by style, scale and budget. The design process spelled out so the brief arrives specific.

I'd like to build it and show you. One homepage, designed for ANR Landscaping, free. Not a template with your logo on it. The real thing, and it's yours whether we work together or not.

Say yes and it's yours by Friday.

[Sender Name]
Bothmade","Subject: ANR Landscaping — built it

Built it. Here.

Projects filterable by style, scale and budget band, with the design process spelled out — so the brief that reaches you already knows what it's asking for.

It's a design, not a build — nothing clicks yet. Didn't want to fake a demo.

One question: would publishing a design fee range help you or cost you?

[Sender Name]","design-led buyers choose from images and yours cannot be narrowed by style, scale or budget",Address published by the business itself — verified in research.,field-run-009;landscape-design-build;FL;confirmed-email,85,9000,"$5,000","$16,000",06082026
Accent Kitchens and Bath,info@accentkitchensandbath.com,Kitchen and bath remodeling,Virginia Beach,VA,USA,https://accentkitchensandbath.com,cold-outreach,researched,"Subject: your before-and-afters

Hi [First Name],

Looked at Accent Kitchens and Bath the way a homeowner with a sixty-thousand-dollar kitchen in mind does. Your finished work is good. There was no way to find a kitchen like mine, and no way to tell you what my job actually is.

That's a $60k kitchen going to the company whose site made it feel easy.

Projects filterable by room, style and budget. A form that asks about the job, so it arrives ready to quote.

Let me build it for you. A real homepage for Accent Kitchens and Bath, on me, before we ever talk money. If it's good you'll know in ten seconds. If it isn't, you've lost nothing.

Want it?

[Sender Name]
Bothmade","Subject: built it

Here it is.

Before-and-afters filterable by room, style and budget band. The inquiry asks about the room, the scope and the timing — so it lands ready to quote instead of ready to interview.

It's a design, not a build — nothing clicks yet. Didn't want to fake a demo.

One question: what do you wish every inquiry told you before you called them back?

[Sender Name]",before-and-afters are what sell this and they sit in a gallery nobody can filter,Address published by the business itself — verified in research.,field-run-009;kitchen-and-bath-remodeling;VA;confirmed-email,85,8500,"$4,000","$15,000",06082026
Arnold Dental,info@lexingtonsmiles.com,Cosmetic dentistry,Lexington,KY,USA,https://cosmeticdentistryoflexington.com,cold-outreach,researched,"Subject: cases, price, booking

Hi [First Name],

Went looking for veneers in Lexington the way a patient does. Nine at night, on a phone, three years of putting it off. Found Arnold Dental. Couldn't find a case that looked like mine, couldn't find a price, couldn't book.

That's the biggest case of the month deciding not to call you.

Before-and-afters up front, the range in plain numbers, financing mentioned before they ask.

Here's my offer. I'll design that page for Arnold Dental and send it over. No charge, no meeting to get it, no invoice at the end. Keep it either way — I'd rather you saw the work than read about it.

Say yes and it's yours by Friday.

[Sender Name]
Bothmade","Subject: built it

Here it is — Arnold Dental, as promised.

A homepage built for the cosmetic patient rather than the check-up patient — cases, price, and one tap to a consult.

Static design, so nothing on it works yet. I'd rather show you the real idea than a fake demo.

One question: does a price range on the site bring you better calls or worse ones?

[Sender Name]",the cases and the price range are the two things a $15k patient wants and the two hardest things to reach,Address published by the business itself — verified in research.,field-run-009;cosmetic-dentistry;KY;confirmed-email,85,12000,"$6,000","$22,000",06082026
Artistry Wellness and MedSpa,info@artistrymedspas.com,Med spa,Manhasset,NY,USA,https://artistrymedspas.com,cold-outreach,researched,"Subject: your 9pm bookings

Hi [First Name],

Found Artistry Wellness and MedSpa at 9pm on my phone, the way your next client will. The reviews sold me in about forty seconds. Then the only way to book was a phone number and a front desk that shut at five.

That's the sale, right there. She books wherever the button is, and you never find out you lost her.

Treatments priced, bookable in two taps, reviews right beside them.

So here's what I'll do. I'll build Artistry Wellness and MedSpa that homepage. Free. Not a slide, not a proposal — the actual page, designed for your business. Yours to keep whether you hire me or not.

Want it?

[Sender Name]
Bothmade","Subject: here it is

Here it is — Artistry Wellness and MedSpa, as promised.

Treatments priced, bookable in two taps, reviews doing the closing right beside them. Memberships obvious instead of three pages deep.

Static design, so nothing on it works yet. I'd rather show you the real idea than a fake demo.

One question: would you let a new client book without a consult call first?

[Sender Name]",the reviews do the selling and the booking is a phone number that stops answering at five,Address published by the business itself — verified in research.,field-run-009;med-spa;NY;confirmed-email,85,10000,"$5,000","$18,000",06082026
DreamMaker Bath and Kitchen Ann Arbor,info@dm-remodel.com,Kitchen and bath remodeling,Ann Arbor,MI,USA,https://dm-remodel.com,cold-outreach,researched,"Subject: the tire-kicker problem

Hi [First Name],

Looked at DreamMaker Bath and Kitchen Ann Arbor the way a homeowner with a sixty-thousand-dollar kitchen in mind does. Your finished work is good. There was no way to find a kitchen like mine, and no way to tell you what my job actually is.

That's a $60k kitchen going to the company whose site made it feel easy.

Projects filterable by room, style and budget. A form that asks about the job, so it arrives ready to quote.

Let me build it for you. A real homepage for DreamMaker Bath and Kitchen Ann Arbor, on me, before we ever talk money. If it's good you'll know in ten seconds. If it isn't, you've lost nothing.

Worth a look? One word back and I'll start.

[Sender Name]
Bothmade","Subject: here it is

Here it is.

Before-and-afters filterable by room, style and budget band. The inquiry asks about the room, the scope and the timing — so it lands ready to quote instead of ready to interview.

It's a design, not a build — nothing clicks yet. Didn't want to fake a demo.

One question: what do you wish every inquiry told you before you called them back?

[Sender Name]",before-and-afters are what sell this and they sit in a gallery nobody can filter,Address published by the business itself — verified in research.,field-run-009;kitchen-and-bath-remodeling;MI;confirmed-email,85,8500,"$4,000","$15,000",06082026
Essence Med Spa,essencespasb@gmail.com,Med spa,Santa Barbara,CA,USA,https://essencespasb.com,cold-outreach,researched,"Subject: your 9pm bookings

Hi [First Name],

Found Essence Med Spa at 9pm on my phone, the way your next client will. The reviews sold me in about forty seconds. Then the only way to book was a phone number and a front desk that shut at five.

A booking a night walks that way. Silently. No missed call, no voicemail, nothing to review on Monday.

Treatments priced, bookable in two taps, reviews right beside them.

So here's what I'll do. I'll build Essence Med Spa that homepage. Free. Not a slide, not a proposal — the actual page, designed for your business. Yours to keep whether you hire me or not.

Worth a look? One word back and I'll start.

[Sender Name]
Bothmade","Subject: Essence Med Spa — built it

Built it. Here.

Treatments priced, bookable in two taps, reviews doing the closing right beside them. Memberships obvious instead of three pages deep.

Static design, so nothing on it works yet. I'd rather show you the real idea than a fake demo.

One question: would you let a new client book without a consult call first?

[Sender Name]",the reviews do the selling and the booking is a phone number that stops answering at five,Address published by the business itself — verified in research.,field-run-009;med-spa;CA;confirmed-email,85,10000,"$5,000","$18,000",06082026
Landscape Creations LV,landscapecreations@hotmail.com,Landscape design build,Las Vegas,NV,USA,https://landscapecreationslv.com,cold-outreach,researched,"Subject: design fee, unsaid

Hi [First Name],

Went through Landscape Creations LV's work the way a homeowner commissioning a garden does. It's beautiful. It's also one long scroll — no way to narrow by style, scale or budget, and nothing about what design costs.

And the inquiries that land are vague, so the first call is about scope instead of the garden.

Projects filterable by style, scale and budget. The design process spelled out so the brief arrives specific.

I'd like to build it and show you. One homepage, designed for Landscape Creations LV, free. Not a template with your logo on it. The real thing, and it's yours whether we work together or not.

Worth a look? One word back and I'll start.

[Sender Name]
Bothmade","Subject: here it is

Here it is — Landscape Creations LV, as promised.

Projects filterable by style, scale and budget band, with the design process spelled out — so the brief that reaches you already knows what it's asking for.

It's a design, not a build — nothing clicks yet. Didn't want to fake a demo.

One question: would publishing a design fee range help you or cost you?

[Sender Name]","design-led buyers choose from images and yours cannot be narrowed by style, scale or budget",Address published by the business itself — verified in research.,field-run-009;landscape-design-build;NV;confirmed-email,85,9000,"$5,000","$16,000",06082026
Landscape Design Studio,paul@landesignstudio.net,Landscape design build,Fort Lauderdale,FL,USA,https://landesignstudio.net,cold-outreach,researched,"Subject: your gardens, sorted

Hi [First Name],

Went through Landscape Design Studio's work the way a homeowner commissioning a garden does. It's beautiful. It's also one long scroll — no way to narrow by style, scale or budget, and nothing about what design costs.

And the inquiries that land are vague, so the first call is about scope instead of the garden.

Projects filterable by style, scale and budget. The design process spelled out so the brief arrives specific.

I'd like to build it and show you. One homepage, designed for Landscape Design Studio, free. Not a template with your logo on it. The real thing, and it's yours whether we work together or not.

Want me to build it?

[Sender Name]
Bothmade","Subject: built it

Here it is.

Projects filterable by style, scale and budget band, with the design process spelled out — so the brief that reaches you already knows what it's asking for.

It's a design, not a build — nothing clicks yet. Didn't want to fake a demo.

One question: would publishing a design fee range help you or cost you?

[Sender Name]","design-led buyers choose from images and yours cannot be narrowed by style, scale or budget",Address published by the business itself — verified in research.,field-run-009;landscape-design-build;FL;confirmed-email,85,9000,"$5,000","$16,000",06082026
Liquid FX Pools,info@liquidfxpools.com,Pool building,Sacramento,CA,USA,https://liquidfxpools.com,cold-outreach,researched,"Subject: your build gallery

Hi [First Name],

Your builds look excellent. I went looking for one like mine and scrolled past sixty that weren't. Then couldn't find a starting number.

So they call whoever showed them a pool like theirs, with a number attached.

Gallery filterable by size, style and budget. A starting number said out loud.

So here's what I'll do. I'll build Liquid FX Pools that homepage. Free. Not a slide, not a proposal — the actual page, designed for your business. Yours to keep whether you hire me or not.

Should I send it over?

[Sender Name]
Bothmade","Subject: here it is

Built it. Here.

Builds filterable by size, style and budget band, with a starting range stated plainly and a timeline from signing to swimming.

Static design, so nothing on it works yet. I'd rather show you the real idea than a fake demo.

One question: would you publish a starting price, or does that cost you more than it wins?

[Sender Name]","the gallery cannot be sorted, so nobody finds a build that looks like their own yard",Address published by the business itself — verified in research.,field-run-009;pool-building;CA;confirmed-email,85,10000,"$5,000","$18,000",06082026
MiraMed and Day Spa,contact@miramedanddayspa.com,Med spa,Santa Barbara,CA,USA,https://miramedanddayspa.com,cold-outreach,researched,"Subject: your 9pm bookings

Hi [First Name],

Found MiraMed and Day Spa at 9pm on my phone, the way your next client will. The reviews sold me in about forty seconds. Then the only way to book was a phone number and a front desk that shut at five.

A booking a night walks that way. Silently. No missed call, no voicemail, nothing to review on Monday.

Treatments priced, bookable in two taps, reviews right beside them.

So here's what I'll do. I'll build MiraMed and Day Spa that homepage. Free. Not a slide, not a proposal — the actual page, designed for your business. Yours to keep whether you hire me or not.

Worth a look? One word back and I'll start.

[Sender Name]
Bothmade","Subject: built it

Built it. Here.

Treatments priced, bookable in two taps, reviews doing the closing right beside them. Memberships obvious instead of three pages deep.

Static design, so nothing on it works yet. I'd rather show you the real idea than a fake demo.

One question: would you let a new client book without a consult call first?

[Sender Name]",the reviews do the selling and the booking is a phone number that stops answering at five,Address published by the business itself — verified in research.,field-run-009;med-spa;CA;confirmed-email,85,10000,"$5,000","$18,000",06082026
SD Landscape and Design,info@sdlandscapedesigns.com,Landscape design build,San Diego,CA,USA,https://sdlandscapedesigns.com,cold-outreach,researched,"Subject: your gardens, sorted

Hi [First Name],

Went through SD Landscape and Design's work the way a homeowner commissioning a garden does. It's beautiful. It's also one long scroll — no way to narrow by style, scale or budget, and nothing about what design costs.

And the inquiries that land are vague, so the first call is about scope instead of the garden.

Projects filterable by style, scale and budget. The design process spelled out so the brief arrives specific.

Let me build it for you. A real homepage for SD Landscape and Design, on me, before we ever talk money. If it's good you'll know in ten seconds. If it isn't, you've lost nothing.

Should I send it over?

[Sender Name]
Bothmade","Subject: SD Landscape and Design — built it

Built it. Here.

Projects filterable by style, scale and budget band, with the design process spelled out — so the brief that reaches you already knows what it's asking for.

It's a design, not a build — nothing clicks yet. Didn't want to fake a demo.

One question: would publishing a design fee range help you or cost you?

[Sender Name]","design-led buyers choose from images and yours cannot be narrowed by style, scale or budget",Address published by the business itself — verified in research.,field-run-009;landscape-design-build;CA;confirmed-email,85,9000,"$5,000","$16,000",06082026
Sage Outdoor Designs,info@sageoutdoordesigns.com,Landscape design build,San Diego,CA,USA,https://sageoutdoordesigns.com,cold-outreach,researched,"Subject: design fee, unsaid

Hi [First Name],

Went through Sage Outdoor Designs' work the way a homeowner commissioning a garden does. It's beautiful. It's also one long scroll — no way to narrow by style, scale or budget, and nothing about what design costs.

And the inquiries that land are vague, so the first call is about scope instead of the garden.

Projects filterable by style, scale and budget. The design process spelled out so the brief arrives specific.

Let me build it for you. A real homepage for Sage Outdoor Designs, on me, before we ever talk money. If it's good you'll know in ten seconds. If it isn't, you've lost nothing.

Want it?

[Sender Name]
Bothmade","Subject: Sage Outdoor Designs — built it

Here it is.

Projects filterable by style, scale and budget band, with the design process spelled out — so the brief that reaches you already knows what it's asking for.

It's a design, not a build — nothing clicks yet. Didn't want to fake a demo.

One question: would publishing a design fee range help you or cost you?

[Sender Name]","design-led buyers choose from images and yours cannot be narrowed by style, scale or budget",Address published by the business itself — verified in research.,field-run-009;landscape-design-build;CA;confirmed-email,85,9000,"$5,000","$16,000",06082026
Salt Lake Custom Builders,info@saltlakecustombuilders.com,Custom home building,Salt Lake City,UT,USA,https://saltlakecustombuilders.com,cold-outreach,researched,"Subject: your portfolio, sorted

Hi [First Name],

Your work is the sale. I looked at it the way a buyer does and there was no way to narrow it — no budget band, no style, no scope. Forty thumbnails and good luck.

They don't email to ask. They go and look at the builder whose site let them filter.

Sort the work the way buyers actually choose, and put the process where the fear is.

So here's what I'll do. I'll build Salt Lake Custom Builders that homepage. Free. Not a slide, not a proposal — the actual page, designed for your business. Yours to keep whether you hire me or not.

Worth a look? One word back and I'll start.

[Sender Name]
Bothmade","Subject: here it is

Here it is — Salt Lake Custom Builders, as promised.

Projects sortable the way buyers choose, and the build process laid out month by month, which is the part they're actually frightened of.

Static design, so nothing on it works yet. I'd rather show you the real idea than a fake demo.

One question: would you ever show budget bands publicly, or is that a fight with your sales process?

[Sender Name]","the portfolio is the whole sale and there is no way to sort it by budget, style or scope",Address published by the business itself — verified in research.,field-run-009;custom-home-building;UT;confirmed-email,85,22000,"$12,000","$35,000",06082026
Sunco Pools and Spas,info@suncopoolsandspas.com,Pool building,Myrtle Beach,SC,USA,https://suncopoolsandspas.com,cold-outreach,researched,"Subject: what does one like mine cost

Hi [First Name],

Looked at Sunco Pools and Spas the way a homeowner in Myrtle Beach does — trying to find a build that looks like my backyard, at roughly my number. One long scroll, no way to narrow it, no price anywhere.

That's a ninety-thousand-dollar build going to the company that answered the money question first.

Gallery filterable by size, style and budget. A starting number said out loud.

I'd like to build it and show you. One homepage, designed for Sunco Pools and Spas, free. Not a template with your logo on it. The real thing, and it's yours whether we work together or not.

Should I send it over?

[Sender Name]
Bothmade","Subject: built it

Here it is — Sunco Pools and Spas, as promised.

Builds filterable by size, style and budget band, with a starting range stated plainly and a timeline from signing to swimming.

It's a design, not a build — nothing clicks yet. Didn't want to fake a demo.

One question: would you publish a starting price, or does that cost you more than it wins?

[Sender Name]","the gallery cannot be sorted, so nobody finds a build that looks like their own yard",Address published by the business itself — verified in research.,field-run-009;pool-building;SC;confirmed-email,85,10000,"$5,000","$18,000",06082026
Sunnyside Pools and Spas,sam@sunnysidepoolsandspas.com,Pool building,Sacramento,CA,USA,https://sunnysidepoolsandspas.com,cold-outreach,researched,"Subject: your build gallery

Hi [First Name],

Your builds look excellent. I went looking for one like mine and scrolled past sixty that weren't. Then couldn't find a starting number.

So they call whoever showed them a pool like theirs, with a number attached.

Gallery filterable by size, style and budget. A starting number said out loud.

Here's my offer. I'll design that page for Sunnyside Pools and Spas and send it over. No charge, no meeting to get it, no invoice at the end. Keep it either way — I'd rather you saw the work than read about it.

Say yes and it's yours by Friday.

[Sender Name]
Bothmade","Subject: Sunnyside Pools and Spas — built it

Here it is — Sunnyside Pools and Spas, as promised.

Builds filterable by size, style and budget band, with a starting range stated plainly and a timeline from signing to swimming.

Static design, so nothing on it works yet. I'd rather show you the real idea than a fake demo.

One question: would you publish a starting price, or does that cost you more than it wins?

[Sender Name]","the gallery cannot be sorted, so nobody finds a build that looks like their own yard",Address published by the business itself — verified in research.,field-run-009;pool-building;CA;confirmed-email,85,10000,"$5,000","$18,000",06082026
Swift Kitchen Remodeling Buffalo,info@swiftkitchenremodelingbuffalony.com,Kitchen and bath remodeling,Buffalo,NY,USA,https://swiftkitchenremodelingbuffalony.com,cold-outreach,researched,"Subject: your before-and-afters

Hi [First Name],

Looked at Swift Kitchen Remodeling Buffalo the way a homeowner with a sixty-thousand-dollar kitchen in mind does. Your finished work is good. There was no way to find a kitchen like mine, and no way to tell you what my job actually is.

That's a $60k kitchen going to the company whose site made it feel easy.

Projects filterable by room, style and budget. A form that asks about the job, so it arrives ready to quote.

I'd like to build it and show you. One homepage, designed for Swift Kitchen Remodeling Buffalo, free. Not a template with your logo on it. The real thing, and it's yours whether we work together or not.

Want it?

[Sender Name]
Bothmade","Subject: Swift Kitchen Remodeling Buffalo — built it

Here it is — Swift Kitchen Remodeling Buffalo, as promised.

Before-and-afters filterable by room, style and budget band. The inquiry asks about the room, the scope and the timing — so it lands ready to quote instead of ready to interview.

It's a design, not a build — nothing clicks yet. Didn't want to fake a demo.

One question: what do you wish every inquiry told you before you called them back?

[Sender Name]",before-and-afters are what sell this and they sit in a gallery nobody can filter,Address published by the business itself — verified in research.,field-run-009;kitchen-and-bath-remodeling;NY;confirmed-email,85,8500,"$4,000","$15,000",06082026
Synergy Med Spa,medspa@synergywellnessal.com,Med spa,Huntsville,AL,USA,https://synergymedspa.net,cold-outreach,researched,"Subject: she booked somewhere else

Hi [First Name],

Looked you up the way a new client does — evening, phone, already decided she wants tox, just picking where. Synergy Med Spa won on reviews. Then booking meant calling in the morning.

A booking a night walks that way. Silently. No missed call, no voicemail, nothing to review on Monday.

Booking belongs on the homepage, next to the reviews, working at midnight.

I'd like to build it and show you. One homepage, designed for Synergy Med Spa, free. Not a template with your logo on it. The real thing, and it's yours whether we work together or not.

Say yes and it's yours by Friday.

[Sender Name]
Bothmade","Subject: Synergy Med Spa — built it

Here it is.

Booking sits on the homepage next to your reviews. Two taps to Thursday at six. That's the part your site can't do tonight.

It's a design, not a build — nothing clicks yet. Didn't want to fake a demo.

One thing I'd want your answer on: is membership what you'd push hardest here, or first-visit tox?

[Sender Name]",the reviews do the selling and the booking is a phone number that stops answering at five,Address published by the business itself — verified in research.,field-run-009;med-spa;AL;confirmed-email,85,10000,"$5,000","$18,000",06082026
The General Pool Company,pjsunim@sc.rr.com,Pool building,Myrtle Beach,SC,USA,https://thegeneralpoolcompany.com,cold-outreach,researched,"Subject: sorting your pools

Hi [First Name],

Your builds look excellent. I went looking for one like mine and scrolled past sixty that weren't. Then couldn't find a starting number.

So they call whoever showed them a pool like theirs, with a number attached.

Gallery filterable by size, style and budget. A starting number said out loud.

Here's my offer. I'll design that page for The General Pool Company and send it over. No charge, no meeting to get it, no invoice at the end. Keep it either way — I'd rather you saw the work than read about it.

Want it?

[Sender Name]
Bothmade","Subject: here it is

Here it is — The General Pool Company, as promised.

Builds filterable by size, style and budget band, with a starting range stated plainly and a timeline from signing to swimming.

Static design, so nothing on it works yet. I'd rather show you the real idea than a fake demo.

One question: would you publish a starting price, or does that cost you more than it wins?

[Sender Name]","the gallery cannot be sorted, so nobody finds a build that looks like their own yard",Address published by the business itself — verified in research.,field-run-009;pool-building;SC;confirmed-email,85,10000,"$5,000","$18,000",06082026
Transforming Architecture,info@transformingarchitecture.com,Custom home building,McLean,VA,USA,https://transformingarchitecture.com,cold-outreach,researched,"Subject: the inquiry that wasted your Tuesday

Hi [First Name],

Looked at Transforming Architecture as a client would in McLean: trying to find the project that matches my lot and my number. Gave up before I found it.

They don't email to ask. They go and look at the builder whose site let them filter.

Portfolio filterable by budget band, style and scope. Inquiry that asks about the lot, the number and the timing.

Let me build it for you. A real homepage for Transforming Architecture, on me, before we ever talk money. If it's good you'll know in ten seconds. If it isn't, you've lost nothing.

Say yes and it's yours by Friday.

[Sender Name]
Bothmade","Subject: here it is

Here it is — Transforming Architecture, as promised.

Portfolio filterable by budget, style and scope — so a couple with a specific project finds theirs in about nine seconds. Inquiry that arrives with the lot, the number and the timing on it.

It's a design, not a build — nothing clicks yet. Didn't want to fake a demo.

One thing I'd want your answer on: what do you wish every inquiry told you before you called them back?

[Sender Name]","the portfolio is the whole sale and there is no way to sort it by budget, style or scope",Address published by the business itself — verified in research.,field-run-009;custom-home-building;VA;confirmed-email,85,22000,"$12,000","$35,000",06082026
Tropical Pools USA,sales@tropicalpoolsusa.com,Pool building,Myrtle Beach,SC,USA,https://tropicalpoolsusa.com,cold-outreach,researched,"Subject: sorting your pools

Hi [First Name],

Your builds look excellent. I went looking for one like mine and scrolled past sixty that weren't. Then couldn't find a starting number.

So they call whoever showed them a pool like theirs, with a number attached.

Gallery filterable by size, style and budget. A starting number said out loud.

Here's my offer. I'll design that page for Tropical Pools USA and send it over. No charge, no meeting to get it, no invoice at the end. Keep it either way — I'd rather you saw the work than read about it.

Should I send it over?

[Sender Name]
Bothmade","Subject: built it

Here it is — Tropical Pools USA, as promised.

Builds filterable by size, style and budget band, with a starting range stated plainly and a timeline from signing to swimming.

Static design, so nothing on it works yet. I'd rather show you the real idea than a fake demo.

One question: would you publish a starting price, or does that cost you more than it wins?

[Sender Name]","the gallery cannot be sorted, so nobody finds a build that looks like their own yard",Address published by the business itself — verified in research.,field-run-009;pool-building;SC;confirmed-email,85,10000,"$5,000","$18,000",06082026
WHE Construction,ourteam@wheconstruction.com,Kitchen and bath remodeling,Virginia Beach,VA,USA,https://wheconstruction.com,cold-outreach,researched,"Subject: the tire-kicker problem

Hi [First Name],

Looked at WHE Construction the way a homeowner with a sixty-thousand-dollar kitchen in mind does. Your finished work is good. There was no way to find a kitchen like mine, and no way to tell you what my job actually is.

That's a $60k kitchen going to the company whose site made it feel easy.

Projects filterable by room, style and budget. A form that asks about the job, so it arrives ready to quote.

Let me build it for you. A real homepage for WHE Construction, on me, before we ever talk money. If it's good you'll know in ten seconds. If it isn't, you've lost nothing.

Should I send it over?

[Sender Name]
Bothmade","Subject: built it

Built it. Here.

Before-and-afters filterable by room, style and budget band. The inquiry asks about the room, the scope and the timing — so it lands ready to quote instead of ready to interview.

It's a design, not a build — nothing clicks yet. Didn't want to fake a demo.

One question: what do you wish every inquiry told you before you called them back?

[Sender Name]",before-and-afters are what sell this and they sit in a gallery nobody can filter,Address published by the business itself — verified in research.,field-run-009;kitchen-and-bath-remodeling;VA;confirmed-email,85,8500,"$4,000","$15,000",06082026
AH Dentistry,info@ahdentistry.com,Cosmetic dentistry,Ann Arbor,MI,USA,https://ahdentistry.com,cold-outreach,researched,"Subject: your veneer cases

Hi [First Name],

Your case work is good. I had to dig for it — two menus deep, on a phone, at the exact moment somebody decides to spend fifteen thousand dollars on their teeth.

One case a month lost that way costs more than a website. Several times over.

Before-and-afters up front, the range in plain numbers, financing mentioned before they ask.

So here's what I'll do. I'll build AH Dentistry that homepage. Free. Not a slide, not a proposal — the actual page, designed for your business. Yours to keep whether you hire me or not.

Say yes and it's yours by Friday.

[Sender Name]
Bothmade","Subject: here it is

Built it. Here.

A homepage built for the cosmetic patient rather than the check-up patient — cases, price, and one tap to a consult.

Static design, so nothing on it works yet. I'd rather show you the real idea than a fake demo.

One question: does a price range on the site bring you better calls or worse ones?

[Sender Name]",the cases and the price range are the two things a $15k patient wants and the two hardest things to reach,info@ on their own domain — the convention. Worth a quick check before a big send.,field-run-009;cosmetic-dentistry;MI;convention-email,75,12000,"$6,000","$22,000",06082026
Advanced Life Clinic,info@advancedlifeclinic.com,Med spa,Huntsville,AL,USA,https://advancedlifeclinic.com,cold-outreach,researched,"Subject: your 9pm bookings

Hi [First Name],

Found Advanced Life Clinic at 9pm on my phone, the way your next client will. The reviews sold me in about forty seconds. Then the only way to book was a phone number and a front desk that shut at five.

That's the sale, right there. She books wherever the button is, and you never find out you lost her.

Treatments priced, bookable in two taps, reviews right beside them.

So here's what I'll do. I'll build Advanced Life Clinic that homepage. Free. Not a slide, not a proposal — the actual page, designed for your business. Yours to keep whether you hire me or not.

Should I send it over?

[Sender Name]
Bothmade","Subject: built it

Built it. Here.

Treatments priced, bookable in two taps, reviews doing the closing right beside them. Memberships obvious instead of three pages deep.

Static design, so nothing on it works yet. I'd rather show you the real idea than a fake demo.

One question: would you let a new client book without a consult call first?

[Sender Name]",the reviews do the selling and the booking is a phone number that stops answering at five,info@ on their own domain — the convention. Worth a quick check before a big send.,field-run-009;med-spa;AL;convention-email,75,10000,"$5,000","$18,000",06082026
Ann Arbor Family Dentistry,info@annarborfamilydentistry.net,Cosmetic dentistry,Ann Arbor,MI,USA,https://annarborfamilydentistry.net,cold-outreach,researched,"Subject: cases, price, booking

Hi [First Name],

Your case work is good. I had to dig for it — two menus deep, on a phone, at the exact moment somebody decides to spend fifteen thousand dollars on their teeth.

One case a month lost that way costs more than a website. Several times over.

Before-and-afters up front, the range in plain numbers, financing mentioned before they ask.

Here's my offer. I'll design that page for Ann Arbor Family Dentistry and send it over. No charge, no meeting to get it, no invoice at the end. Keep it either way — I'd rather you saw the work than read about it.

Want it?

[Sender Name]
Bothmade","Subject: here it is

Here it is.

A homepage built for the cosmetic patient rather than the check-up patient — cases, price, and one tap to a consult.

Static design, so nothing on it works yet. I'd rather show you the real idea than a fake demo.

One question: does a price range on the site bring you better calls or worse ones?

[Sender Name]",the cases and the price range are the two things a $15k patient wants and the two hardest things to reach,info@ on their own domain — the convention. Worth a quick check before a big send.,field-run-009;cosmetic-dentistry;MI;convention-email,75,12000,"$6,000","$22,000",06082026
Ann Arbor Smiles,info@annarborsmiles.com,Cosmetic dentistry,Ann Arbor,MI,USA,https://annarborsmiles.com,cold-outreach,researched,"Subject: one case a month

Hi [First Name],

Went looking for veneers in Ann Arbor the way a patient does. Nine at night, on a phone, three years of putting it off. Found Ann Arbor Smiles. Couldn't find a case that looked like mine, couldn't find a price, couldn't book.

That's the biggest case of the month deciding not to call you.

Cases first, filterable, a price range said out loud, and a booking that works at 9pm.

I'd like to build it and show you. One homepage, designed for Ann Arbor Smiles, free. Not a template with your logo on it. The real thing, and it's yours whether we work together or not.

Should I send it over?

[Sender Name]
Bothmade","Subject: built it

Here it is — Ann Arbor Smiles, as promised.

Cases at the top, filterable by treatment. The range stated in real numbers. Booking that doesn't need your front desk awake.

It's a design, not a build — nothing clicks yet. Didn't want to fake a demo.

One thing I'd want your read on: veneers or implants — which pays you better?

[Sender Name]",the cases and the price range are the two things a $15k patient wants and the two hardest things to reach,info@ on their own domain — the convention. Worth a quick check before a big send.,field-run-009;cosmetic-dentistry;MI;convention-email,75,12000,"$6,000","$22,000",06082026
Aquatech Pools Palm Springs,info@aquatechpoolservicepalmsprings.com,Pool building,Palm Springs,CA,USA,https://aquatechpoolservicepalmsprings.com,cold-outreach,researched,"Subject: your build gallery

Hi [First Name],

Looked at Aquatech Pools Palm Springs the way a homeowner in Palm Springs does — trying to find a build that looks like my backyard, at roughly my number. One long scroll, no way to narrow it, no price anywhere.

That's a ninety-thousand-dollar build going to the company that answered the money question first.

Gallery filterable by size, style and budget. A starting number said out loud.

Let me build it for you. A real homepage for Aquatech Pools Palm Springs, on me, before we ever talk money. If it's good you'll know in ten seconds. If it isn't, you've lost nothing.

Worth a look? One word back and I'll start.

[Sender Name]
Bothmade","Subject: Aquatech Pools Palm Springs — built it

Here it is — Aquatech Pools Palm Springs, as promised.

Builds filterable by size, style and budget band, with a starting range stated plainly and a timeline from signing to swimming.

It's a design, not a build — nothing clicks yet. Didn't want to fake a demo.

One question: would you publish a starting price, or does that cost you more than it wins?

[Sender Name]","the gallery cannot be sorted, so nobody finds a build that looks like their own yard",info@ on their own domain — the convention. Worth a quick check before a big send.,field-run-009;pool-building;CA;convention-email,75,10000,"$5,000","$18,000",06082026
Arcadian Landscape,info@arcadianlandscape.com,Landscape design build,San Diego,CA,USA,https://arcadianlandscape.com,cold-outreach,researched,"Subject: the inquiry that arrives vague

Hi [First Name],

Your gardens are genuinely good. A design-led client chooses from images and yours can't be narrowed, so they never find the one that looks like their lot.

So the client who wanted exactly what you do never works out that you do it.

Projects filterable by style, scale and budget. The design process spelled out so the brief arrives specific.

So here's what I'll do. I'll build Arcadian Landscape that homepage. Free. Not a slide, not a proposal — the actual page, designed for your business. Yours to keep whether you hire me or not.

Say yes and it's yours by Friday.

[Sender Name]
Bothmade","Subject: Arcadian Landscape — built it

Here it is — Arcadian Landscape, as promised.

Projects filterable by style, scale and budget band, with the design process spelled out — so the brief that reaches you already knows what it's asking for.

Static design, so nothing on it works yet. I'd rather show you the real idea than a fake demo.

One question: would publishing a design fee range help you or cost you?

[Sender Name]","design-led buyers choose from images and yours cannot be narrowed by style, scale or budget",info@ on their own domain — the convention. Worth a quick check before a big send.,field-run-009;landscape-design-build;CA;convention-email,75,9000,"$5,000","$16,000",06082026
Associated Plastic Surgeons MedSpa,info@associatedplasticsurgeons.com,Med spa,Huntington,NY,USA,https://associatedplasticsurgeons.com,cold-outreach,researched,"Subject: your 9pm bookings

Hi [First Name],

Found Associated Plastic Surgeons MedSpa at 9pm on my phone, the way your next client will. The reviews sold me in about forty seconds. Then the only way to book was a phone number and a front desk that shut at five.

A booking a night walks that way. Silently. No missed call, no voicemail, nothing to review on Monday.

Treatments priced, bookable in two taps, reviews right beside them.

So here's what I'll do. I'll build Associated Plastic Surgeons MedSpa that homepage. Free. Not a slide, not a proposal — the actual page, designed for your business. Yours to keep whether you hire me or not.

Want it?

[Sender Name]
Bothmade","Subject: Associated Plastic Surgeons MedSpa — built it

Here it is.

Treatments priced, bookable in two taps, reviews doing the closing right beside them. Memberships obvious instead of three pages deep.

Static design, so nothing on it works yet. I'd rather show you the real idea than a fake demo.

One question: would you let a new client book without a consult call first?

[Sender Name]",the reviews do the selling and the booking is a phone number that stops answering at five,info@ on their own domain — the convention. Worth a quick check before a big send.,field-run-009;med-spa;NY;convention-email,75,10000,"$5,000","$18,000",06082026
Audubon Dental and Implant Center,info@audubondentalcenter.com,Cosmetic dentistry,Lexington,KY,USA,https://audubondentalcenter.com,cold-outreach,researched,"Subject: the $15k case that didn't call

Hi [First Name],

A smile-makeover patient researches for months, alone, at night, on a phone. I did that to Audubon Dental and Implant Center. Got as far as a phone number and a form.

One case a month lost that way costs more than a website. Several times over.

Cases first, filterable, a price range said out loud, and a booking that works at 9pm.

Let me build it for you. A real homepage for Audubon Dental and Implant Center, on me, before we ever talk money. If it's good you'll know in ten seconds. If it isn't, you've lost nothing.

Want me to build it?

[Sender Name]
Bothmade","Subject: built it

Built it. Here.

Cases at the top, filterable by treatment. The range stated in real numbers. Booking that doesn't need your front desk awake.

It's a design, not a build — nothing clicks yet. Didn't want to fake a demo.

One thing I'd want your read on: veneers or implants — which pays you better?

[Sender Name]",the cases and the price range are the two things a $15k patient wants and the two hardest things to reach,info@ on their own domain — the convention. Worth a quick check before a big send.,field-run-009;cosmetic-dentistry;KY;convention-email,75,12000,"$6,000","$22,000",06082026
Baich Construction,info@baichconstruction.com,Kitchen and bath remodeling,Buffalo,NY,USA,https://baichconstruction.com,cold-outreach,researched,"Subject: quoting jobs that were never real

Hi [First Name],

Looked at Baich Construction the way a homeowner with a sixty-thousand-dollar kitchen in mind does. Your finished work is good. There was no way to find a kitchen like mine, and no way to tell you what my job actually is.

That's a $60k kitchen going to the company whose site made it feel easy.

Projects filterable by room, style and budget. A form that asks about the job, so it arrives ready to quote.

Let me build it for you. A real homepage for Baich Construction, on me, before we ever talk money. If it's good you'll know in ten seconds. If it isn't, you've lost nothing.

Want it?

[Sender Name]
Bothmade","Subject: built it

Built it. Here.

Before-and-afters filterable by room, style and budget band. The inquiry asks about the room, the scope and the timing — so it lands ready to quote instead of ready to interview.

It's a design, not a build — nothing clicks yet. Didn't want to fake a demo.

One question: what do you wish every inquiry told you before you called them back?

[Sender Name]",before-and-afters are what sell this and they sit in a gallery nobody can filter,info@ on their own domain — the convention. Worth a quick check before a big send.,field-run-009;kitchen-and-bath-remodeling;NY;convention-email,75,8500,"$4,000","$15,000",06082026
Bathroom Remodeling Detroit MI,info@bathroomremodelingdetroitmi.com,Kitchen and bath remodeling,Detroit,MI,USA,https://bathroomremodelingdetroitmi.com,cold-outreach,researched,"Subject: your before-and-afters

Hi [First Name],

Your before-and-afters sell this. They're in a small gallery you can't filter, so the woman with a galley kitchen never finds your galley kitchen.

So you spend Tuesday evening quoting jobs that were never real, and the real one went to whoever answered first.

Projects filterable by room, style and budget. A form that asks about the job, so it arrives ready to quote.

Here's my offer. I'll design that page for Bathroom Remodeling Detroit MI and send it over. No charge, no meeting to get it, no invoice at the end. Keep it either way — I'd rather you saw the work than read about it.

Want it?

[Sender Name]
Bothmade","Subject: built it

Built it. Here.

Before-and-afters filterable by room, style and budget band. The inquiry asks about the room, the scope and the timing — so it lands ready to quote instead of ready to interview.

Static design, so nothing on it works yet. I'd rather show you the real idea than a fake demo.

One question: what do you wish every inquiry told you before you called them back?

[Sender Name]",before-and-afters are what sell this and they sit in a gallery nobody can filter,info@ on their own domain — the convention. Worth a quick check before a big send.,field-run-009;kitchen-and-bath-remodeling;MI;convention-email,75,8500,"$4,000","$15,000",06082026
Beyond Quality Kitchen and Bath,info@beyondqualityconstruction.com,Kitchen and bath remodeling,West Seneca,NY,USA,https://beyondqualityconstruction.com,cold-outreach,researched,"Subject: quoting jobs that were never real

Hi [First Name],

Your before-and-afters sell this. They're in a small gallery you can't filter, so the woman with a galley kitchen never finds your galley kitchen.

So you spend Tuesday evening quoting jobs that were never real, and the real one went to whoever answered first.

Projects filterable by room, style and budget. A form that asks about the job, so it arrives ready to quote.

Here's my offer. I'll design that page for Beyond Quality Kitchen and Bath and send it over. No charge, no meeting to get it, no invoice at the end. Keep it either way — I'd rather you saw the work than read about it.

Worth a look? One word back and I'll start.

[Sender Name]
Bothmade","Subject: built it

Built it. Here.

Before-and-afters filterable by room, style and budget band. The inquiry asks about the room, the scope and the timing — so it lands ready to quote instead of ready to interview.

Static design, so nothing on it works yet. I'd rather show you the real idea than a fake demo.

One question: what do you wish every inquiry told you before you called them back?

[Sender Name]",before-and-afters are what sell this and they sit in a gallery nobody can filter,info@ on their own domain — the convention. Worth a quick check before a big send.,field-run-009;kitchen-and-bath-remodeling;NY;convention-email,75,8500,"$4,000","$15,000",06082026
Blue and Green Outdoors,info@blueandgreenoutdoors.com,Landscape design build,Las Vegas,NV,USA,https://blueandgreenoutdoors.com,cold-outreach,researched,"Subject: design fee, unsaid

Hi [First Name],

Went through Blue and Green Outdoors' work the way a homeowner commissioning a garden does. It's beautiful. It's also one long scroll — no way to narrow by style, scale or budget, and nothing about what design costs.

And the inquiries that land are vague, so the first call is about scope instead of the garden.

Projects filterable by style, scale and budget. The design process spelled out so the brief arrives specific.

Let me build it for you. A real homepage for Blue and Green Outdoors, on me, before we ever talk money. If it's good you'll know in ten seconds. If it isn't, you've lost nothing.

Want it?

[Sender Name]
Bothmade","Subject: Blue and Green Outdoors — built it

Here it is — Blue and Green Outdoors, as promised.

Projects filterable by style, scale and budget band, with the design process spelled out — so the brief that reaches you already knows what it's asking for.

It's a design, not a build — nothing clicks yet. Didn't want to fake a demo.

One question: would publishing a design fee range help you or cost you?

[Sender Name]","design-led buyers choose from images and yours cannot be narrowed by style, scale or budget",info@ on their own domain — the convention. Worth a quick check before a big send.,field-run-009;landscape-design-build;NV;convention-email,75,9000,"$5,000","$16,000",06082026
Broadway Family and Cosmetic Dentistry,info@thelexingtonkydentists.com,Cosmetic dentistry,Lexington,KY,USA,https://thelexingtonkydentists.com,cold-outreach,researched,"Subject: the $15k case that didn't call

Hi [First Name],

Your case work is good. I had to dig for it — two menus deep, on a phone, at the exact moment somebody decides to spend fifteen thousand dollars on their teeth.

That's the biggest case of the month deciding not to call you.

Cases first, filterable, a price range said out loud, and a booking that works at 9pm.

I'd like to build it and show you. One homepage, designed for Broadway Family and Cosmetic Dentistry, free. Not a template with your logo on it. The real thing, and it's yours whether we work together or not.

Say yes and it's yours by Friday.

[Sender Name]
Bothmade","Subject: built it

Here it is — Broadway Family and Cosmetic Dentistry, as promised.

Cases at the top, filterable by treatment. The range stated in real numbers. Booking that doesn't need your front desk awake.

It's a design, not a build — nothing clicks yet. Didn't want to fake a demo.

One thing I'd want your read on: veneers or implants — which pays you better?

[Sender Name]",the cases and the price range are the two things a $15k patient wants and the two hardest things to reach,info@ on their own domain — the convention. Worth a quick check before a big send.,field-run-009;cosmetic-dentistry;KY;convention-email,75,12000,"$6,000","$22,000",06082026
Cherry Hill Custom Homes,info@cherryhillcustomhomes.com,Custom home building,McLean,VA,USA,https://cherryhillcustomhomes.com,cold-outreach,researched,"Subject: the inquiry that wasted your Tuesday

Hi [First Name],

Went through Cherry Hill Custom Homes' portfolio the way a couple with a lot and three million dollars does — hunting for the one house that looks like the one in their head. Couldn't sort by budget, style or scope. Just scrolled.

And the inquiries that do land ask for a name and a message, so your first call is an interview instead of a conversation.

Portfolio filterable by budget band, style and scope. Inquiry that asks about the lot, the number and the timing.

Let me build it for you. A real homepage for Cherry Hill Custom Homes, on me, before we ever talk money. If it's good you'll know in ten seconds. If it isn't, you've lost nothing.

Worth a look? One word back and I'll start.

[Sender Name]
Bothmade","Subject: built it

Here it is.

Portfolio filterable by budget, style and scope — so a couple with a specific project finds theirs in about nine seconds. Inquiry that arrives with the lot, the number and the timing on it.

It's a design, not a build — nothing clicks yet. Didn't want to fake a demo.

One thing I'd want your answer on: what do you wish every inquiry told you before you called them back?

[Sender Name]","the portfolio is the whole sale and there is no way to sort it by budget, style or scope",info@ on their own domain — the convention. Worth a quick check before a big send.,field-run-009;custom-home-building;VA;convention-email,75,22000,"$12,000","$35,000",06082026
Crescent Family and Cosmetic Dentistry,info@crescentdentistrysc.com,Cosmetic dentistry,Columbia,SC,USA,https://crescentdentistrysc.com,cold-outreach,researched,"Subject: the $15k case that didn't call

Hi [First Name],

Your case work is good. I had to dig for it — two menus deep, on a phone, at the exact moment somebody decides to spend fifteen thousand dollars on their teeth.

They don't call in the morning. They keep scrolling and someone else does the case.

Cases first, filterable, a price range said out loud, and a booking that works at 9pm.

Let me build it for you. A real homepage for Crescent Family and Cosmetic Dentistry, on me, before we ever talk money. If it's good you'll know in ten seconds. If it isn't, you've lost nothing.

Say yes and it's yours by Friday.

[Sender Name]
Bothmade","Subject: built it

Here it is — Crescent Family and Cosmetic Dentistry, as promised.

Cases at the top, filterable by treatment. The range stated in real numbers. Booking that doesn't need your front desk awake.

It's a design, not a build — nothing clicks yet. Didn't want to fake a demo.

One thing I'd want your read on: veneers or implants — which pays you better?

[Sender Name]",the cases and the price range are the two things a $15k patient wants and the two hardest things to reach,info@ on their own domain — the convention. Worth a quick check before a big send.,field-run-009;cosmetic-dentistry;SC;convention-email,75,12000,"$6,000","$22,000",06082026
Dentistry Plus Lexington,info@dentistrypluslexington.com,Cosmetic dentistry,Lexington,KY,USA,https://dentistrypluslexington.com,cold-outreach,researched,"Subject: cases, price, booking

Hi [First Name],

A smile-makeover patient researches for months, alone, at night, on a phone. I did that to Dentistry Plus Lexington. Got as far as a phone number and a form.

One case a month lost that way costs more than a website. Several times over.

Before-and-afters up front, the range in plain numbers, financing mentioned before they ask.

Here's my offer. I'll design that page for Dentistry Plus Lexington and send it over. No charge, no meeting to get it, no invoice at the end. Keep it either way — I'd rather you saw the work than read about it.

Worth a look? One word back and I'll start.

[Sender Name]
Bothmade","Subject: built it

Here it is — Dentistry Plus Lexington, as promised.

A homepage built for the cosmetic patient rather than the check-up patient — cases, price, and one tap to a consult.

Static design, so nothing on it works yet. I'd rather show you the real idea than a fake demo.

One question: does a price range on the site bring you better calls or worse ones?

[Sender Name]",the cases and the price range are the two things a $15k patient wants and the two hardest things to reach,info@ on their own domain — the convention. Worth a quick check before a big send.,field-run-009;cosmetic-dentistry;KY;convention-email,75,12000,"$6,000","$22,000",06082026
Edwards Kitchen and Bath,info@edwardskitchenandbath.com,Kitchen and bath remodeling,Detroit,MI,USA,https://edwardskitchenandbath.com,cold-outreach,researched,"Subject: the tire-kicker problem

Hi [First Name],

Looked at Edwards Kitchen and Bath the way a homeowner with a sixty-thousand-dollar kitchen in mind does. Your finished work is good. There was no way to find a kitchen like mine, and no way to tell you what my job actually is.

That's a $60k kitchen going to the company whose site made it feel easy.

Projects filterable by room, style and budget. A form that asks about the job, so it arrives ready to quote.

Let me build it for you. A real homepage for Edwards Kitchen and Bath, on me, before we ever talk money. If it's good you'll know in ten seconds. If it isn't, you've lost nothing.

Want me to build it?

[Sender Name]
Bothmade","Subject: here it is

Here it is.

Before-and-afters filterable by room, style and budget band. The inquiry asks about the room, the scope and the timing — so it lands ready to quote instead of ready to interview.

It's a design, not a build — nothing clicks yet. Didn't want to fake a demo.

One question: what do you wish every inquiry told you before you called them back?

[Sender Name]",before-and-afters are what sell this and they sit in a gallery nobody can filter,info@ on their own domain — the convention. Worth a quick check before a big send.,field-run-009;kitchen-and-bath-remodeling;MI;convention-email,75,8500,"$4,000","$15,000",06082026
Elite Smiles Dental SC,info@elitesmilessc.com,Cosmetic dentistry,Columbia,SC,USA,https://elitesmilessc.com,cold-outreach,researched,"Subject: your veneer cases

Hi [First Name],

Went looking for veneers in Columbia the way a patient does. Nine at night, on a phone, three years of putting it off. Found Elite Smiles Dental SC. Couldn't find a case that looked like mine, couldn't find a price, couldn't book.

They don't call in the morning. They keep scrolling and someone else does the case.

Before-and-afters up front, the range in plain numbers, financing mentioned before they ask.

So here's what I'll do. I'll build Elite Smiles Dental SC that homepage. Free. Not a slide, not a proposal — the actual page, designed for your business. Yours to keep whether you hire me or not.

Should I send it over?

[Sender Name]
Bothmade","Subject: Elite Smiles Dental SC — built it

Here it is.

A homepage built for the cosmetic patient rather than the check-up patient — cases, price, and one tap to a consult.

Static design, so nothing on it works yet. I'd rather show you the real idea than a fake demo.

One question: does a price range on the site bring you better calls or worse ones?

[Sender Name]",the cases and the price range are the two things a $15k patient wants and the two hardest things to reach,info@ on their own domain — the convention. Worth a quick check before a big send.,field-run-009;cosmetic-dentistry;SC;convention-email,75,12000,"$6,000","$22,000",06082026
Everwell Dentistry,info@everwelldentistry.com,Cosmetic dentistry,Ann Arbor,MI,USA,https://everwelldentistry.com,cold-outreach,researched,"Subject: the $15k case that didn't call

Hi [First Name],

Went looking for veneers in Ann Arbor the way a patient does. Nine at night, on a phone, three years of putting it off. Found Everwell Dentistry. Couldn't find a case that looked like mine, couldn't find a price, couldn't book.

One case a month lost that way costs more than a website. Several times over.

Cases first, filterable, a price range said out loud, and a booking that works at 9pm.

Let me build it for you. A real homepage for Everwell Dentistry, on me, before we ever talk money. If it's good you'll know in ten seconds. If it isn't, you've lost nothing.

Want it?

[Sender Name]
Bothmade","Subject: built it

Here it is.

Cases at the top, filterable by treatment. The range stated in real numbers. Booking that doesn't need your front desk awake.

It's a design, not a build — nothing clicks yet. Didn't want to fake a demo.

One thing I'd want your read on: veneers or implants — which pays you better?

[Sender Name]",the cases and the price range are the two things a $15k patient wants and the two hardest things to reach,info@ on their own domain — the convention. Worth a quick check before a big send.,field-run-009;cosmetic-dentistry;MI;convention-email,75,12000,"$6,000","$22,000",06082026
Evolutions Medical and Day Spa,info@evolutionsmedicalspa.com,Med spa,Santa Barbara,CA,USA,https://evolutionsmedicalspa.com,cold-outreach,researched,"Subject: your 9pm bookings

Hi [First Name],

Your reviews do the selling. I read them on my phone at 9pm in Santa Barbara and I was sold. Then I hit a phone number and office hours.

She doesn't call in the morning. She books the spa that let her book at 9pm.

Treatments priced, bookable in two taps, reviews right beside them.

So here's what I'll do. I'll build Evolutions Medical and Day Spa that homepage. Free. Not a slide, not a proposal — the actual page, designed for your business. Yours to keep whether you hire me or not.

Want it?

[Sender Name]
Bothmade","Subject: Evolutions Medical and Day Spa — built it

Here it is.

Treatments priced, bookable in two taps, reviews doing the closing right beside them. Memberships obvious instead of three pages deep.

Static design, so nothing on it works yet. I'd rather show you the real idea than a fake demo.

One question: would you let a new client book without a consult call first?

[Sender Name]",the reviews do the selling and the booking is a phone number that stops answering at five,info@ on their own domain — the convention. Worth a quick check before a big send.,field-run-009;med-spa;CA;convention-email,75,10000,"$5,000","$18,000",06082026
Family Dental Care of Spring Valley,info@springvalleydentist.com,Cosmetic dentistry,Columbia,SC,USA,https://springvalleydentist.com,cold-outreach,researched,"Subject: cases, price, booking

Hi [First Name],

Went looking for veneers in Columbia the way a patient does. Nine at night, on a phone, three years of putting it off. Found Family Dental Care of Spring Valley. Couldn't find a case that looked like mine, couldn't find a price, couldn't book.

One case a month lost that way costs more than a website. Several times over.

Before-and-afters up front, the range in plain numbers, financing mentioned before they ask.

Here's my offer. I'll design that page for Family Dental Care of Spring Valley and send it over. No charge, no meeting to get it, no invoice at the end. Keep it either way — I'd rather you saw the work than read about it.

Want it?

[Sender Name]
Bothmade","Subject: Family Dental Care of Spring Valley — built it

Here it is.

A homepage built for the cosmetic patient rather than the check-up patient — cases, price, and one tap to a consult.

Static design, so nothing on it works yet. I'd rather show you the real idea than a fake demo.

One question: does a price range on the site bring you better calls or worse ones?

[Sender Name]",the cases and the price range are the two things a $15k patient wants and the two hardest things to reach,info@ on their own domain — the convention. Worth a quick check before a big send.,field-run-009;cosmetic-dentistry;SC;convention-email,75,12000,"$6,000","$22,000",06082026
Family Pools Construction,info@familypoolsconstruction.com,Pool building,Palm Springs,CA,USA,https://familypoolsconstruction.com,cold-outreach,researched,"Subject: your build gallery

Hi [First Name],

Your builds look excellent. I went looking for one like mine and scrolled past sixty that weren't. Then couldn't find a starting number.

So they call whoever showed them a pool like theirs, with a number attached.

Gallery filterable by size, style and budget. A starting number said out loud.

Here's my offer. I'll design that page for Family Pools Construction and send it over. No charge, no meeting to get it, no invoice at the end. Keep it either way — I'd rather you saw the work than read about it.

Say yes and it's yours by Friday.

[Sender Name]
Bothmade","Subject: built it

Here it is — Family Pools Construction, as promised.

Builds filterable by size, style and budget band, with a starting range stated plainly and a timeline from signing to swimming.

Static design, so nothing on it works yet. I'd rather show you the real idea than a fake demo.

One question: would you publish a starting price, or does that cost you more than it wins?

[Sender Name]","the gallery cannot be sorted, so nobody finds a build that looks like their own yard",info@ on their own domain — the convention. Worth a quick check before a big send.,field-run-009;pool-building;CA;convention-email,75,10000,"$5,000","$18,000",06082026
Fort Lauderdale Landscape,info@fortlauderdalelandscape.com,Landscape design build,Fort Lauderdale,FL,USA,https://fortlauderdalelandscape.com,cold-outreach,researched,"Subject: design fee, unsaid

Hi [First Name],

Went through Fort Lauderdale Landscape's work the way a homeowner commissioning a garden does. It's beautiful. It's also one long scroll — no way to narrow by style, scale or budget, and nothing about what design costs.

And the inquiries that land are vague, so the first call is about scope instead of the garden.

Projects filterable by style, scale and budget. The design process spelled out so the brief arrives specific.

I'd like to build it and show you. One homepage, designed for Fort Lauderdale Landscape, free. Not a template with your logo on it. The real thing, and it's yours whether we work together or not.

Say yes and it's yours by Friday.

[Sender Name]
Bothmade","Subject: here it is

Here it is — Fort Lauderdale Landscape, as promised.

Projects filterable by style, scale and budget band, with the design process spelled out — so the brief that reaches you already knows what it's asking for.

It's a design, not a build — nothing clicks yet. Didn't want to fake a demo.

One question: would publishing a design fee range help you or cost you?

[Sender Name]","design-led buyers choose from images and yours cannot be narrowed by style, scale or budget",info@ on their own domain — the convention. Worth a quick check before a big send.,field-run-009;landscape-design-build;FL;convention-email,75,9000,"$5,000","$16,000",06082026
GSS Builders,info@gssbuilders.com,Custom home building,McLean,VA,USA,https://gssbuilders.com,cold-outreach,researched,"Subject: the inquiry that wasted your Tuesday

Hi [First Name],

Looked at GSS Builders as a client would in McLean: trying to find the project that matches my lot and my number. Gave up before I found it.

And the inquiries that do land ask for a name and a message, so your first call is an interview instead of a conversation.

Portfolio filterable by budget band, style and scope. Inquiry that asks about the lot, the number and the timing.

Let me build it for you. A real homepage for GSS Builders, on me, before we ever talk money. If it's good you'll know in ten seconds. If it isn't, you've lost nothing.

Worth a look? One word back and I'll start.

[Sender Name]
Bothmade","Subject: here it is

Here it is — GSS Builders, as promised.

Portfolio filterable by budget, style and scope — so a couple with a specific project finds theirs in about nine seconds. Inquiry that arrives with the lot, the number and the timing on it.

It's a design, not a build — nothing clicks yet. Didn't want to fake a demo.

One thing I'd want your answer on: what do you wish every inquiry told you before you called them back?

[Sender Name]","the portfolio is the whole sale and there is no way to sort it by budget, style or scope",info@ on their own domain — the convention. Worth a quick check before a big send.,field-run-009;custom-home-building;VA;convention-email,75,22000,"$12,000","$35,000",06082026
Garden Springs Dental,info@gardenspringsdental.com,Cosmetic dentistry,Lexington,KY,USA,https://gardenspringsdental.com,cold-outreach,researched,"Subject: one case a month

Hi [First Name],

A smile-makeover patient researches for months, alone, at night, on a phone. I did that to Garden Springs Dental. Got as far as a phone number and a form.

That's the biggest case of the month deciding not to call you.

Cases first, filterable, a price range said out loud, and a booking that works at 9pm.

I'd like to build it and show you. One homepage, designed for Garden Springs Dental, free. Not a template with your logo on it. The real thing, and it's yours whether we work together or not.

Say yes and it's yours by Friday.

[Sender Name]
Bothmade","Subject: Garden Springs Dental — built it

Here it is — Garden Springs Dental, as promised.

Cases at the top, filterable by treatment. The range stated in real numbers. Booking that doesn't need your front desk awake.

It's a design, not a build — nothing clicks yet. Didn't want to fake a demo.

One thing I'd want your read on: veneers or implants — which pays you better?

[Sender Name]",the cases and the price range are the two things a $15k patient wants and the two hardest things to reach,info@ on their own domain — the convention. Worth a quick check before a big send.,field-run-009;cosmetic-dentistry;KY;convention-email,75,12000,"$6,000","$22,000",06082026
Giovanti Homes,info@giovantihomes.com,Custom home building,Des Moines,IA,USA,https://giovantihomes.com,cold-outreach,researched,"Subject: your portfolio, sorted

Hi [First Name],

Looked at Giovanti Homes as a client would in Des Moines: trying to find the project that matches my lot and my number. Gave up before I found it.

And the inquiries that do land ask for a name and a message, so your first call is an interview instead of a conversation.

Sort the work the way buyers actually choose, and put the process where the fear is.

So here's what I'll do. I'll build Giovanti Homes that homepage. Free. Not a slide, not a proposal — the actual page, designed for your business. Yours to keep whether you hire me or not.

Should I send it over?

[Sender Name]
Bothmade","Subject: here it is

Here it is — Giovanti Homes, as promised.

Projects sortable the way buyers choose, and the build process laid out month by month, which is the part they're actually frightened of.

Static design, so nothing on it works yet. I'd rather show you the real idea than a fake demo.

One question: would you ever show budget bands publicly, or is that a fight with your sales process?

[Sender Name]","the portfolio is the whole sale and there is no way to sort it by budget, style or scope",info@ on their own domain — the convention. Worth a quick check before a big send.,field-run-009;custom-home-building;IA;convention-email,75,22000,"$12,000","$35,000",06082026
Go2Scape,info@go2scape.com,Landscape design build,Fort Lauderdale,FL,USA,https://go2scape.com,cold-outreach,researched,"Subject: your gardens, sorted

Hi [First Name],

Your gardens are genuinely good. A design-led client chooses from images and yours can't be narrowed, so they never find the one that looks like their lot.

So the client who wanted exactly what you do never works out that you do it.

Projects filterable by style, scale and budget. The design process spelled out so the brief arrives specific.

So here's what I'll do. I'll build Go2Scape that homepage. Free. Not a slide, not a proposal — the actual page, designed for your business. Yours to keep whether you hire me or not.

Want me to build it?

[Sender Name]
Bothmade","Subject: here it is

Here it is.

Projects filterable by style, scale and budget band, with the design process spelled out — so the brief that reaches you already knows what it's asking for.

Static design, so nothing on it works yet. I'd rather show you the real idea than a fake demo.

One question: would publishing a design fee range help you or cost you?

[Sender Name]","design-led buyers choose from images and yours cannot be narrowed by style, scale or budget",info@ on their own domain — the convention. Worth a quick check before a big send.,field-run-009;landscape-design-build;FL;convention-email,75,9000,"$5,000","$16,000",06082026
Greashaber Dentistry,info@greashaberdentistry.com,Cosmetic dentistry,Ann Arbor,MI,USA,https://greashaberdentistry.com,cold-outreach,researched,"Subject: one case a month

Hi [First Name],

A smile-makeover patient researches for months, alone, at night, on a phone. I did that to Greashaber Dentistry. Got as far as a phone number and a form.

They don't call in the morning. They keep scrolling and someone else does the case.

Cases first, filterable, a price range said out loud, and a booking that works at 9pm.

I'd like to build it and show you. One homepage, designed for Greashaber Dentistry, free. Not a template with your logo on it. The real thing, and it's yours whether we work together or not.

Should I send it over?

[Sender Name]
Bothmade","Subject: Greashaber Dentistry — built it

Here it is.

Cases at the top, filterable by treatment. The range stated in real numbers. Booking that doesn't need your front desk awake.

It's a design, not a build — nothing clicks yet. Didn't want to fake a demo.

One thing I'd want your read on: veneers or implants — which pays you better?

[Sender Name]",the cases and the price range are the two things a $15k patient wants and the two hardest things to reach,info@ on their own domain — the convention. Worth a quick check before a big send.,field-run-009;cosmetic-dentistry;MI;convention-email,75,12000,"$6,000","$22,000",06082026
Green Dreams Landscape,info@greendreams-landscapes.com,Landscape design build,San Diego,CA,USA,https://greendreams-landscapes.com,cold-outreach,researched,"Subject: design fee, unsaid

Hi [First Name],

Your gardens are genuinely good. A design-led client chooses from images and yours can't be narrowed, so they never find the one that looks like their lot.

So the client who wanted exactly what you do never works out that you do it.

Projects filterable by style, scale and budget. The design process spelled out so the brief arrives specific.

Here's my offer. I'll design that page for Green Dreams Landscape and send it over. No charge, no meeting to get it, no invoice at the end. Keep it either way — I'd rather you saw the work than read about it.

Want it?

[Sender Name]
Bothmade","Subject: built it

Here it is.

Projects filterable by style, scale and budget band, with the design process spelled out — so the brief that reaches you already knows what it's asking for.

Static design, so nothing on it works yet. I'd rather show you the real idea than a fake demo.

One question: would publishing a design fee range help you or cost you?

[Sender Name]","design-led buyers choose from images and yours cannot be narrowed by style, scale or budget",info@ on their own domain — the convention. Worth a quick check before a big send.,field-run-009;landscape-design-build;CA;convention-email,75,9000,"$5,000","$16,000",06082026
Greenway Landscape Design and Build,info@grnway.com,Landscape design build,San Diego,CA,USA,https://grnway.com,cold-outreach,researched,"Subject: your gardens, sorted

Hi [First Name],

Your gardens are genuinely good. A design-led client chooses from images and yours can't be narrowed, so they never find the one that looks like their lot.

So the client who wanted exactly what you do never works out that you do it.

Projects filterable by style, scale and budget. The design process spelled out so the brief arrives specific.

Here's my offer. I'll design that page for Greenway Landscape Design and Build and send it over. No charge, no meeting to get it, no invoice at the end. Keep it either way — I'd rather you saw the work than read about it.

Want it?

[Sender Name]
Bothmade","Subject: here it is

Here it is — Greenway Landscape Design and Build, as promised.

Projects filterable by style, scale and budget band, with the design process spelled out — so the brief that reaches you already knows what it's asking for.

Static design, so nothing on it works yet. I'd rather show you the real idea than a fake demo.

One question: would publishing a design fee range help you or cost you?

[Sender Name]","design-led buyers choose from images and yours cannot be narrowed by style, scale or budget",info@ on their own domain — the convention. Worth a quick check before a big send.,field-run-009;landscape-design-build;CA;convention-email,75,9000,"$5,000","$16,000",06082026
Happe Homes,info@happehomes.com,Custom home building,Des Moines,IA,USA,https://happehomes.com,cold-outreach,researched,"Subject: the inquiry that wasted your Tuesday

Hi [First Name],

Your work is the sale. I looked at it the way a buyer does and there was no way to narrow it — no budget band, no style, no scope. Forty thumbnails and good luck.

They don't email to ask. They go and look at the builder whose site let them filter.

Portfolio filterable by budget band, style and scope. Inquiry that asks about the lot, the number and the timing.

Let me build it for you. A real homepage for Happe Homes, on me, before we ever talk money. If it's good you'll know in ten seconds. If it isn't, you've lost nothing.

Should I send it over?

[Sender Name]
Bothmade","Subject: here it is

Here it is.

Portfolio filterable by budget, style and scope — so a couple with a specific project finds theirs in about nine seconds. Inquiry that arrives with the lot, the number and the timing on it.

It's a design, not a build — nothing clicks yet. Didn't want to fake a demo.

One thing I'd want your answer on: what do you wish every inquiry told you before you called them back?

[Sender Name]","the portfolio is the whole sale and there is no way to sort it by budget, style or scope",info@ on their own domain — the convention. Worth a quick check before a big send.,field-run-009;custom-home-building;IA;convention-email,75,22000,"$12,000","$35,000",06082026
Infinity E Pools and Spas,info@infinityepools.com,Pool building,Sacramento,CA,USA,https://infinityepools.com,cold-outreach,researched,"Subject: what does one like mine cost

Hi [First Name],

Looked at Infinity E Pools and Spas the way a homeowner in Sacramento does — trying to find a build that looks like my backyard, at roughly my number. One long scroll, no way to narrow it, no price anywhere.

That's a ninety-thousand-dollar build going to the company that answered the money question first.

Gallery filterable by size, style and budget. A starting number said out loud.

I'd like to build it and show you. One homepage, designed for Infinity E Pools and Spas, free. Not a template with your logo on it. The real thing, and it's yours whether we work together or not.

Want it?

[Sender Name]
Bothmade","Subject: Infinity E Pools and Spas — built it

Here it is — Infinity E Pools and Spas, as promised.

Builds filterable by size, style and budget band, with a starting range stated plainly and a timeline from signing to swimming.

It's a design, not a build — nothing clicks yet. Didn't want to fake a demo.

One question: would you publish a starting price, or does that cost you more than it wins?

[Sender Name]","the gallery cannot be sorted, so nobody finds a build that looks like their own yard",info@ on their own domain — the convention. Worth a quick check before a big send.,field-run-009;pool-building;CA;convention-email,75,10000,"$5,000","$18,000",06082026
Infinity Med-I-Spa,info@med-i-spa.com,Med spa,Huntsville,AL,USA,https://med-i-spa.com,cold-outreach,researched,"Subject: she booked somewhere else

Hi [First Name],

Looked you up the way a new client does — evening, phone, already decided she wants tox, just picking where. Infinity Med-I-Spa won on reviews. Then booking meant calling in the morning.

A booking a night walks that way. Silently. No missed call, no voicemail, nothing to review on Monday.

Booking belongs on the homepage, next to the reviews, working at midnight.

I'd like to build it and show you. One homepage, designed for Infinity Med-I-Spa, free. Not a template with your logo on it. The real thing, and it's yours whether we work together or not.

Want it?

[Sender Name]
Bothmade","Subject: built it

Built it. Here.

Booking sits on the homepage next to your reviews. Two taps to Thursday at six. That's the part your site can't do tonight.

It's a design, not a build — nothing clicks yet. Didn't want to fake a demo.

One thing I'd want your answer on: is membership what you'd push hardest here, or first-visit tox?

[Sender Name]",the reviews do the selling and the booking is a phone number that stops answering at five,info@ on their own domain — the convention. Worth a quick check before a big send.,field-run-009;med-spa;AL;convention-email,75,10000,"$5,000","$18,000",06082026
KDI Kitchens,info@kdiusa.com,Kitchen and bath remodeling,Detroit,MI,USA,https://kdiusa.com,cold-outreach,researched,"Subject: your before-and-afters

Hi [First Name],

Your before-and-afters sell this. They're in a small gallery you can't filter, so the woman with a galley kitchen never finds your galley kitchen.

So you spend Tuesday evening quoting jobs that were never real, and the real one went to whoever answered first.

Projects filterable by room, style and budget. A form that asks about the job, so it arrives ready to quote.

Here's my offer. I'll design that page for KDI Kitchens and send it over. No charge, no meeting to get it, no invoice at the end. Keep it either way — I'd rather you saw the work than read about it.

Say yes and it's yours by Friday.

[Sender Name]
Bothmade","Subject: KDI Kitchens — built it

Here it is.

Before-and-afters filterable by room, style and budget band. The inquiry asks about the room, the scope and the timing — so it lands ready to quote instead of ready to interview.

Static design, so nothing on it works yet. I'd rather show you the real idea than a fake demo.

One question: what do you wish every inquiry told you before you called them back?

[Sender Name]",before-and-afters are what sell this and they sit in a gallery nobody can filter,info@ on their own domain — the convention. Worth a quick check before a big send.,field-run-009;kitchen-and-bath-remodeling;MI;convention-email,75,8500,"$4,000","$15,000",06082026
KRM Custom Homes,info@krmcustomhomes.com,Custom home building,Des Moines,IA,USA,https://krmcustomhomes.com,cold-outreach,researched,"Subject: they couldn't find their house

Hi [First Name],

Went through KRM Custom Homes' portfolio the way a couple with a lot and three million dollars does — hunting for the one house that looks like the one in their head. Couldn't sort by budget, style or scope. Just scrolled.

They don't email to ask. They go and look at the builder whose site let them filter.

Sort the work the way buyers actually choose, and put the process where the fear is.

Here's my offer. I'll design that page for KRM Custom Homes and send it over. No charge, no meeting to get it, no invoice at the end. Keep it either way — I'd rather you saw the work than read about it.

Want it?

[Sender Name]
Bothmade","Subject: built it

Here it is.

Projects sortable the way buyers choose, and the build process laid out month by month, which is the part they're actually frightened of.

Static design, so nothing on it works yet. I'd rather show you the real idea than a fake demo.

One question: would you ever show budget bands publicly, or is that a fight with your sales process?

[Sender Name]","the portfolio is the whole sale and there is no way to sort it by budget, style or scope",info@ on their own domain — the convention. Worth a quick check before a big send.,field-run-009;custom-home-building;IA;convention-email,75,22000,"$12,000","$35,000",06082026
Kind Dermatology and Medical Spa,info@kinddermatology.com,Med spa,Santa Barbara,CA,USA,https://kinddermatology.com,cold-outreach,researched,"Subject: she booked somewhere else

Hi [First Name],

Your reviews do the selling. I read them on my phone at 9pm in Santa Barbara and I was sold. Then I hit a phone number and office hours.

That's the sale, right there. She books wherever the button is, and you never find out you lost her.

Booking belongs on the homepage, next to the reviews, working at midnight.

I'd like to build it and show you. One homepage, designed for Kind Dermatology and Medical Spa, free. Not a template with your logo on it. The real thing, and it's yours whether we work together or not.

Want it?

[Sender Name]
Bothmade","Subject: Kind Dermatology and Medical Spa — built it

Built it. Here.

Booking sits on the homepage next to your reviews. Two taps to Thursday at six. That's the part your site can't do tonight.

It's a design, not a build — nothing clicks yet. Didn't want to fake a demo.

One thing I'd want your answer on: is membership what you'd push hardest here, or first-visit tox?

[Sender Name]",the reviews do the selling and the booking is a phone number that stops answering at five,info@ on their own domain — the convention. Worth a quick check before a big send.,field-run-009;med-spa;CA;convention-email,75,10000,"$5,000","$18,000",06082026
Kitchen World Inc,info@kitchenworldinc.com,Kitchen and bath remodeling,Buffalo,NY,USA,https://kitchenworldinc.com,cold-outreach,researched,"Subject: quoting jobs that were never real

Hi [First Name],

Looked at Kitchen World Inc the way a homeowner with a sixty-thousand-dollar kitchen in mind does. Your finished work is good. There was no way to find a kitchen like mine, and no way to tell you what my job actually is.

That's a $60k kitchen going to the company whose site made it feel easy.

Projects filterable by room, style and budget. A form that asks about the job, so it arrives ready to quote.

Let me build it for you. A real homepage for Kitchen World Inc, on me, before we ever talk money. If it's good you'll know in ten seconds. If it isn't, you've lost nothing.

Should I send it over?

[Sender Name]
Bothmade","Subject: built it

Here it is.

Before-and-afters filterable by room, style and budget band. The inquiry asks about the room, the scope and the timing — so it lands ready to quote instead of ready to interview.

It's a design, not a build — nothing clicks yet. Didn't want to fake a demo.

One question: what do you wish every inquiry told you before you called them back?

[Sender Name]",before-and-afters are what sell this and they sit in a gallery nobody can filter,info@ on their own domain — the convention. Worth a quick check before a big send.,field-run-009;kitchen-and-bath-remodeling;NY;convention-email,75,8500,"$4,000","$15,000",06082026
L'Elite Medispa,info@lelitemedispa.com,Med spa,Melville,NY,USA,https://lelitemedispa.com,cold-outreach,researched,"Subject: she booked somewhere else

Hi [First Name],

Your reviews do the selling. I read them on my phone at 9pm in Melville and I was sold. Then I hit a phone number and office hours.

She doesn't call in the morning. She books the spa that let her book at 9pm.

Booking belongs on the homepage, next to the reviews, working at midnight.

I'd like to build it and show you. One homepage, designed for L'Elite Medispa, free. Not a template with your logo on it. The real thing, and it's yours whether we work together or not.

Worth a look? One word back and I'll start.

[Sender Name]
Bothmade","Subject: L'Elite Medispa — built it

Built it. Here.

Booking sits on the homepage next to your reviews. Two taps to Thursday at six. That's the part your site can't do tonight.

It's a design, not a build — nothing clicks yet. Didn't want to fake a demo.

One thing I'd want your answer on: is membership what you'd push hardest here, or first-visit tox?

[Sender Name]",the reviews do the selling and the booking is a phone number that stops answering at five,info@ on their own domain — the convention. Worth a quick check before a big send.,field-run-009;med-spa;NY;convention-email,75,10000,"$5,000","$18,000",06082026
LI Medical Aesthetics,info@limedicalaesthetics.com,Med spa,Merrick,NY,USA,https://limedicalaesthetics.com,cold-outreach,researched,"Subject: your 9pm bookings

Hi [First Name],

Found LI Medical Aesthetics at 9pm on my phone, the way your next client will. The reviews sold me in about forty seconds. Then the only way to book was a phone number and a front desk that shut at five.

That's the sale, right there. She books wherever the button is, and you never find out you lost her.

Treatments priced, bookable in two taps, reviews right beside them.

So here's what I'll do. I'll build LI Medical Aesthetics that homepage. Free. Not a slide, not a proposal — the actual page, designed for your business. Yours to keep whether you hire me or not.

Want it?

[Sender Name]
Bothmade","Subject: built it

Here it is.

Treatments priced, bookable in two taps, reviews doing the closing right beside them. Memberships obvious instead of three pages deep.

Static design, so nothing on it works yet. I'd rather show you the real idea than a fake demo.

One question: would you let a new client book without a consult call first?

[Sender Name]",the reviews do the selling and the booking is a phone number that stops answering at five,info@ on their own domain — the convention. Worth a quick check before a big send.,field-run-009;med-spa;NY;convention-email,75,10000,"$5,000","$18,000",06082026
LUKA Design and Build,info@lukabuilders.com,Custom home building,McLean,VA,USA,https://lukabuilders.com,cold-outreach,researched,"Subject: they couldn't find their house

Hi [First Name],

Went through LUKA Design and Build's portfolio the way a couple with a lot and three million dollars does — hunting for the one house that looks like the one in their head. Couldn't sort by budget, style or scope. Just scrolled.

They don't email to ask. They go and look at the builder whose site let them filter.

Sort the work the way buyers actually choose, and put the process where the fear is.

Here's my offer. I'll design that page for LUKA Design and Build and send it over. No charge, no meeting to get it, no invoice at the end. Keep it either way — I'd rather you saw the work than read about it.

Worth a look? One word back and I'll start.

[Sender Name]
Bothmade","Subject: here it is

Here it is.

Projects sortable the way buyers choose, and the build process laid out month by month, which is the part they're actually frightened of.

Static design, so nothing on it works yet. I'd rather show you the real idea than a fake demo.

One question: would you ever show budget bands publicly, or is that a fight with your sales process?

[Sender Name]","the portfolio is the whole sale and there is no way to sort it by budget, style or scope",info@ on their own domain — the convention. Worth a quick check before a big send.,field-run-009;custom-home-building;VA;convention-email,75,22000,"$12,000","$35,000",06082026
Landscaping Fort Lauderdale,info@landscapingfortlauderdale.com,Landscape design build,Fort Lauderdale,FL,USA,https://landscapingfortlauderdale.com,cold-outreach,researched,"Subject: your gardens, sorted

Hi [First Name],

Your gardens are genuinely good. A design-led client chooses from images and yours can't be narrowed, so they never find the one that looks like their lot.

So the client who wanted exactly what you do never works out that you do it.

Projects filterable by style, scale and budget. The design process spelled out so the brief arrives specific.

So here's what I'll do. I'll build Landscaping Fort Lauderdale that homepage. Free. Not a slide, not a proposal — the actual page, designed for your business. Yours to keep whether you hire me or not.

Worth a look? One word back and I'll start.

[Sender Name]
Bothmade","Subject: built it

Here it is — Landscaping Fort Lauderdale, as promised.

Projects filterable by style, scale and budget band, with the design process spelled out — so the brief that reaches you already knows what it's asking for.

Static design, so nothing on it works yet. I'd rather show you the real idea than a fake demo.

One question: would publishing a design fee range help you or cost you?

[Sender Name]","design-led buyers choose from images and yours cannot be narrowed by style, scale or budget",info@ on their own domain — the convention. Worth a quick check before a big send.,field-run-009;landscape-design-build;FL;convention-email,75,9000,"$5,000","$16,000",06082026
Las Vegas Landscape Design,info@lasvegaslandscapedesigners.com,Landscape design build,Las Vegas,NV,USA,https://lasvegaslandscapedesigners.com,cold-outreach,researched,"Subject: design fee, unsaid

Hi [First Name],

Went through Las Vegas Landscape Design's work the way a homeowner commissioning a garden does. It's beautiful. It's also one long scroll — no way to narrow by style, scale or budget, and nothing about what design costs.

And the inquiries that land are vague, so the first call is about scope instead of the garden.

Projects filterable by style, scale and budget. The design process spelled out so the brief arrives specific.

I'd like to build it and show you. One homepage, designed for Las Vegas Landscape Design, free. Not a template with your logo on it. The real thing, and it's yours whether we work together or not.

Want it?

[Sender Name]
Bothmade","Subject: here it is

Built it. Here.

Projects filterable by style, scale and budget band, with the design process spelled out — so the brief that reaches you already knows what it's asking for.

It's a design, not a build — nothing clicks yet. Didn't want to fake a demo.

One question: would publishing a design fee range help you or cost you?

[Sender Name]","design-led buyers choose from images and yours cannot be narrowed by style, scale or budget",info@ on their own domain — the convention. Worth a quick check before a big send.,field-run-009;landscape-design-build;NV;convention-email,75,9000,"$5,000","$16,000",06082026
Leisure Pools Myrtle Beach,info@leisurepoolsmyrtlebeach.com,Pool building,Murrells Inlet,SC,USA,https://leisurepoolsmyrtlebeach.com,cold-outreach,researched,"Subject: your build gallery

Hi [First Name],

Your builds look excellent. I went looking for one like mine and scrolled past sixty that weren't. Then couldn't find a starting number.

So they call whoever showed them a pool like theirs, with a number attached.

Gallery filterable by size, style and budget. A starting number said out loud.

So here's what I'll do. I'll build Leisure Pools Myrtle Beach that homepage. Free. Not a slide, not a proposal — the actual page, designed for your business. Yours to keep whether you hire me or not.

Should I send it over?

[Sender Name]
Bothmade","Subject: Leisure Pools Myrtle Beach — built it

Here it is.

Builds filterable by size, style and budget band, with a starting range stated plainly and a timeline from signing to swimming.

Static design, so nothing on it works yet. I'd rather show you the real idea than a fake demo.

One question: would you publish a starting price, or does that cost you more than it wins?

[Sender Name]","the gallery cannot be sorted, so nobody finds a build that looks like their own yard",info@ on their own domain — the convention. Worth a quick check before a big send.,field-run-009;pool-building;SC;convention-email,75,10000,"$5,000","$18,000",06082026
Lexington Dental,info@lexingtondental.com,Cosmetic dentistry,Lexington,KY,USA,https://lexingtondental.com,cold-outreach,researched,"Subject: your veneer cases

Hi [First Name],

A smile-makeover patient researches for months, alone, at night, on a phone. I did that to Lexington Dental. Got as far as a phone number and a form.

One case a month lost that way costs more than a website. Several times over.

Before-and-afters up front, the range in plain numbers, financing mentioned before they ask.

So here's what I'll do. I'll build Lexington Dental that homepage. Free. Not a slide, not a proposal — the actual page, designed for your business. Yours to keep whether you hire me or not.

Worth a look? One word back and I'll start.

[Sender Name]
Bothmade","Subject: built it

Here it is — Lexington Dental, as promised.

A homepage built for the cosmetic patient rather than the check-up patient — cases, price, and one tap to a consult.

Static design, so nothing on it works yet. I'd rather show you the real idea than a fake demo.

One question: does a price range on the site bring you better calls or worse ones?

[Sender Name]",the cases and the price range are the two things a $15k patient wants and the two hardest things to reach,info@ on their own domain — the convention. Worth a quick check before a big send.,field-run-009;cosmetic-dentistry;KY;convention-email,75,12000,"$6,000","$22,000",06082026
Lexington Family Dentistry,info@lexingtonfamilydentistry.org,Cosmetic dentistry,Lexington,KY,USA,https://lexingtonfamilydentistry.org,cold-outreach,researched,"Subject: cases, price, booking

Hi [First Name],

Your case work is good. I had to dig for it — two menus deep, on a phone, at the exact moment somebody decides to spend fifteen thousand dollars on their teeth.

That's the biggest case of the month deciding not to call you.

Before-and-afters up front, the range in plain numbers, financing mentioned before they ask.

Here's my offer. I'll design that page for Lexington Family Dentistry and send it over. No charge, no meeting to get it, no invoice at the end. Keep it either way — I'd rather you saw the work than read about it.

Worth a look? One word back and I'll start.

[Sender Name]
Bothmade","Subject: built it

Built it. Here.

A homepage built for the cosmetic patient rather than the check-up patient — cases, price, and one tap to a consult.

Static design, so nothing on it works yet. I'd rather show you the real idea than a fake demo.

One question: does a price range on the site bring you better calls or worse ones?

[Sender Name]",the cases and the price range are the two things a $15k patient wants and the two hardest things to reach,info@ on their own domain — the convention. Worth a quick check before a big send.,field-run-009;cosmetic-dentistry;KY;convention-email,75,12000,"$6,000","$22,000",06082026
Long Island Med Spa,info@longislandmedspa.com,Med spa,Manhasset,NY,USA,https://longislandmedspa.com,cold-outreach,researched,"Subject: she booked somewhere else

Hi [First Name],

Found Long Island Med Spa at 9pm on my phone, the way your next client will. The reviews sold me in about forty seconds. Then the only way to book was a phone number and a front desk that shut at five.

That's the sale, right there. She books wherever the button is, and you never find out you lost her.

Booking belongs on the homepage, next to the reviews, working at midnight.

I'd like to build it and show you. One homepage, designed for Long Island Med Spa, free. Not a template with your logo on it. The real thing, and it's yours whether we work together or not.

Should I send it over?

[Sender Name]
Bothmade","Subject: built it

Here it is — Long Island Med Spa, as promised.

Booking sits on the homepage next to your reviews. Two taps to Thursday at six. That's the part your site can't do tonight.

It's a design, not a build — nothing clicks yet. Didn't want to fake a demo.

One thing I'd want your answer on: is membership what you'd push hardest here, or first-visit tox?

[Sender Name]",the reviews do the selling and the booking is a phone number that stops answering at five,info@ on their own domain — the convention. Worth a quick check before a big send.,field-run-009;med-spa;NY;convention-email,75,10000,"$5,000","$18,000",06082026
MR Custom Homes,info@mrcustomhomes.com,Custom home building,Arlington,VA,USA,https://mrcustomhomes.com,cold-outreach,researched,"Subject: your portfolio, sorted

Hi [First Name],

Looked at MR Custom Homes as a client would in Arlington: trying to find the project that matches my lot and my number. Gave up before I found it.

And the inquiries that do land ask for a name and a message, so your first call is an interview instead of a conversation.

Sort the work the way buyers actually choose, and put the process where the fear is.

So here's what I'll do. I'll build MR Custom Homes that homepage. Free. Not a slide, not a proposal — the actual page, designed for your business. Yours to keep whether you hire me or not.

Want me to build it?

[Sender Name]
Bothmade","Subject: MR Custom Homes — built it

Built it. Here.

Projects sortable the way buyers choose, and the build process laid out month by month, which is the part they're actually frightened of.

Static design, so nothing on it works yet. I'd rather show you the real idea than a fake demo.

One question: would you ever show budget bands publicly, or is that a fight with your sales process?

[Sender Name]","the portfolio is the whole sale and there is no way to sort it by budget, style or scope",info@ on their own domain — the convention. Worth a quick check before a big send.,field-run-009;custom-home-building;VA;convention-email,75,22000,"$12,000","$35,000",06082026
Magleby Construction,info@maglebyconstruction.com,Custom home building,Lindon,UT,USA,https://maglebyconstruction.com,cold-outreach,researched,"Subject: your portfolio, sorted

Hi [First Name],

Went through Magleby Construction's portfolio the way a couple with a lot and three million dollars does — hunting for the one house that looks like the one in their head. Couldn't sort by budget, style or scope. Just scrolled.

And the inquiries that do land ask for a name and a message, so your first call is an interview instead of a conversation.

Sort the work the way buyers actually choose, and put the process where the fear is.

So here's what I'll do. I'll build Magleby Construction that homepage. Free. Not a slide, not a proposal — the actual page, designed for your business. Yours to keep whether you hire me or not.

Say yes and it's yours by Friday.

[Sender Name]
Bothmade","Subject: here it is

Here it is.

Projects sortable the way buyers choose, and the build process laid out month by month, which is the part they're actually frightened of.

Static design, so nothing on it works yet. I'd rather show you the real idea than a fake demo.

One question: would you ever show budget bands publicly, or is that a fight with your sales process?

[Sender Name]","the portfolio is the whole sale and there is no way to sort it by budget, style or scope",info@ on their own domain — the convention. Worth a quick check before a big send.,field-run-009;custom-home-building;UT;convention-email,75,22000,"$12,000","$35,000",06082026
MainBuilt Custom Homes,info@mainbuilt.com,Custom home building,Des Moines,IA,USA,https://mainbuilt.com,cold-outreach,researched,"Subject: the inquiry that wasted your Tuesday

Hi [First Name],

Went through MainBuilt Custom Homes' portfolio the way a couple with a lot and three million dollars does — hunting for the one house that looks like the one in their head. Couldn't sort by budget, style or scope. Just scrolled.

That's a real project deciding you're not the one, on no evidence either way.

Portfolio filterable by budget band, style and scope. Inquiry that asks about the lot, the number and the timing.

Let me build it for you. A real homepage for MainBuilt Custom Homes, on me, before we ever talk money. If it's good you'll know in ten seconds. If it isn't, you've lost nothing.

Should I send it over?

[Sender Name]
Bothmade","Subject: MainBuilt Custom Homes — built it

Here it is — MainBuilt Custom Homes, as promised.

Portfolio filterable by budget, style and scope — so a couple with a specific project finds theirs in about nine seconds. Inquiry that arrives with the lot, the number and the timing on it.

It's a design, not a build — nothing clicks yet. Didn't want to fake a demo.

One thing I'd want your answer on: what do you wish every inquiry told you before you called them back?

[Sender Name]","the portfolio is the whole sale and there is no way to sort it by budget, style or scope",info@ on their own domain — the convention. Worth a quick check before a big send.,field-run-009;custom-home-building;IA;convention-email,75,22000,"$12,000","$35,000",06082026
Marjos Complete Remodeling,info@marjos.com,Kitchen and bath remodeling,Virginia Beach,VA,USA,https://marjos.com,cold-outreach,researched,"Subject: your before-and-afters

Hi [First Name],

Looked at Marjos Complete Remodeling the way a homeowner with a sixty-thousand-dollar kitchen in mind does. Your finished work is good. There was no way to find a kitchen like mine, and no way to tell you what my job actually is.

That's a $60k kitchen going to the company whose site made it feel easy.

Projects filterable by room, style and budget. A form that asks about the job, so it arrives ready to quote.

I'd like to build it and show you. One homepage, designed for Marjos Complete Remodeling, free. Not a template with your logo on it. The real thing, and it's yours whether we work together or not.

Say yes and it's yours by Friday.

[Sender Name]
Bothmade","Subject: Marjos Complete Remodeling — built it

Built it. Here.

Before-and-afters filterable by room, style and budget band. The inquiry asks about the room, the scope and the timing — so it lands ready to quote instead of ready to interview.

It's a design, not a build — nothing clicks yet. Didn't want to fake a demo.

One question: what do you wish every inquiry told you before you called them back?

[Sender Name]",before-and-afters are what sell this and they sit in a gallery nobody can filter,info@ on their own domain — the convention. Worth a quick check before a big send.,field-run-009;kitchen-and-bath-remodeling;VA;convention-email,75,8500,"$4,000","$15,000",06082026
McLean Custom Builders,info@mcleancustombuilders.com,Custom home building,McLean,VA,USA,https://mcleancustombuilders.com,cold-outreach,researched,"Subject: the inquiry that wasted your Tuesday

Hi [First Name],

Looked at McLean Custom Builders as a client would in McLean: trying to find the project that matches my lot and my number. Gave up before I found it.

They don't email to ask. They go and look at the builder whose site let them filter.

Portfolio filterable by budget band, style and scope. Inquiry that asks about the lot, the number and the timing.

Let me build it for you. A real homepage for McLean Custom Builders, on me, before we ever talk money. If it's good you'll know in ten seconds. If it isn't, you've lost nothing.

Say yes and it's yours by Friday.

[Sender Name]
Bothmade","Subject: McLean Custom Builders — built it

Built it. Here.

Portfolio filterable by budget, style and scope — so a couple with a specific project finds theirs in about nine seconds. Inquiry that arrives with the lot, the number and the timing on it.

It's a design, not a build — nothing clicks yet. Didn't want to fake a demo.

One thing I'd want your answer on: what do you wish every inquiry told you before you called them back?

[Sender Name]","the portfolio is the whole sale and there is no way to sort it by budget, style or scope",info@ on their own domain — the convention. Worth a quick check before a big send.,field-run-009;custom-home-building;VA;convention-email,75,22000,"$12,000","$35,000",06082026
Medloft Spa Huntsville,info@medloftspa.com,Med spa,Huntsville,AL,USA,https://medloftspa.com,cold-outreach,researched,"Subject: the booking you lost last night

Hi [First Name],

Your reviews do the selling. I read them on my phone at 9pm in Huntsville and I was sold. Then I hit a phone number and office hours.

She doesn't call in the morning. She books the spa that let her book at 9pm.

Booking belongs on the homepage, next to the reviews, working at midnight.

Let me build it for you. A real homepage for Medloft Spa Huntsville, on me, before we ever talk money. If it's good you'll know in ten seconds. If it isn't, you've lost nothing.

Should I send it over?

[Sender Name]
Bothmade","Subject: built it

Built it. Here.

Booking sits on the homepage next to your reviews. Two taps to Thursday at six. That's the part your site can't do tonight.

It's a design, not a build — nothing clicks yet. Didn't want to fake a demo.

One thing I'd want your answer on: is membership what you'd push hardest here, or first-visit tox?

[Sender Name]",the reviews do the selling and the booking is a phone number that stops answering at five,info@ on their own domain — the convention. Worth a quick check before a big send.,field-run-009;med-spa;AL;convention-email,75,10000,"$5,000","$18,000",06082026
Modern Landscape Las Vegas,info@modernlandscapelasvegas.com,Landscape design build,Las Vegas,NV,USA,https://modernlandscapelasvegas.com,cold-outreach,researched,"Subject: the inquiry that arrives vague

Hi [First Name],

Your gardens are genuinely good. A design-led client chooses from images and yours can't be narrowed, so they never find the one that looks like their lot.

So the client who wanted exactly what you do never works out that you do it.

Projects filterable by style, scale and budget. The design process spelled out so the brief arrives specific.

Here's my offer. I'll design that page for Modern Landscape Las Vegas and send it over. No charge, no meeting to get it, no invoice at the end. Keep it either way — I'd rather you saw the work than read about it.

Want me to build it?

[Sender Name]
Bothmade","Subject: built it

Here it is — Modern Landscape Las Vegas, as promised.

Projects filterable by style, scale and budget band, with the design process spelled out — so the brief that reaches you already knows what it's asking for.

Static design, so nothing on it works yet. I'd rather show you the real idea than a fake demo.

One question: would publishing a design fee range help you or cost you?

[Sender Name]","design-led buyers choose from images and yours cannot be narrowed by style, scale or budget",info@ on their own domain — the convention. Worth a quick check before a big send.,field-run-009;landscape-design-build;NV;convention-email,75,9000,"$5,000","$16,000",06082026
NV Kitchen and Bathroom Remodeling,info@nvkitchenandbath.com,Kitchen and bath remodeling,Virginia Beach,VA,USA,https://nvkitchenandbath.com,cold-outreach,researched,"Subject: quoting jobs that were never real

Hi [First Name],

Looked at NV Kitchen and Bathroom Remodeling the way a homeowner with a sixty-thousand-dollar kitchen in mind does. Your finished work is good. There was no way to find a kitchen like mine, and no way to tell you what my job actually is.

That's a $60k kitchen going to the company whose site made it feel easy.

Projects filterable by room, style and budget. A form that asks about the job, so it arrives ready to quote.

Let me build it for you. A real homepage for NV Kitchen and Bathroom Remodeling, on me, before we ever talk money. If it's good you'll know in ten seconds. If it isn't, you've lost nothing.

Want it?

[Sender Name]
Bothmade","Subject: built it

Here it is.

Before-and-afters filterable by room, style and budget band. The inquiry asks about the room, the scope and the timing — so it lands ready to quote instead of ready to interview.

It's a design, not a build — nothing clicks yet. Didn't want to fake a demo.

One question: what do you wish every inquiry told you before you called them back?

[Sender Name]",before-and-afters are what sell this and they sit in a gallery nobody can filter,info@ on their own domain — the convention. Worth a quick check before a big send.,field-run-009;kitchen-and-bath-remodeling;VA;convention-email,75,8500,"$4,000","$15,000",06082026
NV Landscapes,info@nvlandscapesllc.com,Landscape design build,Las Vegas,NV,USA,https://nvlandscapesllc.com,cold-outreach,researched,"Subject: design fee, unsaid

Hi [First Name],

Your gardens are genuinely good. A design-led client chooses from images and yours can't be narrowed, so they never find the one that looks like their lot.

So the client who wanted exactly what you do never works out that you do it.

Projects filterable by style, scale and budget. The design process spelled out so the brief arrives specific.

Here's my offer. I'll design that page for NV Landscapes and send it over. No charge, no meeting to get it, no invoice at the end. Keep it either way — I'd rather you saw the work than read about it.

Want it?

[Sender Name]
Bothmade","Subject: here it is

Built it. Here.

Projects filterable by style, scale and budget band, with the design process spelled out — so the brief that reaches you already knows what it's asking for.

Static design, so nothing on it works yet. I'd rather show you the real idea than a fake demo.

One question: would publishing a design fee range help you or cost you?

[Sender Name]","design-led buyers choose from images and yours cannot be narrowed by style, scale or budget",info@ on their own domain — the convention. Worth a quick check before a big send.,field-run-009;landscape-design-build;NV;convention-email,75,9000,"$5,000","$16,000",06082026
New Day Detroit,info@newdaydetroit.com,Kitchen and bath remodeling,Detroit,MI,USA,https://newdaydetroit.com,cold-outreach,researched,"Subject: the tire-kicker problem

Hi [First Name],

Your before-and-afters sell this. They're in a small gallery you can't filter, so the woman with a galley kitchen never finds your galley kitchen.

So you spend Tuesday evening quoting jobs that were never real, and the real one went to whoever answered first.

Projects filterable by room, style and budget. A form that asks about the job, so it arrives ready to quote.

So here's what I'll do. I'll build New Day Detroit that homepage. Free. Not a slide, not a proposal — the actual page, designed for your business. Yours to keep whether you hire me or not.

Want me to build it?

[Sender Name]
Bothmade","Subject: built it

Here it is — New Day Detroit, as promised.

Before-and-afters filterable by room, style and budget band. The inquiry asks about the room, the scope and the timing — so it lands ready to quote instead of ready to interview.

Static design, so nothing on it works yet. I'd rather show you the real idea than a fake demo.

One question: what do you wish every inquiry told you before you called them back?

[Sender Name]",before-and-afters are what sell this and they sit in a gallery nobody can filter,info@ on their own domain — the convention. Worth a quick check before a big send.,field-run-009;kitchen-and-bath-remodeling;MI;convention-email,75,8500,"$4,000","$15,000",06082026
New York Kitchen and Bath,info@nykitchenandbath.com,Kitchen and bath remodeling,Buffalo,NY,USA,https://nykitchenandbath.com,cold-outreach,researched,"Subject: quoting jobs that were never real

Hi [First Name],

Your before-and-afters sell this. They're in a small gallery you can't filter, so the woman with a galley kitchen never finds your galley kitchen.

So you spend Tuesday evening quoting jobs that were never real, and the real one went to whoever answered first.

Projects filterable by room, style and budget. A form that asks about the job, so it arrives ready to quote.

So here's what I'll do. I'll build New York Kitchen and Bath that homepage. Free. Not a slide, not a proposal — the actual page, designed for your business. Yours to keep whether you hire me or not.

Want me to build it?

[Sender Name]
Bothmade","Subject: New York Kitchen and Bath — built it

Here it is — New York Kitchen and Bath, as promised.

Before-and-afters filterable by room, style and budget band. The inquiry asks about the room, the scope and the timing — so it lands ready to quote instead of ready to interview.

Static design, so nothing on it works yet. I'd rather show you the real idea than a fake demo.

One question: what do you wish every inquiry told you before you called them back?

[Sender Name]",before-and-afters are what sell this and they sit in a gallery nobody can filter,info@ on their own domain — the convention. Worth a quick check before a big send.,field-run-009;kitchen-and-bath-remodeling;NY;convention-email,75,8500,"$4,000","$15,000",06082026
North Shore Medical Spa,info@northshorems.com,Med spa,Long Island,NY,USA,https://northshorems.com,cold-outreach,researched,"Subject: your 9pm bookings

Hi [First Name],

Found North Shore Medical Spa at 9pm on my phone, the way your next client will. The reviews sold me in about forty seconds. Then the only way to book was a phone number and a front desk that shut at five.

That's the sale, right there. She books wherever the button is, and you never find out you lost her.

Treatments priced, bookable in two taps, reviews right beside them.

So here's what I'll do. I'll build North Shore Medical Spa that homepage. Free. Not a slide, not a proposal — the actual page, designed for your business. Yours to keep whether you hire me or not.

Worth a look? One word back and I'll start.

[Sender Name]
Bothmade","Subject: here it is

Here it is.

Treatments priced, bookable in two taps, reviews doing the closing right beside them. Memberships obvious instead of three pages deep.

Static design, so nothing on it works yet. I'd rather show you the real idea than a fake demo.

One question: would you let a new client book without a consult call first?

[Sender Name]",the reviews do the selling and the booking is a phone number that stops answering at five,info@ on their own domain — the convention. Worth a quick check before a big send.,field-run-009;med-spa;NY;convention-email,75,10000,"$5,000","$18,000",06082026
Northwest Landscaping Vegas,info@landscaping.vegas,Landscape design build,Las Vegas,NV,USA,https://landscaping.vegas,cold-outreach,researched,"Subject: the inquiry that arrives vague

Hi [First Name],

Your gardens are genuinely good. A design-led client chooses from images and yours can't be narrowed, so they never find the one that looks like their lot.

So the client who wanted exactly what you do never works out that you do it.

Projects filterable by style, scale and budget. The design process spelled out so the brief arrives specific.

So here's what I'll do. I'll build Northwest Landscaping Vegas that homepage. Free. Not a slide, not a proposal — the actual page, designed for your business. Yours to keep whether you hire me or not.

Say yes and it's yours by Friday.

[Sender Name]
Bothmade","Subject: built it

Built it. Here.

Projects filterable by style, scale and budget band, with the design process spelled out — so the brief that reaches you already knows what it's asking for.

Static design, so nothing on it works yet. I'd rather show you the real idea than a fake demo.

One question: would publishing a design fee range help you or cost you?

[Sender Name]","design-led buyers choose from images and yours cannot be narrowed by style, scale or budget",info@ on their own domain — the convention. Worth a quick check before a big send.,field-run-009;landscape-design-build;NV;convention-email,75,9000,"$5,000","$16,000",06082026
PSA MedSpa,info@psamedspa.com,Med spa,Huntsville,AL,USA,https://psamedspa.com,cold-outreach,researched,"Subject: your 9pm bookings

Hi [First Name],

Your reviews do the selling. I read them on my phone at 9pm in Huntsville and I was sold. Then I hit a phone number and office hours.

She doesn't call in the morning. She books the spa that let her book at 9pm.

Treatments priced, bookable in two taps, reviews right beside them.

So here's what I'll do. I'll build PSA MedSpa that homepage. Free. Not a slide, not a proposal — the actual page, designed for your business. Yours to keep whether you hire me or not.

Should I send it over?

[Sender Name]
Bothmade","Subject: here it is

Here it is — PSA MedSpa, as promised.

Treatments priced, bookable in two taps, reviews doing the closing right beside them. Memberships obvious instead of three pages deep.

Static design, so nothing on it works yet. I'd rather show you the real idea than a fake demo.

One question: would you let a new client book without a consult call first?

[Sender Name]",the reviews do the selling and the booking is a phone number that stops answering at five,info@ on their own domain — the convention. Worth a quick check before a big send.,field-run-009;med-spa;AL;convention-email,75,10000,"$5,000","$18,000",06082026
Pawleys Pools,info@pawleyspools.com,Pool building,Pawleys Island,SC,USA,https://pawleyspools.com,cold-outreach,researched,"Subject: your build gallery

Hi [First Name],

Your builds look excellent. I went looking for one like mine and scrolled past sixty that weren't. Then couldn't find a starting number.

So they call whoever showed them a pool like theirs, with a number attached.

Gallery filterable by size, style and budget. A starting number said out loud.

So here's what I'll do. I'll build Pawleys Pools that homepage. Free. Not a slide, not a proposal — the actual page, designed for your business. Yours to keep whether you hire me or not.

Want me to build it?

[Sender Name]
Bothmade","Subject: here it is

Here it is — Pawleys Pools, as promised.

Builds filterable by size, style and budget band, with a starting range stated plainly and a timeline from signing to swimming.

Static design, so nothing on it works yet. I'd rather show you the real idea than a fake demo.

One question: would you publish a starting price, or does that cost you more than it wins?

[Sender Name]","the gallery cannot be sorted, so nobody finds a build that looks like their own yard",info@ on their own domain — the convention. Worth a quick check before a big send.,field-run-009;pool-building;SC;convention-email,75,10000,"$5,000","$18,000",06082026
Perfect Med Spa,info@perfectmedspa.com,Med spa,Roslyn Heights,NY,USA,https://perfectmedspa.com,cold-outreach,researched,"Subject: reviews vs booking button

Hi [First Name],

Found Perfect Med Spa at 9pm on my phone, the way your next client will. The reviews sold me in about forty seconds. Then the only way to book was a phone number and a front desk that shut at five.

That's the sale, right there. She books wherever the button is, and you never find out you lost her.

Treatments priced, bookable in two taps, reviews right beside them.

Here's my offer. I'll design that page for Perfect Med Spa and send it over. No charge, no meeting to get it, no invoice at the end. Keep it either way — I'd rather you saw the work than read about it.

Say yes and it's yours by Friday.

[Sender Name]
Bothmade","Subject: Perfect Med Spa — built it

Here it is.

Treatments priced, bookable in two taps, reviews doing the closing right beside them. Memberships obvious instead of three pages deep.

Static design, so nothing on it works yet. I'd rather show you the real idea than a fake demo.

One question: would you let a new client book without a consult call first?

[Sender Name]",the reviews do the selling and the booking is a phone number that stops answering at five,info@ on their own domain — the convention. Worth a quick check before a big send.,field-run-009;med-spa;NY;convention-email,75,10000,"$5,000","$18,000",06082026
Pools Plus of the Carolinas,info@poolsplus.biz,Pool building,Myrtle Beach,SC,USA,https://poolsplus.biz,cold-outreach,researched,"Subject: sorting your pools

Hi [First Name],

Looked at Pools Plus of the Carolinas the way a homeowner in Myrtle Beach does — trying to find a build that looks like my backyard, at roughly my number. One long scroll, no way to narrow it, no price anywhere.

That's a ninety-thousand-dollar build going to the company that answered the money question first.

Gallery filterable by size, style and budget. A starting number said out loud.

Let me build it for you. A real homepage for Pools Plus of the Carolinas, on me, before we ever talk money. If it's good you'll know in ten seconds. If it isn't, you've lost nothing.

Say yes and it's yours by Friday.

[Sender Name]
Bothmade","Subject: built it

Here it is.

Builds filterable by size, style and budget band, with a starting range stated plainly and a timeline from signing to swimming.

It's a design, not a build — nothing clicks yet. Didn't want to fake a demo.

One question: would you publish a starting price, or does that cost you more than it wins?

[Sender Name]","the gallery cannot be sorted, so nobody finds a build that looks like their own yard",info@ on their own domain — the convention. Worth a quick check before a big send.,field-run-009;pool-building;SC;convention-email,75,10000,"$5,000","$18,000",06082026
Pools and Palms,info@poolsandpalms.com,Pool building,Myrtle Beach,SC,USA,https://poolsandpalms.com,cold-outreach,researched,"Subject: your build gallery

Hi [First Name],

Looked at Pools and Palms the way a homeowner in Myrtle Beach does — trying to find a build that looks like my backyard, at roughly my number. One long scroll, no way to narrow it, no price anywhere.

That's a ninety-thousand-dollar build going to the company that answered the money question first.

Gallery filterable by size, style and budget. A starting number said out loud.

Let me build it for you. A real homepage for Pools and Palms, on me, before we ever talk money. If it's good you'll know in ten seconds. If it isn't, you've lost nothing.

Worth a look? One word back and I'll start.

[Sender Name]
Bothmade","Subject: built it

Here it is — Pools and Palms, as promised.

Builds filterable by size, style and budget band, with a starting range stated plainly and a timeline from signing to swimming.

It's a design, not a build — nothing clicks yet. Didn't want to fake a demo.

One question: would you publish a starting price, or does that cost you more than it wins?

[Sender Name]","the gallery cannot be sorted, so nobody finds a build that looks like their own yard",info@ on their own domain — the convention. Worth a quick check before a big send.,field-run-009;pool-building;SC;convention-email,75,10000,"$5,000","$18,000",06082026
Progress Kitchen and Bath,info@progresskitchenbath.com,Kitchen and bath remodeling,Virginia Beach,VA,USA,https://progresskitchenbath.com,cold-outreach,researched,"Subject: the tire-kicker problem

Hi [First Name],

Looked at Progress Kitchen and Bath the way a homeowner with a sixty-thousand-dollar kitchen in mind does. Your finished work is good. There was no way to find a kitchen like mine, and no way to tell you what my job actually is.

That's a $60k kitchen going to the company whose site made it feel easy.

Projects filterable by room, style and budget. A form that asks about the job, so it arrives ready to quote.

Let me build it for you. A real homepage for Progress Kitchen and Bath, on me, before we ever talk money. If it's good you'll know in ten seconds. If it isn't, you've lost nothing.

Worth a look? One word back and I'll start.

[Sender Name]
Bothmade","Subject: built it

Built it. Here.

Before-and-afters filterable by room, style and budget band. The inquiry asks about the room, the scope and the timing — so it lands ready to quote instead of ready to interview.

It's a design, not a build — nothing clicks yet. Didn't want to fake a demo.

One question: what do you wish every inquiry told you before you called them back?

[Sender Name]",before-and-afters are what sell this and they sit in a gallery nobody can filter,info@ on their own domain — the convention. Worth a quick check before a big send.,field-run-009;kitchen-and-bath-remodeling;VA;convention-email,75,8500,"$4,000","$15,000",06082026
Reel Homes,info@reel-homes.com,Custom home building,McLean,VA,USA,https://reel-homes.com,cold-outreach,researched,"Subject: they couldn't find their house

Hi [First Name],

Looked at Reel Homes as a client would in McLean: trying to find the project that matches my lot and my number. Gave up before I found it.

They don't email to ask. They go and look at the builder whose site let them filter.

Sort the work the way buyers actually choose, and put the process where the fear is.

Here's my offer. I'll design that page for Reel Homes and send it over. No charge, no meeting to get it, no invoice at the end. Keep it either way — I'd rather you saw the work than read about it.

Want me to build it?

[Sender Name]
Bothmade","Subject: Reel Homes — built it

Here it is.

Projects sortable the way buyers choose, and the build process laid out month by month, which is the part they're actually frightened of.

Static design, so nothing on it works yet. I'd rather show you the real idea than a fake demo.

One question: would you ever show budget bands publicly, or is that a fight with your sales process?

[Sender Name]","the portfolio is the whole sale and there is no way to sort it by budget, style or scope",info@ on their own domain — the convention. Worth a quick check before a big send.,field-run-009;custom-home-building;VA;convention-email,75,22000,"$12,000","$35,000",06082026
Regina R Davis DDS,info@reginadavisdental.com,Cosmetic dentistry,Ann Arbor,MI,USA,https://reginadavisdental.com,cold-outreach,researched,"Subject: the $15k case that didn't call

Hi [First Name],

Went looking for veneers in Ann Arbor the way a patient does. Nine at night, on a phone, three years of putting it off. Found Regina R Davis DDS. Couldn't find a case that looked like mine, couldn't find a price, couldn't book.

That's the biggest case of the month deciding not to call you.

Cases first, filterable, a price range said out loud, and a booking that works at 9pm.

Let me build it for you. A real homepage for Regina R Davis DDS, on me, before we ever talk money. If it's good you'll know in ten seconds. If it isn't, you've lost nothing.

Worth a look? One word back and I'll start.

[Sender Name]
Bothmade","Subject: here it is

Here it is — Regina R Davis DDS, as promised.

Cases at the top, filterable by treatment. The range stated in real numbers. Booking that doesn't need your front desk awake.

It's a design, not a build — nothing clicks yet. Didn't want to fake a demo.

One thing I'd want your read on: veneers or implants — which pays you better?

[Sender Name]",the cases and the price range are the two things a $15k patient wants and the two hardest things to reach,info@ on their own domain — the convention. Worth a quick check before a big send.,field-run-009;cosmetic-dentistry;MI;convention-email,75,12000,"$6,000","$22,000",06082026
Remodeling Contractor VB,info@remodelingcontractorvb.com,Kitchen and bath remodeling,Virginia Beach,VA,USA,https://remodelingcontractorvb.com,cold-outreach,researched,"Subject: the tire-kicker problem

Hi [First Name],

Looked at Remodeling Contractor VB the way a homeowner with a sixty-thousand-dollar kitchen in mind does. Your finished work is good. There was no way to find a kitchen like mine, and no way to tell you what my job actually is.

That's a $60k kitchen going to the company whose site made it feel easy.

Projects filterable by room, style and budget. A form that asks about the job, so it arrives ready to quote.

Let me build it for you. A real homepage for Remodeling Contractor VB, on me, before we ever talk money. If it's good you'll know in ten seconds. If it isn't, you've lost nothing.

Should I send it over?

[Sender Name]
Bothmade","Subject: here it is

Built it. Here.

Before-and-afters filterable by room, style and budget band. The inquiry asks about the room, the scope and the timing — so it lands ready to quote instead of ready to interview.

It's a design, not a build — nothing clicks yet. Didn't want to fake a demo.

One question: what do you wish every inquiry told you before you called them back?

[Sender Name]",before-and-afters are what sell this and they sit in a gallery nobody can filter,info@ on their own domain — the convention. Worth a quick check before a big send.,field-run-009;kitchen-and-bath-remodeling;VA;convention-email,75,8500,"$4,000","$15,000",06082026
Renew Medical Spa Huntsville,info@renewhuntsville.com,Med spa,Huntsville,AL,USA,https://renewhuntsville.com,cold-outreach,researched,"Subject: reviews vs booking button

Hi [First Name],

Found Renew Medical Spa Huntsville at 9pm on my phone, the way your next client will. The reviews sold me in about forty seconds. Then the only way to book was a phone number and a front desk that shut at five.

That's the sale, right there. She books wherever the button is, and you never find out you lost her.

Treatments priced, bookable in two taps, reviews right beside them.

Here's my offer. I'll design that page for Renew Medical Spa Huntsville and send it over. No charge, no meeting to get it, no invoice at the end. Keep it either way — I'd rather you saw the work than read about it.

Want it?

[Sender Name]
Bothmade","Subject: built it

Built it. Here.

Treatments priced, bookable in two taps, reviews doing the closing right beside them. Memberships obvious instead of three pages deep.

Static design, so nothing on it works yet. I'd rather show you the real idea than a fake demo.

One question: would you let a new client book without a consult call first?

[Sender Name]",the reviews do the selling and the booking is a phone number that stops answering at five,info@ on their own domain — the convention. Worth a quick check before a big send.,field-run-009;med-spa;AL;convention-email,75,10000,"$5,000","$18,000",06082026
Richland Northeast Dental,info@richlandnedental.com,Cosmetic dentistry,Columbia,SC,USA,https://richlandnedental.com,cold-outreach,researched,"Subject: the $15k case that didn't call

Hi [First Name],

Went looking for veneers in Columbia the way a patient does. Nine at night, on a phone, three years of putting it off. Found Richland Northeast Dental. Couldn't find a case that looked like mine, couldn't find a price, couldn't book.

One case a month lost that way costs more than a website. Several times over.

Cases first, filterable, a price range said out loud, and a booking that works at 9pm.

Let me build it for you. A real homepage for Richland Northeast Dental, on me, before we ever talk money. If it's good you'll know in ten seconds. If it isn't, you've lost nothing.

Want it?

[Sender Name]
Bothmade","Subject: built it

Built it. Here.

Cases at the top, filterable by treatment. The range stated in real numbers. Booking that doesn't need your front desk awake.

It's a design, not a build — nothing clicks yet. Didn't want to fake a demo.

One thing I'd want your read on: veneers or implants — which pays you better?

[Sender Name]",the cases and the price range are the two things a $15k patient wants and the two hardest things to reach,info@ on their own domain — the convention. Worth a quick check before a big send.,field-run-009;cosmetic-dentistry;SC;convention-email,75,12000,"$6,000","$22,000",06082026
Riff Construction,info@riffconstruction.com,Kitchen and bath remodeling,Buffalo,NY,USA,https://riffconstruction.com,cold-outreach,researched,"Subject: your before-and-afters

Hi [First Name],

Looked at Riff Construction the way a homeowner with a sixty-thousand-dollar kitchen in mind does. Your finished work is good. There was no way to find a kitchen like mine, and no way to tell you what my job actually is.

That's a $60k kitchen going to the company whose site made it feel easy.

Projects filterable by room, style and budget. A form that asks about the job, so it arrives ready to quote.

Let me build it for you. A real homepage for Riff Construction, on me, before we ever talk money. If it's good you'll know in ten seconds. If it isn't, you've lost nothing.

Want me to build it?

[Sender Name]
Bothmade","Subject: here it is

Here it is — Riff Construction, as promised.

Before-and-afters filterable by room, style and budget band. The inquiry asks about the room, the scope and the timing — so it lands ready to quote instead of ready to interview.

It's a design, not a build — nothing clicks yet. Didn't want to fake a demo.

One question: what do you wish every inquiry told you before you called them back?

[Sender Name]",before-and-afters are what sell this and they sit in a gallery nobody can filter,info@ on their own domain — the convention. Worth a quick check before a big send.,field-run-009;kitchen-and-bath-remodeling;NY;convention-email,75,8500,"$4,000","$15,000",06082026
River Oaks Advanced Dentistry,info@riveroaksadvanceddentistry.com,Cosmetic dentistry,Columbia,SC,USA,https://riveroaksadvanceddentistry.com,cold-outreach,researched,"Subject: your veneer cases

Hi [First Name],

Went looking for veneers in Columbia the way a patient does. Nine at night, on a phone, three years of putting it off. Found River Oaks Advanced Dentistry. Couldn't find a case that looked like mine, couldn't find a price, couldn't book.

That's the biggest case of the month deciding not to call you.

Before-and-afters up front, the range in plain numbers, financing mentioned before they ask.

So here's what I'll do. I'll build River Oaks Advanced Dentistry that homepage. Free. Not a slide, not a proposal — the actual page, designed for your business. Yours to keep whether you hire me or not.

Worth a look? One word back and I'll start.

[Sender Name]
Bothmade","Subject: River Oaks Advanced Dentistry — built it

Here it is.

A homepage built for the cosmetic patient rather than the check-up patient — cases, price, and one tap to a consult.

Static design, so nothing on it works yet. I'd rather show you the real idea than a fake demo.

One question: does a price range on the site bring you better calls or worse ones?

[Sender Name]",the cases and the price range are the two things a $15k patient wants and the two hardest things to reach,info@ on their own domain — the convention. Worth a quick check before a big send.,field-run-009;cosmetic-dentistry;SC;convention-email,75,12000,"$6,000","$22,000",06082026
Rivers Landscape Construction,info@riverslandscape.com,Landscape design build,San Diego,CA,USA,https://riverslandscape.com,cold-outreach,researched,"Subject: your gardens, sorted

Hi [First Name],

Went through Rivers Landscape Construction's work the way a homeowner commissioning a garden does. It's beautiful. It's also one long scroll — no way to narrow by style, scale or budget, and nothing about what design costs.

And the inquiries that land are vague, so the first call is about scope instead of the garden.

Projects filterable by style, scale and budget. The design process spelled out so the brief arrives specific.

Let me build it for you. A real homepage for Rivers Landscape Construction, on me, before we ever talk money. If it's good you'll know in ten seconds. If it isn't, you've lost nothing.

Want me to build it?

[Sender Name]
Bothmade","Subject: Rivers Landscape Construction — built it

Here it is — Rivers Landscape Construction, as promised.

Projects filterable by style, scale and budget band, with the design process spelled out — so the brief that reaches you already knows what it's asking for.

It's a design, not a build — nothing clicks yet. Didn't want to fake a demo.

One question: would publishing a design fee range help you or cost you?

[Sender Name]","design-led buyers choose from images and yours cannot be narrowed by style, scale or budget",info@ on their own domain — the convention. Worth a quick check before a big send.,field-run-009;landscape-design-build;CA;convention-email,75,9000,"$5,000","$16,000",06082026
SB Aesthetics Medical Spa,info@sbaestheticsmedspa.com,Med spa,Santa Barbara,CA,USA,https://sbaestheticsmedspa.com,cold-outreach,researched,"Subject: the booking you lost last night

Hi [First Name],

Your reviews do the selling. I read them on my phone at 9pm in Santa Barbara and I was sold. Then I hit a phone number and office hours.

A booking a night walks that way. Silently. No missed call, no voicemail, nothing to review on Monday.

Booking belongs on the homepage, next to the reviews, working at midnight.

Let me build it for you. A real homepage for SB Aesthetics Medical Spa, on me, before we ever talk money. If it's good you'll know in ten seconds. If it isn't, you've lost nothing.

Say yes and it's yours by Friday.

[Sender Name]
Bothmade","Subject: built it

Here it is.

Booking sits on the homepage next to your reviews. Two taps to Thursday at six. That's the part your site can't do tonight.

It's a design, not a build — nothing clicks yet. Didn't want to fake a demo.

One thing I'd want your answer on: is membership what you'd push hardest here, or first-visit tox?

[Sender Name]",the reviews do the selling and the booking is a phone number that stops answering at five,info@ on their own domain — the convention. Worth a quick check before a big send.,field-run-009;med-spa;CA;convention-email,75,10000,"$5,000","$18,000",06082026
SS Builders and Remodeling,info@ssbuildersandremodeling.com,Custom home building,Salt Lake City,UT,USA,https://ssbuildersandremodeling.com,cold-outreach,researched,"Subject: filtering your projects

Hi [First Name],

Your work is the sale. I looked at it the way a buyer does and there was no way to narrow it — no budget band, no style, no scope. Forty thumbnails and good luck.

That's a real project deciding you're not the one, on no evidence either way.

Portfolio filterable by budget band, style and scope. Inquiry that asks about the lot, the number and the timing.

I'd like to build it and show you. One homepage, designed for SS Builders and Remodeling, free. Not a template with your logo on it. The real thing, and it's yours whether we work together or not.

Worth a look? One word back and I'll start.

[Sender Name]
Bothmade","Subject: here it is

Here it is.

Portfolio filterable by budget, style and scope — so a couple with a specific project finds theirs in about nine seconds. Inquiry that arrives with the lot, the number and the timing on it.

It's a design, not a build — nothing clicks yet. Didn't want to fake a demo.

One thing I'd want your answer on: what do you wish every inquiry told you before you called them back?

[Sender Name]","the portfolio is the whole sale and there is no way to sort it by budget, style or scope",info@ on their own domain — the convention. Worth a quick check before a big send.,field-run-009;custom-home-building;UT;convention-email,75,22000,"$12,000","$35,000",06082026
Sac Pool,info@sacpool.com,Pool building,Sacramento,CA,USA,https://sacpool.com,cold-outreach,researched,"Subject: sorting your pools

Hi [First Name],

Your builds look excellent. I went looking for one like mine and scrolled past sixty that weren't. Then couldn't find a starting number.

So they call whoever showed them a pool like theirs, with a number attached.

Gallery filterable by size, style and budget. A starting number said out loud.

Here's my offer. I'll design that page for Sac Pool and send it over. No charge, no meeting to get it, no invoice at the end. Keep it either way — I'd rather you saw the work than read about it.

Say yes and it's yours by Friday.

[Sender Name]
Bothmade","Subject: Sac Pool — built it

Here it is.

Builds filterable by size, style and budget band, with a starting range stated plainly and a timeline from signing to swimming.

Static design, so nothing on it works yet. I'd rather show you the real idea than a fake demo.

One question: would you publish a starting price, or does that cost you more than it wins?

[Sender Name]","the gallery cannot be sorted, so nobody finds a build that looks like their own yard",info@ on their own domain — the convention. Worth a quick check before a big send.,field-run-009;pool-building;CA;convention-email,75,10000,"$5,000","$18,000",06082026
Sac Pool Pros,info@sacpoolpros.com,Pool building,Sacramento,CA,USA,https://sacpoolpros.com,cold-outreach,researched,"Subject: what does one like mine cost

Hi [First Name],

Your builds look excellent. I went looking for one like mine and scrolled past sixty that weren't. Then couldn't find a starting number.

So they call whoever showed them a pool like theirs, with a number attached.

Gallery filterable by size, style and budget. A starting number said out loud.

Here's my offer. I'll design that page for Sac Pool Pros and send it over. No charge, no meeting to get it, no invoice at the end. Keep it either way — I'd rather you saw the work than read about it.

Say yes and it's yours by Friday.

[Sender Name]
Bothmade","Subject: here it is

Here it is.

Builds filterable by size, style and budget band, with a starting range stated plainly and a timeline from signing to swimming.

Static design, so nothing on it works yet. I'd rather show you the real idea than a fake demo.

One question: would you publish a starting price, or does that cost you more than it wins?

[Sender Name]","the gallery cannot be sorted, so nobody finds a build that looks like their own yard",info@ on their own domain — the convention. Worth a quick check before a big send.,field-run-009;pool-building;CA;convention-email,75,10000,"$5,000","$18,000",06082026
