company,email,industry,city,state,country,originalWebsite,source,status,personalisedColdEmail,mockupEmail,personalizedObservation,salesNote,tags,leadScore,estimatedValue,lowestEstimate,highestEstimate,dateAdded
Artesian Custom Pools,info@artesiancustompools.com,Pool building,Frisco,TX,USA,https://artesiancustompools.com,cold-outreach,researched,"Subject: sorting your pools

Hi [First Name],

Looked at Artesian Custom Pools the way a homeowner in Frisco does — trying to find a build that looks like my backyard, at roughly my number. One long scroll, no way to narrow it, no price anywhere.

That's a ninety-thousand-dollar build going to the company that answered the money question first.

Gallery filterable by size, style and budget. A starting number said out loud.

Let me build it for you. A real homepage for Artesian Custom Pools, on me, before we ever talk money. If it's good you'll know in ten seconds. If it isn't, you've lost nothing.

Want it?

[Sender Name]
Bothmade","Subject: here it is

Built it. Here.

Builds filterable by size, style and budget band, with a starting range stated plainly and a timeline from signing to swimming.

It's a design, not a build — nothing clicks yet. Didn't want to fake a demo.

One question: would you publish a starting price, or does that cost you more than it wins?

[Sender Name]","the gallery cannot be sorted, so nobody finds a build that looks like their own yard",Address published by the business itself — verified in research.,field-run-008;pool-building;TX;confirmed-email,85,10000,"$5,000","$18,000",06082026
Ash and Rowan Family Dentistry,office@ashrowandental.com,Cosmetic dentistry,Spokane,WA,USA,https://ashrowandental.com,cold-outreach,researched,"Subject: one case a month

Hi [First Name],

Went looking for veneers in Spokane the way a patient does. Nine at night, on a phone, three years of putting it off. Found Ash and Rowan Family Dentistry. Couldn't find a case that looked like mine, couldn't find a price, couldn't book.

One case a month lost that way costs more than a website. Several times over.

Cases first, filterable, a price range said out loud, and a booking that works at 9pm.

I'd like to build it and show you. One homepage, designed for Ash and Rowan Family Dentistry, free. Not a template with your logo on it. The real thing, and it's yours whether we work together or not.

Want me to build it?

[Sender Name]
Bothmade","Subject: Ash and Rowan Family Dentistry — built it

Built it. Here.

Cases at the top, filterable by treatment. The range stated in real numbers. Booking that doesn't need your front desk awake.

It's a design, not a build — nothing clicks yet. Didn't want to fake a demo.

One thing I'd want your read on: veneers or implants — which pays you better?

[Sender Name]",the cases and the price range are the two things a $15k patient wants and the two hardest things to reach,Address published by the business itself — verified in research.,field-run-008;cosmetic-dentistry;WA;confirmed-email,85,12000,"$6,000","$22,000",06082026
BA Med Spa,info@baweightspa.com,Med spa,Tulsa,OK,USA,https://baweightspa.com,cold-outreach,researched,"Subject: reviews vs booking button

Hi [First Name],

Found BA Med Spa at 9pm on my phone, the way your next client will. The reviews sold me in about forty seconds. Then the only way to book was a phone number and a front desk that shut at five.

She doesn't call in the morning. She books the spa that let her book at 9pm.

Treatments priced, bookable in two taps, reviews right beside them.

Here's my offer. I'll design that page for BA Med Spa and send it over. No charge, no meeting to get it, no invoice at the end. Keep it either way — I'd rather you saw the work than read about it.

Worth a look? One word back and I'll start.

[Sender Name]
Bothmade","Subject: here it is

Built it. Here.

Treatments priced, bookable in two taps, reviews doing the closing right beside them. Memberships obvious instead of three pages deep.

Static design, so nothing on it works yet. I'd rather show you the real idea than a fake demo.

One question: would you let a new client book without a consult call first?

[Sender Name]",the reviews do the selling and the booking is a phone number that stops answering at five,Address published by the business itself — verified in research.,field-run-008;med-spa;OK;confirmed-email,85,10000,"$5,000","$18,000",06082026
Boise Landscaping Company,info@boiselandscapingcompany.com,Landscape design build,Boise,ID,USA,https://boiselandscapingcompany.com,cold-outreach,researched,"Subject: design fee, unsaid

Hi [First Name],

Went through Boise Landscaping Company's work the way a homeowner commissioning a garden does. It's beautiful. It's also one long scroll — no way to narrow by style, scale or budget, and nothing about what design costs.

And the inquiries that land are vague, so the first call is about scope instead of the garden.

Projects filterable by style, scale and budget. The design process spelled out so the brief arrives specific.

Let me build it for you. A real homepage for Boise Landscaping Company, on me, before we ever talk money. If it's good you'll know in ten seconds. If it isn't, you've lost nothing.

Should I send it over?

[Sender Name]
Bothmade","Subject: built it

Here it is — Boise Landscaping Company, as promised.

Projects filterable by style, scale and budget band, with the design process spelled out — so the brief that reaches you already knows what it's asking for.

It's a design, not a build — nothing clicks yet. Didn't want to fake a demo.

One question: would publishing a design fee range help you or cost you?

[Sender Name]","design-led buyers choose from images and yours cannot be narrowed by style, scale or budget",Address published by the business itself — verified in research.,field-run-008;landscape-design-build;ID;confirmed-email,85,9000,"$5,000","$16,000",06082026
BuilderPro,office@builderpro.contractors,Custom home building,Wilmington,NC,USA,https://builderpro.contractors,cold-outreach,researched,"Subject: they couldn't find their house

Hi [First Name],

Your work is the sale. I looked at it the way a buyer does and there was no way to narrow it — no budget band, no style, no scope. Forty thumbnails and good luck.

That's a real project deciding you're not the one, on no evidence either way.

Sort the work the way buyers actually choose, and put the process where the fear is.

Here's my offer. I'll design that page for BuilderPro and send it over. No charge, no meeting to get it, no invoice at the end. Keep it either way — I'd rather you saw the work than read about it.

Should I send it over?

[Sender Name]
Bothmade","Subject: built it

Here it is — BuilderPro, as promised.

Projects sortable the way buyers choose, and the build process laid out month by month, which is the part they're actually frightened of.

Static design, so nothing on it works yet. I'd rather show you the real idea than a fake demo.

One question: would you ever show budget bands publicly, or is that a fight with your sales process?

[Sender Name]","the portfolio is the whole sale and there is no way to sort it by budget, style or scope",Address published by the business itself — verified in research.,field-run-008;custom-home-building;NC;confirmed-email,85,22000,"$12,000","$35,000",06082026
Clarkson Pools,info@clarksonpools.com,Pool building,Jacksonville,FL,USA,https://clarksonpools.com,cold-outreach,researched,"Subject: what does one like mine cost

Hi [First Name],

Looked at Clarkson Pools the way a homeowner in Jacksonville does — trying to find a build that looks like my backyard, at roughly my number. One long scroll, no way to narrow it, no price anywhere.

That's a ninety-thousand-dollar build going to the company that answered the money question first.

Gallery filterable by size, style and budget. A starting number said out loud.

Let me build it for you. A real homepage for Clarkson Pools, on me, before we ever talk money. If it's good you'll know in ten seconds. If it isn't, you've lost nothing.

Worth a look? One word back and I'll start.

[Sender Name]
Bothmade","Subject: built it

Built it. Here.

Builds filterable by size, style and budget band, with a starting range stated plainly and a timeline from signing to swimming.

It's a design, not a build — nothing clicks yet. Didn't want to fake a demo.

One question: would you publish a starting price, or does that cost you more than it wins?

[Sender Name]","the gallery cannot be sorted, so nobody finds a build that looks like their own yard",Address published by the business itself — verified in research.,field-run-008;pool-building;FL;confirmed-email,85,10000,"$5,000","$18,000",06082026
Costello Construction,will@costelloconstructioninc.com,Custom home building,Fort Myers,FL,USA,https://costelloconstructioninc.com,cold-outreach,researched,"Subject: filtering your projects

Hi [First Name],

Went through Costello Construction's portfolio the way a couple with a lot and three million dollars does — hunting for the one house that looks like the one in their head. Couldn't sort by budget, style or scope. Just scrolled.

They don't email to ask. They go and look at the builder whose site let them filter.

Portfolio filterable by budget band, style and scope. Inquiry that asks about the lot, the number and the timing.

I'd like to build it and show you. One homepage, designed for Costello Construction, free. Not a template with your logo on it. The real thing, and it's yours whether we work together or not.

Want me to build it?

[Sender Name]
Bothmade","Subject: built it

Here it is — Costello Construction, as promised.

Portfolio filterable by budget, style and scope — so a couple with a specific project finds theirs in about nine seconds. Inquiry that arrives with the lot, the number and the timing on it.

It's a design, not a build — nothing clicks yet. Didn't want to fake a demo.

One thing I'd want your answer on: what do you wish every inquiry told you before you called them back?

[Sender Name]","the portfolio is the whole sale and there is no way to sort it by budget, style or scope",Address published by the business itself — verified in research.,field-run-008;custom-home-building;FL;confirmed-email,85,22000,"$12,000","$35,000",06082026
Creations Design and Build,creationsdesignandbuild@gmail.com,Landscape design build,Hillsboro,OR,USA,https://creationsdesignandbuild.com,cold-outreach,researched,"Subject: design fee, unsaid

Hi [First Name],

Went through Creations Design and Build's work the way a homeowner commissioning a garden does. It's beautiful. It's also one long scroll — no way to narrow by style, scale or budget, and nothing about what design costs.

And the inquiries that land are vague, so the first call is about scope instead of the garden.

Projects filterable by style, scale and budget. The design process spelled out so the brief arrives specific.

I'd like to build it and show you. One homepage, designed for Creations Design and Build, free. Not a template with your logo on it. The real thing, and it's yours whether we work together or not.

Should I send it over?

[Sender Name]
Bothmade","Subject: built it

Built it. Here.

Projects filterable by style, scale and budget band, with the design process spelled out — so the brief that reaches you already knows what it's asking for.

It's a design, not a build — nothing clicks yet. Didn't want to fake a demo.

One question: would publishing a design fee range help you or cost you?

[Sender Name]","design-led buyers choose from images and yours cannot be narrowed by style, scale or budget",Address published by the business itself — verified in research.,field-run-008;landscape-design-build;OR;confirmed-email,85,9000,"$5,000","$16,000",06082026
Dean Cosmetic Dentistry,info@deancosmeticdentistry.com,Cosmetic dentistry,Knoxville,TN,USA,https://deancosmeticdentistry.com,cold-outreach,researched,"Subject: one case a month

Hi [First Name],

A smile-makeover patient researches for months, alone, at night, on a phone. I did that to Dean Cosmetic Dentistry. Got as far as a phone number and a form.

They don't call in the morning. They keep scrolling and someone else does the case.

Cases first, filterable, a price range said out loud, and a booking that works at 9pm.

Let me build it for you. A real homepage for Dean Cosmetic Dentistry, on me, before we ever talk money. If it's good you'll know in ten seconds. If it isn't, you've lost nothing.

Worth a look? One word back and I'll start.

[Sender Name]
Bothmade","Subject: here it is

Here it is.

Cases at the top, filterable by treatment. The range stated in real numbers. Booking that doesn't need your front desk awake.

It's a design, not a build — nothing clicks yet. Didn't want to fake a demo.

One thing I'd want your read on: veneers or implants — which pays you better?

[Sender Name]",the cases and the price range are the two things a $15k patient wants and the two hardest things to reach,Address published by the business itself — verified in research.,field-run-008;cosmetic-dentistry;TN;confirmed-email,85,12000,"$6,000","$22,000",06082026
Dental Care of Spokane,info@dentalcareofspokane.com,Cosmetic dentistry,Spokane,WA,USA,https://dentalcareofspokane.com,cold-outreach,researched,"Subject: your veneer cases

Hi [First Name],

Went looking for veneers in Spokane the way a patient does. Nine at night, on a phone, three years of putting it off. Found Dental Care of Spokane. Couldn't find a case that looked like mine, couldn't find a price, couldn't book.

They don't call in the morning. They keep scrolling and someone else does the case.

Before-and-afters up front, the range in plain numbers, financing mentioned before they ask.

So here's what I'll do. I'll build Dental Care of Spokane that homepage. Free. Not a slide, not a proposal — the actual page, designed for your business. Yours to keep whether you hire me or not.

Want it?

[Sender Name]
Bothmade","Subject: built it

Here it is.

A homepage built for the cosmetic patient rather than the check-up patient — cases, price, and one tap to a consult.

Static design, so nothing on it works yet. I'd rather show you the real idea than a fake demo.

One question: does a price range on the site bring you better calls or worse ones?

[Sender Name]",the cases and the price range are the two things a $15k patient wants and the two hardest things to reach,Address published by the business itself — verified in research.,field-run-008;cosmetic-dentistry;WA;confirmed-email,85,12000,"$6,000","$22,000",06082026
DesignScapes of NC,susan@designscapesofnc.com,Landscape design build,Raleigh,NC,USA,https://designscapesofnc.com,cold-outreach,researched,"Subject: the inquiry that arrives vague

Hi [First Name],

Went through DesignScapes of NC's work the way a homeowner commissioning a garden does. It's beautiful. It's also one long scroll — no way to narrow by style, scale or budget, and nothing about what design costs.

And the inquiries that land are vague, so the first call is about scope instead of the garden.

Projects filterable by style, scale and budget. The design process spelled out so the brief arrives specific.

I'd like to build it and show you. One homepage, designed for DesignScapes of NC, free. Not a template with your logo on it. The real thing, and it's yours whether we work together or not.

Want it?

[Sender Name]
Bothmade","Subject: DesignScapes of NC — built it

Here it is.

Projects filterable by style, scale and budget band, with the design process spelled out — so the brief that reaches you already knows what it's asking for.

It's a design, not a build — nothing clicks yet. Didn't want to fake a demo.

One question: would publishing a design fee range help you or cost you?

[Sender Name]","design-led buyers choose from images and yours cannot be narrowed by style, scale or budget",Address published by the business itself — verified in research.,field-run-008;landscape-design-build;NC;confirmed-email,85,9000,"$5,000","$16,000",06082026
Glow Medical Aesthetics,info@glowmedicaltulsa.com,Med spa,Tulsa,OK,USA,https://glowmedicaltulsa.com,cold-outreach,researched,"Subject: your 9pm bookings

Hi [First Name],

Looked you up the way a new client does — evening, phone, already decided she wants tox, just picking where. Glow Medical Aesthetics won on reviews. Then booking meant calling in the morning.

She doesn't call in the morning. She books the spa that let her book at 9pm.

Treatments priced, bookable in two taps, reviews right beside them.

So here's what I'll do. I'll build Glow Medical Aesthetics that homepage. Free. Not a slide, not a proposal — the actual page, designed for your business. Yours to keep whether you hire me or not.

Worth a look? One word back and I'll start.

[Sender Name]
Bothmade","Subject: Glow Medical Aesthetics — built it

Built it. Here.

Treatments priced, bookable in two taps, reviews doing the closing right beside them. Memberships obvious instead of three pages deep.

Static design, so nothing on it works yet. I'd rather show you the real idea than a fake demo.

One question: would you let a new client book without a consult call first?

[Sender Name]",the reviews do the selling and the booking is a phone number that stops answering at five,Address published by the business itself — verified in research.,field-run-008;med-spa;OK;confirmed-email,85,10000,"$5,000","$18,000",06082026
Knoxville Cosmetic Dentistry,office@smilesknoxville.com,Cosmetic dentistry,Knoxville,TN,USA,https://cosmeticdentistryofknoxville.com,cold-outreach,researched,"Subject: the $15k case that didn't call

Hi [First Name],

A smile-makeover patient researches for months, alone, at night, on a phone. I did that to Knoxville Cosmetic Dentistry. Got as far as a phone number and a form.

They don't call in the morning. They keep scrolling and someone else does the case.

Cases first, filterable, a price range said out loud, and a booking that works at 9pm.

Let me build it for you. A real homepage for Knoxville Cosmetic Dentistry, on me, before we ever talk money. If it's good you'll know in ten seconds. If it isn't, you've lost nothing.

Want me to build it?

[Sender Name]
Bothmade","Subject: Knoxville Cosmetic Dentistry — built it

Built it. Here.

Cases at the top, filterable by treatment. The range stated in real numbers. Booking that doesn't need your front desk awake.

It's a design, not a build — nothing clicks yet. Didn't want to fake a demo.

One thing I'd want your read on: veneers or implants — which pays you better?

[Sender Name]",the cases and the price range are the two things a $15k patient wants and the two hardest things to reach,Address published by the business itself — verified in research.,field-run-008;cosmetic-dentistry;TN;confirmed-email,85,12000,"$6,000","$22,000",06082026
Lewis Landscape Services,office2@lewislandscape.com,Landscape design build,Hillsboro,OR,USA,https://lewislandscape.com,cold-outreach,researched,"Subject: the inquiry that arrives vague

Hi [First Name],

Went through Lewis Landscape Services' work the way a homeowner commissioning a garden does. It's beautiful. It's also one long scroll — no way to narrow by style, scale or budget, and nothing about what design costs.

And the inquiries that land are vague, so the first call is about scope instead of the garden.

Projects filterable by style, scale and budget. The design process spelled out so the brief arrives specific.

Let me build it for you. A real homepage for Lewis Landscape Services, on me, before we ever talk money. If it's good you'll know in ten seconds. If it isn't, you've lost nothing.

Worth a look? One word back and I'll start.

[Sender Name]
Bothmade","Subject: Lewis Landscape Services — built it

Here it is.

Projects filterable by style, scale and budget band, with the design process spelled out — so the brief that reaches you already knows what it's asking for.

It's a design, not a build — nothing clicks yet. Didn't want to fake a demo.

One question: would publishing a design fee range help you or cost you?

[Sender Name]","design-led buyers choose from images and yours cannot be narrowed by style, scale or budget",Address published by the business itself — verified in research.,field-run-008;landscape-design-build;OR;confirmed-email,85,9000,"$5,000","$16,000",06082026
MDRN MUSE Dental Aesthetics,concierge@mdrn-muse.com,Cosmetic dentistry,Chattanooga,TN,USA,https://mdrn-muse.com,cold-outreach,researched,"Subject: the $15k case that didn't call

Hi [First Name],

Your case work is good. I had to dig for it — two menus deep, on a phone, at the exact moment somebody decides to spend fifteen thousand dollars on their teeth.

One case a month lost that way costs more than a website. Several times over.

Cases first, filterable, a price range said out loud, and a booking that works at 9pm.

I'd like to build it and show you. One homepage, designed for MDRN MUSE Dental Aesthetics, free. Not a template with your logo on it. The real thing, and it's yours whether we work together or not.

Say yes and it's yours by Friday.

[Sender Name]
Bothmade","Subject: built it

Here it is — MDRN MUSE Dental Aesthetics, as promised.

Cases at the top, filterable by treatment. The range stated in real numbers. Booking that doesn't need your front desk awake.

It's a design, not a build — nothing clicks yet. Didn't want to fake a demo.

One thing I'd want your read on: veneers or implants — which pays you better?

[Sender Name]",the cases and the price range are the two things a $15k patient wants and the two hardest things to reach,Address published by the business itself — verified in research.,field-run-008;cosmetic-dentistry;TN;confirmed-email,85,12000,"$6,000","$22,000",06082026
Michael Readel DDS,info@readeldds.com,Cosmetic dentistry,Spokane,WA,USA,https://spokanecosmeticdentistry.com,cold-outreach,researched,"Subject: your veneer cases

Hi [First Name],

A smile-makeover patient researches for months, alone, at night, on a phone. I did that to Michael Readel DDS. Got as far as a phone number and a form.

One case a month lost that way costs more than a website. Several times over.

Before-and-afters up front, the range in plain numbers, financing mentioned before they ask.

So here's what I'll do. I'll build Michael Readel DDS that homepage. Free. Not a slide, not a proposal — the actual page, designed for your business. Yours to keep whether you hire me or not.

Say yes and it's yours by Friday.

[Sender Name]
Bothmade","Subject: here it is

Here it is.

A homepage built for the cosmetic patient rather than the check-up patient — cases, price, and one tap to a consult.

Static design, so nothing on it works yet. I'd rather show you the real idea than a fake demo.

One question: does a price range on the site bring you better calls or worse ones?

[Sender Name]",the cases and the price range are the two things a $15k patient wants and the two hardest things to reach,Address published by the business itself — verified in research.,field-run-008;cosmetic-dentistry;WA;confirmed-email,85,12000,"$6,000","$22,000",06082026
Mitchell Homes,info@mitchellhomesinc.com,Custom home building,Belville,NC,USA,https://mitchellhomesinc.com,cold-outreach,researched,"Subject: the inquiry that wasted your Tuesday

Hi [First Name],

Went through Mitchell Homes' portfolio the way a couple with a lot and three million dollars does — hunting for the one house that looks like the one in their head. Couldn't sort by budget, style or scope. Just scrolled.

They don't email to ask. They go and look at the builder whose site let them filter.

Portfolio filterable by budget band, style and scope. Inquiry that asks about the lot, the number and the timing.

Let me build it for you. A real homepage for Mitchell Homes, on me, before we ever talk money. If it's good you'll know in ten seconds. If it isn't, you've lost nothing.

Say yes and it's yours by Friday.

[Sender Name]
Bothmade","Subject: Mitchell Homes — built it

Built it. Here.

Portfolio filterable by budget, style and scope — so a couple with a specific project finds theirs in about nine seconds. Inquiry that arrives with the lot, the number and the timing on it.

It's a design, not a build — nothing clicks yet. Didn't want to fake a demo.

One thing I'd want your answer on: what do you wish every inquiry told you before you called them back?

[Sender Name]","the portfolio is the whole sale and there is no way to sort it by budget, style or scope",Address published by the business itself — verified in research.,field-run-008;custom-home-building;NC;confirmed-email,85,22000,"$12,000","$35,000",06082026
Murphy Dental Center,office@murphydentalcentertn.com,Cosmetic dentistry,Knoxville,TN,USA,https://murphydentalcentertn.com,cold-outreach,researched,"Subject: your veneer cases

Hi [First Name],

A smile-makeover patient researches for months, alone, at night, on a phone. I did that to Murphy Dental Center. Got as far as a phone number and a form.

They don't call in the morning. They keep scrolling and someone else does the case.

Before-and-afters up front, the range in plain numbers, financing mentioned before they ask.

So here's what I'll do. I'll build Murphy Dental Center that homepage. Free. Not a slide, not a proposal — the actual page, designed for your business. Yours to keep whether you hire me or not.

Want me to build it?

[Sender Name]
Bothmade","Subject: Murphy Dental Center — built it

Built it. Here.

A homepage built for the cosmetic patient rather than the check-up patient — cases, price, and one tap to a consult.

Static design, so nothing on it works yet. I'd rather show you the real idea than a fake demo.

One question: does a price range on the site bring you better calls or worse ones?

[Sender Name]",the cases and the price range are the two things a $15k patient wants and the two hardest things to reach,Address published by the business itself — verified in research.,field-run-008;cosmetic-dentistry;TN;confirmed-email,85,12000,"$6,000","$22,000",06082026
Pool Builders of Albuquerque,hi@poolbuildersalbuquerque.com,Pool building,Albuquerque,NM,USA,https://poolbuildersalbuquerque.com,cold-outreach,researched,"Subject: what does one like mine cost

Hi [First Name],

Looked at Pool Builders of Albuquerque the way a homeowner in Albuquerque does — trying to find a build that looks like my backyard, at roughly my number. One long scroll, no way to narrow it, no price anywhere.

That's a ninety-thousand-dollar build going to the company that answered the money question first.

Gallery filterable by size, style and budget. A starting number said out loud.

I'd like to build it and show you. One homepage, designed for Pool Builders of Albuquerque, free. Not a template with your logo on it. The real thing, and it's yours whether we work together or not.

Want it?

[Sender Name]
Bothmade","Subject: here it is

Built it. Here.

Builds filterable by size, style and budget band, with a starting range stated plainly and a timeline from signing to swimming.

It's a design, not a build — nothing clicks yet. Didn't want to fake a demo.

One question: would you publish a starting price, or does that cost you more than it wins?

[Sender Name]","the gallery cannot be sorted, so nobody finds a build that looks like their own yard",Address published by the business itself — verified in research.,field-run-008;pool-building;NM;confirmed-email,85,10000,"$5,000","$18,000",06082026
Redmond Construction,redmondconst@bellsouth.net,Custom home building,Savannah,GA,USA,https://redmondconstruction.net,cold-outreach,researched,"Subject: your portfolio, sorted

Hi [First Name],

Went through Redmond Construction's portfolio the way a couple with a lot and three million dollars does — hunting for the one house that looks like the one in their head. Couldn't sort by budget, style or scope. Just scrolled.

They don't email to ask. They go and look at the builder whose site let them filter.

Sort the work the way buyers actually choose, and put the process where the fear is.

So here's what I'll do. I'll build Redmond Construction that homepage. Free. Not a slide, not a proposal — the actual page, designed for your business. Yours to keep whether you hire me or not.

Worth a look? One word back and I'll start.

[Sender Name]
Bothmade","Subject: here it is

Here it is.

Projects sortable the way buyers choose, and the build process laid out month by month, which is the part they're actually frightened of.

Static design, so nothing on it works yet. I'd rather show you the real idea than a fake demo.

One question: would you ever show budget bands publicly, or is that a fight with your sales process?

[Sender Name]","the portfolio is the whole sale and there is no way to sort it by budget, style or scope",Address published by the business itself — verified in research.,field-run-008;custom-home-building;GA;confirmed-email,85,22000,"$12,000","$35,000",06082026
Revive Medical Wellness by Pain West,hello@painwest.com,Med spa,Papillion,NE,USA,https://wereviveyou.com,cold-outreach,researched,"Subject: the booking you lost last night

Hi [First Name],

Found Revive Medical Wellness by Pain West at 9pm on my phone, the way your next client will. The reviews sold me in about forty seconds. Then the only way to book was a phone number and a front desk that shut at five.

A booking a night walks that way. Silently. No missed call, no voicemail, nothing to review on Monday.

Booking belongs on the homepage, next to the reviews, working at midnight.

I'd like to build it and show you. One homepage, designed for Revive Medical Wellness by Pain West, free. Not a template with your logo on it. The real thing, and it's yours whether we work together or not.

Should I send it over?

[Sender Name]
Bothmade","Subject: here it is

Here it is — Revive Medical Wellness by Pain West, as promised.

Booking sits on the homepage next to your reviews. Two taps to Thursday at six. That's the part your site can't do tonight.

It's a design, not a build — nothing clicks yet. Didn't want to fake a demo.

One thing I'd want your answer on: is membership what you'd push hardest here, or first-visit tox?

[Sender Name]",the reviews do the selling and the booking is a phone number that stops answering at five,Address published by the business itself — verified in research.,field-run-008;med-spa;NE;confirmed-email,85,10000,"$5,000","$18,000",06082026
Skin Care Institute,info@skincareinstitute.net,Med spa,Tulsa,OK,USA,https://skincareinstitute.net,cold-outreach,researched,"Subject: your 9pm bookings

Hi [First Name],

Looked you up the way a new client does — evening, phone, already decided she wants tox, just picking where. Skin Care Institute won on reviews. Then booking meant calling in the morning.

A booking a night walks that way. Silently. No missed call, no voicemail, nothing to review on Monday.

Treatments priced, bookable in two taps, reviews right beside them.

So here's what I'll do. I'll build Skin Care Institute that homepage. Free. Not a slide, not a proposal — the actual page, designed for your business. Yours to keep whether you hire me or not.

Should I send it over?

[Sender Name]
Bothmade","Subject: Skin Care Institute — built it

Built it. Here.

Treatments priced, bookable in two taps, reviews doing the closing right beside them. Memberships obvious instead of three pages deep.

Static design, so nothing on it works yet. I'd rather show you the real idea than a fake demo.

One question: would you let a new client book without a consult call first?

[Sender Name]",the reviews do the selling and the booking is a phone number that stops answering at five,Address published by the business itself — verified in research.,field-run-008;med-spa;OK;confirmed-email,85,10000,"$5,000","$18,000",06082026
Sposen Homes,hello@sposenhomes.com,Custom home building,Fort Myers,FL,USA,https://sposenhomes.com,cold-outreach,researched,"Subject: the inquiry that wasted your Tuesday

Hi [First Name],

Your work is the sale. I looked at it the way a buyer does and there was no way to narrow it — no budget band, no style, no scope. Forty thumbnails and good luck.

And the inquiries that do land ask for a name and a message, so your first call is an interview instead of a conversation.

Portfolio filterable by budget band, style and scope. Inquiry that asks about the lot, the number and the timing.

Let me build it for you. A real homepage for Sposen Homes, on me, before we ever talk money. If it's good you'll know in ten seconds. If it isn't, you've lost nothing.

Say yes and it's yours by Friday.

[Sender Name]
Bothmade","Subject: built it

Built it. Here.

Portfolio filterable by budget, style and scope — so a couple with a specific project finds theirs in about nine seconds. Inquiry that arrives with the lot, the number and the timing on it.

It's a design, not a build — nothing clicks yet. Didn't want to fake a demo.

One thing I'd want your answer on: what do you wish every inquiry told you before you called them back?

[Sender Name]","the portfolio is the whole sale and there is no way to sort it by budget, style or scope",Address published by the business itself — verified in research.,field-run-008;custom-home-building;FL;confirmed-email,85,22000,"$12,000","$35,000",06082026
TX Pool and Construction,aulloa@txpoolconstruction.com,Pool building,Dallas,TX,USA,https://txpoolconstruction.com,cold-outreach,researched,"Subject: your build gallery

Hi [First Name],

Looked at TX Pool and Construction the way a homeowner in Dallas does — trying to find a build that looks like my backyard, at roughly my number. One long scroll, no way to narrow it, no price anywhere.

That's a ninety-thousand-dollar build going to the company that answered the money question first.

Gallery filterable by size, style and budget. A starting number said out loud.

Let me build it for you. A real homepage for TX Pool and Construction, on me, before we ever talk money. If it's good you'll know in ten seconds. If it isn't, you've lost nothing.

Should I send it over?

[Sender Name]
Bothmade","Subject: built it

Here it is — TX Pool and Construction, as promised.

Builds filterable by size, style and budget band, with a starting range stated plainly and a timeline from signing to swimming.

It's a design, not a build — nothing clicks yet. Didn't want to fake a demo.

One question: would you publish a starting price, or does that cost you more than it wins?

[Sender Name]","the gallery cannot be sorted, so nobody finds a build that looks like their own yard",Address published by the business itself — verified in research.,field-run-008;pool-building;TX;confirmed-email,85,10000,"$5,000","$18,000",06082026
Vahue Custom Homes,info@vahuecustomhomes.com,Custom home building,Wilmington,NC,USA,https://vahuecustomhomes.com,cold-outreach,researched,"Subject: your portfolio, sorted

Hi [First Name],

Looked at Vahue Custom Homes as a client would in Wilmington: trying to find the project that matches my lot and my number. Gave up before I found it.

And the inquiries that do land ask for a name and a message, so your first call is an interview instead of a conversation.

Sort the work the way buyers actually choose, and put the process where the fear is.

So here's what I'll do. I'll build Vahue Custom Homes that homepage. Free. Not a slide, not a proposal — the actual page, designed for your business. Yours to keep whether you hire me or not.

Want me to build it?

[Sender Name]
Bothmade","Subject: here it is

Built it. Here.

Projects sortable the way buyers choose, and the build process laid out month by month, which is the part they're actually frightened of.

Static design, so nothing on it works yet. I'd rather show you the real idea than a fake demo.

One question: would you ever show budget bands publicly, or is that a fight with your sales process?

[Sender Name]","the portfolio is the whole sale and there is no way to sort it by budget, style or scope",Address published by the business itself — verified in research.,field-run-008;custom-home-building;NC;confirmed-email,85,22000,"$12,000","$35,000",06082026
A Step Above Construction,info@asaconstruction.net,Custom home building,Savannah,GA,USA,https://asaconstruction.net,cold-outreach,researched,"Subject: filtering your projects

Hi [First Name],

Your work is the sale. I looked at it the way a buyer does and there was no way to narrow it — no budget band, no style, no scope. Forty thumbnails and good luck.

They don't email to ask. They go and look at the builder whose site let them filter.

Portfolio filterable by budget band, style and scope. Inquiry that asks about the lot, the number and the timing.

I'd like to build it and show you. One homepage, designed for A Step Above Construction, free. Not a template with your logo on it. The real thing, and it's yours whether we work together or not.

Say yes and it's yours by Friday.

[Sender Name]
Bothmade","Subject: here it is

Here it is — A Step Above Construction, as promised.

Portfolio filterable by budget, style and scope — so a couple with a specific project finds theirs in about nine seconds. Inquiry that arrives with the lot, the number and the timing on it.

It's a design, not a build — nothing clicks yet. Didn't want to fake a demo.

One thing I'd want your answer on: what do you wish every inquiry told you before you called them back?

[Sender Name]","the portfolio is the whole sale and there is no way to sort it by budget, style or scope",info@ on their own domain — the convention. Worth a quick check before a big send.,field-run-008;custom-home-building;GA;convention-email,75,22000,"$12,000","$35,000",06082026
AJL Pool and Landscaping,info@ajlpoolandlandscaping.com,Pool building,Albuquerque,NM,USA,https://ajlpoolandlandscaping.com,cold-outreach,researched,"Subject: your build gallery

Hi [First Name],

Your builds look excellent. I went looking for one like mine and scrolled past sixty that weren't. Then couldn't find a starting number.

So they call whoever showed them a pool like theirs, with a number attached.

Gallery filterable by size, style and budget. A starting number said out loud.

So here's what I'll do. I'll build AJL Pool and Landscaping that homepage. Free. Not a slide, not a proposal — the actual page, designed for your business. Yours to keep whether you hire me or not.

Want me to build it?

[Sender Name]
Bothmade","Subject: AJL Pool and Landscaping — built it

Built it. Here.

Builds filterable by size, style and budget band, with a starting range stated plainly and a timeline from signing to swimming.

Static design, so nothing on it works yet. I'd rather show you the real idea than a fake demo.

One question: would you publish a starting price, or does that cost you more than it wins?

[Sender Name]","the gallery cannot be sorted, so nobody finds a build that looks like their own yard",info@ on their own domain — the convention. Worth a quick check before a big send.,field-run-008;pool-building;NM;convention-email,75,10000,"$5,000","$18,000",06082026
Aqua Techs Pools and Spas,info@aquatechsofalbuquerque.com,Pool building,Albuquerque,NM,USA,https://aquatechsofalbuquerque.com,cold-outreach,researched,"Subject: what does one like mine cost

Hi [First Name],

Your builds look excellent. I went looking for one like mine and scrolled past sixty that weren't. Then couldn't find a starting number.

So they call whoever showed them a pool like theirs, with a number attached.

Gallery filterable by size, style and budget. A starting number said out loud.

Here's my offer. I'll design that page for Aqua Techs Pools and Spas and send it over. No charge, no meeting to get it, no invoice at the end. Keep it either way — I'd rather you saw the work than read about it.

Should I send it over?

[Sender Name]
Bothmade","Subject: built it

Here it is — Aqua Techs Pools and Spas, as promised.

Builds filterable by size, style and budget band, with a starting range stated plainly and a timeline from signing to swimming.

Static design, so nothing on it works yet. I'd rather show you the real idea than a fake demo.

One question: would you publish a starting price, or does that cost you more than it wins?

[Sender Name]","the gallery cannot be sorted, so nobody finds a build that looks like their own yard",info@ on their own domain — the convention. Worth a quick check before a big send.,field-run-008;pool-building;NM;convention-email,75,10000,"$5,000","$18,000",06082026
Bella Domicile,info@belladomicile.com,Kitchen and bath remodeling,Madison,WI,USA,https://belladomicile.com,cold-outreach,researched,"Subject: quoting jobs that were never real

Hi [First Name],

Looked at Bella Domicile the way a homeowner with a sixty-thousand-dollar kitchen in mind does. Your finished work is good. There was no way to find a kitchen like mine, and no way to tell you what my job actually is.

That's a $60k kitchen going to the company whose site made it feel easy.

Projects filterable by room, style and budget. A form that asks about the job, so it arrives ready to quote.

Let me build it for you. A real homepage for Bella Domicile, on me, before we ever talk money. If it's good you'll know in ten seconds. If it isn't, you've lost nothing.

Should I send it over?

[Sender Name]
Bothmade","Subject: here it is

Here it is.

Before-and-afters filterable by room, style and budget band. The inquiry asks about the room, the scope and the timing — so it lands ready to quote instead of ready to interview.

It's a design, not a build — nothing clicks yet. Didn't want to fake a demo.

One question: what do you wish every inquiry told you before you called them back?

[Sender Name]",before-and-afters are what sell this and they sit in a gallery nobody can filter,info@ on their own domain — the convention. Worth a quick check before a big send.,field-run-008;kitchen-and-bath-remodeling;WI;convention-email,75,8500,"$4,000","$15,000",06082026
Better Built Kitchens and Bathrooms,info@betterbuiltkitchensandbathrooms.com,Kitchen and bath remodeling,Hartford,CT,USA,https://betterbuiltkitchensandbathrooms.com,cold-outreach,researched,"Subject: your before-and-afters

Hi [First Name],

Looked at Better Built Kitchens and Bathrooms the way a homeowner with a sixty-thousand-dollar kitchen in mind does. Your finished work is good. There was no way to find a kitchen like mine, and no way to tell you what my job actually is.

That's a $60k kitchen going to the company whose site made it feel easy.

Projects filterable by room, style and budget. A form that asks about the job, so it arrives ready to quote.

I'd like to build it and show you. One homepage, designed for Better Built Kitchens and Bathrooms, free. Not a template with your logo on it. The real thing, and it's yours whether we work together or not.

Should I send it over?

[Sender Name]
Bothmade","Subject: built it

Here it is.

Before-and-afters filterable by room, style and budget band. The inquiry asks about the room, the scope and the timing — so it lands ready to quote instead of ready to interview.

It's a design, not a build — nothing clicks yet. Didn't want to fake a demo.

One question: what do you wish every inquiry told you before you called them back?

[Sender Name]",before-and-afters are what sell this and they sit in a gallery nobody can filter,info@ on their own domain — the convention. Worth a quick check before a big send.,field-run-008;kitchen-and-bath-remodeling;CT;convention-email,75,8500,"$4,000","$15,000",06082026
Blank Med Spa,info@blankmedspa.com,Med spa,Tulsa,OK,USA,https://blankmedspa.com,cold-outreach,researched,"Subject: she booked somewhere else

Hi [First Name],

Looked you up the way a new client does — evening, phone, already decided she wants tox, just picking where. Blank Med Spa won on reviews. Then booking meant calling in the morning.

She doesn't call in the morning. She books the spa that let her book at 9pm.

Booking belongs on the homepage, next to the reviews, working at midnight.

I'd like to build it and show you. One homepage, designed for Blank Med Spa, free. Not a template with your logo on it. The real thing, and it's yours whether we work together or not.

Want me to build it?

[Sender Name]
Bothmade","Subject: built it

Built it. Here.

Booking sits on the homepage next to your reviews. Two taps to Thursday at six. That's the part your site can't do tonight.

It's a design, not a build — nothing clicks yet. Didn't want to fake a demo.

One thing I'd want your answer on: is membership what you'd push hardest here, or first-visit tox?

[Sender Name]",the reviews do the selling and the booking is a phone number that stops answering at five,info@ on their own domain — the convention. Worth a quick check before a big send.,field-run-008;med-spa;OK;convention-email,75,10000,"$5,000","$18,000",06082026
Blessing Landscapes,info@blessingland.com,Landscape design build,Portland,OR,USA,https://blessingland.com,cold-outreach,researched,"Subject: design fee, unsaid

Hi [First Name],

Went through Blessing Landscapes' work the way a homeowner commissioning a garden does. It's beautiful. It's also one long scroll — no way to narrow by style, scale or budget, and nothing about what design costs.

And the inquiries that land are vague, so the first call is about scope instead of the garden.

Projects filterable by style, scale and budget. The design process spelled out so the brief arrives specific.

Let me build it for you. A real homepage for Blessing Landscapes, on me, before we ever talk money. If it's good you'll know in ten seconds. If it isn't, you've lost nothing.

Worth a look? One word back and I'll start.

[Sender Name]
Bothmade","Subject: built it

Here it is — Blessing Landscapes, as promised.

Projects filterable by style, scale and budget band, with the design process spelled out — so the brief that reaches you already knows what it's asking for.

It's a design, not a build — nothing clicks yet. Didn't want to fake a demo.

One question: would publishing a design fee range help you or cost you?

[Sender Name]","design-led buyers choose from images and yours cannot be narrowed by style, scale or budget",info@ on their own domain — the convention. Worth a quick check before a big send.,field-run-008;landscape-design-build;OR;convention-email,75,9000,"$5,000","$16,000",06082026
Boise Landscape Design,info@boiselandscapedesign.com,Landscape design build,Boise,ID,USA,https://boiselandscapedesign.com,cold-outreach,researched,"Subject: design fee, unsaid

Hi [First Name],

Went through Boise Landscape Design's work the way a homeowner commissioning a garden does. It's beautiful. It's also one long scroll — no way to narrow by style, scale or budget, and nothing about what design costs.

And the inquiries that land are vague, so the first call is about scope instead of the garden.

Projects filterable by style, scale and budget. The design process spelled out so the brief arrives specific.

Let me build it for you. A real homepage for Boise Landscape Design, on me, before we ever talk money. If it's good you'll know in ten seconds. If it isn't, you've lost nothing.

Should I send it over?

[Sender Name]
Bothmade","Subject: Boise Landscape Design — built it

Built it. Here.

Projects filterable by style, scale and budget band, with the design process spelled out — so the brief that reaches you already knows what it's asking for.

It's a design, not a build — nothing clicks yet. Didn't want to fake a demo.

One question: would publishing a design fee range help you or cost you?

[Sender Name]","design-led buyers choose from images and yours cannot be narrowed by style, scale or budget",info@ on their own domain — the convention. Worth a quick check before a big send.,field-run-008;landscape-design-build;ID;convention-email,75,9000,"$5,000","$16,000",06082026
Bonafide Custom Pools,info@bonafidecustompools.com,Pool building,Jacksonville,FL,USA,https://bonafidecustompools.com,cold-outreach,researched,"Subject: what does one like mine cost

Hi [First Name],

Looked at Bonafide Custom Pools the way a homeowner in Jacksonville does — trying to find a build that looks like my backyard, at roughly my number. One long scroll, no way to narrow it, no price anywhere.

That's a ninety-thousand-dollar build going to the company that answered the money question first.

Gallery filterable by size, style and budget. A starting number said out loud.

I'd like to build it and show you. One homepage, designed for Bonafide Custom Pools, free. Not a template with your logo on it. The real thing, and it's yours whether we work together or not.

Should I send it over?

[Sender Name]
Bothmade","Subject: here it is

Here it is.

Builds filterable by size, style and budget band, with a starting range stated plainly and a timeline from signing to swimming.

It's a design, not a build — nothing clicks yet. Didn't want to fake a demo.

One question: would you publish a starting price, or does that cost you more than it wins?

[Sender Name]","the gallery cannot be sorted, so nobody finds a build that looks like their own yard",info@ on their own domain — the convention. Worth a quick check before a big send.,field-run-008;pool-building;FL;convention-email,75,10000,"$5,000","$18,000",06082026
Brookscapes,info@brookscapes.com,Landscape design build,Raleigh,NC,USA,https://brookscapes.com,cold-outreach,researched,"Subject: the inquiry that arrives vague

Hi [First Name],

Your gardens are genuinely good. A design-led client chooses from images and yours can't be narrowed, so they never find the one that looks like their lot.

So the client who wanted exactly what you do never works out that you do it.

Projects filterable by style, scale and budget. The design process spelled out so the brief arrives specific.

So here's what I'll do. I'll build Brookscapes that homepage. Free. Not a slide, not a proposal — the actual page, designed for your business. Yours to keep whether you hire me or not.

Should I send it over?

[Sender Name]
Bothmade","Subject: built it

Built it. Here.

Projects filterable by style, scale and budget band, with the design process spelled out — so the brief that reaches you already knows what it's asking for.

Static design, so nothing on it works yet. I'd rather show you the real idea than a fake demo.

One question: would publishing a design fee range help you or cost you?

[Sender Name]","design-led buyers choose from images and yours cannot be narrowed by style, scale or budget",info@ on their own domain — the convention. Worth a quick check before a big send.,field-run-008;landscape-design-build;NC;convention-email,75,9000,"$5,000","$16,000",06082026
CT Shower and Bath,info@ctshowerandbath.com,Kitchen and bath remodeling,West Hartford,CT,USA,https://ctshowerandbath.com,cold-outreach,researched,"Subject: your before-and-afters

Hi [First Name],

Your before-and-afters sell this. They're in a small gallery you can't filter, so the woman with a galley kitchen never finds your galley kitchen.

So you spend Tuesday evening quoting jobs that were never real, and the real one went to whoever answered first.

Projects filterable by room, style and budget. A form that asks about the job, so it arrives ready to quote.

So here's what I'll do. I'll build CT Shower and Bath that homepage. Free. Not a slide, not a proposal — the actual page, designed for your business. Yours to keep whether you hire me or not.

Want it?

[Sender Name]
Bothmade","Subject: CT Shower and Bath — built it

Here it is.

Before-and-afters filterable by room, style and budget band. The inquiry asks about the room, the scope and the timing — so it lands ready to quote instead of ready to interview.

Static design, so nothing on it works yet. I'd rather show you the real idea than a fake demo.

One question: what do you wish every inquiry told you before you called them back?

[Sender Name]",before-and-afters are what sell this and they sit in a gallery nobody can filter,info@ on their own domain — the convention. Worth a quick check before a big send.,field-run-008;kitchen-and-bath-remodeling;CT;convention-email,75,8500,"$4,000","$15,000",06082026
Chattanooga Family Dentistry,info@chattanoogadentist.com,Cosmetic dentistry,Chattanooga,TN,USA,https://chattanoogadentist.com,cold-outreach,researched,"Subject: cases, price, booking

Hi [First Name],

Went looking for veneers in Chattanooga the way a patient does. Nine at night, on a phone, three years of putting it off. Found Chattanooga Family Dentistry. Couldn't find a case that looked like mine, couldn't find a price, couldn't book.

One case a month lost that way costs more than a website. Several times over.

Before-and-afters up front, the range in plain numbers, financing mentioned before they ask.

Here's my offer. I'll design that page for Chattanooga Family Dentistry and send it over. No charge, no meeting to get it, no invoice at the end. Keep it either way — I'd rather you saw the work than read about it.

Should I send it over?

[Sender Name]
Bothmade","Subject: built it

Built it. Here.

A homepage built for the cosmetic patient rather than the check-up patient — cases, price, and one tap to a consult.

Static design, so nothing on it works yet. I'd rather show you the real idea than a fake demo.

One question: does a price range on the site bring you better calls or worse ones?

[Sender Name]",the cases and the price range are the two things a $15k patient wants and the two hardest things to reach,info@ on their own domain — the convention. Worth a quick check before a big send.,field-run-008;cosmetic-dentistry;TN;convention-email,75,12000,"$6,000","$22,000",06082026
Downtown Dental Chattanooga,info@downtowndentalchatt.com,Cosmetic dentistry,Chattanooga,TN,USA,https://downtowndentalchatt.com,cold-outreach,researched,"Subject: your veneer cases

Hi [First Name],

A smile-makeover patient researches for months, alone, at night, on a phone. I did that to Downtown Dental Chattanooga. Got as far as a phone number and a form.

That's the biggest case of the month deciding not to call you.

Before-and-afters up front, the range in plain numbers, financing mentioned before they ask.

So here's what I'll do. I'll build Downtown Dental Chattanooga that homepage. Free. Not a slide, not a proposal — the actual page, designed for your business. Yours to keep whether you hire me or not.

Want it?

[Sender Name]
Bothmade","Subject: built it

Here it is.

A homepage built for the cosmetic patient rather than the check-up patient — cases, price, and one tap to a consult.

Static design, so nothing on it works yet. I'd rather show you the real idea than a fake demo.

One question: does a price range on the site bring you better calls or worse ones?

[Sender Name]",the cases and the price range are the two things a $15k patient wants and the two hardest things to reach,info@ on their own domain — the convention. Worth a quick check before a big send.,field-run-008;cosmetic-dentistry;TN;convention-email,75,12000,"$6,000","$22,000",06082026
Drake's 7 Dees,info@drakes7dees.com,Landscape design build,Portland,OR,USA,https://drakes7dees.com,cold-outreach,researched,"Subject: the inquiry that arrives vague

Hi [First Name],

Went through Drake's 7 Dees' work the way a homeowner commissioning a garden does. It's beautiful. It's also one long scroll — no way to narrow by style, scale or budget, and nothing about what design costs.

And the inquiries that land are vague, so the first call is about scope instead of the garden.

Projects filterable by style, scale and budget. The design process spelled out so the brief arrives specific.

Let me build it for you. A real homepage for Drake's 7 Dees, on me, before we ever talk money. If it's good you'll know in ten seconds. If it isn't, you've lost nothing.

Worth a look? One word back and I'll start.

[Sender Name]
Bothmade","Subject: here it is

Here it is — Drake's 7 Dees, as promised.

Projects filterable by style, scale and budget band, with the design process spelled out — so the brief that reaches you already knows what it's asking for.

It's a design, not a build — nothing clicks yet. Didn't want to fake a demo.

One question: would publishing a design fee range help you or cost you?

[Sender Name]","design-led buyers choose from images and yours cannot be narrowed by style, scale or budget",info@ on their own domain — the convention. Worth a quick check before a big send.,field-run-008;landscape-design-build;OR;convention-email,75,9000,"$5,000","$16,000",06082026
Dream Kitchen and Bath AZ,info@dreamkitchenandbathaz.com,Kitchen and bath remodeling,Scottsdale,AZ,USA,https://dreamkitchenandbathaz.com,cold-outreach,researched,"Subject: your before-and-afters

Hi [First Name],

Your before-and-afters sell this. They're in a small gallery you can't filter, so the woman with a galley kitchen never finds your galley kitchen.

So you spend Tuesday evening quoting jobs that were never real, and the real one went to whoever answered first.

Projects filterable by room, style and budget. A form that asks about the job, so it arrives ready to quote.

Here's my offer. I'll design that page for Dream Kitchen and Bath AZ and send it over. No charge, no meeting to get it, no invoice at the end. Keep it either way — I'd rather you saw the work than read about it.

Say yes and it's yours by Friday.

[Sender Name]
Bothmade","Subject: built it

Here it is — Dream Kitchen and Bath AZ, as promised.

Before-and-afters filterable by room, style and budget band. The inquiry asks about the room, the scope and the timing — so it lands ready to quote instead of ready to interview.

Static design, so nothing on it works yet. I'd rather show you the real idea than a fake demo.

One question: what do you wish every inquiry told you before you called them back?

[Sender Name]",before-and-afters are what sell this and they sit in a gallery nobody can filter,info@ on their own domain — the convention. Worth a quick check before a big send.,field-run-008;kitchen-and-bath-remodeling;AZ;convention-email,75,8500,"$4,000","$15,000",06082026
DreamMaker Bath and Kitchen Madison,info@dreammaker-remodel.com,Kitchen and bath remodeling,Madison,WI,USA,https://dreammaker-remodel.com,cold-outreach,researched,"Subject: the tire-kicker problem

Hi [First Name],

Looked at DreamMaker Bath and Kitchen Madison the way a homeowner with a sixty-thousand-dollar kitchen in mind does. Your finished work is good. There was no way to find a kitchen like mine, and no way to tell you what my job actually is.

That's a $60k kitchen going to the company whose site made it feel easy.

Projects filterable by room, style and budget. A form that asks about the job, so it arrives ready to quote.

I'd like to build it and show you. One homepage, designed for DreamMaker Bath and Kitchen Madison, free. Not a template with your logo on it. The real thing, and it's yours whether we work together or not.

Say yes and it's yours by Friday.

[Sender Name]
Bothmade","Subject: built it

Built it. Here.

Before-and-afters filterable by room, style and budget band. The inquiry asks about the room, the scope and the timing — so it lands ready to quote instead of ready to interview.

It's a design, not a build — nothing clicks yet. Didn't want to fake a demo.

One question: what do you wish every inquiry told you before you called them back?

[Sender Name]",before-and-afters are what sell this and they sit in a gallery nobody can filter,info@ on their own domain — the convention. Worth a quick check before a big send.,field-run-008;kitchen-and-bath-remodeling;WI;convention-email,75,8500,"$4,000","$15,000",06082026
Drew Heidergott DDS,info@drdrewdds.com,Cosmetic dentistry,Spokane,WA,USA,https://drdrewdds.com,cold-outreach,researched,"Subject: the $15k case that didn't call

Hi [First Name],

Went looking for veneers in Spokane the way a patient does. Nine at night, on a phone, three years of putting it off. Found Drew Heidergott DDS. Couldn't find a case that looked like mine, couldn't find a price, couldn't book.

One case a month lost that way costs more than a website. Several times over.

Cases first, filterable, a price range said out loud, and a booking that works at 9pm.

Let me build it for you. A real homepage for Drew Heidergott DDS, on me, before we ever talk money. If it's good you'll know in ten seconds. If it isn't, you've lost nothing.

Want me to build it?

[Sender Name]
Bothmade","Subject: here it is

Here it is.

Cases at the top, filterable by treatment. The range stated in real numbers. Booking that doesn't need your front desk awake.

It's a design, not a build — nothing clicks yet. Didn't want to fake a demo.

One thing I'd want your read on: veneers or implants — which pays you better?

[Sender Name]",the cases and the price range are the two things a $15k patient wants and the two hardest things to reach,info@ on their own domain — the convention. Worth a quick check before a big send.,field-run-008;cosmetic-dentistry;WA;convention-email,75,12000,"$6,000","$22,000",06082026
EZ Remodel Baths,info@ezremodelbaths.com,Kitchen and bath remodeling,Madison,WI,USA,https://ezremodelbaths.com,cold-outreach,researched,"Subject: your before-and-afters

Hi [First Name],

Your before-and-afters sell this. They're in a small gallery you can't filter, so the woman with a galley kitchen never finds your galley kitchen.

So you spend Tuesday evening quoting jobs that were never real, and the real one went to whoever answered first.

Projects filterable by room, style and budget. A form that asks about the job, so it arrives ready to quote.

Here's my offer. I'll design that page for EZ Remodel Baths and send it over. No charge, no meeting to get it, no invoice at the end. Keep it either way — I'd rather you saw the work than read about it.

Should I send it over?

[Sender Name]
Bothmade","Subject: here it is

Built it. Here.

Before-and-afters filterable by room, style and budget band. The inquiry asks about the room, the scope and the timing — so it lands ready to quote instead of ready to interview.

Static design, so nothing on it works yet. I'd rather show you the real idea than a fake demo.

One question: what do you wish every inquiry told you before you called them back?

[Sender Name]",before-and-afters are what sell this and they sit in a gallery nobody can filter,info@ on their own domain — the convention. Worth a quick check before a big send.,field-run-008;kitchen-and-bath-remodeling;WI;convention-email,75,8500,"$4,000","$15,000",06082026
Esox Custom Tiling,info@esoxcustomtiling.com,Kitchen and bath remodeling,Madison,WI,USA,https://esoxcustomtiling.com,cold-outreach,researched,"Subject: the tire-kicker problem

Hi [First Name],

Your before-and-afters sell this. They're in a small gallery you can't filter, so the woman with a galley kitchen never finds your galley kitchen.

So you spend Tuesday evening quoting jobs that were never real, and the real one went to whoever answered first.

Projects filterable by room, style and budget. A form that asks about the job, so it arrives ready to quote.

So here's what I'll do. I'll build Esox Custom Tiling that homepage. Free. Not a slide, not a proposal — the actual page, designed for your business. Yours to keep whether you hire me or not.

Say yes and it's yours by Friday.

[Sender Name]
Bothmade","Subject: here it is

Here it is — Esox Custom Tiling, as promised.

Before-and-afters filterable by room, style and budget band. The inquiry asks about the room, the scope and the timing — so it lands ready to quote instead of ready to interview.

Static design, so nothing on it works yet. I'd rather show you the real idea than a fake demo.

One question: what do you wish every inquiry told you before you called them back?

[Sender Name]",before-and-afters are what sell this and they sit in a gallery nobody can filter,info@ on their own domain — the convention. Worth a quick check before a big send.,field-run-008;kitchen-and-bath-remodeling;WI;convention-email,75,8500,"$4,000","$15,000",06082026
FIT Dental Center,info@fitdentalcenter.com,Cosmetic dentistry,Chattanooga,TN,USA,https://fitdentalcenter.com,cold-outreach,researched,"Subject: the $15k case that didn't call

Hi [First Name],

A smile-makeover patient researches for months, alone, at night, on a phone. I did that to FIT Dental Center. Got as far as a phone number and a form.

They don't call in the morning. They keep scrolling and someone else does the case.

Cases first, filterable, a price range said out loud, and a booking that works at 9pm.

Let me build it for you. A real homepage for FIT Dental Center, on me, before we ever talk money. If it's good you'll know in ten seconds. If it isn't, you've lost nothing.

Worth a look? One word back and I'll start.

[Sender Name]
Bothmade","Subject: FIT Dental Center — built it

Here it is.

Cases at the top, filterable by treatment. The range stated in real numbers. Booking that doesn't need your front desk awake.

It's a design, not a build — nothing clicks yet. Didn't want to fake a demo.

One thing I'd want your read on: veneers or implants — which pays you better?

[Sender Name]",the cases and the price range are the two things a $15k patient wants and the two hardest things to reach,info@ on their own domain — the convention. Worth a quick check before a big send.,field-run-008;cosmetic-dentistry;TN;convention-email,75,12000,"$6,000","$22,000",06082026
Family Dentistry of Knoxville,info@familydentistryknoxville.com,Cosmetic dentistry,Knoxville,TN,USA,https://familydentistryknoxville.com,cold-outreach,researched,"Subject: the $15k case that didn't call

Hi [First Name],

A smile-makeover patient researches for months, alone, at night, on a phone. I did that to Family Dentistry of Knoxville. Got as far as a phone number and a form.

That's the biggest case of the month deciding not to call you.

Cases first, filterable, a price range said out loud, and a booking that works at 9pm.

Let me build it for you. A real homepage for Family Dentistry of Knoxville, on me, before we ever talk money. If it's good you'll know in ten seconds. If it isn't, you've lost nothing.

Say yes and it's yours by Friday.

[Sender Name]
Bothmade","Subject: here it is

Built it. Here.

Cases at the top, filterable by treatment. The range stated in real numbers. Booking that doesn't need your front desk awake.

It's a design, not a build — nothing clicks yet. Didn't want to fake a demo.

One thing I'd want your read on: veneers or implants — which pays you better?

[Sender Name]",the cases and the price range are the two things a $15k patient wants and the two hardest things to reach,info@ on their own domain — the convention. Worth a quick check before a big send.,field-run-008;cosmetic-dentistry;TN;convention-email,75,12000,"$6,000","$22,000",06082026
FarWest Landscape,info@farwestlandscape.net,Landscape design build,Boise,ID,USA,https://farwestlandscape.net,cold-outreach,researched,"Subject: the inquiry that arrives vague

Hi [First Name],

Went through FarWest Landscape's work the way a homeowner commissioning a garden does. It's beautiful. It's also one long scroll — no way to narrow by style, scale or budget, and nothing about what design costs.

And the inquiries that land are vague, so the first call is about scope instead of the garden.

Projects filterable by style, scale and budget. The design process spelled out so the brief arrives specific.

Let me build it for you. A real homepage for FarWest Landscape, on me, before we ever talk money. If it's good you'll know in ten seconds. If it isn't, you've lost nothing.

Say yes and it's yours by Friday.

[Sender Name]
Bothmade","Subject: here it is

Built it. Here.

Projects filterable by style, scale and budget band, with the design process spelled out — so the brief that reaches you already knows what it's asking for.

It's a design, not a build — nothing clicks yet. Didn't want to fake a demo.

One question: would publishing a design fee range help you or cost you?

[Sender Name]","design-led buyers choose from images and yours cannot be narrowed by style, scale or budget",info@ on their own domain — the convention. Worth a quick check before a big send.,field-run-008;landscape-design-build;ID;convention-email,75,9000,"$5,000","$16,000",06082026
Firm Medical Spa,info@firmmedicalspa.com,Med spa,Tulsa,OK,USA,https://firmmedicalspa.com,cold-outreach,researched,"Subject: reviews vs booking button

Hi [First Name],

Looked you up the way a new client does — evening, phone, already decided she wants tox, just picking where. Firm Medical Spa won on reviews. Then booking meant calling in the morning.

That's the sale, right there. She books wherever the button is, and you never find out you lost her.

Treatments priced, bookable in two taps, reviews right beside them.

Here's my offer. I'll design that page for Firm Medical Spa and send it over. No charge, no meeting to get it, no invoice at the end. Keep it either way — I'd rather you saw the work than read about it.

Want me to build it?

[Sender Name]
Bothmade","Subject: built it

Built it. Here.

Treatments priced, bookable in two taps, reviews doing the closing right beside them. Memberships obvious instead of three pages deep.

Static design, so nothing on it works yet. I'd rather show you the real idea than a fake demo.

One question: would you let a new client book without a consult call first?

[Sender Name]",the reviews do the selling and the booking is a phone number that stops answering at five,info@ on their own domain — the convention. Worth a quick check before a big send.,field-run-008;med-spa;OK;convention-email,75,10000,"$5,000","$18,000",06082026
Fountain City Smiles,info@fountaincitysmiles.com,Cosmetic dentistry,Knoxville,TN,USA,https://fountaincitysmiles.com,cold-outreach,researched,"Subject: cases, price, booking

Hi [First Name],

Went looking for veneers in Knoxville the way a patient does. Nine at night, on a phone, three years of putting it off. Found Fountain City Smiles. Couldn't find a case that looked like mine, couldn't find a price, couldn't book.

One case a month lost that way costs more than a website. Several times over.

Before-and-afters up front, the range in plain numbers, financing mentioned before they ask.

Here's my offer. I'll design that page for Fountain City Smiles and send it over. No charge, no meeting to get it, no invoice at the end. Keep it either way — I'd rather you saw the work than read about it.

Want me to build it?

[Sender Name]
Bothmade","Subject: here it is

Built it. Here.

A homepage built for the cosmetic patient rather than the check-up patient — cases, price, and one tap to a consult.

Static design, so nothing on it works yet. I'd rather show you the real idea than a fake demo.

One question: does a price range on the site bring you better calls or worse ones?

[Sender Name]",the cases and the price range are the two things a $15k patient wants and the two hardest things to reach,info@ on their own domain — the convention. Worth a quick check before a big send.,field-run-008;cosmetic-dentistry;TN;convention-email,75,12000,"$6,000","$22,000",06082026
Frank R Jenkins Custom Homes,info@frankrjenkinscustomhomes.com,Custom home building,Fort Myers,FL,USA,https://frankrjenkinscustomhomes.com,cold-outreach,researched,"Subject: they couldn't find their house

Hi [First Name],

Went through Frank R Jenkins Custom Homes' portfolio the way a couple with a lot and three million dollars does — hunting for the one house that looks like the one in their head. Couldn't sort by budget, style or scope. Just scrolled.

They don't email to ask. They go and look at the builder whose site let them filter.

Sort the work the way buyers actually choose, and put the process where the fear is.

Here's my offer. I'll design that page for Frank R Jenkins Custom Homes and send it over. No charge, no meeting to get it, no invoice at the end. Keep it either way — I'd rather you saw the work than read about it.

Should I send it over?

[Sender Name]
Bothmade","Subject: built it

Here it is — Frank R Jenkins Custom Homes, as promised.

Projects sortable the way buyers choose, and the build process laid out month by month, which is the part they're actually frightened of.

Static design, so nothing on it works yet. I'd rather show you the real idea than a fake demo.

One question: would you ever show budget bands publicly, or is that a fight with your sales process?

[Sender Name]","the portfolio is the whole sale and there is no way to sort it by budget, style or scope",info@ on their own domain — the convention. Worth a quick check before a big send.,field-run-008;custom-home-building;FL;convention-email,75,22000,"$12,000","$35,000",06082026
Gozzo Design and Remodel,info@gozzodesignremodel.com,Kitchen and bath remodeling,West Hartford,CT,USA,https://gozzodesignremodel.com,cold-outreach,researched,"Subject: quoting jobs that were never real

Hi [First Name],

Looked at Gozzo Design and Remodel the way a homeowner with a sixty-thousand-dollar kitchen in mind does. Your finished work is good. There was no way to find a kitchen like mine, and no way to tell you what my job actually is.

That's a $60k kitchen going to the company whose site made it feel easy.

Projects filterable by room, style and budget. A form that asks about the job, so it arrives ready to quote.

I'd like to build it and show you. One homepage, designed for Gozzo Design and Remodel, free. Not a template with your logo on it. The real thing, and it's yours whether we work together or not.

Want it?

[Sender Name]
Bothmade","Subject: here it is

Here it is — Gozzo Design and Remodel, as promised.

Before-and-afters filterable by room, style and budget band. The inquiry asks about the room, the scope and the timing — so it lands ready to quote instead of ready to interview.

It's a design, not a build — nothing clicks yet. Didn't want to fake a demo.

One question: what do you wish every inquiry told you before you called them back?

[Sender Name]",before-and-afters are what sell this and they sit in a gallery nobody can filter,info@ on their own domain — the convention. Worth a quick check before a big send.,field-run-008;kitchen-and-bath-remodeling;CT;convention-email,75,8500,"$4,000","$15,000",06082026
Grassy Creek Dental,info@grassycreekdental.com,Cosmetic dentistry,Knoxville,TN,USA,https://grassycreekdental.com,cold-outreach,researched,"Subject: the $15k case that didn't call

Hi [First Name],

Your case work is good. I had to dig for it — two menus deep, on a phone, at the exact moment somebody decides to spend fifteen thousand dollars on their teeth.

One case a month lost that way costs more than a website. Several times over.

Cases first, filterable, a price range said out loud, and a booking that works at 9pm.

Let me build it for you. A real homepage for Grassy Creek Dental, on me, before we ever talk money. If it's good you'll know in ten seconds. If it isn't, you've lost nothing.

Want me to build it?

[Sender Name]
Bothmade","Subject: here it is

Built it. Here.

Cases at the top, filterable by treatment. The range stated in real numbers. Booking that doesn't need your front desk awake.

It's a design, not a build — nothing clicks yet. Didn't want to fake a demo.

One thing I'd want your read on: veneers or implants — which pays you better?

[Sender Name]",the cases and the price range are the two things a $15k patient wants and the two hardest things to reach,info@ on their own domain — the convention. Worth a quick check before a big send.,field-run-008;cosmetic-dentistry;TN;convention-email,75,12000,"$6,000","$22,000",06082026
Greenscape Inc,info@greenscapeinc.com,Landscape design build,Raleigh,NC,USA,https://greenscapeinc.com,cold-outreach,researched,"Subject: design fee, unsaid

Hi [First Name],

Went through Greenscape Inc's work the way a homeowner commissioning a garden does. It's beautiful. It's also one long scroll — no way to narrow by style, scale or budget, and nothing about what design costs.

And the inquiries that land are vague, so the first call is about scope instead of the garden.

Projects filterable by style, scale and budget. The design process spelled out so the brief arrives specific.

I'd like to build it and show you. One homepage, designed for Greenscape Inc, free. Not a template with your logo on it. The real thing, and it's yours whether we work together or not.

Want me to build it?

[Sender Name]
Bothmade","Subject: built it

Built it. Here.

Projects filterable by style, scale and budget band, with the design process spelled out — so the brief that reaches you already knows what it's asking for.

It's a design, not a build — nothing clicks yet. Didn't want to fake a demo.

One question: would publishing a design fee range help you or cost you?

[Sender Name]","design-led buyers choose from images and yours cannot be narrowed by style, scale or budget",info@ on their own domain — the convention. Worth a quick check before a big send.,field-run-008;landscape-design-build;NC;convention-email,75,9000,"$5,000","$16,000",06082026
Hagood Homes,info@hagoodhomes.com,Custom home building,Wilmington,NC,USA,https://hagoodhomes.com,cold-outreach,researched,"Subject: they couldn't find their house

Hi [First Name],

Looked at Hagood Homes as a client would in Wilmington: trying to find the project that matches my lot and my number. Gave up before I found it.

And the inquiries that do land ask for a name and a message, so your first call is an interview instead of a conversation.

Sort the work the way buyers actually choose, and put the process where the fear is.

Here's my offer. I'll design that page for Hagood Homes and send it over. No charge, no meeting to get it, no invoice at the end. Keep it either way — I'd rather you saw the work than read about it.

Want me to build it?

[Sender Name]
Bothmade","Subject: here it is

Here it is — Hagood Homes, as promised.

Projects sortable the way buyers choose, and the build process laid out month by month, which is the part they're actually frightened of.

Static design, so nothing on it works yet. I'd rather show you the real idea than a fake demo.

One question: would you ever show budget bands publicly, or is that a fight with your sales process?

[Sender Name]","the portfolio is the whole sale and there is no way to sort it by budget, style or scope",info@ on their own domain — the convention. Worth a quick check before a big send.,field-run-008;custom-home-building;NC;convention-email,75,22000,"$12,000","$35,000",06082026
Harden Custom Homes,info@hardencustomhomes.com,Custom home building,Fort Myers,FL,USA,https://hardencustomhomes.com,cold-outreach,researched,"Subject: they couldn't find their house

Hi [First Name],

Looked at Harden Custom Homes as a client would in Fort Myers: trying to find the project that matches my lot and my number. Gave up before I found it.

And the inquiries that do land ask for a name and a message, so your first call is an interview instead of a conversation.

Sort the work the way buyers actually choose, and put the process where the fear is.

Here's my offer. I'll design that page for Harden Custom Homes and send it over. No charge, no meeting to get it, no invoice at the end. Keep it either way — I'd rather you saw the work than read about it.

Want it?

[Sender Name]
Bothmade","Subject: here it is

Here it is — Harden Custom Homes, as promised.

Projects sortable the way buyers choose, and the build process laid out month by month, which is the part they're actually frightened of.

Static design, so nothing on it works yet. I'd rather show you the real idea than a fake demo.

One question: would you ever show budget bands publicly, or is that a fight with your sales process?

[Sender Name]","the portfolio is the whole sale and there is no way to sort it by budget, style or scope",info@ on their own domain — the convention. Worth a quick check before a big send.,field-run-008;custom-home-building;FL;convention-email,75,22000,"$12,000","$35,000",06082026
Hartford's Kitchen Factory,info@hartfordskitchenfactory.com,Kitchen and bath remodeling,Hartford,CT,USA,https://hartfordskitchenfactory.com,cold-outreach,researched,"Subject: your before-and-afters

Hi [First Name],

Your before-and-afters sell this. They're in a small gallery you can't filter, so the woman with a galley kitchen never finds your galley kitchen.

So you spend Tuesday evening quoting jobs that were never real, and the real one went to whoever answered first.

Projects filterable by room, style and budget. A form that asks about the job, so it arrives ready to quote.

Here's my offer. I'll design that page for Hartford's Kitchen Factory and send it over. No charge, no meeting to get it, no invoice at the end. Keep it either way — I'd rather you saw the work than read about it.

Want me to build it?

[Sender Name]
Bothmade","Subject: here it is

Here it is.

Before-and-afters filterable by room, style and budget band. The inquiry asks about the room, the scope and the timing — so it lands ready to quote instead of ready to interview.

Static design, so nothing on it works yet. I'd rather show you the real idea than a fake demo.

One question: what do you wish every inquiry told you before you called them back?

[Sender Name]",before-and-afters are what sell this and they sit in a gallery nobody can filter,info@ on their own domain — the convention. Worth a quick check before a big send.,field-run-008;kitchen-and-bath-remodeling;CT;convention-email,75,8500,"$4,000","$15,000",06082026
Heavenly Pools,info@myheavenlypools.com,Pool building,Dallas,TX,USA,https://myheavenlypools.com,cold-outreach,researched,"Subject: sorting your pools

Hi [First Name],

Your builds look excellent. I went looking for one like mine and scrolled past sixty that weren't. Then couldn't find a starting number.

So they call whoever showed them a pool like theirs, with a number attached.

Gallery filterable by size, style and budget. A starting number said out loud.

Here's my offer. I'll design that page for Heavenly Pools and send it over. No charge, no meeting to get it, no invoice at the end. Keep it either way — I'd rather you saw the work than read about it.

Want me to build it?

[Sender Name]
Bothmade","Subject: Heavenly Pools — built it

Built it. Here.

Builds filterable by size, style and budget band, with a starting range stated plainly and a timeline from signing to swimming.

Static design, so nothing on it works yet. I'd rather show you the real idea than a fake demo.

One question: would you publish a starting price, or does that cost you more than it wins?

[Sender Name]","the gallery cannot be sorted, so nobody finds a build that looks like their own yard",info@ on their own domain — the convention. Worth a quick check before a big send.,field-run-008;pool-building;TX;convention-email,75,10000,"$5,000","$18,000",06082026
Heritage Family Dentistry Knoxville,info@hfdsmiles.com,Cosmetic dentistry,Knoxville,TN,USA,https://hfdsmiles.com,cold-outreach,researched,"Subject: the $15k case that didn't call

Hi [First Name],

A smile-makeover patient researches for months, alone, at night, on a phone. I did that to Heritage Family Dentistry Knoxville. Got as far as a phone number and a form.

They don't call in the morning. They keep scrolling and someone else does the case.

Cases first, filterable, a price range said out loud, and a booking that works at 9pm.

Let me build it for you. A real homepage for Heritage Family Dentistry Knoxville, on me, before we ever talk money. If it's good you'll know in ten seconds. If it isn't, you've lost nothing.

Want me to build it?

[Sender Name]
Bothmade","Subject: here it is

Here it is — Heritage Family Dentistry Knoxville, as promised.

Cases at the top, filterable by treatment. The range stated in real numbers. Booking that doesn't need your front desk awake.

It's a design, not a build — nothing clicks yet. Didn't want to fake a demo.

One thing I'd want your read on: veneers or implants — which pays you better?

[Sender Name]",the cases and the price range are the two things a $15k patient wants and the two hardest things to reach,info@ on their own domain — the convention. Worth a quick check before a big send.,field-run-008;cosmetic-dentistry;TN;convention-email,75,12000,"$6,000","$22,000",06082026
Hixson Dental Group,info@hixsondentalgroup.com,Cosmetic dentistry,Chattanooga,TN,USA,https://hixsondentalgroup.com,cold-outreach,researched,"Subject: one case a month

Hi [First Name],

Went looking for veneers in Chattanooga the way a patient does. Nine at night, on a phone, three years of putting it off. Found Hixson Dental Group. Couldn't find a case that looked like mine, couldn't find a price, couldn't book.

They don't call in the morning. They keep scrolling and someone else does the case.

Cases first, filterable, a price range said out loud, and a booking that works at 9pm.

I'd like to build it and show you. One homepage, designed for Hixson Dental Group, free. Not a template with your logo on it. The real thing, and it's yours whether we work together or not.

Worth a look? One word back and I'll start.

[Sender Name]
Bothmade","Subject: Hixson Dental Group — built it

Here it is.

Cases at the top, filterable by treatment. The range stated in real numbers. Booking that doesn't need your front desk awake.

It's a design, not a build — nothing clicks yet. Didn't want to fake a demo.

One thing I'd want your read on: veneers or implants — which pays you better?

[Sender Name]",the cases and the price range are the two things a $15k patient wants and the two hardest things to reach,info@ on their own domain — the convention. Worth a quick check before a big send.,field-run-008;cosmetic-dentistry;TN;convention-email,75,12000,"$6,000","$22,000",06082026
Holland Kitchens and Baths,info@hollandkitchens.com,Kitchen and bath remodeling,West Hartford,CT,USA,https://hollandkitchens.com,cold-outreach,researched,"Subject: quoting jobs that were never real

Hi [First Name],

Looked at Holland Kitchens and Baths the way a homeowner with a sixty-thousand-dollar kitchen in mind does. Your finished work is good. There was no way to find a kitchen like mine, and no way to tell you what my job actually is.

That's a $60k kitchen going to the company whose site made it feel easy.

Projects filterable by room, style and budget. A form that asks about the job, so it arrives ready to quote.

I'd like to build it and show you. One homepage, designed for Holland Kitchens and Baths, free. Not a template with your logo on it. The real thing, and it's yours whether we work together or not.

Want it?

[Sender Name]
Bothmade","Subject: here it is

Here it is.

Before-and-afters filterable by room, style and budget band. The inquiry asks about the room, the scope and the timing — so it lands ready to quote instead of ready to interview.

It's a design, not a build — nothing clicks yet. Didn't want to fake a demo.

One question: what do you wish every inquiry told you before you called them back?

[Sender Name]",before-and-afters are what sell this and they sit in a gallery nobody can filter,info@ on their own domain — the convention. Worth a quick check before a big send.,field-run-008;kitchen-and-bath-remodeling;CT;convention-email,75,8500,"$4,000","$15,000",06082026
InVein Aesthetics,info@inveinspa.com,Med spa,Baltimore,MD,USA,https://inveinspa.com,cold-outreach,researched,"Subject: the booking you lost last night

Hi [First Name],

Your reviews do the selling. I read them on my phone at 9pm in Baltimore and I was sold. Then I hit a phone number and office hours.

She doesn't call in the morning. She books the spa that let her book at 9pm.

Booking belongs on the homepage, next to the reviews, working at midnight.

Let me build it for you. A real homepage for InVein Aesthetics, on me, before we ever talk money. If it's good you'll know in ten seconds. If it isn't, you've lost nothing.

Should I send it over?

[Sender Name]
Bothmade","Subject: built it

Built it. Here.

Booking sits on the homepage next to your reviews. Two taps to Thursday at six. That's the part your site can't do tonight.

It's a design, not a build — nothing clicks yet. Didn't want to fake a demo.

One thing I'd want your answer on: is membership what you'd push hardest here, or first-visit tox?

[Sender Name]",the reviews do the selling and the booking is a phone number that stops answering at five,info@ on their own domain — the convention. Worth a quick check before a big send.,field-run-008;med-spa;MD;convention-email,75,10000,"$5,000","$18,000",06082026
Kerry Martin Pools,info@jacksonvillepoolcontractor.com,Pool building,Jacksonville,FL,USA,https://jacksonvillepoolcontractor.com,cold-outreach,researched,"Subject: your build gallery

Hi [First Name],

Your builds look excellent. I went looking for one like mine and scrolled past sixty that weren't. Then couldn't find a starting number.

So they call whoever showed them a pool like theirs, with a number attached.

Gallery filterable by size, style and budget. A starting number said out loud.

So here's what I'll do. I'll build Kerry Martin Pools that homepage. Free. Not a slide, not a proposal — the actual page, designed for your business. Yours to keep whether you hire me or not.

Say yes and it's yours by Friday.

[Sender Name]
Bothmade","Subject: Kerry Martin Pools — built it

Built it. Here.

Builds filterable by size, style and budget band, with a starting range stated plainly and a timeline from signing to swimming.

Static design, so nothing on it works yet. I'd rather show you the real idea than a fake demo.

One question: would you publish a starting price, or does that cost you more than it wins?

[Sender Name]","the gallery cannot be sorted, so nobody finds a build that looks like their own yard",info@ on their own domain — the convention. Worth a quick check before a big send.,field-run-008;pool-building;FL;convention-email,75,10000,"$5,000","$18,000",06082026
Kevin Kirsch Homes,info@kevinkirschnewhomes.com,Custom home building,Savannah,GA,USA,https://kevinkirschnewhomes.com,cold-outreach,researched,"Subject: the inquiry that wasted your Tuesday

Hi [First Name],

Went through Kevin Kirsch Homes' portfolio the way a couple with a lot and three million dollars does — hunting for the one house that looks like the one in their head. Couldn't sort by budget, style or scope. Just scrolled.

They don't email to ask. They go and look at the builder whose site let them filter.

Portfolio filterable by budget band, style and scope. Inquiry that asks about the lot, the number and the timing.

I'd like to build it and show you. One homepage, designed for Kevin Kirsch Homes, free. Not a template with your logo on it. The real thing, and it's yours whether we work together or not.

Want me to build it?

[Sender Name]
Bothmade","Subject: built it

Here it is.

Portfolio filterable by budget, style and scope — so a couple with a specific project finds theirs in about nine seconds. Inquiry that arrives with the lot, the number and the timing on it.

It's a design, not a build — nothing clicks yet. Didn't want to fake a demo.

One thing I'd want your answer on: what do you wish every inquiry told you before you called them back?

[Sender Name]","the portfolio is the whole sale and there is no way to sort it by budget, style or scope",info@ on their own domain — the convention. Worth a quick check before a big send.,field-run-008;custom-home-building;GA;convention-email,75,22000,"$12,000","$35,000",06082026
Kitchen and Bath Scottsdale,info@kitchenandbathscottsdale.com,Kitchen and bath remodeling,Scottsdale,AZ,USA,https://kitchenandbathscottsdale.com,cold-outreach,researched,"Subject: the tire-kicker problem

Hi [First Name],

Your before-and-afters sell this. They're in a small gallery you can't filter, so the woman with a galley kitchen never finds your galley kitchen.

So you spend Tuesday evening quoting jobs that were never real, and the real one went to whoever answered first.

Projects filterable by room, style and budget. A form that asks about the job, so it arrives ready to quote.

Here's my offer. I'll design that page for Kitchen and Bath Scottsdale and send it over. No charge, no meeting to get it, no invoice at the end. Keep it either way — I'd rather you saw the work than read about it.

Want it?

[Sender Name]
Bothmade","Subject: Kitchen and Bath Scottsdale — built it

Built it. Here.

Before-and-afters filterable by room, style and budget band. The inquiry asks about the room, the scope and the timing — so it lands ready to quote instead of ready to interview.

Static design, so nothing on it works yet. I'd rather show you the real idea than a fake demo.

One question: what do you wish every inquiry told you before you called them back?

[Sender Name]",before-and-afters are what sell this and they sit in a gallery nobody can filter,info@ on their own domain — the convention. Worth a quick check before a big send.,field-run-008;kitchen-and-bath-remodeling;AZ;convention-email,75,8500,"$4,000","$15,000",06082026
Landscaper Construction,info@landscaperconstruction.com,Landscape design build,Boise,ID,USA,https://landscaperconstruction.com,cold-outreach,researched,"Subject: design fee, unsaid

Hi [First Name],

Your gardens are genuinely good. A design-led client chooses from images and yours can't be narrowed, so they never find the one that looks like their lot.

So the client who wanted exactly what you do never works out that you do it.

Projects filterable by style, scale and budget. The design process spelled out so the brief arrives specific.

Here's my offer. I'll design that page for Landscaper Construction and send it over. No charge, no meeting to get it, no invoice at the end. Keep it either way — I'd rather you saw the work than read about it.

Worth a look? One word back and I'll start.

[Sender Name]
Bothmade","Subject: Landscaper Construction — built it

Here it is.

Projects filterable by style, scale and budget band, with the design process spelled out — so the brief that reaches you already knows what it's asking for.

Static design, so nothing on it works yet. I'd rather show you the real idea than a fake demo.

One question: would publishing a design fee range help you or cost you?

[Sender Name]","design-led buyers choose from images and yours cannot be narrowed by style, scale or budget",info@ on their own domain — the convention. Worth a quick check before a big send.,field-run-008;landscape-design-build;ID;convention-email,75,9000,"$5,000","$16,000",06082026
Landvision Designs,info@landvisiondesigns.com,Landscape design build,Raleigh,NC,USA,https://landvisiondesigns.com,cold-outreach,researched,"Subject: your gardens, sorted

Hi [First Name],

Your gardens are genuinely good. A design-led client chooses from images and yours can't be narrowed, so they never find the one that looks like their lot.

So the client who wanted exactly what you do never works out that you do it.

Projects filterable by style, scale and budget. The design process spelled out so the brief arrives specific.

So here's what I'll do. I'll build Landvision Designs that homepage. Free. Not a slide, not a proposal — the actual page, designed for your business. Yours to keep whether you hire me or not.

Say yes and it's yours by Friday.

[Sender Name]
Bothmade","Subject: Landvision Designs — built it

Here it is.

Projects filterable by style, scale and budget band, with the design process spelled out — so the brief that reaches you already knows what it's asking for.

Static design, so nothing on it works yet. I'd rather show you the real idea than a fake demo.

One question: would publishing a design fee range help you or cost you?

[Sender Name]","design-led buyers choose from images and yours cannot be narrowed by style, scale or budget",info@ on their own domain — the convention. Worth a quick check before a big send.,field-run-008;landscape-design-build;NC;convention-email,75,9000,"$5,000","$16,000",06082026
MAB Homes,info@mabhomesfl.com,Custom home building,Fort Myers,FL,USA,https://mabhomesfl.com,cold-outreach,researched,"Subject: filtering your projects

Hi [First Name],

Went through MAB Homes' portfolio the way a couple with a lot and three million dollars does — hunting for the one house that looks like the one in their head. Couldn't sort by budget, style or scope. Just scrolled.

And the inquiries that do land ask for a name and a message, so your first call is an interview instead of a conversation.

Portfolio filterable by budget band, style and scope. Inquiry that asks about the lot, the number and the timing.

I'd like to build it and show you. One homepage, designed for MAB Homes, free. Not a template with your logo on it. The real thing, and it's yours whether we work together or not.

Want me to build it?

[Sender Name]
Bothmade","Subject: built it

Here it is — MAB Homes, as promised.

Portfolio filterable by budget, style and scope — so a couple with a specific project finds theirs in about nine seconds. Inquiry that arrives with the lot, the number and the timing on it.

It's a design, not a build — nothing clicks yet. Didn't want to fake a demo.

One thing I'd want your answer on: what do you wish every inquiry told you before you called them back?

[Sender Name]","the portfolio is the whole sale and there is no way to sort it by budget, style or scope",info@ on their own domain — the convention. Worth a quick check before a big send.,field-run-008;custom-home-building;FL;convention-email,75,22000,"$12,000","$35,000",06082026
Madison Bathroom Remodel,info@madisonbathroomremodel.com,Kitchen and bath remodeling,Madison,WI,USA,https://madisonbathroomremodel.com,cold-outreach,researched,"Subject: quoting jobs that were never real

Hi [First Name],

Your before-and-afters sell this. They're in a small gallery you can't filter, so the woman with a galley kitchen never finds your galley kitchen.

So you spend Tuesday evening quoting jobs that were never real, and the real one went to whoever answered first.

Projects filterable by room, style and budget. A form that asks about the job, so it arrives ready to quote.

So here's what I'll do. I'll build Madison Bathroom Remodel that homepage. Free. Not a slide, not a proposal — the actual page, designed for your business. Yours to keep whether you hire me or not.

Should I send it over?

[Sender Name]
Bothmade","Subject: built it

Here it is.

Before-and-afters filterable by room, style and budget band. The inquiry asks about the room, the scope and the timing — so it lands ready to quote instead of ready to interview.

Static design, so nothing on it works yet. I'd rather show you the real idea than a fake demo.

One question: what do you wish every inquiry told you before you called them back?

[Sender Name]",before-and-afters are what sell this and they sit in a gallery nobody can filter,info@ on their own domain — the convention. Worth a quick check before a big send.,field-run-008;kitchen-and-bath-remodeling;WI;convention-email,75,8500,"$4,000","$15,000",06082026
Mark Johnson Custom Homes,info@markjohnsoncustomhomes.com,Custom home building,Wilmington,NC,USA,https://markjohnsoncustomhomes.com,cold-outreach,researched,"Subject: filtering your projects

Hi [First Name],

Looked at Mark Johnson Custom Homes as a client would in Wilmington: trying to find the project that matches my lot and my number. Gave up before I found it.

And the inquiries that do land ask for a name and a message, so your first call is an interview instead of a conversation.

Portfolio filterable by budget band, style and scope. Inquiry that asks about the lot, the number and the timing.

I'd like to build it and show you. One homepage, designed for Mark Johnson Custom Homes, free. Not a template with your logo on it. The real thing, and it's yours whether we work together or not.

Want me to build it?

[Sender Name]
Bothmade","Subject: here it is

Built it. Here.

Portfolio filterable by budget, style and scope — so a couple with a specific project finds theirs in about nine seconds. Inquiry that arrives with the lot, the number and the timing on it.

It's a design, not a build — nothing clicks yet. Didn't want to fake a demo.

One thing I'd want your answer on: what do you wish every inquiry told you before you called them back?

[Sender Name]","the portfolio is the whole sale and there is no way to sort it by budget, style or scope",info@ on their own domain — the convention. Worth a quick check before a big send.,field-run-008;custom-home-building;NC;convention-email,75,22000,"$12,000","$35,000",06082026
McOmie Dentistry,info@mcomiedentistry.com,Cosmetic dentistry,Chattanooga,TN,USA,https://mcomiedentistry.com,cold-outreach,researched,"Subject: the $15k case that didn't call

Hi [First Name],

Your case work is good. I had to dig for it — two menus deep, on a phone, at the exact moment somebody decides to spend fifteen thousand dollars on their teeth.

They don't call in the morning. They keep scrolling and someone else does the case.

Cases first, filterable, a price range said out loud, and a booking that works at 9pm.

Let me build it for you. A real homepage for McOmie Dentistry, on me, before we ever talk money. If it's good you'll know in ten seconds. If it isn't, you've lost nothing.

Want me to build it?

[Sender Name]
Bothmade","Subject: McOmie Dentistry — built it

Built it. Here.

Cases at the top, filterable by treatment. The range stated in real numbers. Booking that doesn't need your front desk awake.

It's a design, not a build — nothing clicks yet. Didn't want to fake a demo.

One thing I'd want your read on: veneers or implants — which pays you better?

[Sender Name]",the cases and the price range are the two things a $15k patient wants and the two hardest things to reach,info@ on their own domain — the convention. Worth a quick check before a big send.,field-run-008;cosmetic-dentistry;TN;convention-email,75,12000,"$6,000","$22,000",06082026
Medspa of Baltimore,info@medspaofbaltimore.com,Med spa,Baltimore,MD,USA,https://medspaofbaltimore.com,cold-outreach,researched,"Subject: she booked somewhere else

Hi [First Name],

Looked you up the way a new client does — evening, phone, already decided she wants tox, just picking where. Medspa of Baltimore won on reviews. Then booking meant calling in the morning.

A booking a night walks that way. Silently. No missed call, no voicemail, nothing to review on Monday.

Booking belongs on the homepage, next to the reviews, working at midnight.

I'd like to build it and show you. One homepage, designed for Medspa of Baltimore, free. Not a template with your logo on it. The real thing, and it's yours whether we work together or not.

Say yes and it's yours by Friday.

[Sender Name]
Bothmade","Subject: built it

Here it is — Medspa of Baltimore, as promised.

Booking sits on the homepage next to your reviews. Two taps to Thursday at six. That's the part your site can't do tonight.

It's a design, not a build — nothing clicks yet. Didn't want to fake a demo.

One thing I'd want your answer on: is membership what you'd push hardest here, or first-visit tox?

[Sender Name]",the reviews do the selling and the booking is a phone number that stops answering at five,info@ on their own domain — the convention. Worth a quick check before a big send.,field-run-008;med-spa;MD;convention-email,75,10000,"$5,000","$18,000",06082026
Michael Christian Homes,info@mchbuilder.com,Custom home building,Wilmington,NC,USA,https://mchbuilder.com,cold-outreach,researched,"Subject: your portfolio, sorted

Hi [First Name],

Looked at Michael Christian Homes as a client would in Wilmington: trying to find the project that matches my lot and my number. Gave up before I found it.

And the inquiries that do land ask for a name and a message, so your first call is an interview instead of a conversation.

Sort the work the way buyers actually choose, and put the process where the fear is.

So here's what I'll do. I'll build Michael Christian Homes that homepage. Free. Not a slide, not a proposal — the actual page, designed for your business. Yours to keep whether you hire me or not.

Worth a look? One word back and I'll start.

[Sender Name]
Bothmade","Subject: built it

Here it is — Michael Christian Homes, as promised.

Projects sortable the way buyers choose, and the build process laid out month by month, which is the part they're actually frightened of.

Static design, so nothing on it works yet. I'd rather show you the real idea than a fake demo.

One question: would you ever show budget bands publicly, or is that a fight with your sales process?

[Sender Name]","the portfolio is the whole sale and there is no way to sort it by budget, style or scope",info@ on their own domain — the convention. Worth a quick check before a big send.,field-run-008;custom-home-building;NC;convention-email,75,22000,"$12,000","$35,000",06082026
My Favorite Pool Builder,info@myfavoritepoolbuilder.com,Pool building,Jacksonville,FL,USA,https://myfavoritepoolbuilder.com,cold-outreach,researched,"Subject: your build gallery

Hi [First Name],

Your builds look excellent. I went looking for one like mine and scrolled past sixty that weren't. Then couldn't find a starting number.

So they call whoever showed them a pool like theirs, with a number attached.

Gallery filterable by size, style and budget. A starting number said out loud.

Here's my offer. I'll design that page for My Favorite Pool Builder and send it over. No charge, no meeting to get it, no invoice at the end. Keep it either way — I'd rather you saw the work than read about it.

Should I send it over?

[Sender Name]
Bothmade","Subject: My Favorite Pool Builder — built it

Here it is.

Builds filterable by size, style and budget band, with a starting range stated plainly and a timeline from signing to swimming.

Static design, so nothing on it works yet. I'd rather show you the real idea than a fake demo.

One question: would you publish a starting price, or does that cost you more than it wins?

[Sender Name]","the gallery cannot be sorted, so nobody finds a build that looks like their own yard",info@ on their own domain — the convention. Worth a quick check before a big send.,field-run-008;pool-building;FL;convention-email,75,10000,"$5,000","$18,000",06082026
Nouveau Aesthetics,info@nouveauaesthetics.net,Med spa,Tulsa,OK,USA,https://nouveauaesthetics.net,cold-outreach,researched,"Subject: she booked somewhere else

Hi [First Name],

Your reviews do the selling. I read them on my phone at 9pm in Tulsa and I was sold. Then I hit a phone number and office hours.

That's the sale, right there. She books wherever the button is, and you never find out you lost her.

Booking belongs on the homepage, next to the reviews, working at midnight.

I'd like to build it and show you. One homepage, designed for Nouveau Aesthetics, free. Not a template with your logo on it. The real thing, and it's yours whether we work together or not.

Should I send it over?

[Sender Name]
Bothmade","Subject: built it

Here it is — Nouveau Aesthetics, as promised.

Booking sits on the homepage next to your reviews. Two taps to Thursday at six. That's the part your site can't do tonight.

It's a design, not a build — nothing clicks yet. Didn't want to fake a demo.

One thing I'd want your answer on: is membership what you'd push hardest here, or first-visit tox?

[Sender Name]",the reviews do the selling and the booking is a phone number that stops answering at five,info@ on their own domain — the convention. Worth a quick check before a big send.,field-run-008;med-spa;OK;convention-email,75,10000,"$5,000","$18,000",06082026
Oak Wells Aquatics,info@oakwellsaquatics.com,Pool building,Jacksonville,FL,USA,https://oakwellsaquatics.com,cold-outreach,researched,"Subject: sorting your pools

Hi [First Name],

Your builds look excellent. I went looking for one like mine and scrolled past sixty that weren't. Then couldn't find a starting number.

So they call whoever showed them a pool like theirs, with a number attached.

Gallery filterable by size, style and budget. A starting number said out loud.

So here's what I'll do. I'll build Oak Wells Aquatics that homepage. Free. Not a slide, not a proposal — the actual page, designed for your business. Yours to keep whether you hire me or not.

Worth a look? One word back and I'll start.

[Sender Name]
Bothmade","Subject: built it

Here it is — Oak Wells Aquatics, as promised.

Builds filterable by size, style and budget band, with a starting range stated plainly and a timeline from signing to swimming.

Static design, so nothing on it works yet. I'd rather show you the real idea than a fake demo.

One question: would you publish a starting price, or does that cost you more than it wins?

[Sender Name]","the gallery cannot be sorted, so nobody finds a build that looks like their own yard",info@ on their own domain — the convention. Worth a quick check before a big send.,field-run-008;pool-building;FL;convention-email,75,10000,"$5,000","$18,000",06082026
Omaha Med Spa,info@omahamedspa.com,Med spa,Omaha,NE,USA,https://omahamedspa.com,cold-outreach,researched,"Subject: reviews vs booking button

Hi [First Name],

Found Omaha Med Spa at 9pm on my phone, the way your next client will. The reviews sold me in about forty seconds. Then the only way to book was a phone number and a front desk that shut at five.

A booking a night walks that way. Silently. No missed call, no voicemail, nothing to review on Monday.

Treatments priced, bookable in two taps, reviews right beside them.

Here's my offer. I'll design that page for Omaha Med Spa and send it over. No charge, no meeting to get it, no invoice at the end. Keep it either way — I'd rather you saw the work than read about it.

Want me to build it?

[Sender Name]
Bothmade","Subject: built it

Here it is — Omaha Med Spa, as promised.

Treatments priced, bookable in two taps, reviews doing the closing right beside them. Memberships obvious instead of three pages deep.

Static design, so nothing on it works yet. I'd rather show you the real idea than a fake demo.

One question: would you let a new client book without a consult call first?

[Sender Name]",the reviews do the selling and the booking is a phone number that stops answering at five,info@ on their own domain — the convention. Worth a quick check before a big send.,field-run-008;med-spa;NE;convention-email,75,10000,"$5,000","$18,000",06082026
OneSource Construction Company,info@one-sourceconstruction.com,Custom home building,Fort Myers,FL,USA,https://one-sourceconstruction.com,cold-outreach,researched,"Subject: your portfolio, sorted

Hi [First Name],

Went through OneSource Construction Company's portfolio the way a couple with a lot and three million dollars does — hunting for the one house that looks like the one in their head. Couldn't sort by budget, style or scope. Just scrolled.

They don't email to ask. They go and look at the builder whose site let them filter.

Sort the work the way buyers actually choose, and put the process where the fear is.

So here's what I'll do. I'll build OneSource Construction Company that homepage. Free. Not a slide, not a proposal — the actual page, designed for your business. Yours to keep whether you hire me or not.

Want it?

[Sender Name]
Bothmade","Subject: built it

Here it is.

Projects sortable the way buyers choose, and the build process laid out month by month, which is the part they're actually frightened of.

Static design, so nothing on it works yet. I'd rather show you the real idea than a fake demo.

One question: would you ever show budget bands publicly, or is that a fight with your sales process?

[Sender Name]","the portfolio is the whole sale and there is no way to sort it by budget, style or scope",info@ on their own domain — the convention. Worth a quick check before a big send.,field-run-008;custom-home-building;FL;convention-email,75,22000,"$12,000","$35,000",06082026
Philip's Home Remodeling,info@philipremodeling.com,Kitchen and bath remodeling,Madison,WI,USA,https://philipremodeling.com,cold-outreach,researched,"Subject: the tire-kicker problem

Hi [First Name],

Your before-and-afters sell this. They're in a small gallery you can't filter, so the woman with a galley kitchen never finds your galley kitchen.

So you spend Tuesday evening quoting jobs that were never real, and the real one went to whoever answered first.

Projects filterable by room, style and budget. A form that asks about the job, so it arrives ready to quote.

So here's what I'll do. I'll build Philip's Home Remodeling that homepage. Free. Not a slide, not a proposal — the actual page, designed for your business. Yours to keep whether you hire me or not.

Say yes and it's yours by Friday.

[Sender Name]
Bothmade","Subject: Philip's Home Remodeling — built it

Built it. Here.

Before-and-afters filterable by room, style and budget band. The inquiry asks about the room, the scope and the timing — so it lands ready to quote instead of ready to interview.

Static design, so nothing on it works yet. I'd rather show you the real idea than a fake demo.

One question: what do you wish every inquiry told you before you called them back?

[Sender Name]",before-and-afters are what sell this and they sit in a gallery nobody can filter,info@ on their own domain — the convention. Worth a quick check before a big send.,field-run-008;kitchen-and-bath-remodeling;WI;convention-email,75,8500,"$4,000","$15,000",06082026
Phoenix Home Remodeling,info@phxhomeremodeling.com,Kitchen and bath remodeling,Scottsdale,AZ,USA,https://phxhomeremodeling.com,cold-outreach,researched,"Subject: the tire-kicker problem

Hi [First Name],

Your before-and-afters sell this. They're in a small gallery you can't filter, so the woman with a galley kitchen never finds your galley kitchen.

So you spend Tuesday evening quoting jobs that were never real, and the real one went to whoever answered first.

Projects filterable by room, style and budget. A form that asks about the job, so it arrives ready to quote.

So here's what I'll do. I'll build Phoenix Home Remodeling that homepage. Free. Not a slide, not a proposal — the actual page, designed for your business. Yours to keep whether you hire me or not.

Say yes and it's yours by Friday.

[Sender Name]
Bothmade","Subject: here it is

Built it. Here.

Before-and-afters filterable by room, style and budget band. The inquiry asks about the room, the scope and the timing — so it lands ready to quote instead of ready to interview.

Static design, so nothing on it works yet. I'd rather show you the real idea than a fake demo.

One question: what do you wish every inquiry told you before you called them back?

[Sender Name]",before-and-afters are what sell this and they sit in a gallery nobody can filter,info@ on their own domain — the convention. Worth a quick check before a big send.,field-run-008;kitchen-and-bath-remodeling;AZ;convention-email,75,8500,"$4,000","$15,000",06082026
Portlandscaping,info@port-landscaping.com,Landscape design build,Portland,OR,USA,https://port-landscaping.com,cold-outreach,researched,"Subject: your gardens, sorted

Hi [First Name],

Went through Portlandscaping's work the way a homeowner commissioning a garden does. It's beautiful. It's also one long scroll — no way to narrow by style, scale or budget, and nothing about what design costs.

And the inquiries that land are vague, so the first call is about scope instead of the garden.

Projects filterable by style, scale and budget. The design process spelled out so the brief arrives specific.

Let me build it for you. A real homepage for Portlandscaping, on me, before we ever talk money. If it's good you'll know in ten seconds. If it isn't, you've lost nothing.

Should I send it over?

[Sender Name]
Bothmade","Subject: here it is

Built it. Here.

Projects filterable by style, scale and budget band, with the design process spelled out — so the brief that reaches you already knows what it's asking for.

It's a design, not a build — nothing clicks yet. Didn't want to fake a demo.

One question: would publishing a design fee range help you or cost you?

[Sender Name]","design-led buyers choose from images and yours cannot be narrowed by style, scale or budget",info@ on their own domain — the convention. Worth a quick check before a big send.,field-run-008;landscape-design-build;OR;convention-email,75,9000,"$5,000","$16,000",06082026
Premier Kitchen and Bath,info@premierkitchenandbath.com,Kitchen and bath remodeling,Scottsdale,AZ,USA,https://premierkitchenandbath.com,cold-outreach,researched,"Subject: your before-and-afters

Hi [First Name],

Your before-and-afters sell this. They're in a small gallery you can't filter, so the woman with a galley kitchen never finds your galley kitchen.

So you spend Tuesday evening quoting jobs that were never real, and the real one went to whoever answered first.

Projects filterable by room, style and budget. A form that asks about the job, so it arrives ready to quote.

So here's what I'll do. I'll build Premier Kitchen and Bath that homepage. Free. Not a slide, not a proposal — the actual page, designed for your business. Yours to keep whether you hire me or not.

Want it?

[Sender Name]
Bothmade","Subject: built it

Here it is — Premier Kitchen and Bath, as promised.

Before-and-afters filterable by room, style and budget band. The inquiry asks about the room, the scope and the timing — so it lands ready to quote instead of ready to interview.

Static design, so nothing on it works yet. I'd rather show you the real idea than a fake demo.

One question: what do you wish every inquiry told you before you called them back?

[Sender Name]",before-and-afters are what sell this and they sit in a gallery nobody can filter,info@ on their own domain — the convention. Worth a quick check before a big send.,field-run-008;kitchen-and-bath-remodeling;AZ;convention-email,75,8500,"$4,000","$15,000",06082026
Preventative Medical Clinic,info@omahapmc.com,Med spa,Omaha,NE,USA,https://omahapmc.com,cold-outreach,researched,"Subject: reviews vs booking button

Hi [First Name],

Your reviews do the selling. I read them on my phone at 9pm in Omaha and I was sold. Then I hit a phone number and office hours.

That's the sale, right there. She books wherever the button is, and you never find out you lost her.

Treatments priced, bookable in two taps, reviews right beside them.

Here's my offer. I'll design that page for Preventative Medical Clinic and send it over. No charge, no meeting to get it, no invoice at the end. Keep it either way — I'd rather you saw the work than read about it.

Should I send it over?

[Sender Name]
Bothmade","Subject: here it is

Built it. Here.

Treatments priced, bookable in two taps, reviews doing the closing right beside them. Memberships obvious instead of three pages deep.

Static design, so nothing on it works yet. I'd rather show you the real idea than a fake demo.

One question: would you let a new client book without a consult call first?

[Sender Name]",the reviews do the selling and the booking is a phone number that stops answering at five,info@ on their own domain — the convention. Worth a quick check before a big send.,field-run-008;med-spa;NE;convention-email,75,10000,"$5,000","$18,000",06082026
Pristine Smiles TN,info@pristinesmilestn.com,Cosmetic dentistry,Knoxville,TN,USA,https://pristinesmilestn.com,cold-outreach,researched,"Subject: one case a month

Hi [First Name],

Your case work is good. I had to dig for it — two menus deep, on a phone, at the exact moment somebody decides to spend fifteen thousand dollars on their teeth.

One case a month lost that way costs more than a website. Several times over.

Cases first, filterable, a price range said out loud, and a booking that works at 9pm.

I'd like to build it and show you. One homepage, designed for Pristine Smiles TN, free. Not a template with your logo on it. The real thing, and it's yours whether we work together or not.

Should I send it over?

[Sender Name]
Bothmade","Subject: Pristine Smiles TN — built it

Here it is.

Cases at the top, filterable by treatment. The range stated in real numbers. Booking that doesn't need your front desk awake.

It's a design, not a build — nothing clicks yet. Didn't want to fake a demo.

One thing I'd want your read on: veneers or implants — which pays you better?

[Sender Name]",the cases and the price range are the two things a $15k patient wants and the two hardest things to reach,info@ on their own domain — the convention. Worth a quick check before a big send.,field-run-008;cosmetic-dentistry;TN;convention-email,75,12000,"$6,000","$22,000",06082026
Raleigh Landscape,info@raleighlandscape.com,Landscape design build,Raleigh,NC,USA,https://raleighlandscape.com,cold-outreach,researched,"Subject: the inquiry that arrives vague

Hi [First Name],

Went through Raleigh Landscape's work the way a homeowner commissioning a garden does. It's beautiful. It's also one long scroll — no way to narrow by style, scale or budget, and nothing about what design costs.

And the inquiries that land are vague, so the first call is about scope instead of the garden.

Projects filterable by style, scale and budget. The design process spelled out so the brief arrives specific.

Let me build it for you. A real homepage for Raleigh Landscape, on me, before we ever talk money. If it's good you'll know in ten seconds. If it isn't, you've lost nothing.

Worth a look? One word back and I'll start.

[Sender Name]
Bothmade","Subject: built it

Built it. Here.

Projects filterable by style, scale and budget band, with the design process spelled out — so the brief that reaches you already knows what it's asking for.

It's a design, not a build — nothing clicks yet. Didn't want to fake a demo.

One question: would publishing a design fee range help you or cost you?

[Sender Name]","design-led buyers choose from images and yours cannot be narrowed by style, scale or budget",info@ on their own domain — the convention. Worth a quick check before a big send.,field-run-008;landscape-design-build;NC;convention-email,75,9000,"$5,000","$16,000",06082026
Rise Above Remodeling,info@riseaboveremodeling.com,Kitchen and bath remodeling,Scottsdale,AZ,USA,https://riseaboveremodeling.com,cold-outreach,researched,"Subject: your before-and-afters

Hi [First Name],

Your before-and-afters sell this. They're in a small gallery you can't filter, so the woman with a galley kitchen never finds your galley kitchen.

So you spend Tuesday evening quoting jobs that were never real, and the real one went to whoever answered first.

Projects filterable by room, style and budget. A form that asks about the job, so it arrives ready to quote.

Here's my offer. I'll design that page for Rise Above Remodeling and send it over. No charge, no meeting to get it, no invoice at the end. Keep it either way — I'd rather you saw the work than read about it.

Say yes and it's yours by Friday.

[Sender Name]
Bothmade","Subject: built it

Built it. Here.

Before-and-afters filterable by room, style and budget band. The inquiry asks about the room, the scope and the timing — so it lands ready to quote instead of ready to interview.

Static design, so nothing on it works yet. I'd rather show you the real idea than a fake demo.

One question: what do you wish every inquiry told you before you called them back?

[Sender Name]",before-and-afters are what sell this and they sit in a gallery nobody can filter,info@ on their own domain — the convention. Worth a quick check before a big send.,field-run-008;kitchen-and-bath-remodeling;AZ;convention-email,75,8500,"$4,000","$15,000",06082026
Riverbend Sandler Pools,info@riverbendsandler.com,Pool building,Dallas,TX,USA,https://riverbendsandler.com,cold-outreach,researched,"Subject: sorting your pools

Hi [First Name],

Your builds look excellent. I went looking for one like mine and scrolled past sixty that weren't. Then couldn't find a starting number.

So they call whoever showed them a pool like theirs, with a number attached.

Gallery filterable by size, style and budget. A starting number said out loud.

So here's what I'll do. I'll build Riverbend Sandler Pools that homepage. Free. Not a slide, not a proposal — the actual page, designed for your business. Yours to keep whether you hire me or not.

Want it?

[Sender Name]
Bothmade","Subject: here it is

Here it is — Riverbend Sandler Pools, as promised.

Builds filterable by size, style and budget band, with a starting range stated plainly and a timeline from signing to swimming.

Static design, so nothing on it works yet. I'd rather show you the real idea than a fake demo.

One question: would you publish a starting price, or does that cost you more than it wins?

[Sender Name]","the gallery cannot be sorted, so nobody finds a build that looks like their own yard",info@ on their own domain — the convention. Worth a quick check before a big send.,field-run-008;pool-building;TX;convention-email,75,10000,"$5,000","$18,000",06082026
Riverfront Dental Spokane,info@riverfrontdentalspokane.com,Cosmetic dentistry,Spokane,WA,USA,https://riverfrontdentalspokane.com,cold-outreach,researched,"Subject: one case a month

Hi [First Name],

Your case work is good. I had to dig for it — two menus deep, on a phone, at the exact moment somebody decides to spend fifteen thousand dollars on their teeth.

They don't call in the morning. They keep scrolling and someone else does the case.

Cases first, filterable, a price range said out loud, and a booking that works at 9pm.

I'd like to build it and show you. One homepage, designed for Riverfront Dental Spokane, free. Not a template with your logo on it. The real thing, and it's yours whether we work together or not.

Worth a look? One word back and I'll start.

[Sender Name]
Bothmade","Subject: built it

Here it is.

Cases at the top, filterable by treatment. The range stated in real numbers. Booking that doesn't need your front desk awake.

It's a design, not a build — nothing clicks yet. Didn't want to fake a demo.

One thing I'd want your read on: veneers or implants — which pays you better?

[Sender Name]",the cases and the price range are the two things a $15k patient wants and the two hardest things to reach,info@ on their own domain — the convention. Worth a quick check before a big send.,field-run-008;cosmetic-dentistry;WA;convention-email,75,12000,"$6,000","$22,000",06082026
Sage Landscapes,info@sagelandscapes.com,Landscape design build,Portland,OR,USA,https://sagelandscapes.com,cold-outreach,researched,"Subject: the inquiry that arrives vague

Hi [First Name],

Your gardens are genuinely good. A design-led client chooses from images and yours can't be narrowed, so they never find the one that looks like their lot.

So the client who wanted exactly what you do never works out that you do it.

Projects filterable by style, scale and budget. The design process spelled out so the brief arrives specific.

So here's what I'll do. I'll build Sage Landscapes that homepage. Free. Not a slide, not a proposal — the actual page, designed for your business. Yours to keep whether you hire me or not.

Say yes and it's yours by Friday.

[Sender Name]
Bothmade","Subject: Sage Landscapes — built it

Here it is.

Projects filterable by style, scale and budget band, with the design process spelled out — so the brief that reaches you already knows what it's asking for.

Static design, so nothing on it works yet. I'd rather show you the real idea than a fake demo.

One question: would publishing a design fee range help you or cost you?

[Sender Name]","design-led buyers choose from images and yours cannot be narrowed by style, scale or budget",info@ on their own domain — the convention. Worth a quick check before a big send.,field-run-008;landscape-design-build;OR;convention-email,75,9000,"$5,000","$16,000",06082026
Sargent Construction,info@sargentconstructionsav.com,Custom home building,Savannah,GA,USA,https://sargentconstructionsav.com,cold-outreach,researched,"Subject: filtering your projects

Hi [First Name],

Your work is the sale. I looked at it the way a buyer does and there was no way to narrow it — no budget band, no style, no scope. Forty thumbnails and good luck.

That's a real project deciding you're not the one, on no evidence either way.

Portfolio filterable by budget band, style and scope. Inquiry that asks about the lot, the number and the timing.

I'd like to build it and show you. One homepage, designed for Sargent Construction, free. Not a template with your logo on it. The real thing, and it's yours whether we work together or not.

Should I send it over?

[Sender Name]
Bothmade","Subject: Sargent Construction — built it

Built it. Here.

Portfolio filterable by budget, style and scope — so a couple with a specific project finds theirs in about nine seconds. Inquiry that arrives with the lot, the number and the timing on it.

It's a design, not a build — nothing clicks yet. Didn't want to fake a demo.

One thing I'd want your answer on: what do you wish every inquiry told you before you called them back?

[Sender Name]","the portfolio is the whole sale and there is no way to sort it by budget, style or scope",info@ on their own domain — the convention. Worth a quick check before a big send.,field-run-008;custom-home-building;GA;convention-email,75,22000,"$12,000","$35,000",06082026
Scottsdale Kitchen and Bath,info@scottsdalekitchenbath.com,Kitchen and bath remodeling,Scottsdale,AZ,USA,https://scottsdalekitchenbath.com,cold-outreach,researched,"Subject: your before-and-afters

Hi [First Name],

Your before-and-afters sell this. They're in a small gallery you can't filter, so the woman with a galley kitchen never finds your galley kitchen.

So you spend Tuesday evening quoting jobs that were never real, and the real one went to whoever answered first.

Projects filterable by room, style and budget. A form that asks about the job, so it arrives ready to quote.

Here's my offer. I'll design that page for Scottsdale Kitchen and Bath and send it over. No charge, no meeting to get it, no invoice at the end. Keep it either way — I'd rather you saw the work than read about it.

Say yes and it's yours by Friday.

[Sender Name]
Bothmade","Subject: Scottsdale Kitchen and Bath — built it

Built it. Here.

Before-and-afters filterable by room, style and budget band. The inquiry asks about the room, the scope and the timing — so it lands ready to quote instead of ready to interview.

Static design, so nothing on it works yet. I'd rather show you the real idea than a fake demo.

One question: what do you wish every inquiry told you before you called them back?

[Sender Name]",before-and-afters are what sell this and they sit in a gallery nobody can filter,info@ on their own domain — the convention. Worth a quick check before a big send.,field-run-008;kitchen-and-bath-remodeling;AZ;convention-email,75,8500,"$4,000","$15,000",06082026
Singleton Custom Homes,info@singletoncustomhomes.com,Custom home building,Savannah,GA,USA,https://singletoncustomhomes.com,cold-outreach,researched,"Subject: they couldn't find their house

Hi [First Name],

Went through Singleton Custom Homes' portfolio the way a couple with a lot and three million dollars does — hunting for the one house that looks like the one in their head. Couldn't sort by budget, style or scope. Just scrolled.

They don't email to ask. They go and look at the builder whose site let them filter.

Sort the work the way buyers actually choose, and put the process where the fear is.

Here's my offer. I'll design that page for Singleton Custom Homes and send it over. No charge, no meeting to get it, no invoice at the end. Keep it either way — I'd rather you saw the work than read about it.

Worth a look? One word back and I'll start.

[Sender Name]
Bothmade","Subject: Singleton Custom Homes — built it

Here it is.

Projects sortable the way buyers choose, and the build process laid out month by month, which is the part they're actually frightened of.

Static design, so nothing on it works yet. I'd rather show you the real idea than a fake demo.

One question: would you ever show budget bands publicly, or is that a fight with your sales process?

[Sender Name]","the portfolio is the whole sale and there is no way to sort it by budget, style or scope",info@ on their own domain — the convention. Worth a quick check before a big send.,field-run-008;custom-home-building;GA;convention-email,75,22000,"$12,000","$35,000",06082026
Skin Renewal of Tulsa,info@skinrenewaloftulsa.com,Med spa,Tulsa,OK,USA,https://skinrenewaloftulsa.com,cold-outreach,researched,"Subject: reviews vs booking button

Hi [First Name],

Found Skin Renewal of Tulsa at 9pm on my phone, the way your next client will. The reviews sold me in about forty seconds. Then the only way to book was a phone number and a front desk that shut at five.

A booking a night walks that way. Silently. No missed call, no voicemail, nothing to review on Monday.

Treatments priced, bookable in two taps, reviews right beside them.

Here's my offer. I'll design that page for Skin Renewal of Tulsa and send it over. No charge, no meeting to get it, no invoice at the end. Keep it either way — I'd rather you saw the work than read about it.

Say yes and it's yours by Friday.

[Sender Name]
Bothmade","Subject: Skin Renewal of Tulsa — built it

Here it is.

Treatments priced, bookable in two taps, reviews doing the closing right beside them. Memberships obvious instead of three pages deep.

Static design, so nothing on it works yet. I'd rather show you the real idea than a fake demo.

One question: would you let a new client book without a consult call first?

[Sender Name]",the reviews do the selling and the booking is a phone number that stops answering at five,info@ on their own domain — the convention. Worth a quick check before a big send.,field-run-008;med-spa;OK;convention-email,75,10000,"$5,000","$18,000",06082026
Smiles of Chattanooga,info@smilechattanooga.com,Cosmetic dentistry,Chattanooga,TN,USA,https://smilechattanooga.com,cold-outreach,researched,"Subject: cases, price, booking

Hi [First Name],

Went looking for veneers in Chattanooga the way a patient does. Nine at night, on a phone, three years of putting it off. Found Smiles of Chattanooga. Couldn't find a case that looked like mine, couldn't find a price, couldn't book.

They don't call in the morning. They keep scrolling and someone else does the case.

Before-and-afters up front, the range in plain numbers, financing mentioned before they ask.

Here's my offer. I'll design that page for Smiles of Chattanooga and send it over. No charge, no meeting to get it, no invoice at the end. Keep it either way — I'd rather you saw the work than read about it.

Worth a look? One word back and I'll start.

[Sender Name]
Bothmade","Subject: Smiles of Chattanooga — built it

Here it is.

A homepage built for the cosmetic patient rather than the check-up patient — cases, price, and one tap to a consult.

Static design, so nothing on it works yet. I'd rather show you the real idea than a fake demo.

One question: does a price range on the site bring you better calls or worse ones?

[Sender Name]",the cases and the price range are the two things a $15k patient wants and the two hardest things to reach,info@ on their own domain — the convention. Worth a quick check before a big send.,field-run-008;cosmetic-dentistry;TN;convention-email,75,12000,"$6,000","$22,000",06082026
South Knox Dental,info@southknoxdental.com,Cosmetic dentistry,Knoxville,TN,USA,https://southknoxdental.com,cold-outreach,researched,"Subject: the $15k case that didn't call

Hi [First Name],

Your case work is good. I had to dig for it — two menus deep, on a phone, at the exact moment somebody decides to spend fifteen thousand dollars on their teeth.

One case a month lost that way costs more than a website. Several times over.

Cases first, filterable, a price range said out loud, and a booking that works at 9pm.

Let me build it for you. A real homepage for South Knox Dental, on me, before we ever talk money. If it's good you'll know in ten seconds. If it isn't, you've lost nothing.

Want me to build it?

[Sender Name]
Bothmade","Subject: built it

Built it. Here.

Cases at the top, filterable by treatment. The range stated in real numbers. Booking that doesn't need your front desk awake.

It's a design, not a build — nothing clicks yet. Didn't want to fake a demo.

One thing I'd want your read on: veneers or implants — which pays you better?

[Sender Name]",the cases and the price range are the two things a $15k patient wants and the two hardest things to reach,info@ on their own domain — the convention. Worth a quick check before a big send.,field-run-008;cosmetic-dentistry;TN;convention-email,75,12000,"$6,000","$22,000",06082026
Spokane's Dentistry,info@spokanesdentistry.com,Cosmetic dentistry,Spokane,WA,USA,https://spokanesdentistry.com,cold-outreach,researched,"Subject: your veneer cases

Hi [First Name],

A smile-makeover patient researches for months, alone, at night, on a phone. I did that to Spokane's Dentistry. Got as far as a phone number and a form.

One case a month lost that way costs more than a website. Several times over.

Before-and-afters up front, the range in plain numbers, financing mentioned before they ask.

So here's what I'll do. I'll build Spokane's Dentistry that homepage. Free. Not a slide, not a proposal — the actual page, designed for your business. Yours to keep whether you hire me or not.

Should I send it over?

[Sender Name]
Bothmade","Subject: here it is

Here it is — Spokane's Dentistry, as promised.

A homepage built for the cosmetic patient rather than the check-up patient — cases, price, and one tap to a consult.

Static design, so nothing on it works yet. I'd rather show you the real idea than a fake demo.

One question: does a price range on the site bring you better calls or worse ones?

[Sender Name]",the cases and the price range are the two things a $15k patient wants and the two hardest things to reach,info@ on their own domain — the convention. Worth a quick check before a big send.,field-run-008;cosmetic-dentistry;WA;convention-email,75,12000,"$6,000","$22,000",06082026
Sterling Landscape Company,info@sterlinglandscape.com,Landscape design build,Boise,ID,USA,https://sterlinglandscape.com,cold-outreach,researched,"Subject: the inquiry that arrives vague

Hi [First Name],

Your gardens are genuinely good. A design-led client chooses from images and yours can't be narrowed, so they never find the one that looks like their lot.

So the client who wanted exactly what you do never works out that you do it.

Projects filterable by style, scale and budget. The design process spelled out so the brief arrives specific.

So here's what I'll do. I'll build Sterling Landscape Company that homepage. Free. Not a slide, not a proposal — the actual page, designed for your business. Yours to keep whether you hire me or not.

Want it?

[Sender Name]
Bothmade","Subject: Sterling Landscape Company — built it

Here it is — Sterling Landscape Company, as promised.

Projects filterable by style, scale and budget band, with the design process spelled out — so the brief that reaches you already knows what it's asking for.

Static design, so nothing on it works yet. I'd rather show you the real idea than a fake demo.

One question: would publishing a design fee range help you or cost you?

[Sender Name]","design-led buyers choose from images and yours cannot be narrowed by style, scale or budget",info@ on their own domain — the convention. Worth a quick check before a big send.,field-run-008;landscape-design-build;ID;convention-email,75,9000,"$5,000","$16,000",06082026
Stone Built Construction,info@stonebuiltconstruction.com,Custom home building,Wilmington,NC,USA,https://stonebuiltconstruction.com,cold-outreach,researched,"Subject: they couldn't find their house

Hi [First Name],

Looked at Stone Built Construction as a client would in Wilmington: trying to find the project that matches my lot and my number. Gave up before I found it.

That's a real project deciding you're not the one, on no evidence either way.

Sort the work the way buyers actually choose, and put the process where the fear is.

Here's my offer. I'll design that page for Stone Built Construction and send it over. No charge, no meeting to get it, no invoice at the end. Keep it either way — I'd rather you saw the work than read about it.

Say yes and it's yours by Friday.

[Sender Name]
Bothmade","Subject: Stone Built Construction — built it

Built it. Here.

Projects sortable the way buyers choose, and the build process laid out month by month, which is the part they're actually frightened of.

Static design, so nothing on it works yet. I'd rather show you the real idea than a fake demo.

One question: would you ever show budget bands publicly, or is that a fight with your sales process?

[Sender Name]","the portfolio is the whole sale and there is no way to sort it by budget, style or scope",info@ on their own domain — the convention. Worth a quick check before a big send.,field-run-008;custom-home-building;NC;convention-email,75,22000,"$12,000","$35,000",06082026
Sunrise Pools NM,info@sunrisepoolsnm.com,Pool building,Albuquerque,NM,USA,https://sunrisepoolsnm.com,cold-outreach,researched,"Subject: your build gallery

Hi [First Name],

Looked at Sunrise Pools NM the way a homeowner in Albuquerque does — trying to find a build that looks like my backyard, at roughly my number. One long scroll, no way to narrow it, no price anywhere.

That's a ninety-thousand-dollar build going to the company that answered the money question first.

Gallery filterable by size, style and budget. A starting number said out loud.

Let me build it for you. A real homepage for Sunrise Pools NM, on me, before we ever talk money. If it's good you'll know in ten seconds. If it isn't, you've lost nothing.

Want it?

[Sender Name]
Bothmade","Subject: built it

Built it. Here.

Builds filterable by size, style and budget band, with a starting range stated plainly and a timeline from signing to swimming.

It's a design, not a build — nothing clicks yet. Didn't want to fake a demo.

One question: would you publish a starting price, or does that cost you more than it wins?

[Sender Name]","the gallery cannot be sorted, so nobody finds a build that looks like their own yard",info@ on their own domain — the convention. Worth a quick check before a big send.,field-run-008;pool-building;NM;convention-email,75,10000,"$5,000","$18,000",06082026
The Avenue Dental Group,info@theavenuedentalgroup.com,Cosmetic dentistry,Spokane,WA,USA,https://theavenuedentalgroup.com,cold-outreach,researched,"Subject: the $15k case that didn't call

Hi [First Name],

A smile-makeover patient researches for months, alone, at night, on a phone. I did that to The Avenue Dental Group. Got as far as a phone number and a form.

They don't call in the morning. They keep scrolling and someone else does the case.

Cases first, filterable, a price range said out loud, and a booking that works at 9pm.

Let me build it for you. A real homepage for The Avenue Dental Group, on me, before we ever talk money. If it's good you'll know in ten seconds. If it isn't, you've lost nothing.

Want it?

[Sender Name]
Bothmade","Subject: here it is

Here it is — The Avenue Dental Group, as promised.

Cases at the top, filterable by treatment. The range stated in real numbers. Booking that doesn't need your front desk awake.

It's a design, not a build — nothing clicks yet. Didn't want to fake a demo.

One thing I'd want your read on: veneers or implants — which pays you better?

[Sender Name]",the cases and the price range are the two things a $15k patient wants and the two hardest things to reach,info@ on their own domain — the convention. Worth a quick check before a big send.,field-run-008;cosmetic-dentistry;WA;convention-email,75,12000,"$6,000","$22,000",06082026
The Batts Company,info@thebattscompany.com,Pool building,Jacksonville Beach,FL,USA,https://thebattscompany.com,cold-outreach,researched,"Subject: your build gallery

Hi [First Name],

Your builds look excellent. I went looking for one like mine and scrolled past sixty that weren't. Then couldn't find a starting number.

So they call whoever showed them a pool like theirs, with a number attached.

Gallery filterable by size, style and budget. A starting number said out loud.

Here's my offer. I'll design that page for The Batts Company and send it over. No charge, no meeting to get it, no invoice at the end. Keep it either way — I'd rather you saw the work than read about it.

Worth a look? One word back and I'll start.

[Sender Name]
Bothmade","Subject: here it is

Here it is — The Batts Company, as promised.

Builds filterable by size, style and budget band, with a starting range stated plainly and a timeline from signing to swimming.

Static design, so nothing on it works yet. I'd rather show you the real idea than a fake demo.

One question: would you publish a starting price, or does that cost you more than it wins?

[Sender Name]","the gallery cannot be sorted, so nobody finds a build that looks like their own yard",info@ on their own domain — the convention. Worth a quick check before a big send.,field-run-008;pool-building;FL;convention-email,75,10000,"$5,000","$18,000",06082026
